patientId,studyId,AGE,AJCC_PATHOLOGIC_TUMOR_STAGE,AJCC_STAGING_EDITION,BUFFA_HYPOXIA_SCORE,CANCER_TYPE_ACRONYM,DAYS_LAST_FOLLOWUP,DAYS_TO_BIRTH,DAYS_TO_INITIAL_PATHOLOGIC_DIAGNOSIS,DFS_MONTHS,DFS_STATUS,DSS_MONTHS,DSS_STATUS,ETHNICITY,FORM_COMPLETION_DATE,GENETIC_ANCESTRY_LABEL,HISTORY_NEOADJUVANT_TRTYN,ICD_10,ICD_O_3_HISTOLOGY,ICD_O_3_SITE,INFORMED_CONSENT_VERIFIED,IN_PANCANPATHWAYS_FREEZE,NEW_TUMOR_EVENT_AFTER_INITIAL_TREATMENT,OS_MONTHS,OS_STATUS,OTHER_PATIENT_ID,PATH_M_STAGE,PATH_N_STAGE,PATH_T_STAGE,PERSON_NEOPLASM_CANCER_STATUS,PFS_MONTHS,PFS_STATUS,PRIMARY_LYMPH_NODE_PRESENTATION_ASSESSMENT,PRIOR_DX,RACE,RADIATION_THERAPY,RAGNUM_HYPOXIA_SCORE,SAMPLE_COUNT,SEX,SUBTYPE,WINTER_HYPOXIA_SCORE,AGE_AT_DIAGNOSIS,BREAST_SURGERY,CELLULARITY,CHEMOTHERAPY,CLAUDIN_SUBTYPE,COHORT,ER_IHC,HER2_SNP6,HISTOLOGICAL_SUBTYPE,HORMONE_THERAPY,INFERRED_MENOPAUSAL_STATE,INTCLUST,LATERALITY,LYMPH_NODES_EXAMINED_POSITIVE,NPI,RADIO_THERAPY,RFS_MONTHS,RFS_STATUS,THREEGENE,VITAL_STATUS
TCGA-3C-AAAU,brca_tcga_pan_can_atlas_2018,55,STAGE X,6TH,-21,BRCA,4047,-20211,0,59.44044449,1:Recurred/Progressed,133.0505967,0:ALIVE OR DEAD TUMOR FREE,Not Hispanic Or Latino,1/13/14,EUR,No,C50.9,8520/3,C50.9,Yes,Yes,No,133.0505967,0:LIVING,6E7D5EC6-A469-467C-B748-237353C23416,MX,NX,TX,With Tumor,59.44044449,1:PROGRESSION,Yes,No,White,No,0,1,Female,BRCA_LumA,-28,,,,,,,,,,,,,,,,,,,,
TCGA-3C-AALI,brca_tcga_pan_can_atlas_2018,50,STAGE IIB,6TH,5,BRCA,4005,-18538,0,131.6697899,0:DiseaseFree,131.6697899,0:ALIVE OR DEAD TUMOR FREE,Not Hispanic Or Latino,7/28/14,AFR,No,C50.9,8500/3,C50.9,Yes,Yes,No,131.6697899,0:LIVING,55262FCB-1B01-4480-B322-36570430C917,M0,N1A,T2,Tumor Free,131.6697899,0:CENSORED,Yes,No,Black or African American,Yes,18,1,Female,BRCA_Her2,20,,,,,,,,,,,,,,,,,,,,
TCGA-3C-AALJ,brca_tcga_pan_can_atlas_2018,62,STAGE IIB,7TH,-5,BRCA,1474,-22848,0,48.45974291,0:DiseaseFree,48.45974291,0:ALIVE OR DEAD TUMOR FREE,Not Hispanic Or Latino,7/28/14,AFR_ADMIX,No,C50.9,8500/3,C50.9,Yes,Yes,No,48.45974291,0:LIVING,427D0648-3F77-4FFC-B52C-89855426D647,M0,N1A,T2,Tumor Free,48.45974291,0:CENSORED,Yes,No,Black or African American,No,12,1,Female,BRCA_LumB,-10,,,,,,,,,,,,,,,,,,,,
TCGA-3C-AALK,brca_tcga_pan_can_atlas_2018,52,STAGE IA,7TH,-27,BRCA,1448,-19074,0,,,47.60495775,0:ALIVE OR DEAD TUMOR FREE,Not Hispanic Or Latino,7/28/14,AFR,No,C50.9,8500/3,C50.9,Yes,Yes,No,47.60495775,0:LIVING,C31900A4-5DCD-4022-97AC-638E86E889E4,M0,N0 (I+),T1C,Tumor Free,47.60495775,0:CENSORED,Yes,No,Black or African American,No,2,1,Female,BRCA_LumA,4,,,,,,,,,,,,,,,,,,,,
TCGA-4H-AAAK,brca_tcga_pan_can_atlas_2018,50,STAGE IIIA,7TH,-27,BRCA,348,-18371,0,11.44097051,0:DiseaseFree,11.44097051,0:ALIVE OR DEAD TUMOR FREE,Not Hispanic Or Latino,11/13/14,EUR,No,C50.9,8520/3,C50.9,Yes,Yes,No,11.44097051,0:LIVING,6623FC5E-00BE-4476-967A-CBD55F676EA6,M0,N2A,T2,Tumor Free,11.44097051,0:CENSORED,Yes,No,White,No,-4,1,Female,BRCA_LumA,-20,,,,,,,,,,,,,,,,,,,,
TCGA-5L-AAT0,brca_tcga_pan_can_atlas_2018,42,STAGE IIA,7TH,-25,BRCA,1477,-15393,0,,,48.55837196,0:ALIVE OR DEAD TUMOR FREE,Hispanic Or Latino,8/15/14,,No,C50.9,8520/3,C50.9,Yes,Yes,No,48.55837196,0:LIVING,86C6F993-327F-4525-9983-29C55625593A,M0,N0,T2,Tumor Free,48.55837196,0:CENSORED,Yes,Yes,White,Yes,-16,1,Female,BRCA_LumA,-28,,,,,,,,,,,,,,,,,,,,
TCGA-5T-A9QA,brca_tcga_pan_can_atlas_2018,52,STAGE IIA,7TH,-13,BRCA,303,-19031,0,,,9.961534668,0:ALIVE OR DEAD TUMOR FREE,Not Hispanic Or Latino,12/23/13,AFR,No,C50.9,8523/3,C50.9,Yes,Yes,No,9.961534668,0:LIVING,2FD36838-5A83-433E-AC80-B1F77448E5AA,MX,NX,T2,,9.961534668,0:CENSORED,No,No,Black or African American,Yes,4,1,Female,BRCA_LumB,-14,,,,,,,,,,,,,,,,,,,,
TCGA-A1-A0SB,brca_tcga_pan_can_atlas_2018,70,STAGE I,6TH,-35,BRCA,259,-25833,0,8.514975178,0:DiseaseFree,8.514975178,0:ALIVE OR DEAD TUMOR FREE,Not Hispanic Or Latino,6/30/11,EUR,No,C50.9,8200/3,C50.9,Yes,Yes,,8.514975178,0:LIVING,0045349c-69d9-4306-a403-c9c1fa836644,M0,N0,T1C,Tumor Free,8.514975178,0:CENSORED,Yes,No,White,,-16,1,Female,BRCA_Normal,-40,,,,,,,,,,,,,,,,,,,,
TCGA-A1-A0SD,brca_tcga_pan_can_atlas_2018,59,STAGE IIA,6TH,-35,BRCA,437,-21793,0,14.36696584,0:DiseaseFree,14.36696584,0:ALIVE OR DEAD TUMOR FREE,Not Hispanic Or Latino,9/7/11,EUR,No,C50.9,8500/3,C50.9,Yes,Yes,,14.36696584,0:LIVING,c462e422-eb8d-4daf-9897-2a9c6cbd783a,M0,N0,T2,,14.36696584,0:CENSORED,Yes,No,White,,-6,1,Female,BRCA_LumA,-20,,,,,,,,,,,,,,,,,,,,
TCGA-A1-A0SE,brca_tcga_pan_can_atlas_2018,56,STAGE I,6TH,-29,BRCA,1321,-20717,0,43.42966105,0:DiseaseFree,43.42966105,0:ALIVE OR DEAD TUMOR FREE,Not Hispanic Or Latino,12/6/10,EUR,No,C50.9,8522/3,C50.9,Yes,Yes,,43.42966105,0:LIVING,c397e6c2-ba3a-4f5e-a258-c140611192fe,M0,N0 (I-),T1C,Tumor Free,43.42966105,0:CENSORED,,No,White,,-4,1,Female,BRCA_LumA,-22,,,,,,,,,,,,,,,,,,,,
TCGA-A1-A0SF,brca_tcga_pan_can_atlas_2018,54,STAGE IIA,6TH,-21,BRCA,1463,-19731,0,48.09810303,0:DiseaseFree,48.09810303,0:ALIVE OR DEAD TUMOR FREE,Not Hispanic Or Latino,5/24/11,EUR,No,C50.9,8500/3,C50.9,Yes,Yes,,48.09810303,0:LIVING,4b620966-b4c7-4615-bf58-ca9d3226b9bd,M0,N0,T2,Tumor Free,48.09810303,0:CENSORED,Yes,No,White,,-6,1,Female,BRCA_LumA,-32,,,,,,,,,,,,,,,,,,,,
TCGA-A1-A0SG,brca_tcga_pan_can_atlas_2018,61,STAGE IIB,6TH,-17,BRCA,434,-22380,0,14.26833679,0:DiseaseFree,14.26833679,0:ALIVE OR DEAD TUMOR FREE,Not Hispanic Or Latino,5/31/11,EUR,No,C50.9,8507/3,C50.9,Yes,Yes,,14.26833679,0:LIVING,0ed9ad26-7fdc-4d75-93f9-d029eee94993,M0,N1A,T2,,14.26833679,0:CENSORED,Yes,No,White,,-2,1,Female,BRCA_LumA,-20,,,,,,,,,,,,,,,,,,,,
TCGA-A1-A0SH,brca_tcga_pan_can_atlas_2018,39,STAGE IIA,6TH,-29,BRCA,1437,-14595,0,47.24331788,0:DiseaseFree,47.24331788,0:ALIVE OR DEAD TUMOR FREE,Not Hispanic Or Latino,12/6/10,EUR,No,C50.9,8500/3,C50.9,Yes,Yes,,47.24331788,0:LIVING,a6a863d9-b39d-4965-b47f-79a1bcf3c976,M0,N0 (I-),T2,Tumor Free,47.24331788,0:CENSORED,,No,White,,-12,1,Female,BRCA_LumA,-34,,,,,,,,,,,,,,,,,,,,
TCGA-A1-A0SI,brca_tcga_pan_can_atlas_2018,52,STAGE IIB,6TH,-9,BRCA,635,-19250,0,20.87648355,0:DiseaseFree,20.87648355,0:ALIVE OR DEAD TUMOR FREE,Not Hispanic Or Latino,6/30/11,EUR,No,C50.9,8500/3,C50.9,Yes,Yes,,20.87648355,0:LIVING,16368c32-2118-4fcf-8693-6c89995e49d8,M0,N1A,T2,Tumor Free,20.87648355,0:CENSORED,Yes,No,White,,10,1,Female,BRCA_LumB,-14,,,,,,,,,,,,,,,,,,,,
TCGA-A1-A0SJ,brca_tcga_pan_can_atlas_2018,39,STAGE IIIA,6TH,-9,BRCA,416,-14383,0,13.67656245,0:DiseaseFree,13.67656245,0:ALIVE OR DEAD TUMOR FREE,Not Hispanic Or Latino,12/6/10,AFR_ADMIX,No,C50.9,8500/3,C50.9,Yes,Yes,,13.67656245,0:LIVING,a2db9dd1-44d5-48b5-817c-a21a85fadb21,M0,N1A,T3,Tumor Free,13.67656245,0:CENSORED,,No,Black or African American,,6,1,Female,BRCA_LumA,-12,,,,,,,,,,,,,,,,,,,,
TCGA-A1-A0SK,brca_tcga_pan_can_atlas_2018,54,STAGE IIA,6TH,27,BRCA,,-20048,0,,,31.79143242,1:DEAD WITH TUMOR,Not Hispanic Or Latino,12/6/10,EAS,No,C50.9,8013/3,C50.9,Yes,Yes,,31.79143242,1:DECEASED,a5b44d66-c162-46b5-9df2-86305f0385c5,M0,N0 (I-),T2,,31.79143242,1:PROGRESSION,,No,Asian,,14,1,Female,BRCA_Basal,22,,,,,,,,,,,,,,,,,,,,
TCGA-A1-A0SM,brca_tcga_pan_can_atlas_2018,77,STAGE IIA,6TH,-7,BRCA,242,-28198,0,7.956077194,0:DiseaseFree,7.956077194,0:ALIVE OR DEAD TUMOR FREE,Not Hispanic Or Latino,12/6/10,EUR,No,C50.9,8500/3,C50.9,Yes,No,,7.956077194,0:LIVING,784de7ac-8424-42eb-83d4-a1bebaa42b97,M0,N0 (I-),T2,Tumor Free,7.956077194,0:CENSORED,,No,White,,8,1,Male,,-8,,,,,,,,,,,,,,,,,,,,
TCGA-A1-A0SN,brca_tcga_pan_can_atlas_2018,50,STAGE IIA,6TH,-11,BRCA,1196,-18401,0,39.32011704,0:DiseaseFree,39.32011704,0:ALIVE OR DEAD TUMOR FREE,Not Hispanic Or Latino,5/23/11,EUR,No,C50.9,8500/3,C50.9,Yes,Yes,,39.32011704,0:LIVING,0dc337fa-da8b-42c4-b9a7-fb76d81c161f,MX,N1,T1C,Tumor Free,39.32011704,0:CENSORED,Yes,No,White,,8,1,Female,BRCA_LumB,-8,,,,,,,,,,,,,,,,,,,,
TCGA-A1-A0SO,brca_tcga_pan_can_atlas_2018,67,STAGE IIB,6TH,-5,BRCA,852,-24826,0,28.01065194,0:DiseaseFree,28.01065194,0:ALIVE OR DEAD TUMOR FREE,Not Hispanic Or Latino,12/6/10,EUR,No,C50.9,8500/3,C50.9,Yes,Yes,,28.01065194,0:LIVING,6644fd4e-d2fe-4785-a73c-0f36fcc740e2,M0,N1,T2,Tumor Free,28.01065194,0:CENSORED,,No,White,,12,1,Female,BRCA_Basal,-22,,,,,,,,,,,,,,,,,,,,
TCGA-A1-A0SP,brca_tcga_pan_can_atlas_2018,40,STAGE IIA,6TH,17,BRCA,584,-14954,0,19.19978959,0:DiseaseFree,19.19978959,0:ALIVE OR DEAD TUMOR FREE,Not Hispanic Or Latino,12/6/10,EUR,,C50.9,8500/3,C50.9,Yes,Yes,,19.19978959,0:LIVING,a9bb8159-32f0-454c-a946-b3286a52b9d5,M0,N0 (I-),T2,Tumor Free,19.19978959,0:CENSORED,,Yes,,,14,1,Female,BRCA_Basal,28,,,,,,,,,,,,,,,,,,,,
TCGA-A1-A0SQ,brca_tcga_pan_can_atlas_2018,45,STAGE IIB,6TH,-33,BRCA,554,-16458,0,18.21349903,0:DiseaseFree,18.21349903,0:ALIVE OR DEAD TUMOR FREE,Not Hispanic Or Latino,6/30/11,EUR,No,C50.9,8500/3,C50.9,Yes,Yes,,18.21349903,0:LIVING,08de63a2-7b76-43c3-80dc-df748b1d81bc,MX,N1,T2,Tumor Free,18.21349903,0:CENSORED,Yes,No,White,,0,1,Female,BRCA_LumA,-26,,,,,,,,,,,,,,,,,,,,
TCGA-A2-A04N,brca_tcga_pan_can_atlas_2018,66,STAGE IA,5TH,-27,BRCA,4354,-24155,0,143.1436368,0:DiseaseFree,143.1436368,0:ALIVE OR DEAD TUMOR FREE,Hispanic Or Latino,1/27/11,EUR,No,C50.9,8500/3,C50.9,Yes,Yes,No,143.1436368,0:LIVING,197428f7-bd77-4c5f-8119-87157b5c35b9,M0,N0 (I-),T1C,Tumor Free,143.1436368,0:CENSORED,,No,White,Yes,-8,1,Female,BRCA_LumA,-20,,,,,,,,,,,,,,,,,,,,
TCGA-A2-A04P,brca_tcga_pan_can_atlas_2018,36,STAGE IIIC,6TH,17,BRCA,,-13238,0,,,18.01624092,1:DEAD WITH TUMOR,,8/26/10,AFR,No,C50.9,8500/3,C50.9,Yes,Yes,Yes,18.01624092,1:DECEASED,ccd4a24b-d8cc-4686-9dee-c98b0c5a8d21,M0,N3C,T2,With Tumor,3.353387908,1:PROGRESSION,,No,Black or African American,Yes,12,1,Female,BRCA_Basal,4,,,,,,,,,,,,,,,,,,,,
TCGA-A2-A04Q,brca_tcga_pan_can_atlas_2018,48,STAGE IA,6TH,-3,BRCA,2385,-17660,0,78.41009962,0:DiseaseFree,78.41009962,0:ALIVE OR DEAD TUMOR FREE,,8/10/10,EUR,No,C50.9,8500/3,C50.9,Yes,Yes,,78.41009962,0:LIVING,b5fba77b-1f50-4e71-95b2-566afba4bdd7,M0,N0 (I-),T1,Tumor Free,78.41009962,0:CENSORED,,No,White,No,12,1,Female,BRCA_Basal,-24,,,,,,,,,,,,,,,,,,,,
TCGA-A2-A04R,brca_tcga_pan_can_atlas_2018,36,STAGE IA,6TH,-9,BRCA,3709,-13483,0,121.9383897,0:DiseaseFree,121.9383897,0:ALIVE OR DEAD TUMOR FREE,Not Hispanic Or Latino,10/8/10,AFR_ADMIX,No,C50.9,8500/3,C50.9,Yes,Yes,No,121.9383897,0:LIVING,f3a058b9-fb7f-4098-8f0e-83c2acfa1ed5,M0,N0 (I-),T1,Tumor Free,121.9383897,0:CENSORED,,No,Black or African American,Yes,12,1,Female,BRCA_LumB,2,,,,,,,,,,,,,,,,,,,,
TCGA-A2-A04T,brca_tcga_pan_can_atlas_2018,62,STAGE IIA,6TH,19,BRCA,2246,-22707,0,73.84028668,0:DiseaseFree,73.84028668,0:ALIVE OR DEAD TUMOR FREE,,8/9/10,EUR,No,C50.9,8500/3,C50.9,Yes,Yes,,73.84028668,0:LIVING,b58ad350-5140-4fa8-bc2c-24bca8395f3a,M0,N0 (I-),T2,Tumor Free,73.84028668,0:CENSORED,,No,White,Yes,14,1,Female,BRCA_Basal,6,,,,,,,,,,,,,,,,,,,,
TCGA-A2-A04U,brca_tcga_pan_can_atlas_2018,47,STAGE IIA,6TH,15,BRCA,2654,-17474,0,87.25383831,0:DiseaseFree,87.25383831,0:ALIVE OR DEAD TUMOR FREE,Not Hispanic Or Latino,1/5/11,EUR,No,C50.9,8500/3,C50.9,Yes,Yes,,87.25383831,0:LIVING,1c3610f7-e0aa-48d7-9a27-0dbaf6e244f9,M0,N0 (I+),T2,Tumor Free,87.25383831,0:CENSORED,,No,White,No,8,1,Female,BRCA_Basal,14,,,,,,,,,,,,,,,,,,,,
TCGA-A2-A04V,brca_tcga_pan_can_atlas_2018,39,STAGE IIA,6TH,-31,BRCA,,-14250,0,48.3282375,1:Recurred/Progressed,63.12259592,1:DEAD WITH TUMOR,Not Hispanic Or Latino,8/10/10,EUR,No,C50.9,8500/3,C50.9,Yes,Yes,,63.12259592,1:DECEASED,64f67506-f2df-4f0a-b7be-29b4949e986a,M0,N0 (I-),T2,With Tumor,48.3282375,1:PROGRESSION,,No,White,No,0,1,Female,BRCA_LumA,-26,,,,,,,,,,,,,,,,,,,,
TCGA-A2-A04W,brca_tcga_pan_can_atlas_2018,50,STAGE IIB,6TH,31,BRCA,3102,-18345,0,101.982444,0:DiseaseFree,101.982444,0:ALIVE OR DEAD TUMOR FREE,Not Hispanic Or Latino,1/5/11,EUR,No,C50.9,8401/3,C50.9,Yes,Yes,No,101.982444,0:LIVING,00807dae-9f4a-4fd1-aac2-82eb11bf2afb,M0,N1MI,T2,Tumor Free,101.982444,0:CENSORED,,No,White,No,16,1,Female,BRCA_Her2,16,,,,,,,,,,,,,,,,,,,,
TCGA-A2-A04X,brca_tcga_pan_can_atlas_2018,34,STAGE IIA,6TH,-5,BRCA,1686,-12642,0,55.42952954,0:DiseaseFree,55.42952954,0:ALIVE OR DEAD TUMOR FREE,,8/9/10,EUR,No,C50.9,8500/3,C50.9,Yes,Yes,,55.42952954,0:LIVING,733a2a0f-b37a-4b81-b49e-3c0f30d1eb37,M0,N0 (I-),T2,Tumor Free,55.42952954,0:CENSORED,,No,White,No,16,1,Female,BRCA_Her2,12,,,,,,,,,,,,,,,,,,,,
TCGA-A2-A04Y,brca_tcga_pan_can_atlas_2018,53,STAGE IIB,6TH,5,BRCA,1099,-19533,0,36.13111089,0:DiseaseFree,36.13111089,0:ALIVE OR DEAD TUMOR FREE,,8/9/10,EUR,No,C50.9,8500/3,C50.9,Yes,Yes,,36.13111089,0:LIVING,9ce7ce09-4409-4fa3-9f78-b2b24716f860,M0,N1MI,T2,Tumor Free,36.13111089,0:CENSORED,,No,White,Yes,8,1,Female,BRCA_LumB,6,,,,,,,,,,,,,,,,,,,,
TCGA-A2-A0CK,brca_tcga_pan_can_atlas_2018,60,STAGE IIIA,5TH,-27,BRCA,4159,-22094,0,44.84334418,1:Recurred/Progressed,136.7327481,0:ALIVE OR DEAD TUMOR FREE,Not Hispanic Or Latino,5/21/12,EUR,No,C50.9,8520/3,C50.9,Yes,Yes,Yes,136.7327481,0:LIVING,5ACA16CA-4516-4E27-8249-6914029A7EBF,M0,N2A,T3,Tumor Free,44.84334418,1:PROGRESSION,Yes,No,White,Yes,-8,1,Female,BRCA_LumA,-30,,,,,,,,,,,,,,,,,,,,
TCGA-A2-A0CL,brca_tcga_pan_can_atlas_2018,37,STAGE IIIA,6TH,-27,BRCA,3015,-13556,0,,,99.1222014,0:ALIVE OR DEAD TUMOR FREE,Not Hispanic Or Latino,1/28/11,AFR,No,C50.9,8500/3,C50.9,Yes,Yes,No,99.1222014,0:LIVING,5c8983f2-9788-4dfa-971c-3ec457b6166e,M0,N2A,T3,Tumor Free,99.1222014,0:CENSORED,,No,Black or African American,Yes,12,1,Female,BRCA_Normal,-40,,,,,,,,,,,,,,,,,,,,
TCGA-A2-A0CM,brca_tcga_pan_can_atlas_2018,40,STAGE IIA,6TH,17,BRCA,,-14969,0,12.55876648,1:Recurred/Progressed,24.78876944,1:DEAD WITH TUMOR,Not Hispanic Or Latino,9/6/10,AFR_ADMIX,No,C50.9,8500/3,C50.9,Yes,Yes,,24.78876944,1:DECEASED,eb2dbb4f-66b6-4525-8323-431970f7a64e,M0,N0 (I-),T2,With Tumor,12.55876648,1:PROGRESSION,,No,Black or African American,No,10,1,Female,BRCA_Basal,20,,,,,,,,,,,,,,,,,,,,
TCGA-A2-A0CO,brca_tcga_pan_can_atlas_2018,85,STAGE IIB,7TH,-35,BRCA,3409,-31404,0,,,114.8042213,0:ALIVE OR DEAD TUMOR FREE,Not Hispanic Or Latino,5/21/12,EUR,No,C50.9,8520/3,C50.9,Yes,No,No,114.8042213,1:DECEASED,8E54232D-D8BB-4612-8B0E-4FEB076A60F9,M0,N0,T3,Tumor Free,114.8042213,0:CENSORED,Yes,No,White,Yes,-22,1,Female,,-32,,,,,,,,,,,,,,,,,,,,
TCGA-A2-A0CP,brca_tcga_pan_can_atlas_2018,60,STAGE IA,6TH,-21,BRCA,2813,-22133,0,92.48117829,0:DiseaseFree,92.48117829,0:ALIVE OR DEAD TUMOR FREE,Not Hispanic Or Latino,9/8/10,EUR,No,C50.9,8500/3,C50.9,Yes,Yes,No,92.48117829,0:LIVING,fe15c48b-116d-461e-9b40-68514730fd18,M0,N0 (I-),T1C,Tumor Free,92.48117829,0:CENSORED,,No,White,Yes,-14,1,Female,BRCA_LumA,-12,,,,,,,,,,,,,,,,,,,,
TCGA-A2-A0CQ,brca_tcga_pan_can_atlas_2018,62,STAGE IA,6TH,-23,BRCA,2695,-22810,0,88.60176875,0:DiseaseFree,88.60176875,0:ALIVE OR DEAD TUMOR FREE,Not Hispanic Or Latino,8/10/10,AFR_ADMIX,No,C50.9,8500/3,C50.9,Yes,Yes,No,88.60176875,0:LIVING,ab34a9a2-d72d-4106-94fb-118844b1b60b,M0,N0 (I-),T1,Tumor Free,88.60176875,0:CENSORED,,No,Black or African American,Yes,-4,1,Female,BRCA_LumA,-20,,,,,,,,,,,,,,,,,,,,
TCGA-A2-A0CR,brca_tcga_pan_can_atlas_2018,54,STAGE IIB,7TH,-17,BRCA,3283,-20075,0,,,107.9330638,0:ALIVE OR DEAD TUMOR FREE,Not Hispanic Or Latino,6/5/12,EAS,No,C50.9,8520/3,C50.9,Yes,Yes,No,107.9330638,0:LIVING,4CF0F639-7940-48B6-8EA1-2A3494097CDB,M0,N0,T3,Tumor Free,107.9330638,0:CENSORED,Yes,No,Asian,No,-4,1,Female,BRCA_LumA,-16,,,,,,,,,,,,,,,,,,,,
TCGA-A2-A0CS,brca_tcga_pan_can_atlas_2018,73,STAGE IV,,-21,BRCA,2298,-26817,0,,,77.19367459,0:ALIVE OR DEAD TUMOR FREE,Not Hispanic Or Latino,1/27/11,EUR,No,C50.9,8500/3,C50.9,Yes,Yes,,77.19367459,1:DECEASED,d071c16b-7cee-45ed-8ec9-612418143815,M1,N3A,T4B,Tumor Free,77.19367459,0:CENSORED,,No,White,Yes,-10,1,Female,BRCA_LumA,-8,,,,,,,,,,,,,,,,,,,,
TCGA-A2-A0CT,brca_tcga_pan_can_atlas_2018,71,STAGE IIA,6TH,-13,BRCA,2289,-25959,0,75.25396982,0:DiseaseFree,75.25396982,0:ALIVE OR DEAD TUMOR FREE,Not Hispanic Or Latino,9/9/10,EUR,No,C50.9,8500/3,C50.9,Yes,Yes,No,75.25396982,0:LIVING,378778d2-b331-4867-a93b-c64028c8b4c7,M0,N0 (I-),T2,Tumor Free,75.25396982,0:CENSORED,,No,White,No,2,1,Female,BRCA_LumA,-14,,,,,,,,,,,,,,,,,,,,
TCGA-A2-A0CU,brca_tcga_pan_can_atlas_2018,73,STAGE IIA,6TH,-15,BRCA,,-26823,0,,,5.194463622,0:ALIVE OR DEAD TUMOR FREE,Not Hispanic Or Latino,9/9/10,EUR,No,C50.9,8500/3,C50.9,Yes,Yes,No,5.194463622,1:DECEASED,332423a7-8866-4ee3-b08f-3c8d7c16af80,M0,N0 (I+),T2,Tumor Free,5.194463622,0:CENSORED,,No,White,No,4,1,Female,BRCA_LumA,-18,,,,,,,,,,,,,,,,,,,,
TCGA-A2-A0CV,brca_tcga_pan_can_atlas_2018,41,STAGE IIB,6TH,-23,BRCA,3011,-15289,0,98.99069599,0:DiseaseFree,98.99069599,0:ALIVE OR DEAD TUMOR FREE,Not Hispanic Or Latino,1/28/11,EAS,No,C50.9,8500/3,C50.9,Yes,Yes,No,98.99069599,0:LIVING,ad7fcc89-82a3-48aa-8461-581c1a857677,M0,N1A,T2,Tumor Free,98.99069599,0:CENSORED,,No,Asian,Yes,-14,1,Female,BRCA_LumA,-26,,,,,,,,,,,,,,,,,,,,
TCGA-A2-A0CW,brca_tcga_pan_can_atlas_2018,67,STAGE IIB,6TH,-1,BRCA,3283,-24541,0,107.9330638,0:DiseaseFree,107.9330638,0:ALIVE OR DEAD TUMOR FREE,Not Hispanic Or Latino,1/28/11,EUR,No,C50.9,8500/3,C50.9,Yes,Yes,No,107.9330638,0:LIVING,32efa6e8-6b19-480a-9d04-ace02e93318a,M0,N1A,T2,Tumor Free,107.9330638,0:CENSORED,,No,White,No,20,1,Female,BRCA_LumB,4,,,,,,,,,,,,,,,,,,,,
TCGA-A2-A0CX,brca_tcga_pan_can_atlas_2018,52,STAGE IIA,6TH,17,BRCA,1728,-19152,0,56.81033633,0:DiseaseFree,56.81033633,0:ALIVE OR DEAD TUMOR FREE,Not Hispanic Or Latino,9/10/10,EUR,No,C50.9,8500/3,C50.9,Yes,Yes,No,56.81033633,0:LIVING,c744fc13-3aca-4245-9e24-abd368cc8bef,M0,N0 (I-),T2,Tumor Free,56.81033633,0:CENSORED,,No,White,Yes,18,1,Female,BRCA_Her2,18,,,,,,,,,,,,,,,,,,,,
TCGA-A2-A0CZ,brca_tcga_pan_can_atlas_2018,46,STAGE IIA,6TH,-35,BRCA,1616,-17026,0,,,53.1281849,0:ALIVE OR DEAD TUMOR FREE,Not Hispanic Or Latino,9/14/10,EUR,No,C50.9,8500/3,C50.9,Yes,No,No,53.1281849,0:LIVING,9f93ea0a-1687-44e0-9e8a-eeb4097d471c,M0,N0 (I-),T2,Tumor Free,53.1281849,0:CENSORED,,No,White,No,-18,1,Female,,-18,,,,,,,,,,,,,,,,,,,,
TCGA-A2-A0D0,brca_tcga_pan_can_atlas_2018,60,STAGE IIA,6TH,29,BRCA,2048,-22115,0,67.33076898,0:DiseaseFree,67.33076898,0:ALIVE OR DEAD TUMOR FREE,Not Hispanic Or Latino,9/16/10,AFR,No,C50.9,8500/3,C50.9,Yes,Yes,,67.33076898,0:LIVING,324bcba2-f6a4-45a6-807c-215bdffcca21,M0,N0 (I-),T2,Tumor Free,67.33076898,0:CENSORED,,No,Black or African American,No,14,1,Female,BRCA_Basal,24,,,,,,,,,,,,,,,,,,,,
TCGA-A2-A0D1,brca_tcga_pan_can_atlas_2018,76,STAGE IIA,6TH,9,BRCA,1051,-28084,0,34.55304599,0:DiseaseFree,34.55304599,0:ALIVE OR DEAD TUMOR FREE,Not Hispanic Or Latino,9/21/10,EUR,No,C50.9,8500/3,C50.9,Yes,Yes,No,34.55304599,0:LIVING,084c6aec-94f7-4090-8f3f-59fa9e89721a,M0,N0 (I-),T2,Tumor Free,34.55304599,0:CENSORED,,No,White,Yes,14,1,Female,BRCA_Her2,6,,,,,,,,,,,,,,,,,,,,
TCGA-A2-A0D2,brca_tcga_pan_can_atlas_2018,45,STAGE IIA,6TH,17,BRCA,1027,-16623,0,33.76401355,0:DiseaseFree,33.76401355,0:ALIVE OR DEAD TUMOR FREE,Not Hispanic Or Latino,9/16/10,EUR,No,C50.9,8500/3,C50.9,Yes,Yes,No,33.76401355,0:LIVING,99e32c59-aa73-43fa-88c9-399ddadb2c72,M0,N0 (I+),T2,Tumor Free,33.76401355,0:CENSORED,,No,White,Yes,16,1,Female,BRCA_Basal,10,,,,,,,,,,,,,,,,,,,,
TCGA-A2-A0D3,brca_tcga_pan_can_atlas_2018,42,STAGE IA,6TH,-33,BRCA,1873,-15524,0,61.57740737,0:DiseaseFree,61.57740737,0:ALIVE OR DEAD TUMOR FREE,Not Hispanic Or Latino,1/28/11,EUR,No,C50.9,8500/3,C50.9,Yes,Yes,No,61.57740737,0:LIVING,4a16429b-884f-4c95-8683-feeedf0d6a55,M0,N0 (I-),T1C,Tumor Free,61.57740737,0:CENSORED,,No,White,No,-14,1,Female,BRCA_LumA,-28,,,,,,,,,,,,,,,,,,,,
TCGA-A2-A0D4,brca_tcga_pan_can_atlas_2018,37,STAGE IIB,6TH,-7,BRCA,767,-13805,0,25.21616202,0:DiseaseFree,25.21616202,0:ALIVE OR DEAD TUMOR FREE,Not Hispanic Or Latino,9/21/10,AFR_ADMIX,No,C50.9,8500/3,C50.9,Yes,Yes,No,25.21616202,0:LIVING,75113445-d2d6-44a0-866c-c9175e6d214b,M0,N1A,T2,Tumor Free,25.21616202,0:CENSORED,,No,Black or African American,Yes,16,1,Female,BRCA_LumB,-10,,,,,,,,,,,,,,,,,,,,
TCGA-A2-A0EM,brca_tcga_pan_can_atlas_2018,73,STAGE IA,5TH,-37,BRCA,3094,-26845,0,101.7194332,0:DiseaseFree,101.7194332,0:ALIVE OR DEAD TUMOR FREE,Not Hispanic Or Latino,9/6/10,EUR,No,C50.9,8500/3,C50.9,Yes,Yes,No,101.7194332,0:LIVING,2fdfd287-d13c-4910-9788-73987d45908a,M0,N0 (I-),T1,Tumor Free,101.7194332,0:CENSORED,,No,White,Yes,-8,1,Female,BRCA_LumA,-24,,,,,,,,,,,,,,,,,,,,
TCGA-A2-A0EN,brca_tcga_pan_can_atlas_2018,70,STAGE IIA,6TH,-33,BRCA,2718,-25771,0,134.3985271,0:DiseaseFree,134.3985271,0:ALIVE OR DEAD TUMOR FREE,Not Hispanic Or Latino,2/27/15,EUR,No,C50.9,8520/3,C50.9,Yes,Yes,No,134.3985271,0:LIVING,5e670fec-8992-44bf-8657-f7f9a272306b,M0,N0 (I+),T2,Tumor Free,134.3985271,0:CENSORED,,No,White,Yes,-16,1,Female,BRCA_LumA,-26,,,,,,,,,,,,,,,,,,,,
TCGA-A2-A0EO,brca_tcga_pan_can_atlas_2018,54,STAGE IA,6TH,-31,BRCA,2442,-19880,0,,,80.28405168,0:ALIVE OR DEAD TUMOR FREE,Not Hispanic Or Latino,8/10/10,EUR,No,C50.9,8500/3,C50.9,Yes,Yes,No,80.28405168,0:LIVING,bf88ddf5-a6d4-498c-bf7f-db9bfabff72d,M0,N0 (I-),T1,Tumor Free,80.28405168,0:CENSORED,,No,White,Yes,-6,1,Female,BRCA_LumA,-22,,,,,,,,,,,,,,,,,,,,
TCGA-A2-A0EP,brca_tcga_pan_can_atlas_2018,56,STAGE I,6TH,-29,BRCA,3603,-20585,0,118.4534964,0:DiseaseFree,118.4534964,0:ALIVE OR DEAD TUMOR FREE,Not Hispanic Or Latino,8/16/12,EUR,No,C50.9,8520/3,C50.9,Yes,Yes,No,118.4534964,0:LIVING,670F5022-5066-48F1-8472-5670129A1E0F,M0,N0 (I+),T1,Tumor Free,118.4534964,0:CENSORED,Yes,No,White,No,-18,1,Female,BRCA_LumA,-46,,,,,,,,,,,,,,,,,,,,
TCGA-A2-A0EQ,brca_tcga_pan_can_atlas_2018,64,STAGE IIA,6TH,-1,BRCA,2426,-23543,0,79.75803005,0:DiseaseFree,79.75803005,0:ALIVE OR DEAD TUMOR FREE,Not Hispanic Or Latino,8/11/10,AFR,No,C50.9,8500/3,C50.9,Yes,Yes,No,79.75803005,0:LIVING,2192c1db-4718-4254-ba42-3ae7f30ad5a8,M0,N0 (I-),T2,Tumor Free,79.75803005,0:CENSORED,,No,Black or African American,Yes,20,1,Female,BRCA_Her2,-16,,,,,,,,,,,,,,,,,,,,
TCGA-A2-A0ER,brca_tcga_pan_can_atlas_2018,63,STAGE IB,6TH,-15,BRCA,2263,-23021,0,74.39918467,0:DiseaseFree,74.39918467,0:ALIVE OR DEAD TUMOR FREE,Not Hispanic Or Latino,8/13/10,EUR,No,C50.9,8500/3,C50.9,Yes,Yes,No,74.39918467,0:LIVING,7455d832-ad66-40df-85d7-3a7051c4498d,M0,N1MI,T1C,Tumor Free,74.39918467,0:CENSORED,,No,White,Yes,6,1,Female,BRCA_LumA,-26,,,,,,,,,,,,,,,,,,,,
TCGA-A2-A0ES,brca_tcga_pan_can_atlas_2018,52,STAGE IIA,6TH,-43,BRCA,2190,-19160,0,71.99921097,0:DiseaseFree,71.99921097,0:ALIVE OR DEAD TUMOR FREE,Not Hispanic Or Latino,1/25/11,EUR,No,C50.9,8520/3,C50.9,Yes,Yes,No,71.99921097,0:LIVING,a2934508-3daf-49e2-b14f-ed9b7693f96f,M0,N0 (I-),T2,Tumor Free,71.99921097,0:CENSORED,,No,White,No,-24,1,Female,BRCA_LumA,-34,,,,,,,,,,,,,,,,,,,,
TCGA-A2-A0ET,brca_tcga_pan_can_atlas_2018,58,STAGE IIIA,6TH,-43,BRCA,1066,-21464,0,35.04619128,0:DiseaseFree,35.04619128,0:ALIVE OR DEAD TUMOR FREE,Not Hispanic Or Latino,9/20/10,EUR,No,C50.9,8500/3,C50.9,Yes,Yes,No,35.04619128,0:LIVING,96f23d8a-be0f-4925-ba00-805dc293414c,M0,N2A,T2,Tumor Free,35.04619128,0:CENSORED,,No,White,Yes,-10,1,Female,BRCA_LumA,-46,,,,,,,,,,,,,,,,,,,,
TCGA-A2-A0EU,brca_tcga_pan_can_atlas_2018,79,STAGE IA,6TH,-7,BRCA,1043,-29144,0,34.29003518,0:DiseaseFree,34.29003518,0:ALIVE OR DEAD TUMOR FREE,Not Hispanic Or Latino,8/11/10,EUR,No,C50.9,8500/3,C50.9,Yes,Yes,No,34.29003518,0:LIVING,c0427237-b476-4af4-b664-7bd479922ea5,M0,N0 (I-),T1C,Tumor Free,34.29003518,0:CENSORED,,No,White,Yes,4,1,Female,BRCA_LumA,-14,,,,,,,,,,,,,,,,,,,,
TCGA-A2-A0EV,brca_tcga_pan_can_atlas_2018,80,STAGE IA,6TH,-31,BRCA,968,-29285,0,31.82430878,0:DiseaseFree,31.82430878,0:ALIVE OR DEAD TUMOR FREE,Not Hispanic Or Latino,8/11/10,EUR,No,C50.9,8500/3,C50.9,Yes,Yes,No,31.82430878,0:LIVING,7032ec9c-e96b-4642-a7b6-d0aee7a3add2,M0,N0 (I-),T1C,Tumor Free,31.82430878,0:CENSORED,,No,White,No,6,1,Female,BRCA_LumA,-24,,,,,,,,,,,,,,,,,,,,
TCGA-A2-A0EW,brca_tcga_pan_can_atlas_2018,53,STAGE IIIC,6TH,-39,BRCA,905,-19413,0,,,61.93904724,1:DEAD WITH TUMOR,Not Hispanic Or Latino,1/5/11,EUR,No,C50.9,8520/3,C50.9,Yes,Yes,Yes,61.93904724,1:DECEASED,8d5fe6e8-d2cc-481f-a6a1-9cb6e7982cde,M0,N3A,T1B,Tumor Free,44.48170431,1:PROGRESSION,,No,White,Yes,-16,1,Female,BRCA_LumA,-40,,,,,,,,,,,,,,,,,,,,
TCGA-A2-A0EX,brca_tcga_pan_can_atlas_2018,46,STAGE IIB,6TH,-27,BRCA,752,-16858,0,24.72301673,0:DiseaseFree,24.72301673,0:ALIVE OR DEAD TUMOR FREE,Not Hispanic Or Latino,8/13/10,EUR,No,C50.9,8520/3,C50.9,Yes,Yes,No,24.72301673,0:LIVING,9d8702e1-1a36-4bca-85ab-5f11d58d7953,M0,N0 (I+),T3,Tumor Free,24.72301673,0:CENSORED,,No,White,No,-16,1,Female,BRCA_LumA,-22,,,,,,,,,,,,,,,,,,,,
TCGA-A2-A0EY,brca_tcga_pan_can_atlas_2018,62,STAGE IIB,6TH,-21,BRCA,1925,-22872,0,63.28697768,0:DiseaseFree,63.28697768,0:ALIVE OR DEAD TUMOR FREE,Not Hispanic Or Latino,9/21/10,EUR,No,C50.9,8500/3,C50.9,Yes,Yes,No,63.28697768,0:LIVING,d67cd793-2931-429a-9084-2f3c4c8be7ad,M0,N1A,T2,Tumor Free,63.28697768,0:CENSORED,,No,White,Yes,6,1,Female,BRCA_LumB,-6,,,,,,,,,,,,,,,,,,,,
TCGA-A2-A0ST,brca_tcga_pan_can_atlas_2018,62,STAGE IIA,6TH,-7,BRCA,3017,-22922,0,99.18795411,0:DiseaseFree,99.18795411,0:ALIVE OR DEAD TUMOR FREE,Not Hispanic Or Latino,11/9/10,EUR,No,C50.9,8500/3,C50.9,Yes,Yes,Yes,99.18795411,0:LIVING,12d31787-e54d-4729-ace8-9141043c92b8,M0,N1A,T1C,,99.18795411,0:CENSORED,,No,White,Yes,10,1,Female,BRCA_Basal,-26,,,,,,,,,,,,,,,,,,,,
TCGA-A2-A0SU,brca_tcga_pan_can_atlas_2018,66,STAGE IIA,,-25,BRCA,1662,-24219,0,54.64049709,0:DiseaseFree,54.64049709,0:ALIVE OR DEAD TUMOR FREE,Not Hispanic Or Latino,11/17/10,EUR,No,C50.9,8500/3,C50.9,Yes,Yes,No,54.64049709,0:LIVING,c632675e-e8af-43cd-8744-5be3754c1c14,M0,N0 (I+),T2,Tumor Free,54.64049709,0:CENSORED,,No,White,No,-4,1,Female,BRCA_LumA,-16,,,,,,,,,,,,,,,,,,,,
TCGA-A2-A0SV,brca_tcga_pan_can_atlas_2018,63,STAGE IV,6TH,21,BRCA,,-23126,0,,,27.12299043,1:DEAD WITH TUMOR,Not Hispanic Or Latino,11/15/10,EUR,No,C50.9,8500/3,C50.9,Yes,Yes,,27.12299043,1:DECEASED,ad01259b-d858-40bc-a6ba-0bb06e996afb,M1,N2A,T2,With Tumor,27.12299043,1:PROGRESSION,,No,White,Yes,16,1,Female,BRCA_LumB,6,,,,,,,,,,,,,,,,,,,,
TCGA-A2-A0SW,brca_tcga_pan_can_atlas_2018,82,STAGE IV,,9,BRCA,,-30085,0,,,44.87622054,1:DEAD WITH TUMOR,Not Hispanic Or Latino,11/8/10,EUR,No,C50.9,8500/3,C50.9,Yes,Yes,,44.87622054,1:DECEASED,991e1427-3c01-423d-abfd-4584302ca72c,M1,N2,T2,With Tumor,21.46825788,1:PROGRESSION,,No,White,Yes,20,1,Female,BRCA_LumB,12,,,,,,,,,,,,,,,,,,,,
TCGA-A2-A0SX,brca_tcga_pan_can_atlas_2018,48,STAGE IA,6TH,-3,BRCA,1534,-17774,0,40.73380018,1:Recurred/Progressed,50.43232403,0:ALIVE OR DEAD TUMOR FREE,Not Hispanic Or Latino,11/9/10,EUR,No,C50.9,8500/3,C50.9,Yes,Yes,No,50.43232403,0:LIVING,18d35983-ea6a-4b70-a209-9bef37595956,M0,N0 (I-),T1C,With Tumor,40.73380018,1:PROGRESSION,,No,White,Yes,2,1,Female,BRCA_Basal,-20,,,,,,,,,,,,,,,,,,,,
TCGA-A2-A0SY,brca_tcga_pan_can_atlas_2018,62,STAGE IIIA,,-33,BRCA,1347,-22928,0,44.2844462,0:DiseaseFree,44.2844462,0:ALIVE OR DEAD TUMOR FREE,Not Hispanic Or Latino,11/12/10,EUR,No,C50.9,8520/3,C50.9,Yes,Yes,No,44.2844462,0:LIVING,dc696e3c-f448-468f-a576-f4429be0338a,M0,N1,T3,Tumor Free,44.2844462,0:CENSORED,,No,White,Yes,-6,1,Female,BRCA_LumA,-46,,,,,,,,,,,,,,,,,,,,
TCGA-A2-A0T0,brca_tcga_pan_can_atlas_2018,59,STAGE IIB,6TH,39,BRCA,533,-21575,0,17.52309564,0:DiseaseFree,17.52309564,0:ALIVE OR DEAD TUMOR FREE,Not Hispanic Or Latino,11/12/10,EUR,No,C50.9,8500/3,C50.9,Yes,Yes,No,17.52309564,0:LIVING,95c53f69-0f05-4348-822a-571f3d757001,M0,N1,T2,Tumor Free,17.52309564,0:CENSORED,,No,White,Yes,12,1,Female,BRCA_Basal,14,,,,,,,,,,,,,,,,,,,,
TCGA-A2-A0T1,brca_tcga_pan_can_atlas_2018,55,STAGE IIIC,,3,BRCA,521,-20227,0,17.12857941,0:DiseaseFree,17.12857941,0:ALIVE OR DEAD TUMOR FREE,Not Hispanic Or Latino,11/12/10,,No,C50.9,8500/3,C50.9,Yes,Yes,No,17.12857941,0:LIVING,02bed00f-bef7-4fb7-b243-540354990e45,M0,N3,T3,Tumor Free,17.12857941,0:CENSORED,,No,American Indian or Alaska Native,Yes,14,1,Female,BRCA_Her2,0,,,,,,,,,,,,,,,,,,,,
TCGA-A2-A0T2,brca_tcga_pan_can_atlas_2018,66,STAGE IV,,39,BRCA,,-24235,0,,,8.38346977,1:DEAD WITH TUMOR,Not Hispanic Or Latino,11/12/10,EUR,No,C50.9,8500/3,C50.9,Yes,Yes,,8.38346977,1:DECEASED,128d198e-9b22-427c-90db-3714455f3a17,M1,N3,T3,With Tumor,8.38346977,1:PROGRESSION,,No,White,No,2,1,Female,BRCA_Basal,24,,,,,,,,,,,,,,,,,,,,
TCGA-A2-A0T3,brca_tcga_pan_can_atlas_2018,37,STAGE IB,7TH,-9,BRCA,1516,-13680,0,49.84054969,0:DiseaseFree,49.84054969,0:ALIVE OR DEAD TUMOR FREE,Not Hispanic Or Latino,2/21/11,EUR,No,C50.9,8500/3,C50.9,Yes,Yes,No,49.84054969,0:LIVING,058dcb78-bed1-40c3-a6c2-a0cc40065531,M0,N1MI,T1C,Tumor Free,49.84054969,0:CENSORED,Yes,No,White,Yes,8,1,Female,BRCA_LumB,-2,,,,,,,,,,,,,,,,,,,,
TCGA-A2-A0T4,brca_tcga_pan_can_atlas_2018,62,STAGE IIA,,-11,BRCA,624,-22849,0,20.51484367,0:DiseaseFree,20.51484367,0:ALIVE OR DEAD TUMOR FREE,Not Hispanic Or Latino,11/17/10,EUR,No,C50.9,8520/3,C50.9,Yes,Yes,No,20.51484367,0:LIVING,b0f8d698-a30e-4d8d-b0a2-a5a01fac8406,M0,N0 (I-),T2,Tumor Free,20.51484367,0:CENSORED,,No,White,No,12,1,Female,BRCA_LumA,-16,,,,,,,,,,,,,,,,,,,,
TCGA-A2-A0T5,brca_tcga_pan_can_atlas_2018,39,STAGE IIA,,-23,BRCA,531,-14503,0,17.45734293,0:DiseaseFree,17.45734293,0:ALIVE OR DEAD TUMOR FREE,Not Hispanic Or Latino,11/9/10,EUR,No,C50.9,8500/3,C50.9,Yes,Yes,No,17.45734293,0:LIVING,36d77496-99f8-4911-ba7c-89fae32662aa,M0,N0 (I-),T2,Tumor Free,17.45734293,0:CENSORED,,No,White,No,0,1,Female,BRCA_LumA,-10,,,,,,,,,,,,,,,,,,,,
TCGA-A2-A0T6,brca_tcga_pan_can_atlas_2018,50,STAGE IIB,,-39,BRCA,575,-18334,0,18.90390242,0:DiseaseFree,18.90390242,0:ALIVE OR DEAD TUMOR FREE,Not Hispanic Or Latino,11/17/10,EUR,No,C50.9,8520/3,C50.9,Yes,Yes,No,18.90390242,0:LIVING,08306ede-e74b-4be9-b768-7fd98647b6ac,M0,N0 (I-),T3,Tumor Free,18.90390242,0:CENSORED,,No,White,Yes,-16,1,Female,BRCA_LumA,-44,,,,,,,,,,,,,,,,,,,,
TCGA-A2-A0T7,brca_tcga_pan_can_atlas_2018,51,STAGE IIA,,-25,BRCA,631,-18756,0,20.74497814,0:DiseaseFree,20.74497814,0:ALIVE OR DEAD TUMOR FREE,Not Hispanic Or Latino,11/17/10,EUR,No,C50.9,8500/3,C50.9,Yes,Yes,No,20.74497814,0:LIVING,43d5632e-7272-4aad-9496-7f5a99671223,M0,N0 (I+),T2,Tumor Free,20.74497814,0:CENSORED,,No,White,No,4,1,Female,BRCA_LumA,-22,,,,,,,,,,,,,,,,,,,,
TCGA-A2-A0YC,brca_tcga_pan_can_atlas_2018,59,STAGE IIB,,-37,BRCA,990,-21685,0,,,32.54758852,0:ALIVE OR DEAD TUMOR FREE,Not Hispanic Or Latino,12/8/10,EUR,No,C50.9,8500/3,C50.9,Yes,Yes,Yes,32.54758852,0:LIVING,a1872011-b928-4189-ac02-e87506c20bca,M0,N1MI,T2,Tumor Free,24.85452214,1:PROGRESSION,,No,White,Yes,-6,1,Female,BRCA_LumA,-28,,,,,,,,,,,,,,,,,,,,
TCGA-A2-A0YD,brca_tcga_pan_can_atlas_2018,63,STAGE IIB,,-39,BRCA,769,-23021,0,25.28191472,0:DiseaseFree,25.28191472,0:ALIVE OR DEAD TUMOR FREE,Not Hispanic Or Latino,12/8/10,EUR,No,C50.9,8520/3,C50.9,Yes,Yes,No,25.28191472,0:LIVING,2c6adb12-380d-4710-a7e6-93d5a0e53289,M0,N0 (I+),T3,Tumor Free,25.28191472,0:CENSORED,,No,White,No,-14,1,Female,BRCA_LumA,-26,,,,,,,,,,,,,,,,,,,,
TCGA-A2-A0YE,brca_tcga_pan_can_atlas_2018,48,STAGE IIB,,-1,BRCA,554,-17727,0,18.21349903,0:DiseaseFree,18.21349903,0:ALIVE OR DEAD TUMOR FREE,Not Hispanic Or Latino,12/10/10,EUR,No,C50.9,8500/3,C50.9,Yes,Yes,No,18.21349903,0:LIVING,84a88e8d-1e65-4b88-aae6-bf4c7a7e4c33,M0,N1A,T2,Tumor Free,18.21349903,0:CENSORED,,No,White,Yes,8,1,Female,BRCA_Basal,-4,,,,,,,,,,,,,,,,,,,,
TCGA-A2-A0YF,brca_tcga_pan_can_atlas_2018,67,STAGE I,6TH,-23,BRCA,1535,-24660,0,50.46520038,0:DiseaseFree,50.46520038,0:ALIVE OR DEAD TUMOR FREE,Not Hispanic Or Latino,12/2/10,AFR_ADMIX,No,C50.9,8500/3,C50.9,Yes,Yes,No,50.46520038,0:LIVING,ae8c77fe-e6c8-44d5-8265-4a38c637bbef,M0,N0 (I+),T1B,Tumor Free,50.46520038,0:CENSORED,,No,Black or African American,No,6,1,Female,BRCA_LumA,-16,,,,,,,,,,,,,,,,,,,,
TCGA-A2-A0YG,brca_tcga_pan_can_atlas_2018,63,STAGE IIIC,,-11,BRCA,666,-23058,0,21.89565046,0:DiseaseFree,21.89565046,0:ALIVE OR DEAD TUMOR FREE,Not Hispanic Or Latino,1/3/11,EUR,No,C50.9,8500/3,C50.9,Yes,Yes,No,21.89565046,0:LIVING,c0892598-1f7b-4f23-9cd8-731f797753d5,M0,N3A,T2,Tumor Free,21.89565046,0:CENSORED,,No,White,Yes,14,1,Female,BRCA_LumB,-14,,,,,,,,,,,,,,,,,,,,
TCGA-A2-A0YH,brca_tcga_pan_can_atlas_2018,53,STAGE IIIA,,11,BRCA,659,-19596,0,21.66551599,0:DiseaseFree,21.66551599,0:ALIVE OR DEAD TUMOR FREE,Not Hispanic Or Latino,12/14/10,EUR,No,C50.9,8500/3,C50.9,Yes,Yes,No,21.66551599,0:LIVING,298d33da-15af-48cb-b30f-eaf54e7baa43,M0,N2A,T2,Tumor Free,21.66551599,0:CENSORED,,No,White,Yes,10,1,Female,BRCA_LumB,2,,,,,,,,,,,,,,,,,,,,
TCGA-A2-A0YI,brca_tcga_pan_can_atlas_2018,62,STAGE I,6TH,-31,BRCA,1505,-22961,0,49.47890982,0:DiseaseFree,49.47890982,0:ALIVE OR DEAD TUMOR FREE,Not Hispanic Or Latino,12/14/10,EUR,No,C50.9,8522/3,C50.9,Yes,Yes,No,49.47890982,0:LIVING,72cd1b17-d349-4551-83f7-3062ce9db865,M0,N0 (I+),T1C,Tumor Free,49.47890982,0:CENSORED,,No,White,Yes,-12,1,Female,BRCA_LumA,-30,,,,,,,,,,,,,,,,,,,,
TCGA-A2-A0YJ,brca_tcga_pan_can_atlas_2018,39,STAGE IIIA,,21,BRCA,566,-14448,0,18.37788079,1:Recurred/Progressed,18.60801526,0:ALIVE OR DEAD TUMOR FREE,Not Hispanic Or Latino,12/28/10,EUR,No,C50.9,8500/3,C50.9,Yes,Yes,Yes,18.60801526,0:LIVING,796b593f-5886-4a27-bf94-7ea8df325e1a,M0,N2A,T3,Tumor Free,18.37788079,1:PROGRESSION,,No,White,Yes,14,1,Female,BRCA_Basal,14,,,,,,,,,,,,,,,,,,,,
TCGA-A2-A0YK,brca_tcga_pan_can_atlas_2018,61,STAGE IIA,,-49,BRCA,588,-22625,0,,,19.331295,0:ALIVE OR DEAD TUMOR FREE,Not Hispanic Or Latino,12/28/10,EUR,No,C50.9,8520/3,C50.9,Yes,Yes,No,19.331295,0:LIVING,8f34cb4c-5798-47a0-89a1-f0ee26a8ae93,M0,N0 (I-),T2,Tumor Free,19.331295,0:CENSORED,,No,White,No,-14,1,Female,BRCA_Normal,-48,,,,,,,,,,,,,,,,,,,,
TCGA-A2-A0YL,brca_tcga_pan_can_atlas_2018,48,STAGE IIIA,,-39,BRCA,1474,-17702,0,48.45974291,0:DiseaseFree,48.45974291,0:ALIVE OR DEAD TUMOR FREE,Not Hispanic Or Latino,12/27/10,EUR,No,C50.9,8520/3,C50.9,Yes,Yes,No,48.45974291,0:LIVING,b205c89f-af62-4186-acad-ed23d243fa98,M0,N2A,T3,Tumor Free,48.45974291,0:CENSORED,,No,White,Yes,0,1,Female,BRCA_LumA,-36,,,,,,,,,,,,,,,,,,,,
TCGA-A2-A0YM,brca_tcga_pan_can_atlas_2018,67,STAGE IIA,,27,BRCA,965,-24831,0,31.72567972,0:DiseaseFree,31.72567972,0:ALIVE OR DEAD TUMOR FREE,Not Hispanic Or Latino,12/8/10,EUR,No,C50.9,8500/3,C50.9,Yes,Yes,No,31.72567972,0:LIVING,5cbf0aea-ebb4-4005-bdd5-14ef2dc6826c,M0,N0 (I-),T2,Tumor Free,31.72567972,0:CENSORED,,No,White,Yes,14,1,Female,BRCA_Basal,28,,,,,,,,,,,,,,,,,,,,
TCGA-A2-A0YT,brca_tcga_pan_can_atlas_2018,56,STAGE IIIB,,-1,BRCA,,-20482,0,23.76960253,0:DiseaseFree,23.76960253,0:ALIVE OR DEAD TUMOR FREE,Not Hispanic Or Latino,12/10/10,EUR,Yes,C50.9,8500/3,C50.9,Yes,Yes,No,23.76960253,1:DECEASED,14b95463-2108-4921-afc2-e29eef52b18f,M0,N2A,T4B,Tumor Free,23.76960253,0:CENSORED,,No,White,Yes,14,1,Female,BRCA_LumB,-10,,,,,,,,,,,,,,,,,,,,
TCGA-A2-A1FV,brca_tcga_pan_can_atlas_2018,74,STAGE IIB,7TH,-23,BRCA,714,-27287,0,23.47371536,0:DiseaseFree,23.47371536,0:ALIVE OR DEAD TUMOR FREE,Not Hispanic Or Latino,5/26/11,EUR,No,C50.9,8520/3,C50.9,Yes,Yes,No,23.47371536,0:LIVING,cd0c96a4-6414-4efb-879b-7408b62ed5b6,M0,N0 (I+),T3,Tumor Free,23.47371536,0:CENSORED,Yes,No,White,Yes,-8,1,Female,BRCA_LumA,-32,,,,,,,,,,,,,,,,,,,,
TCGA-A2-A1FW,brca_tcga_pan_can_atlas_2018,62,STAGE IIIA,7TH,-9,BRCA,528,-22779,0,17.35871388,0:DiseaseFree,17.35871388,0:ALIVE OR DEAD TUMOR FREE,Not Hispanic Or Latino,5/11/11,EUR,No,C50.9,8500/3,C50.9,Yes,Yes,No,17.35871388,0:LIVING,54883111-d475-4515-ba3f-fece8a71e79e,M0,N2A,T3,Tumor Free,17.35871388,0:CENSORED,Yes,No,White,Yes,10,1,Female,BRCA_LumB,-10,,,,,,,,,,,,,,,,,,,,
TCGA-A2-A1FX,brca_tcga_pan_can_atlas_2018,61,STAGE IIIA,6TH,-19,BRCA,1847,-22344,0,60.72262222,0:DiseaseFree,60.72262222,0:ALIVE OR DEAD TUMOR FREE,Not Hispanic Or Latino,5/12/11,EUR,No,C50.9,8500/3,C50.9,Yes,Yes,No,60.72262222,0:LIVING,ac6d3ba9-f84f-4657-aa85-4d66fb7c09da,M0,N2A,T3,Tumor Free,60.72262222,0:CENSORED,Yes,No,White,Yes,6,1,Female,BRCA_LumB,-18,,,,,,,,,,,,,,,,,,,,
TCGA-A2-A1FZ,brca_tcga_pan_can_atlas_2018,63,STAGE IIA,7TH,-43,BRCA,683,-23055,0,22.45454844,0:DiseaseFree,22.45454844,0:ALIVE OR DEAD TUMOR FREE,Not Hispanic Or Latino,4/21/11,EUR,No,C50.9,8500/3,C50.9,Yes,Yes,No,22.45454844,0:LIVING,805bfe39-3695-43c2-93e4-d66d0559b89f,M0,N0 (I-),T2,Tumor Free,22.45454844,0:CENSORED,Yes,No,White,No,-8,1,Female,BRCA_LumA,-38,,,,,,,,,,,,,,,,,,,,
TCGA-A2-A1G0,brca_tcga_pan_can_atlas_2018,49,STAGE IIB,7TH,-33,BRCA,616,-18002,0,20.25183286,0:DiseaseFree,20.25183286,0:ALIVE OR DEAD TUMOR FREE,Not Hispanic Or Latino,4/21/11,EUR,No,C50.9,8500/3,C50.9,Yes,Yes,No,20.25183286,0:LIVING,2e538802-2a31-4774-89a8-c6e4381a887d,M0,N1A,T2,,20.25183286,0:CENSORED,Yes,No,White,Yes,-14,1,Female,BRCA_LumA,-34,,,,,,,,,,,,,,,,,,,,
TCGA-A2-A1G1,brca_tcga_pan_can_atlas_2018,85,STAGE IIB,7TH,17,BRCA,584,-31223,0,19.19978959,0:DiseaseFree,19.19978959,0:ALIVE OR DEAD TUMOR FREE,Not Hispanic Or Latino,5/12/11,EUR,No,C50.9,8500/3,C50.9,Yes,Yes,No,19.19978959,0:LIVING,75b5529b-565a-4eba-918a-910b2f441d32,M0,N1,T2,Tumor Free,19.19978959,0:CENSORED,Yes,No,White,Yes,16,1,Female,BRCA_Basal,28,,,,,,,,,,,,,,,,,,,,
TCGA-A2-A1G4,brca_tcga_pan_can_atlas_2018,71,STAGE IIIA,7TH,-11,BRCA,595,-25966,0,19.56142946,0:DiseaseFree,19.56142946,0:ALIVE OR DEAD TUMOR FREE,Not Hispanic Or Latino,4/22/11,EUR,No,C50.9,8500/3,C50.9,Yes,Yes,No,19.56142946,0:LIVING,e3b555aa-7f0a-49c6-9b13-182c61a144c1,M0,N1A,T3,Tumor Free,19.56142946,0:CENSORED,Yes,Yes,White,No,16,1,Female,BRCA_LumB,-22,,,,,,,,,,,,,,,,,,,,
TCGA-A2-A1G6,brca_tcga_pan_can_atlas_2018,50,STAGE IIIA,7TH,-33,BRCA,501,-18514,0,16.47105237,0:DiseaseFree,16.47105237,0:ALIVE OR DEAD TUMOR FREE,Not Hispanic Or Latino,4/22/11,EUR,No,C50.9,8500/3,C50.9,Yes,Yes,No,16.47105237,0:LIVING,295cf595-4a29-46a3-a0c5-e5f08f947031,M0,N2A,T2,Tumor Free,16.47105237,0:CENSORED,Yes,No,White,Yes,-16,1,Female,BRCA_Normal,-36,,,,,,,,,,,,,,,,,,,,
TCGA-A2-A259,brca_tcga_pan_can_atlas_2018,70,STAGE I,6TH,-19,BRCA,1596,-25666,0,,,52.47065786,0:ALIVE OR DEAD TUMOR FREE,Not Hispanic Or Latino,6/20/11,AFR_ADMIX,No,C50.9,8500/3,C50.9,Yes,Yes,No,52.47065786,0:LIVING,3fc3755d-a3f8-4e2c-813f-ff124f2a75c1,M0,N0 (I-),T1C,Tumor Free,52.47065786,0:CENSORED,Yes,No,Black or African American,No,-16,1,Female,BRCA_LumA,-18,,,,,,,,,,,,,,,,,,,,
TCGA-A2-A25A,brca_tcga_pan_can_atlas_2018,44,STAGE IIA,6TH,-39,BRCA,3276,-16084,0,107.7029293,0:DiseaseFree,107.7029293,0:ALIVE OR DEAD TUMOR FREE,Not Hispanic Or Latino,6/21/11,EUR,No,C50.9,8520/3,C50.9,Yes,Yes,No,107.7029293,0:LIVING,aaea5f9c-b35b-47f8-93cb-bdc7b81844ff,M0,N0 (I-),T2,Tumor Free,107.7029293,0:CENSORED,Yes,Yes,White,Yes,-2,1,Female,BRCA_Normal,-30,,,,,,,,,,,,,,,,,,,,
TCGA-A2-A25B,brca_tcga_pan_can_atlas_2018,39,STAGE IIB,7TH,-7,BRCA,1291,-14454,0,,,42.44337048,0:ALIVE OR DEAD TUMOR FREE,Not Hispanic Or Latino,7/15/11,AFR,No,C50.9,8500/3,C50.9,Yes,Yes,Yes,42.44337048,0:LIVING,eadf8482-e60e-4307-adb7-d5c3b9fa6cae,M0,N1,T2,Tumor Free,42.41049413,1:PROGRESSION,Yes,No,Black or African American,Yes,12,1,Female,BRCA_LumB,0,,,,,,,,,,,,,,,,,,,,
TCGA-A2-A25C,brca_tcga_pan_can_atlas_2018,50,STAGE IIB,7TH,-25,BRCA,523,-18508,0,17.19433212,0:DiseaseFree,17.19433212,0:ALIVE OR DEAD TUMOR FREE,Not Hispanic Or Latino,7/15/11,EUR,No,C50.9,8500/3,C50.9,Yes,Yes,No,17.19433212,0:LIVING,7aedb46a-48ec-4e0e-8baa-c9ea4c4a7cf1,M0,N1A,T2,Tumor Free,17.19433212,0:CENSORED,Yes,No,White,Yes,6,1,Female,BRCA_LumB,-18,,,,,,,,,,,,,,,,,,,,
TCGA-A2-A25D,brca_tcga_pan_can_atlas_2018,90,STAGE IIIC,7TH,-9,BRCA,552,-32872,0,,,18.14774633,0:ALIVE OR DEAD TUMOR FREE,Not Hispanic Or Latino,6/21/11,EUR,No,C50.9,8520/3,C50.9,Yes,Yes,No,18.14774633,0:LIVING,3b963d72-ba5c-467b-83c9-fbdb462510a3,M0,N3A,T2,Tumor Free,18.14774633,0:CENSORED,Yes,No,White,Yes,6,1,Female,BRCA_LumA,-10,,,,,,,,,,,,,,,,,,,,
TCGA-A2-A25E,brca_tcga_pan_can_atlas_2018,34,STAGE IIIA,6TH,-11,BRCA,3204,-12601,0,98.26741625,1:Recurred/Progressed,105.3358319,0:ALIVE OR DEAD TUMOR FREE,Not Hispanic Or Latino,7/21/11,AFR,No,C50.9,8500/3,C50.9,Yes,Yes,Yes,105.3358319,0:LIVING,ba89cb4f-cd63-47b1-9550-76fdaff89f2e,M0,N2A,T2,Tumor Free,98.26741625,1:PROGRESSION,Yes,No,Black or African American,Yes,16,1,Female,BRCA_LumB,-10,,,,,,,,,,,,,,,,,,,,
TCGA-A2-A25F,brca_tcga_pan_can_atlas_2018,66,STAGE IIA,7TH,1,BRCA,322,-24319,0,10.58618536,0:DiseaseFree,10.58618536,0:ALIVE OR DEAD TUMOR FREE,Not Hispanic Or Latino,7/26/11,EUR,No,C50.9,8500/3,C50.9,Yes,Yes,No,10.58618536,0:LIVING,c836951b-3ffb-4e20-8504-0eccb7d50dd4,M0,N0 (I-),T2,Tumor Free,10.58618536,0:CENSORED,Yes,No,White,Yes,12,1,Female,BRCA_Basal,-28,,,,,,,,,,,,,,,,,,,,
TCGA-A2-A3KC,brca_tcga_pan_can_atlas_2018,55,STAGE IIB,7TH,-39,BRCA,1102,-20401,0,36.22973995,0:DiseaseFree,36.22973995,0:ALIVE OR DEAD TUMOR FREE,Not Hispanic Or Latino,3/14/12,AFR_ADMIX,No,C50.9,8520/3,C50.9,Yes,No,No,36.22973995,0:LIVING,2D29A4AC-98E7-4663-9DD6-5681BC32AC2E,M0,N1A,T2,Tumor Free,36.22973995,0:CENSORED,Yes,No,Black or African American,Yes,-6,1,Female,,-32,,,,,,,,,,,,,,,,,,,,
TCGA-A2-A3KD,brca_tcga_pan_can_atlas_2018,47,STAGE IIIA,7TH,-33,BRCA,1206,-17372,0,,,39.64888056,0:ALIVE OR DEAD TUMOR FREE,Not Hispanic Or Latino,4/2/12,EUR,No,C50.9,8480/3,C50.9,Yes,Yes,No,39.64888056,0:LIVING,BB026999-0AAB-4232-96D7-2C93B6C9691D,M0,N1MI,T3,Tumor Free,39.64888056,0:CENSORED,Yes,No,White,Yes,-10,1,Female,BRCA_LumA,-20,,,,,,,,,,,,,,,,,,,,
TCGA-A2-A3XS,brca_tcga_pan_can_atlas_2018,62,STAGE IIIA,6TH,7,BRCA,,-23000,0,22.42167209,1:Recurred/Progressed,33.92839531,1:DEAD WITH TUMOR,Not Hispanic Or Latino,8/15/12,AFR_ADMIX,No,C50.9,8500/3,C50.9,Yes,No,Yes,33.92839531,1:DECEASED,A78B04B4-2380-4803-963E-E4E633CD69AB,M0,N2A,T1,With Tumor,22.42167209,1:PROGRESSION,Yes,No,Black or African American,No,6,1,Female,,-4,,,,,,,,,,,,,,,,,,,,
TCGA-A2-A3XT,brca_tcga_pan_can_atlas_2018,45,STAGE IIB,6TH,27,BRCA,2770,-16649,0,91.06749515,0:DiseaseFree,91.06749515,0:ALIVE OR DEAD TUMOR FREE,Not Hispanic Or Latino,8/17/12,AFR,No,C50.9,8500/3,C50.9,Yes,Yes,No,91.06749515,0:LIVING,C72CB184-462D-4009-9CDB-848782FF8A76,M0,N1A,T2,Tumor Free,91.06749515,0:CENSORED,Yes,No,Black or African American,Yes,12,1,Female,BRCA_Basal,4,,,,,,,,,,,,,,,,,,,,
TCGA-A2-A3XU,brca_tcga_pan_can_atlas_2018,35,STAGE IIB,6TH,29,BRCA,,-13046,0,18.87102607,1:Recurred/Progressed,29.98323306,1:DEAD WITH TUMOR,Not Hispanic Or Latino,8/29/12,AFR_ADMIX,No,C50.9,8500/3,C50.9,Yes,Yes,Yes,29.98323306,1:DECEASED,A8E7D8A4-BBF0-496B-B387-8E014CFDCEA6,M0,N1MI,T2,With Tumor,18.87102607,1:PROGRESSION,Yes,No,Black or African American,Yes,4,1,Female,BRCA_Basal,8,,,,,,,,,,,,,,,,,,,,
TCGA-A2-A3XV,brca_tcga_pan_can_atlas_2018,46,STAGE IIA,7TH,13,BRCA,996,-16971,0,32.74484663,0:DiseaseFree,32.74484663,0:ALIVE OR DEAD TUMOR FREE,Not Hispanic Or Latino,8/24/12,AFR_ADMIX,No,C50.9,8500/3,C50.9,Yes,Yes,No,32.74484663,0:LIVING,189E1F27-7738-413A-A4D4-97D41D592A13,M0,N0,T2,Tumor Free,32.74484663,0:CENSORED,Yes,No,Black or African American,Yes,0,1,Female,BRCA_Her2,2,,,,,,,,,,,,,,,,,,,,
TCGA-A2-A3XW,brca_tcga_pan_can_atlas_2018,42,STAGE IIB,7TH,-5,BRCA,1712,-15670,0,56.28431469,0:DiseaseFree,56.28431469,0:ALIVE OR DEAD TUMOR FREE,Not Hispanic Or Latino,8/15/12,AFR_ADMIX,No,C50.9,8500/3,C50.9,Yes,Yes,No,56.28431469,0:LIVING,C02699B5-580A-4D55-971E-F4692B2CCE57,M0,N1A,T2,Tumor Free,56.28431469,0:CENSORED,Yes,No,Black or African American,Yes,-4,1,Female,BRCA_Normal,2,,,,,,,,,,,,,,,,,,,,
TCGA-A2-A3XX,brca_tcga_pan_can_atlas_2018,49,STAGE IIA,7TH,25,BRCA,1168,-17981,0,47.30907059,0:DiseaseFree,47.30907059,0:ALIVE OR DEAD TUMOR FREE,Not Hispanic Or Latino,8/15/12,AFR,No,C50.9,8500/3,C50.9,Yes,Yes,No,47.30907059,1:DECEASED,53886143-C1C6-40E9-88E6-E4E5E0271FC8,M0,N0,T2,Tumor Free,47.30907059,0:CENSORED,Yes,No,Black or African American,No,14,1,Female,BRCA_Basal,2,,,,,,,,,,,,,,,,,,,,
TCGA-A2-A3XY,brca_tcga_pan_can_atlas_2018,49,STAGE IIB,7TH,13,BRCA,1064,-18059,0,26.36683434,1:Recurred/Progressed,35.93385278,1:DEAD WITH TUMOR,Not Hispanic Or Latino,8/14/12,AFR,No,C50.9,8500/3,C50.9,Yes,No,Yes,35.93385278,1:DECEASED,DEBA32E4-0E68-4711-941B-3B63BD965AFB,M0,N1A,T2,Tumor Free,26.36683434,1:PROGRESSION,Yes,No,Black or African American,Yes,16,1,Female,,6,,,,,,,,,,,,,,,,,,,,
TCGA-A2-A3XZ,brca_tcga_pan_can_atlas_2018,46,STAGE I,6TH,-5,BRCA,1532,-16978,0,50.36657133,0:DiseaseFree,50.36657133,0:ALIVE OR DEAD TUMOR FREE,Not Hispanic Or Latino,8/21/12,AFR,No,C50.9,8500/3,C50.9,Yes,Yes,No,50.36657133,0:LIVING,FE7F74B8-20F4-4471-91DC-4CCA8C68E5C0,M0,N0,T1C,Tumor Free,50.36657133,0:CENSORED,Yes,No,Black or African American,No,10,1,Female,BRCA_Her2,2,,,,,,,,,,,,,,,,,,,,
TCGA-A2-A3Y0,brca_tcga_pan_can_atlas_2018,57,STAGE IIB,7TH,45,BRCA,1546,-21024,0,,,50.82684025,0:ALIVE OR DEAD TUMOR FREE,Not Hispanic Or Latino,8/24/12,AFR,No,C50.9,8500/3,C50.9,Yes,Yes,No,50.82684025,0:LIVING,174850B4-5EC2-462B-A890-89BD1716B3C2,M0,N1A,T2,Tumor Free,50.82684025,0:CENSORED,Yes,No,Black or African American,No,20,1,Female,BRCA_Basal,38,,,,,,,,,,,,,,,,,,,,
TCGA-A2-A4RW,brca_tcga_pan_can_atlas_2018,49,STAGE IIIC,7TH,-31,BRCA,222,-18060,0,7.298550153,0:DiseaseFree,7.298550153,0:ALIVE OR DEAD TUMOR FREE,Not Hispanic Or Latino,2/27/13,EUR,No,C50.9,8520/3,C50.9,Yes,No,,7.298550153,0:LIVING,0D146997-CFDC-4587-888C-E876FC455C80,M0,N3A,T2,Tumor Free,7.298550153,0:CENSORED,Yes,No,White,,-14,1,Female,,-30,,,,,,,,,,,,,,,,,,,,
TCGA-A2-A4RX,brca_tcga_pan_can_atlas_2018,67,STAGE IIA,7TH,15,BRCA,742,-24779,0,24.39425321,0:DiseaseFree,24.39425321,0:ALIVE OR DEAD TUMOR FREE,Not Hispanic Or Latino,2/28/13,AFR,No,C50.9,8575/3,C50.9,Yes,No,No,24.39425321,0:LIVING,D111C4AB-B39A-4A7C-8D8E-CB342BC10627,M0,N0,T2,,24.39425321,0:CENSORED,Yes,No,Black or African American,,12,1,Female,,32,,,,,,,,,,,,,,,,,,,,
TCGA-A2-A4RY,brca_tcga_pan_can_atlas_2018,46,STAGE IIIC,7TH,-47,BRCA,648,-17157,0,21.30387612,0:DiseaseFree,21.30387612,0:ALIVE OR DEAD TUMOR FREE,Not Hispanic Or Latino,2/26/13,EUR,No,C50.9,8520/3,C50.9,Yes,No,No,21.30387612,0:LIVING,5A53EC47-E63F-44A2-8078-87659544FB04,M0,N3A,T3,Tumor Free,21.30387612,0:CENSORED,Yes,No,White,Yes,-20,1,Female,,-52,,,,,,,,,,,,,,,,,,,,
TCGA-A2-A4S0,brca_tcga_pan_can_atlas_2018,77,STAGE IIA,7TH,-39,BRCA,706,-28416,0,23.21070454,0:DiseaseFree,23.21070454,0:ALIVE OR DEAD TUMOR FREE,Not Hispanic Or Latino,2/26/13,EUR,No,C50.9,8480/3,C50.9,Yes,No,No,23.21070454,0:LIVING,A53DD490-E0BA-419A-90C6-B905E241A8E5,M0,N0,T2,,23.21070454,0:CENSORED,Yes,No,White,,-16,1,Female,,-42,,,,,,,,,,,,,,,,,,,,
TCGA-A2-A4S1,brca_tcga_pan_can_atlas_2018,66,STAGE IIA,7TH,1,BRCA,820,-24353,0,26.95860867,0:DiseaseFree,26.95860867,0:ALIVE OR DEAD TUMOR FREE,Not Hispanic Or Latino,2/26/13,EUR,No,C50.9,8575/3,C50.9,Yes,Yes,No,26.95860867,0:LIVING,843C8F16-5E59-40D4-9ECC-8A75375156F6,M0,N0,T2,Tumor Free,26.95860867,0:CENSORED,Yes,No,White,Yes,-10,1,Female,BRCA_Basal,-8,,,,,,,,,,,,,,,,,,,,
TCGA-A2-A4S2,brca_tcga_pan_can_atlas_2018,62,STAGE IIIA,7TH,-41,BRCA,643,-22936,0,21.13949436,0:DiseaseFree,21.13949436,0:ALIVE OR DEAD TUMOR FREE,Not Hispanic Or Latino,2/28/13,EUR,No,C50.9,8524/3,C50.9,Yes,Yes,No,21.13949436,0:LIVING,9DDC014D-9A8B-407B-845F-452A73F08E5E,M0,N2,T3,Tumor Free,21.13949436,0:CENSORED,Yes,No,White,Yes,-14,1,Female,BRCA_LumA,-32,,,,,,,,,,,,,,,,,,,,
TCGA-A2-A4S3,brca_tcga_pan_can_atlas_2018,59,STAGE IIB,7TH,3,BRCA,666,-21762,0,21.89565046,0:DiseaseFree,21.89565046,0:ALIVE OR DEAD TUMOR FREE,Not Hispanic Or Latino,2/28/13,AFR_ADMIX,No,C50.9,8500/3,C50.9,Yes,Yes,,21.89565046,0:LIVING,418C11E8-2670-48D5-BBF5-95B46BFF1201,M0,N1A,T2,Tumor Free,21.89565046,0:CENSORED,Yes,No,Black or African American,,14,1,Female,BRCA_LumB,2,,,,,,,,,,,,,,,,,,,,
TCGA-A7-A0CD,brca_tcga_pan_can_atlas_2018,66,STAGE I,6TH,-29,BRCA,1165,-24242,0,38.30095013,0:DiseaseFree,38.30095013,0:ALIVE OR DEAD TUMOR FREE,Not Hispanic Or Latino,10/5/10,EUR,No,C50.9,8500/3,C50.9,Yes,Yes,No,38.30095013,0:LIVING,09765b0a-94f6-47d2-af56-93368084ac3a,M0,N0,T1,Tumor Free,38.30095013,0:CENSORED,,Yes,White,Yes,-4,1,Female,BRCA_LumA,-28,,,,,,,,,,,,,,,,,,,,
TCGA-A7-A0CE,brca_tcga_pan_can_atlas_2018,57,STAGE IIA,,41,BRCA,1074,-20863,0,35.30920209,0:DiseaseFree,35.30920209,0:ALIVE OR DEAD TUMOR FREE,Not Hispanic Or Latino,10/4/10,EUR,No,C50.9,8500/3,C50.9,Yes,Yes,No,35.30920209,0:LIVING,9d95a65b-e41d-4f93-92d4-99dce29ff40d,M0,N0 (I-),T2,Tumor Free,35.30920209,0:CENSORED,,No,White,Yes,16,1,Female,BRCA_Basal,28,,,,,,,,,,,,,,,,,,,,
TCGA-A7-A0CG,brca_tcga_pan_can_atlas_2018,78,STAGE IIA,,-31,BRCA,1043,-28596,0,,,34.29003518,0:ALIVE OR DEAD TUMOR FREE,Not Hispanic Or Latino,10/7/10,EUR,No,C50.9,8522/3,C50.9,Yes,Yes,No,34.29003518,0:LIVING,67eef990-5ff4-45d1-843d-d22d7848f130,M0,N0 (I-),T2,Tumor Free,34.29003518,0:CENSORED,,No,White,Yes,2,1,Female,BRCA_LumA,-38,,,,,,,,,,,,,,,,,,,,
TCGA-A7-A0CH,brca_tcga_pan_can_atlas_2018,79,STAGE IIA,,-31,BRCA,1079,-29104,0,35.47358385,0:DiseaseFree,35.47358385,0:ALIVE OR DEAD TUMOR FREE,Not Hispanic Or Latino,10/4/10,EUR,No,C50.9,8500/3,C50.9,Yes,Yes,No,35.47358385,0:LIVING,9de678e5-67ed-4453-a98b-7ac351d5d0f1,M0,N0 (I-),T2,Tumor Free,35.47358385,0:CENSORED,,No,White,No,-12,1,Female,BRCA_LumA,-26,,,,,,,,,,,,,,,,,,,,
TCGA-A7-A0CJ,brca_tcga_pan_can_atlas_2018,57,STAGE IIA,,21,BRCA,931,-21014,0,,,30.60788375,0:ALIVE OR DEAD TUMOR FREE,Not Hispanic Or Latino,10/7/10,EUR,No,C50.9,8500/3,C50.9,Yes,Yes,No,30.60788375,0:LIVING,d69e59a8-b10b-46f5-b859-b6c178d90506,M0,N0 (I-),T2,Tumor Free,30.60788375,0:CENSORED,,No,White,Yes,20,1,Female,BRCA_LumB,16,,,,,,,,,,,,,,,,,,,,
TCGA-A7-A0D9,brca_tcga_pan_can_atlas_2018,37,STAGE IIA,,-23,BRCA,1139,-13836,0,37.44616497,0:DiseaseFree,37.44616497,0:ALIVE OR DEAD TUMOR FREE,Not Hispanic Or Latino,10/4/10,EUR,No,C50.9,8500/3,C50.9,Yes,Yes,No,37.44616497,0:LIVING,17baef7c-d97d-4b98-ab53-503ef856523d,M0,N0 (I-),T2,Tumor Free,37.44616497,0:CENSORED,,No,White,No,-6,1,Female,BRCA_LumA,-20,,,,,,,,,,,,,,,,,,,,
TCGA-A7-A0DA,brca_tcga_pan_can_atlas_2018,62,STAGE IIA,,11,BRCA,1085,-22708,0,35.67084196,0:DiseaseFree,35.67084196,0:ALIVE OR DEAD TUMOR FREE,Not Hispanic Or Latino,1/10/11,EUR,No,C50.9,8500/3,C50.9,Yes,Yes,No,35.67084196,0:LIVING,3afa1e93-1df8-4e4c-aaa4-557463f4bb77,M0,N0 (I-),T2,Tumor Free,35.67084196,0:CENSORED,,No,White,Yes,6,1,Female,BRCA_Basal,2,,,,,,,,,,,,,,,,,,,,
TCGA-A7-A0DB,brca_tcga_pan_can_atlas_2018,56,STAGE IIA,,-23,BRCA,1007,-20570,0,,,33.1064865,0:ALIVE OR DEAD TUMOR FREE,Not Hispanic Or Latino,10/4/10,EUR,No,C50.9,8500/3,C50.9,Yes,Yes,No,33.1064865,0:LIVING,f130f376-5801-40f9-975d-a7e2f7b5670d,M0,N0 (I-),T2,Tumor Free,33.1064865,0:CENSORED,,No,White,Yes,-14,1,Female,BRCA_LumA,-24,,,,,,,,,,,,,,,,,,,,
TCGA-A7-A0DC,brca_tcga_pan_can_atlas_2018,63,STAGE IA,,,BRCA,906,-23294,0,29.78597495,0:DiseaseFree,29.78597495,0:ALIVE OR DEAD TUMOR FREE,Not Hispanic Or Latino,10/4/10,EUR,No,C50.9,8500/3,C50.9,Yes,No,No,29.78597495,0:LIVING,cb9f5e50-f49d-4899-8895-9367afcc1015,M0,N0 (I-),T1C,Tumor Free,29.78597495,0:CENSORED,,No,White,Yes,,1,Female,,,,,,,,,,,,,,,,,,,,,,
TCGA-A7-A13D,brca_tcga_pan_can_atlas_2018,46,STAGE IIA,,47,BRCA,965,-17070,0,31.72567972,0:DiseaseFree,31.72567972,0:ALIVE OR DEAD TUMOR FREE,Not Hispanic Or Latino,2/23/11,AFR,No,C50.9,8500/3,C50.9,Yes,Yes,No,31.72567972,0:LIVING,8785012f-f73e-4d68-87cf-1d804af32782,M0,N0 (I-),T2,Tumor Free,31.72567972,0:CENSORED,,No,Black or African American,Yes,26,1,Female,BRCA_Basal,34,,,,,,,,,,,,,,,,,,,,
TCGA-A7-A13E,brca_tcga_pan_can_atlas_2018,62,STAGE IIB,,11,BRCA,326,-22690,0,18.27925173,1:Recurred/Progressed,20.18608015,1:DEAD WITH TUMOR,Not Hispanic Or Latino,2/28/11,EUR,No,C50.9,8500/3,C50.9,Yes,Yes,Yes,20.18608015,1:DECEASED,8c7e74e0-71ef-49b8-9217-94b8ef740ef9,MX,N1,T2,Tumor Free,18.27925173,1:PROGRESSION,,No,White,No,8,1,Female,BRCA_Basal,-14,,,,,,,,,,,,,,,,,,,,
TCGA-A7-A13F,brca_tcga_pan_can_atlas_2018,44,STAGE IIIA,,-9,BRCA,765,-16363,0,25.15040931,0:DiseaseFree,25.15040931,0:ALIVE OR DEAD TUMOR FREE,Not Hispanic Or Latino,3/2/11,EUR,No,C50.9,8500/3,C50.9,Yes,Yes,No,25.15040931,0:LIVING,2cf68894-168b-458b-af4f-53cad72989a8,M0,N1A,T3,Tumor Free,25.15040931,0:CENSORED,,No,White,Yes,14,1,Female,BRCA_LumB,-10,,,,,,,,,,,,,,,,,,,,
TCGA-A7-A13G,brca_tcga_pan_can_atlas_2018,79,STAGE IIA,7TH,-29,BRCA,718,-28969,0,23.60522077,0:DiseaseFree,23.60522077,0:ALIVE OR DEAD TUMOR FREE,Not Hispanic Or Latino,5/16/11,EUR,No,C50.9,8500/3,C50.9,Yes,Yes,Yes,23.60522077,0:LIVING,6cd9baf5-bbe0-4c1e-a87f-c53b3af22890,MX,N0,T2,Tumor Free,19.2655423,1:PROGRESSION,Yes,Yes,White,No,-12,1,Female,BRCA_LumA,-30,,,,,,,,,,,,,,,,,,,,
TCGA-A7-A13H,brca_tcga_pan_can_atlas_2018,61,STAGE IIB,7TH,-39,BRCA,899,-22643,0,29.55584048,0:DiseaseFree,29.55584048,0:ALIVE OR DEAD TUMOR FREE,Not Hispanic Or Latino,6/22/12,EUR,No,C50.9,8520/3,C50.9,Yes,No,Yes,29.55584048,0:LIVING,2E243F0E-9D7D-4CB0-9678-70607F90430A,MX,N1A,T2,Tumor Free,26.13669987,1:PROGRESSION,Yes,No,White,No,-20,1,Female,,-34,,,,,,,,,,,,,,,,,,,,
TCGA-A7-A26E,brca_tcga_pan_can_atlas_2018,71,STAGE IIIA,7TH,-37,BRCA,954,-26274,0,31.36403985,0:DiseaseFree,31.36403985,0:ALIVE OR DEAD TUMOR FREE,Not Hispanic Or Latino,7/28/11,EUR,No,C50.9,8520/3,C50.9,Yes,Yes,No,31.36403985,0:LIVING,011b9b2d-ebe5-42bf-9662-d922faccc7a1,MX,N1A,T3,Tumor Free,31.36403985,0:CENSORED,Yes,Yes,White,Yes,-10,1,Female,BRCA_LumA,-30,,,,,,,,,,,,,,,,,,,,
TCGA-A7-A26F,brca_tcga_pan_can_atlas_2018,55,STAGE IA,7TH,17,BRCA,738,-20210,0,24.26274781,0:DiseaseFree,24.26274781,0:ALIVE OR DEAD TUMOR FREE,Not Hispanic Or Latino,8/8/11,EUR,No,C50.9,8575/3,C50.9,Yes,Yes,No,24.26274781,0:LIVING,3b7b9c1e-a84c-47ed-983c-9e4b00cbf01a,M0,N0,T1,,24.26274781,0:CENSORED,Yes,Yes,White,Yes,14,1,Female,BRCA_Basal,16,,,,,,,,,,,,,,,,,,,,
TCGA-A7-A26G,brca_tcga_pan_can_atlas_2018,50,STAGE IIA,7TH,-17,BRCA,722,-18362,0,23.73672617,0:DiseaseFree,23.73672617,0:ALIVE OR DEAD TUMOR FREE,Not Hispanic Or Latino,8/10/11,AFR,No,C50.9,8575/3,C50.9,Yes,Yes,No,23.73672617,0:LIVING,5ed024e8-d05e-4c65-9441-eda9930ccc82,M0,N0 (I+),T2,,23.73672617,0:CENSORED,Yes,No,Black or African American,No,6,1,Female,BRCA_Basal,-18,,,,,,,,,,,,,,,,,,,,
TCGA-A7-A26H,brca_tcga_pan_can_atlas_2018,72,STAGE IIA,7TH,-23,BRCA,724,-26423,0,9.567018444,1:Recurred/Progressed,23.80247888,0:ALIVE OR DEAD TUMOR FREE,Not Hispanic Or Latino,8/4/11,EUR,No,C50.9,8500/3,C50.9,Yes,Yes,Yes,23.80247888,0:LIVING,dddd8e2f-e540-418a-b02e-698d18a12c14,M0,N1A,T1,,9.567018444,1:PROGRESSION,Yes,Yes,White,No,0,1,Female,BRCA_LumA,-20,,,,,,,,,,,,,,,,,,,,
TCGA-A7-A26I,brca_tcga_pan_can_atlas_2018,65,STAGE IIA,7TH,19,BRCA,661,-23948,0,21.7312687,0:DiseaseFree,21.7312687,0:ALIVE OR DEAD TUMOR FREE,Not Hispanic Or Latino,7/29/11,EUR,No,C50.9,8500/3,C50.9,Yes,Yes,No,21.7312687,0:LIVING,b2ecbc0f-2c30-4200-8d5e-7b95424bcadb,M0,N0,T2,,21.7312687,0:CENSORED,Yes,Yes,White,Yes,14,1,Female,BRCA_Basal,10,,,,,,,,,,,,,,,,,,,,
TCGA-A7-A26J,brca_tcga_pan_can_atlas_2018,49,STAGE IIA,7TH,-31,BRCA,627,-17930,0,20.61347273,0:DiseaseFree,20.61347273,0:ALIVE OR DEAD TUMOR FREE,Not Hispanic Or Latino,7/28/11,EUR,No,C50.9,8500/3,C50.9,Yes,Yes,No,20.61347273,0:LIVING,6cb6f179-defd-4661-af0a-c353b74c0c49,M0,N0,T2,With Tumor,20.61347273,0:CENSORED,Yes,No,White,No,4,1,Female,BRCA_LumA,-28,,,,,,,,,,,,,,,,,,,,
TCGA-A7-A2KD,brca_tcga_pan_can_atlas_2018,53,STAGE IIIA,7TH,-17,BRCA,679,-19563,0,22.32304304,0:DiseaseFree,22.32304304,0:ALIVE OR DEAD TUMOR FREE,Not Hispanic Or Latino,10/11/11,AFR,No,C50.9,8500/3,C50.9,Yes,Yes,No,22.32304304,0:LIVING,92654F8D-5137-4FFD-AAA3-5AE38EB88226,MX,N2A,T2,,22.32304304,0:CENSORED,Yes,Yes,Black or African American,Yes,16,1,Female,BRCA_LumB,-4,,,,,,,,,,,,,,,,,,,,
TCGA-A7-A3IY,brca_tcga_pan_can_atlas_2018,71,STAGE I,7TH,1,BRCA,345,-26042,0,11.34234145,0:DiseaseFree,11.34234145,0:ALIVE OR DEAD TUMOR FREE,Not Hispanic Or Latino,3/19/12,EUR,No,C50.9,8480/3,C50.9,Yes,No,No,11.34234145,0:LIVING,6B4E0262-F589-4532-B578-9F2D76C19D90,M0,N0,T1C,Tumor Free,11.34234145,0:CENSORED,Yes,No,White,Yes,-14,1,Female,,8,,,,,,,,,,,,,,,,,,,,
TCGA-A7-A3IZ,brca_tcga_pan_can_atlas_2018,62,STAGE IIA,7TH,-31,BRCA,322,-22997,0,10.58618536,0:DiseaseFree,10.58618536,0:ALIVE OR DEAD TUMOR FREE,Not Hispanic Or Latino,3/12/12,EUR,No,C50.9,8520/3,C50.9,Yes,No,No,10.58618536,0:LIVING,15FF4B02-BB69-4D24-8A07-B82F428E428D,M0,N0 (I+),T2,Tumor Free,10.58618536,0:CENSORED,Yes,No,White,Yes,-2,1,Female,,-42,,,,,,,,,,,,,,,,,,,,
TCGA-A7-A3J0,brca_tcga_pan_can_atlas_2018,62,STAGE IIA,7TH,-27,BRCA,313,-22672,0,10.29029819,0:DiseaseFree,10.29029819,0:ALIVE OR DEAD TUMOR FREE,Not Hispanic Or Latino,3/13/12,EUR,No,C50.9,8480/3,C50.9,Yes,No,No,10.29029819,0:LIVING,DA70CF7E-0E61-4C72-B4C5-C408569D11B8,M0,N0,T2,Tumor Free,10.29029819,0:CENSORED,Yes,No,White,Yes,-8,1,Female,,-34,,,,,,,,,,,,,,,,,,,,
TCGA-A7-A3J1,brca_tcga_pan_can_atlas_2018,63,STAGE IA,7TH,-41,BRCA,343,-23209,0,11.27658875,0:DiseaseFree,11.27658875,0:ALIVE OR DEAD TUMOR FREE,Not Hispanic Or Latino,3/12/12,EUR,No,C50.9,8520/3,C50.9,Yes,No,No,11.27658875,0:LIVING,8F9AD301-6699-4078-A80D-886E40894AF7,MX,N0,T1C,Tumor Free,11.27658875,0:CENSORED,Yes,Yes,White,Yes,-18,1,Female,,-62,,,,,,,,,,,,,,,,,,,,
TCGA-A7-A3RF,brca_tcga_pan_can_atlas_2018,79,STAGE IIA,7TH,-9,BRCA,408,-29184,0,5.720485255,1:Recurred/Progressed,13.41355163,0:ALIVE OR DEAD TUMOR FREE,Not Hispanic Or Latino,5/3/12,EUR,No,C50.9,8480/3,C50.9,Yes,Yes,Yes,13.41355163,0:LIVING,7451AF3C-ACC0-4D79-8429-6B8BE96911D8,M0,N0,T2,Tumor Free,5.720485255,1:PROGRESSION,Yes,No,White,Yes,-6,1,Female,BRCA_LumA,-14,,,,,,,,,,,,,,,,,,,,
TCGA-A7-A425,brca_tcga_pan_can_atlas_2018,70,STAGE IIIC,7TH,-21,BRCA,447,-25678,0,13.77519151,1:Recurred/Progressed,14.69572936,0:ALIVE OR DEAD TUMOR FREE,Not Hispanic Or Latino,11/5/12,EUR,No,C50.9,8520/3,C50.9,Yes,Yes,Yes,14.69572936,0:LIVING,A8F5C479-8685-4E2D-BB60-63F1CC651083,MX,N3A,T3,,13.77519151,1:PROGRESSION,Yes,No,White,Yes,-6,1,Female,BRCA_LumA,-18,,,,,,,,,,,,,,,,,,,,
TCGA-A7-A426,brca_tcga_pan_can_atlas_2018,50,STAGE IIIC,7TH,-37,BRCA,364,-18296,0,11.96699214,0:DiseaseFree,11.96699214,0:ALIVE OR DEAD TUMOR FREE,Not Hispanic Or Latino,11/5/12,EUR,No,C50.9,8520/3,C50.9,Yes,No,No,11.96699214,0:LIVING,D48E9F25-F083-4F88-A92D-C12D9F765BA6,MX,N3A,T3,,11.96699214,0:CENSORED,Yes,Yes,White,Yes,-14,1,Female,,-30,,,,,,,,,,,,,,,,,,,,
TCGA-A7-A4SA,brca_tcga_pan_can_atlas_2018,40,STAGE IIB,7TH,-15,BRCA,454,-14906,0,14.92586383,0:DiseaseFree,14.92586383,0:ALIVE OR DEAD TUMOR FREE,Not Hispanic Or Latino,2/19/13,EUR,No,C50.9,8520/3,C50.9,Yes,No,No,14.92586383,0:LIVING,A2EFE7E1-ACA3-440F-825F-ED621EDCA69F,M0,N1A,T2,Tumor Free,14.92586383,0:CENSORED,Yes,No,White,No,6,1,Female,,0,,,,,,,,,,,,,,,,,,,,
TCGA-A7-A4SB,brca_tcga_pan_can_atlas_2018,56,STAGE IIIA,7TH,-17,BRCA,418,-20539,0,13.74231515,0:DiseaseFree,13.74231515,0:ALIVE OR DEAD TUMOR FREE,Not Hispanic Or Latino,2/20/13,EUR,No,C50.9,8520/3,C50.9,Yes,No,No,13.74231515,0:LIVING,A947A945-4721-45CC-BC45-13B8EA41C10E,M0,N1MI,T3,Tumor Free,13.74231515,0:CENSORED,Yes,No,White,Yes,6,1,Female,,-38,,,,,,,,,,,,,,,,,,,,
TCGA-A7-A4SC,brca_tcga_pan_can_atlas_2018,62,STAGE IIB,7TH,-43,BRCA,446,-23008,0,14.66285301,0:DiseaseFree,14.66285301,0:ALIVE OR DEAD TUMOR FREE,Not Hispanic Or Latino,2/20/13,EUR,No,C50.9,8520/3,C50.9,Yes,No,No,14.66285301,0:LIVING,EC0AB947-9341-4FFF-BDA4-FDFB9434D508,MX,N0,T3,Tumor Free,14.66285301,0:CENSORED,Yes,No,White,Yes,-16,1,Female,,-44,,,,,,,,,,,,,,,,,,,,
TCGA-A7-A4SD,brca_tcga_pan_can_atlas_2018,52,STAGE IIA,7TH,27,BRCA,441,-19131,0,14.49847125,0:DiseaseFree,14.49847125,0:ALIVE OR DEAD TUMOR FREE,Not Hispanic Or Latino,2/19/13,AFR,No,C50.9,8500/3,C50.9,Yes,Yes,No,14.49847125,0:LIVING,8C09F413-E938-4F2E-A414-84F0E7FCFE41,M0,N0,T2,Tumor Free,14.49847125,0:CENSORED,Yes,No,Black or African American,No,22,1,Female,BRCA_Basal,30,,,,,,,,,,,,,,,,,,,,
TCGA-A7-A4SE,brca_tcga_pan_can_atlas_2018,54,STAGE IIA,7TH,21,BRCA,644,-20080,0,21.17237071,0:DiseaseFree,21.17237071,0:ALIVE OR DEAD TUMOR FREE,Not Hispanic Or Latino,2/22/13,AFR,No,C50.9,8500/3,C50.9,Yes,Yes,No,21.17237071,0:LIVING,DBF6F981-15CC-40AD-91AC-A66360405FBD,M0,N0,T2,Tumor Free,21.17237071,0:CENSORED,Yes,No,Black or African American,No,20,1,Female,BRCA_Basal,26,,,,,,,,,,,,,,,,,,,,
TCGA-A7-A4SF,brca_tcga_pan_can_atlas_2018,54,STAGE IIA,7TH,-5,BRCA,545,-19985,0,,,17.91761186,0:ALIVE OR DEAD TUMOR FREE,Not Hispanic Or Latino,2/25/13,AFR,No,C50.9,8500/3,C50.9,Yes,No,No,17.91761186,0:LIVING,D81594D9-DD6A-45C3-8BAD-61960611D78D,M0,N0,T2,Tumor Free,17.91761186,0:CENSORED,Yes,No,Black or African American,Yes,14,1,Female,,6,,,,,,,,,,,,,,,,,,,,
TCGA-A7-A56D,brca_tcga_pan_can_atlas_2018,84,STAGE IIA,7TH,21,BRCA,448,-30783,0,14.72860571,0:DiseaseFree,14.72860571,0:ALIVE OR DEAD TUMOR FREE,Not Hispanic Or Latino,4/1/13,AFR,No,C50.9,8500/3,C50.9,Yes,Yes,No,14.72860571,0:LIVING,F062CBD0-2426-40AC-A4BE-E74AC61FA2A7,M0,N0,T2,Tumor Free,14.72860571,0:CENSORED,Yes,No,Black or African American,No,-2,1,Female,BRCA_LumA,30,,,,,,,,,,,,,,,,,,,,
TCGA-A7-A5ZV,brca_tcga_pan_can_atlas_2018,62,STAGE IIA,7TH,29,BRCA,368,-22966,0,12.09849755,0:DiseaseFree,12.09849755,0:ALIVE OR DEAD TUMOR FREE,Not Hispanic Or Latino,5/14/13,AFR,No,C50.9,8010/3,C50.9,Yes,Yes,No,12.09849755,0:LIVING,0EC70E40-07DF-461D-8FF9-351240A0D454,M0,N0,T2,Tumor Free,12.09849755,0:CENSORED,Yes,No,Black or African American,Yes,18,1,Female,BRCA_Basal,16,,,,,,,,,,,,,,,,,,,,
TCGA-A7-A5ZW,brca_tcga_pan_can_atlas_2018,47,STAGE IIA,7TH,-31,BRCA,326,-17529,0,10.71769077,0:DiseaseFree,10.71769077,0:ALIVE OR DEAD TUMOR FREE,Not Hispanic Or Latino,5/13/13,AFR_ADMIX,No,C50.9,8500/3,C50.9,Yes,Yes,No,10.71769077,0:LIVING,523E24A2-51B9-4658-BE2F-42E5FCCEBB17,M0,N1A,T1C,Tumor Free,10.71769077,0:CENSORED,Yes,No,Black or African American,Yes,-14,1,Female,BRCA_LumA,-28,,,,,,,,,,,,,,,,,,,,
TCGA-A7-A5ZX,brca_tcga_pan_can_atlas_2018,48,STAGE IIIC,7TH,-35,BRCA,336,-17683,0,,,11.04645429,0:ALIVE OR DEAD TUMOR FREE,Not Hispanic Or Latino,5/13/13,EUR,No,C50.9,8520/3,C50.9,Yes,Yes,No,11.04645429,0:LIVING,BA80DB4E-D899-4DA4-AE49-5263D98E1530,M0,N3A,T2,Tumor Free,11.04645429,0:CENSORED,Yes,Yes,White,Yes,-16,1,Female,BRCA_LumA,-32,,,,,,,,,,,,,,,,,,,,
TCGA-A7-A6VV,brca_tcga_pan_can_atlas_2018,51,STAGE IIA,7TH,33,BRCA,313,-18695,0,10.29029819,0:DiseaseFree,10.29029819,0:ALIVE OR DEAD TUMOR FREE,Not Hispanic Or Latino,10/22/13,AFR,No,C50.9,8500/3,C50.9,Yes,Yes,No,10.29029819,0:LIVING,57AF5C72-0D60-4A6B-B1B4-EC6DAB90F80F,M0,N0,T2,Tumor Free,10.29029819,0:CENSORED,Yes,No,Black or African American,No,22,1,Female,BRCA_Basal,36,,,,,,,,,,,,,,,,,,,,
TCGA-A7-A6VW,brca_tcga_pan_can_atlas_2018,48,STAGE IIA,7TH,35,BRCA,285,-17539,0,,,9.369760331,0:ALIVE OR DEAD TUMOR FREE,Not Hispanic Or Latino,10/29/13,AFR_ADMIX,No,C50.9,8500/3,C50.9,Yes,Yes,No,9.369760331,0:LIVING,98E709E7-E195-4B37-9537-F6081AFFB609,M0,N0,T2,Tumor Free,9.369760331,0:CENSORED,Yes,No,Black or African American,Yes,14,1,Female,BRCA_Basal,20,,,,,,,,,,,,,,,,,,,,
TCGA-A7-A6VX,brca_tcga_pan_can_atlas_2018,68,STAGE IIA,7TH,-11,BRCA,317,-25066,0,10.4218036,0:DiseaseFree,10.4218036,0:ALIVE OR DEAD TUMOR FREE,Not Hispanic Or Latino,10/29/13,AFR,No,C50.9,8500/3,C50.9,Yes,Yes,No,10.4218036,0:LIVING,7EEA2B6E-771F-44C0-9350-38F45C8DBE87,M0,N0,T2,Tumor Free,10.4218036,0:CENSORED,Yes,No,Black or African American,Yes,2,1,Female,BRCA_LumB,-6,,,,,,,,,,,,,,,,,,,,
TCGA-A7-A6VY,brca_tcga_pan_can_atlas_2018,48,STAGE IIB,7TH,43,BRCA,266,-17640,0,8.745109643,0:DiseaseFree,8.745109643,0:ALIVE OR DEAD TUMOR FREE,Not Hispanic Or Latino,10/25/13,AFR_ADMIX,No,C50.9,8500/3,C50.9,Yes,Yes,No,8.745109643,0:LIVING,E8EA576B-EB16-44F7-B241-DAEFC1375388,M0,N1,T2,Tumor Free,8.745109643,0:CENSORED,Yes,No,Black or African American,Yes,22,1,Female,BRCA_Basal,42,,,,,,,,,,,,,,,,,,,,
TCGA-A8-A06N,brca_tcga_pan_can_atlas_2018,66,STAGE IIIB,6TH,-23,BRCA,0,-24288,0,0,0:DiseaseFree,0,0:ALIVE OR DEAD TUMOR FREE,,5/27/11,EUR,No,C50.9,8500/3,C50.9,Yes,Yes,,0,0:LIVING,3a711140-1b89-4611-9992-3861e3d0e01a,M0,N0,T4B,Tumor Free,0,0:CENSORED,,No,,,-2,1,Female,BRCA_LumB,-40,,,,,,,,,,,,,,,,,,,,
TCGA-A8-A06O,brca_tcga_pan_can_atlas_2018,60,STAGE I,6TH,-5,BRCA,396,-22157,0,13.01903541,0:DiseaseFree,13.01903541,0:ALIVE OR DEAD TUMOR FREE,,5/27/11,EUR,No,C50.9,8500/3,C50.9,Yes,Yes,No,13.01903541,0:LIVING,69054195-9e93-49e5-b820-69b0091cc2d4,M0,N0,T1C,Tumor Free,13.01903541,0:CENSORED,,No,,No,16,1,Female,BRCA_LumB,-4,,,,,,,,,,,,,,,,,,,,
TCGA-A8-A06P,brca_tcga_pan_can_atlas_2018,63,STAGE IIIA,6TH,-19,BRCA,396,-23011,0,13.01903541,0:DiseaseFree,13.01903541,0:ALIVE OR DEAD TUMOR FREE,,5/27/11,EUR,No,C50.9,8500/3,C50.9,Yes,Yes,,13.01903541,0:LIVING,5f90d955-bbb0-4b44-a5ac-ba6fda9ca0fb,M0,N2A,T1C,Tumor Free,13.01903541,0:CENSORED,,No,,Yes,-16,1,Female,BRCA_LumA,-18,,,,,,,,,,,,,,,,,,,,
TCGA-A8-A06Q,brca_tcga_pan_can_atlas_2018,63,STAGE IIIA,5TH,11,BRCA,31,-23164,0,1.019166913,0:DiseaseFree,1.019166913,0:ALIVE OR DEAD TUMOR FREE,,5/27/11,EUR,No,C50.9,8500/3,C50.9,Yes,Yes,,1.019166913,0:LIVING,281f70c5-876f-44b3-84fb-f2302f85e74c,M0,N2,T3,Tumor Free,1.019166913,0:CENSORED,,No,,,18,1,Female,BRCA_LumB,-10,,,,,,,,,,,,,,,,,,,,
TCGA-A8-A06R,brca_tcga_pan_can_atlas_2018,69,STAGE IIB,5TH,25,BRCA,547,-25477,0,17.98336457,0:DiseaseFree,17.98336457,0:ALIVE OR DEAD TUMOR FREE,,5/27/11,EUR,No,C50.9,8500/3,C50.9,Yes,Yes,No,17.98336457,0:LIVING,f3ba71f9-25f3-4784-bf2d-3aa522a0cba8,M0,N1A,T2,Tumor Free,17.98336457,0:CENSORED,,No,,Yes,6,1,Female,BRCA_LumB,16,,,,,,,,,,,,,,,,,,,,
TCGA-A8-A06T,brca_tcga_pan_can_atlas_2018,75,STAGE IIIA,6TH,-17,BRCA,1614,-27393,0,53.06243219,0:DiseaseFree,53.06243219,0:ALIVE OR DEAD TUMOR FREE,,5/27/11,EUR,No,C50.9,8500/3,C50.9,Yes,Yes,,53.06243219,0:LIVING,2c04a2f5-321e-4dea-8e00-268325da65cb,M0,N1A,T3,Tumor Free,53.06243219,0:CENSORED,,Yes,,No,-8,1,Female,BRCA_LumA,-20,,,,,,,,,,,,,,,,,,,,
TCGA-A8-A06U,brca_tcga_pan_can_atlas_2018,80,STAGE IIB,6TH,-13,BRCA,,-29525,0,29.02981885,0:DiseaseFree,29.02981885,0:ALIVE OR DEAD TUMOR FREE,,5/27/11,EUR,No,C50.9,8500/3,C50.9,Yes,Yes,,29.02981885,1:DECEASED,6bc4c56d-aac5-49a2-9913-9538d06d898f,M0,N1A,T2,Tumor Free,29.02981885,0:CENSORED,,Yes,,No,4,1,Female,BRCA_LumA,-10,,,,,,,,,,,,,,,,,,,,
TCGA-A8-A06X,brca_tcga_pan_can_atlas_2018,77,STAGE IIB,6TH,-3,BRCA,,-28338,0,31.00239997,0:DiseaseFree,31.00239997,0:ALIVE OR DEAD TUMOR FREE,,5/27/11,EUR,No,C50.9,8500/3,C50.9,Yes,Yes,,31.00239997,1:DECEASED,70931617-b3df-4a12-8e3f-2b2307602f48,M0,N0,T3,Tumor Free,31.00239997,0:CENSORED,,No,,Yes,10,1,Female,BRCA_LumB,-14,,,,,,,,,,,,,,,,,,,,
TCGA-A8-A06Y,brca_tcga_pan_can_atlas_2018,66,STAGE IIA,6TH,-25,BRCA,791,-24442,0,26.00519446,1:Recurred/Progressed,26.00519446,0:ALIVE OR DEAD TUMOR FREE,,5/27/11,EUR,No,C50.9,8500/3,C50.9,Yes,Yes,Yes,26.00519446,0:LIVING,515b1400-e896-4f2a-81bd-70895441a0bd,M0,N0,T2,Tumor Free,26.00519446,1:PROGRESSION,,No,,Yes,-14,1,Female,BRCA_LumA,-8,,,,,,,,,,,,,,,,,,,,
TCGA-A8-A06Z,brca_tcga_pan_can_atlas_2018,84,STAGE IIB,6TH,9,BRCA,31,-30984,0,,,1.019166913,0:ALIVE OR DEAD TUMOR FREE,,5/27/11,EUR,No,C50.9,8500/3,C50.9,Yes,Yes,,1.019166913,0:LIVING,2399caeb-ead2-4003-af38-809db4ac2e2b,M0,N0,T3,,1.019166913,0:CENSORED,,No,,,0,1,Female,BRCA_LumB,-18,,,,,,,,,,,,,,,,,,,,
TCGA-A8-A075,brca_tcga_pan_can_atlas_2018,42,STAGE IIB,6TH,13,BRCA,518,-15369,0,17.02995036,0:DiseaseFree,17.02995036,0:ALIVE OR DEAD TUMOR FREE,,5/27/11,EUR,No,C50.9,8500/3,C50.9,Yes,Yes,No,17.02995036,0:LIVING,7861a5f2-8910-4bcb-9c34-f79c5acd6e21,M0,N1A,T2,Tumor Free,17.02995036,0:CENSORED,,No,,Yes,24,1,Female,BRCA_LumB,18,,,,,,,,,,,,,,,,,,,,
TCGA-A8-A076,brca_tcga_pan_can_atlas_2018,66,STAGE IIA,5TH,3,BRCA,1642,-24230,0,53.98297005,0:DiseaseFree,53.98297005,0:ALIVE OR DEAD TUMOR FREE,,5/27/11,EUR,No,C50.9,8500/3,C50.9,Yes,Yes,No,53.98297005,0:LIVING,23dabeef-8e3c-44bc-9a12-a9522d17be5c,M0,N0,T2,Tumor Free,53.98297005,0:CENSORED,,No,,No,14,1,Female,BRCA_LumB,20,,,,,,,,,,,,,,,,,,,,
TCGA-A8-A079,brca_tcga_pan_can_atlas_2018,69,STAGE IIIB,5TH,1,BRCA,274,-25294,0,9.008120459,0:DiseaseFree,9.008120459,0:ALIVE OR DEAD TUMOR FREE,,5/27/11,EUR,No,C50.9,8500/3,C50.9,Yes,Yes,,9.008120459,0:LIVING,31c31cce-1b4d-4f12-922f-84f389403170,M0,N3,T4B,Tumor Free,9.008120459,0:CENSORED,,No,,Yes,16,1,Female,BRCA_LumB,2,,,,,,,,,,,,,,,,,,,,
TCGA-A8-A07B,brca_tcga_pan_can_atlas_2018,69,STAGE IIA,6TH,-5,BRCA,1308,-25475,0,43.00226847,0:DiseaseFree,43.00226847,0:ALIVE OR DEAD TUMOR FREE,,5/27/11,EUR,No,C50.9,8500/3,C50.9,Yes,Yes,,43.00226847,0:LIVING,b43e41af-1d82-4b5f-b8f1-add0510e6b86,M0,N0,T2,Tumor Free,43.00226847,0:CENSORED,,No,,No,6,1,Female,BRCA_LumA,-22,,,,,,,,,,,,,,,,,,,,
TCGA-A8-A07C,brca_tcga_pan_can_atlas_2018,57,STAGE IIA,6TH,1,BRCA,1034,-20820,0,33.99414801,0:DiseaseFree,33.99414801,0:ALIVE OR DEAD TUMOR FREE,,5/27/11,EUR,No,C50.9,8500/3,C50.9,Yes,No,No,33.99414801,0:LIVING,b6633c36-7ce4-4b69-9bf6-30b64d46c66f,M0,N0,T2,Tumor Free,33.99414801,0:CENSORED,,No,,Yes,8,1,Female,,-16,,,,,,,,,,,,,,,,,,,,
TCGA-A8-A07E,brca_tcga_pan_can_atlas_2018,81,STAGE X,6TH,-9,BRCA,608,-29800,0,19.98882204,0:DiseaseFree,19.98882204,0:ALIVE OR DEAD TUMOR FREE,,5/27/11,EUR,No,C50.9,8500/3,C50.9,Yes,Yes,No,19.98882204,0:LIVING,853456d8-2367-404e-abc9-020fe8bbd209,MX,N3A,T4B,Tumor Free,19.98882204,0:CENSORED,,Yes,,No,14,1,Female,BRCA_LumA,-8,,,,,,,,,,,,,,,,,,,,
TCGA-A8-A07F,brca_tcga_pan_can_atlas_2018,65,STAGE IIB,6TH,-29,BRCA,577,-23742,0,18.96965513,0:DiseaseFree,18.96965513,0:ALIVE OR DEAD TUMOR FREE,,5/27/11,EUR,No,C50.9,8500/3,C50.9,Yes,Yes,No,18.96965513,0:LIVING,5d688049-f271-40ef-813a-d37240ffe21c,M0,N1A,T2,Tumor Free,18.96965513,0:CENSORED,,No,,Yes,-4,1,Female,BRCA_LumA,-24,,,,,,,,,,,,,,,,,,,,
TCGA-A8-A07G,brca_tcga_pan_can_atlas_2018,65,STAGE IIA,6TH,-11,BRCA,577,-23926,0,18.96965513,0:DiseaseFree,18.96965513,0:ALIVE OR DEAD TUMOR FREE,,5/27/11,EUR,No,C50.9,8500/3,C50.9,Yes,Yes,No,18.96965513,0:LIVING,8cf8b620-7ab6-4b6e-84bc-ff5a83f381fa,M0,N1A,T1C,Tumor Free,18.96965513,0:CENSORED,,No,,Yes,-4,1,Female,BRCA_LumA,-12,,,,,,,,,,,,,,,,,,,,
TCGA-A8-A07I,brca_tcga_pan_can_atlas_2018,69,STAGE IIIA,6TH,-23,BRCA,426,-25263,0,14.00532597,0:DiseaseFree,14.00532597,0:ALIVE OR DEAD TUMOR FREE,,5/27/11,EUR,No,C50.9,8500/3,C50.9,Yes,Yes,No,14.00532597,0:LIVING,566792ae-f853-4a47-856d-f02cdcfcb18a,M0,N2A,T2,Tumor Free,14.00532597,0:CENSORED,,No,,Yes,8,1,Female,BRCA_Her2,-30,,,,,,,,,,,,,,,,,,,,
TCGA-A8-A07J,brca_tcga_pan_can_atlas_2018,35,STAGE IIB,6TH,-43,BRCA,365,-12965,0,11.9998685,0:DiseaseFree,11.9998685,0:ALIVE OR DEAD TUMOR FREE,,5/27/11,EUR,No,C50.9,8500/3,C50.9,Yes,Yes,No,11.9998685,0:LIVING,316625b8-a217-4829-90d1-dfd9cb7e4bc3,M0,N1A,T2,Tumor Free,11.9998685,0:CENSORED,,No,,Yes,-20,1,Female,BRCA_LumA,-48,,,,,,,,,,,,,,,,,,,,
TCGA-A8-A07L,brca_tcga_pan_can_atlas_2018,58,STAGE IIIA,6TH,1,BRCA,975,-21428,0,32.05444324,0:DiseaseFree,32.05444324,0:ALIVE OR DEAD TUMOR FREE,,5/27/11,EUR,No,C50.9,8500/3,C50.9,Yes,Yes,No,32.05444324,0:LIVING,e89a9deb-6321-4e61-b412-b4993d4277dd,M0,N1A,T3,Tumor Free,32.05444324,0:CENSORED,,No,,Yes,6,1,Female,BRCA_LumB,12,,,,,,,,,,,,,,,,,,,,
TCGA-A8-A07O,brca_tcga_pan_can_atlas_2018,51,STAGE IIA,6TH,27,BRCA,304,-18870,0,9.99441102,0:DiseaseFree,9.99441102,0:ALIVE OR DEAD TUMOR FREE,,5/27/11,EUR,No,C50.9,8500/3,C50.9,Yes,Yes,No,9.99441102,0:LIVING,cf9db1af-17f0-490e-8139-142bd704763a,M0,N0,T2,Tumor Free,9.99441102,0:CENSORED,,No,,Yes,16,1,Female,BRCA_Basal,14,,,,,,,,,,,,,,,,,,,,
TCGA-A8-A07P,brca_tcga_pan_can_atlas_2018,68,STAGE IIB,6TH,-5,BRCA,334,-24929,0,10.98070158,0:DiseaseFree,10.98070158,0:ALIVE OR DEAD TUMOR FREE,,5/27/11,EUR,No,C50.9,8500/3,C50.9,Yes,Yes,,10.98070158,0:LIVING,8cccf160-93e9-48a5-9b8b-54aa50153142,M0,N1,T2,Tumor Free,10.98070158,0:CENSORED,,No,,Yes,-2,1,Female,BRCA_LumA,-6,,,,,,,,,,,,,,,,,,,,
TCGA-A8-A07R,brca_tcga_pan_can_atlas_2018,80,STAGE IIIC,6TH,35,BRCA,273,-29251,0,,,8.975244107,0:ALIVE OR DEAD TUMOR FREE,,5/27/11,EUR,No,C50.9,8500/3,C50.9,Yes,No,,8.975244107,0:LIVING,72e486b8-a866-4916-b2e4-8b4bb5dcd92d,M0,N3A,T2,,8.975244107,0:CENSORED,,No,,,14,1,Female,,34,,,,,,,,,,,,,,,,,,,,
TCGA-A8-A07S,brca_tcga_pan_can_atlas_2018,73,STAGE IIA,6TH,-25,BRCA,243,-26998,0,,,7.988953546,0:ALIVE OR DEAD TUMOR FREE,,5/27/11,,No,C50.9,8522/3,C50.9,Yes,No,No,7.988953546,0:LIVING,a20fa2c4-a502-47e3-bfaa-2ec4cce3a859,M0,N0,T2,With Tumor,7.988953546,0:CENSORED,,No,,Yes,0,1,Female,,-26,,,,,,,,,,,,,,,,,,,,
TCGA-A8-A07U,brca_tcga_pan_can_atlas_2018,66,STAGE IIIA,6TH,11,BRCA,760,-24411,0,24.98602755,0:DiseaseFree,24.98602755,0:ALIVE OR DEAD TUMOR FREE,,5/27/11,EUR,No,C50.9,8500/3,C50.9,Yes,Yes,No,24.98602755,0:LIVING,59bf0ce4-715a-4017-bccb-c59916e78324,M0,N2A,T2,Tumor Free,24.98602755,0:CENSORED,,No,,Yes,16,1,Female,BRCA_Basal,-10,,,,,,,,,,,,,,,,,,,,
TCGA-A8-A07W,brca_tcga_pan_can_atlas_2018,76,STAGE IV,6TH,5,BRCA,304,-27942,0,,,9.99441102,0:ALIVE OR DEAD TUMOR FREE,,5/25/11,EUR,No,C50.9,8500/3,C50.9,Yes,Yes,,9.99441102,0:LIVING,01263518-5f7c-49dc-8d7e-84b0c03a6a63,M1,NX,T2,With Tumor,9.99441102,0:CENSORED,,No,,No,18,1,Female,BRCA_LumB,4,,,,,,,,,,,,,,,,,,,,
TCGA-A8-A07Z,brca_tcga_pan_can_atlas_2018,85,STAGE IIA,6TH,-11,BRCA,1371,-31351,0,45.07347865,0:DiseaseFree,45.07347865,0:ALIVE OR DEAD TUMOR FREE,,5/27/11,EUR,No,C50.9,8500/3,C50.9,Yes,Yes,No,45.07347865,0:LIVING,a272171b-44f5-47a5-89be-7520413c01ad,M0,N0,T2,Tumor Free,45.07347865,0:CENSORED,,No,,No,6,1,Female,BRCA_LumA,-4,,,,,,,,,,,,,,,,,,,,
TCGA-A8-A081,brca_tcga_pan_can_atlas_2018,80,STAGE IIA,6TH,-9,BRCA,0,-29555,0,0,0:DiseaseFree,0,0:ALIVE OR DEAD TUMOR FREE,,5/27/11,EUR,No,C50.9,8500/3,C50.9,Yes,Yes,,0,0:LIVING,9d876f05-5080-4c4e-9bf5-45f631d381e5,M0,N0,T2,Tumor Free,0,0:CENSORED,,No,,,20,1,Female,BRCA_LumB,-16,,,,,,,,,,,,,,,,,,,,
TCGA-A8-A082,brca_tcga_pan_can_atlas_2018,58,STAGE IIB,6TH,-7,BRCA,-31,-21338,0,18.04911727,0:DiseaseFree,18.04911727,0:ALIVE OR DEAD TUMOR FREE,,5/27/11,EUR,No,C50.9,8500/3,C50.9,Yes,Yes,No,18.04911727,0:LIVING,5e4187c9-98f8-4bdb-a8da-6a914e96f47a,M0,N1A,T2,Tumor Free,18.04911727,0:CENSORED,,No,,No,12,1,Female,BRCA_LumB,-16,,,,,,,,,,,,,,,,,,,,
TCGA-A8-A083,brca_tcga_pan_can_atlas_2018,67,STAGE IIB,6TH,-35,BRCA,0,-24746,0,0,0:DiseaseFree,0,0:ALIVE OR DEAD TUMOR FREE,,5/27/11,EUR,No,C50.9,8500/3,C50.9,Yes,Yes,,0,0:LIVING,afb9418e-91eb-4db1-aacf-12bd946c9ba0,M0,N0,T3,Tumor Free,0,0:CENSORED,,No,,,-22,1,Female,BRCA_LumA,-42,,,,,,,,,,,,,,,,,,,,
TCGA-A8-A085,brca_tcga_pan_can_atlas_2018,44,STAGE IIB,6TH,-15,BRCA,1124,-16377,0,36.95301969,0:DiseaseFree,36.95301969,0:ALIVE OR DEAD TUMOR FREE,,5/27/11,EUR,No,C50.9,8500/3,C50.9,Yes,No,No,36.95301969,0:LIVING,3c08aabd-d5b5-4bbe-857c-38a7527b2163,M0,N1A,T2,Tumor Free,36.95301969,0:CENSORED,,No,,No,2,1,Male,,-18,,,,,,,,,,,,,,,,,,,,
TCGA-A8-A086,brca_tcga_pan_can_atlas_2018,59,STAGE IIA,6TH,-9,BRCA,396,-21731,0,13.01903541,0:DiseaseFree,13.01903541,0:ALIVE OR DEAD TUMOR FREE,,5/27/11,EUR,No,C50.9,8500/3,C50.9,Yes,Yes,No,13.01903541,0:LIVING,f9eb88f7-9293-46bf-ace4-a746e4ff80dc,M0,N1A,T1C,Tumor Free,13.01903541,0:CENSORED,,No,,Yes,6,1,Female,BRCA_LumA,2,,,,,,,,,,,,,,,,,,,,
TCGA-A8-A08A,brca_tcga_pan_can_atlas_2018,89,STAGE I,5TH,-41,BRCA,30,-32750,0,0.986290561,0:DiseaseFree,0.986290561,0:ALIVE OR DEAD TUMOR FREE,,5/27/11,EUR,No,C50.9,8500/3,C50.9,Yes,Yes,,0.986290561,0:LIVING,7fe4670d-4626-459d-869b-ab15f478c6a7,M0,N0,T1C,Tumor Free,0.986290561,0:CENSORED,,No,,,-14,1,Female,BRCA_LumA,-20,,,,,,,,,,,,,,,,,,,,
TCGA-A8-A08B,brca_tcga_pan_can_atlas_2018,52,STAGE IIA,6TH,5,BRCA,1156,-19114,0,38.00506296,0:DiseaseFree,38.00506296,0:ALIVE OR DEAD TUMOR FREE,,5/27/11,EUR,No,C50.9,8500/3,C50.9,Yes,Yes,No,38.00506296,0:LIVING,d8d7a6c2-6427-4f47-968c-6c3affba4617,M0,N0,T2,Tumor Free,38.00506296,0:CENSORED,,No,,Yes,24,1,Female,BRCA_Her2,-4,,,,,,,,,,,,,,,,,,,,
TCGA-A8-A08C,brca_tcga_pan_can_atlas_2018,65,STAGE IIA,6TH,-35,BRCA,881,-24017,0,28.96406615,0:DiseaseFree,28.96406615,0:ALIVE OR DEAD TUMOR FREE,,5/27/11,EUR,No,C50.9,8500/3,C50.9,Yes,No,No,28.96406615,0:LIVING,78e1da41-127c-4e9c-aaaa-77a0d94c31d0,M0,N0,T2,Tumor Free,28.96406615,0:CENSORED,,No,,Yes,-16,1,Female,,-40,,,,,,,,,,,,,,,,,,,,
TCGA-A8-A08G,brca_tcga_pan_can_atlas_2018,41,STAGE IIA,6TH,-9,BRCA,607,-14976,0,19.95594569,0:DiseaseFree,19.95594569,0:ALIVE OR DEAD TUMOR FREE,,5/27/11,EUR,No,C50.9,8500/3,C50.9,Yes,Yes,No,19.95594569,0:LIVING,719082cc-1ebe-4a51-a659-85a59db1d77d,M0,N0,T2,Tumor Free,19.95594569,0:CENSORED,,No,,Yes,10,1,Female,BRCA_LumB,2,,,,,,,,,,,,,,,,,,,,
TCGA-A8-A08H,brca_tcga_pan_can_atlas_2018,66,STAGE IIA,6TH,-3,BRCA,0,-24137,0,0,0:DiseaseFree,0,0:ALIVE OR DEAD TUMOR FREE,,5/27/11,EUR,No,C50.9,8500/3,C50.9,Yes,Yes,,0,0:LIVING,db8d38ab-cc61-49ee-863d-40060112f2af,M0,N0,T2,Tumor Free,0,0:CENSORED,,No,,,12,1,Female,BRCA_Normal,-16,,,,,,,,,,,,,,,,,,,,
TCGA-A8-A08I,brca_tcga_pan_can_atlas_2018,53,STAGE IIA,6TH,-7,BRCA,365,-19389,0,11.9998685,0:DiseaseFree,11.9998685,0:ALIVE OR DEAD TUMOR FREE,,5/27/11,EUR,No,C50.9,8500/3,C50.9,Yes,Yes,No,11.9998685,0:LIVING,7acf33e7-c386-45fd-8c9a-469600378687,M0,N0,T2,Tumor Free,11.9998685,0:CENSORED,,No,,Yes,8,1,Female,BRCA_LumB,-26,,,,,,,,,,,,,,,,,,,,
TCGA-A8-A08J,brca_tcga_pan_can_atlas_2018,52,STAGE IV,6TH,11,BRCA,,-19266,0,,,37.05164875,1:DEAD WITH TUMOR,,5/27/11,EUR,No,C50.9,8541/3,C50.9,Yes,Yes,,37.05164875,1:DECEASED,68177e92-4784-45d9-af14-4ce0c00eae74,M1,N3,T4B,With Tumor,37.05164875,1:PROGRESSION,,No,,No,12,1,Female,BRCA_Her2,8,,,,,,,,,,,,,,,,,,,,
TCGA-A8-A08L,brca_tcga_pan_can_atlas_2018,89,STAGE IIIA,6TH,5,BRCA,,-32842,0,9.99441102,0:DiseaseFree,9.99441102,0:ALIVE OR DEAD TUMOR FREE,,5/27/11,EUR,No,C50.9,8500/3,C50.9,Yes,Yes,,9.99441102,1:DECEASED,8bd68696-5eeb-46d7-9dc6-c39c849029a4,M0,N2A,T3,Tumor Free,9.99441102,0:CENSORED,,No,,Yes,16,1,Female,BRCA_Her2,-14,,,,,,,,,,,,,,,,,,,,
TCGA-A8-A08O,brca_tcga_pan_can_atlas_2018,45,STAGE IV,6TH,-27,BRCA,943,-16681,0,,,31.00239997,0:ALIVE OR DEAD TUMOR FREE,,5/27/11,EUR,No,C50.9,8500/3,C50.9,Yes,Yes,Yes,31.00239997,0:LIVING,5f5964a8-8e07-4620-98f0-93d162dbc31e,M1,N3A,T2,With Tumor,25.05178025,1:PROGRESSION,,No,,No,0,1,Female,BRCA_LumA,-22,,,,,,,,,,,,,,,,,,,,
TCGA-A8-A08P,brca_tcga_pan_can_atlas_2018,70,STAGE IIIA,6TH,3,BRCA,943,-25598,0,31.00239997,0:DiseaseFree,31.00239997,0:ALIVE OR DEAD TUMOR FREE,,5/27/11,EUR,No,C50.9,8500/3,C50.9,Yes,Yes,No,31.00239997,0:LIVING,f947d67f-4aa2-4eb9-977e-21a5ae563613,M0,N2A,T2,Tumor Free,31.00239997,0:CENSORED,,No,,Yes,18,1,Female,BRCA_LumB,-12,,,,,,,,,,,,,,,,,,,,
TCGA-A8-A08R,brca_tcga_pan_can_atlas_2018,52,STAGE IIB,6TH,5,BRCA,30,-19298,0,0.986290561,0:DiseaseFree,0.986290561,0:ALIVE OR DEAD TUMOR FREE,,5/27/11,,No,C50.9,8500/3,C50.9,Yes,Yes,,0.986290561,0:LIVING,6412854a-f874-469e-9d1f-8bd3ae5bd41d,M0,N1A,T2,Tumor Free,0.986290561,0:CENSORED,,No,,,18,1,Female,BRCA_Basal,8,,,,,,,,,,,,,,,,,,,,
TCGA-A8-A08T,brca_tcga_pan_can_atlas_2018,64,STAGE IV,6TH,-17,BRCA,2830,-23560,0,,,112.0754841,1:DEAD WITH TUMOR,,5/27/11,EUR,No,C50.9,8500/3,C50.9,Yes,Yes,Yes,112.0754841,1:DECEASED,32bc7cc4-d185-4594-bbee-4b96410be512,M1,N1A,T2,With Tumor,84.06483217,1:PROGRESSION,,No,,No,-6,1,Female,BRCA_LumA,-28,,,,,,,,,,,,,,,,,,,,
TCGA-A8-A08X,brca_tcga_pan_can_atlas_2018,43,STAGE IIIC,6TH,9,BRCA,1308,-15705,0,12.03274485,1:Recurred/Progressed,43.00226847,0:ALIVE OR DEAD TUMOR FREE,,5/27/11,EUR,No,C50.9,8500/3,C50.9,Yes,Yes,Yes,43.00226847,0:LIVING,f5539207-6534-4edc-a5a5-7666b5d16ba4,M0,N3A,T4D,Tumor Free,12.03274485,1:PROGRESSION,,No,,Yes,16,1,Female,BRCA_Her2,0,,,,,,,,,,,,,,,,,,,,
TCGA-A8-A08Z,brca_tcga_pan_can_atlas_2018,76,STAGE IIIB,6TH,-23,BRCA,1217,-28003,0,40.01052043,0:DiseaseFree,40.01052043,0:ALIVE OR DEAD TUMOR FREE,,5/27/11,EUR,No,C50.9,8500/3,C50.9,Yes,Yes,,40.01052043,0:LIVING,d7808cbc-4b8c-467b-b2c3-f48d05b9ecab,M0,N3A,T4B,Tumor Free,40.01052043,0:CENSORED,,No,,,0,1,Female,BRCA_LumA,-10,,,,,,,,,,,,,,,,,,,,
TCGA-A8-A090,brca_tcga_pan_can_atlas_2018,74,STAGE IIA,6TH,-27,BRCA,0,-27121,0,0,0:DiseaseFree,0,0:ALIVE OR DEAD TUMOR FREE,,5/27/11,EUR,No,C50.9,8500/3,C50.9,Yes,Yes,,0,0:LIVING,f4b69043-4a67-48e3-a4d1-72a21ae2d175,M0,N0,T2,Tumor Free,0,0:CENSORED,,No,,,12,1,Female,BRCA_LumA,-24,,,,,,,,,,,,,,,,,,,,
TCGA-A8-A091,brca_tcga_pan_can_atlas_2018,61,STAGE IIA,6TH,-27,BRCA,1004,-22554,0,7.988953546,1:Recurred/Progressed,33.00785745,0:ALIVE OR DEAD TUMOR FREE,,5/27/11,EUR,No,C50.9,8500/3,C50.9,Yes,Yes,Yes,33.00785745,0:LIVING,f39edd06-1016-4e8e-a42e-12f7e699ddc5,M0,N0,T2,Tumor Free,7.988953546,1:PROGRESSION,,Yes,,Yes,-10,1,Female,BRCA_LumA,-24,,,,,,,,,,,,,,,,,,,,
TCGA-A8-A092,brca_tcga_pan_can_atlas_2018,48,STAGE IIIA,6TH,-5,BRCA,942,-17807,0,30.96952362,0:DiseaseFree,30.96952362,0:ALIVE OR DEAD TUMOR FREE,,5/27/11,EUR,No,C50.9,8500/3,C50.9,Yes,Yes,No,30.96952362,0:LIVING,38a8b734-9acc-42f9-b5b7-e51b0dfc6504,M0,N2A,T2,Tumor Free,30.96952362,0:CENSORED,,No,,Yes,18,1,Female,BRCA_LumB,-2,,,,,,,,,,,,,,,,,,,,
TCGA-A8-A093,brca_tcga_pan_can_atlas_2018,61,STAGE IIA,6TH,-35,BRCA,546,-22373,0,17.95048821,0:DiseaseFree,17.95048821,0:ALIVE OR DEAD TUMOR FREE,,5/27/11,EUR,No,C50.9,8500/3,C50.9,Yes,Yes,No,17.95048821,0:LIVING,02f5ae33-a563-4ecb-9e33-dfa500a44931,M0,N0,T2,Tumor Free,17.95048821,0:CENSORED,,Yes,,Yes,-12,1,Female,BRCA_LumA,-24,,,,,,,,,,,,,,,,,,,,
TCGA-A8-A094,brca_tcga_pan_can_atlas_2018,75,STAGE IIA,6TH,13,BRCA,0,-27729,0,0,0:DiseaseFree,0,0:ALIVE OR DEAD TUMOR FREE,,5/27/11,EUR,No,C50.9,8500/3,C50.9,Yes,Yes,,0,0:LIVING,993103b1-e5a1-4c33-8629-be53ebc41d64,M0,N0,T2,Tumor Free,0,0:CENSORED,,No,,,20,1,Female,BRCA_Her2,0,,,,,,,,,,,,,,,,,,,,
TCGA-A8-A095,brca_tcga_pan_can_atlas_2018,45,STAGE I,6TH,-21,BRCA,1277,-16742,0,41.98310156,0:DiseaseFree,41.98310156,0:ALIVE OR DEAD TUMOR FREE,,5/27/11,EUR,No,C50.9,8500/3,C50.9,Yes,Yes,No,41.98310156,0:LIVING,29df128d-ace2-40cf-88ee-3f6f2170f159,M0,N0,T1C,Tumor Free,41.98310156,0:CENSORED,,No,,Yes,10,1,Female,BRCA_LumB,-10,,,,,,,,,,,,,,,,,,,,
TCGA-A8-A096,brca_tcga_pan_can_atlas_2018,73,STAGE IIA,6TH,-33,BRCA,0,-26723,0,0,0:DiseaseFree,0,0:ALIVE OR DEAD TUMOR FREE,,5/27/11,EUR,No,C50.9,8500/3,C50.9,Yes,Yes,,0,0:LIVING,d7cac141-9269-4733-83ce-e1bc0b503254,M0,N0,T2,Tumor Free,0,0:CENSORED,,No,,,-2,1,Female,BRCA_LumB,-36,,,,,,,,,,,,,,,,,,,,
TCGA-A8-A097,brca_tcga_pan_can_atlas_2018,65,STAGE IIB,6TH,-17,BRCA,365,-23741,0,11.9998685,0:DiseaseFree,11.9998685,0:ALIVE OR DEAD TUMOR FREE,,5/27/11,EUR,No,C50.9,8500/3,C50.9,Yes,Yes,No,11.9998685,0:LIVING,dcfd0b1d-5707-44a6-b225-5e8f7cea5ca1,M0,N1,T2,Tumor Free,11.9998685,0:CENSORED,,No,,Yes,14,1,Female,BRCA_LumA,-8,,,,,,,,,,,,,,,,,,,,
TCGA-A8-A099,brca_tcga_pan_can_atlas_2018,76,STAGE X,6TH,-35,BRCA,304,-28063,0,,,9.99441102,0:ALIVE OR DEAD TUMOR FREE,,5/27/11,EUR,No,C50.9,8500/3,C50.9,Yes,Yes,No,9.99441102,0:LIVING,e98b69bc-766a-485f-b5e8-9166b8d457b3,MX,N3A,T4B,,9.99441102,0:CENSORED,,No,,Yes,-16,1,Female,BRCA_LumA,-36,,,,,,,,,,,,,,,,,,,,
TCGA-A8-A09A,brca_tcga_pan_can_atlas_2018,40,STAGE X,6TH,-27,BRCA,304,-14883,0,,,9.99441102,0:ALIVE OR DEAD TUMOR FREE,,5/27/11,EUR,No,C50.9,8500/3,C50.9,Yes,Yes,,9.99441102,0:LIVING,b205bba0-1870-4458-9088-8817e20389fe,M0,NX,T2,With Tumor,9.99441102,0:CENSORED,,No,,Yes,2,1,Female,BRCA_LumA,-22,,,,,,,,,,,,,,,,,,,,
TCGA-A8-A09B,brca_tcga_pan_can_atlas_2018,58,STAGE IIIB,6TH,-37,BRCA,365,-21520,0,11.9998685,0:DiseaseFree,11.9998685,0:ALIVE OR DEAD TUMOR FREE,,5/27/11,EUR,No,C50.9,8500/3,C50.9,Yes,Yes,,11.9998685,0:LIVING,3828b534-908e-4953-a3fb-07d01cf49c7d,M0,N1A,T4B,Tumor Free,11.9998685,0:CENSORED,,No,,Yes,-6,1,Female,BRCA_LumA,-18,,,,,,,,,,,,,,,,,,,,
TCGA-A8-A09C,brca_tcga_pan_can_atlas_2018,69,STAGE X,6TH,-19,BRCA,31,-25355,0,,,1.019166913,0:ALIVE OR DEAD TUMOR FREE,,5/27/11,EUR,No,C50.9,8500/3,C50.9,Yes,Yes,,1.019166913,0:LIVING,80f3f48a-cc21-415c-b181-c77e7ba1c563,MX,N0,T2,,1.019166913,0:CENSORED,,Yes,,,10,1,Female,BRCA_LumB,-8,,,,,,,,,,,,,,,,,,,,
TCGA-A8-A09D,brca_tcga_pan_can_atlas_2018,47,STAGE IIB,5TH,-13,BRCA,1522,-17440,0,50.03780781,0:DiseaseFree,50.03780781,0:ALIVE OR DEAD TUMOR FREE,,5/27/11,EUR,No,C50.9,8500/3,C50.9,Yes,Yes,No,50.03780781,0:LIVING,36449392-de76-4ee9-bc09-627a07e18727,M0,N1,T2,Tumor Free,50.03780781,0:CENSORED,,No,,Yes,2,1,Female,BRCA_LumA,-18,,,,,,,,,,,,,,,,,,,,
TCGA-A8-A09G,brca_tcga_pan_can_atlas_2018,79,STAGE IIIC,6TH,-11,BRCA,0,-29006,0,0,0:DiseaseFree,0,0:ALIVE OR DEAD TUMOR FREE,,5/27/11,EUR,No,C50.9,8500/3,C50.9,Yes,Yes,,0,0:LIVING,3927f736-3b5c-48c8-9d9e-83669ec44770,M0,N3A,T3,Tumor Free,0,0:CENSORED,,No,,,14,1,Female,BRCA_Her2,-28,,,,,,,,,,,,,,,,,,,,
TCGA-A8-A09I,brca_tcga_pan_can_atlas_2018,84,STAGE IIA,6TH,-3,BRCA,1371,-30711,0,45.07347865,0:DiseaseFree,45.07347865,0:ALIVE OR DEAD TUMOR FREE,,5/27/11,EUR,No,C50.9,8500/3,C50.9,Yes,Yes,No,45.07347865,0:LIVING,1557183c-aedd-4df6-b98a-3654667f7b69,M0,N0,T2,Tumor Free,45.07347865,0:CENSORED,,Yes,,No,18,1,Female,BRCA_LumB,2,,,,,,,,,,,,,,,,,,,,
TCGA-A8-A09M,brca_tcga_pan_can_atlas_2018,75,STAGE IIIC,6TH,-11,BRCA,1006,-27455,0,33.07361015,0:DiseaseFree,33.07361015,0:ALIVE OR DEAD TUMOR FREE,,5/27/11,EUR,No,C50.9,8500/3,C50.9,Yes,Yes,No,33.07361015,0:LIVING,626b4ff0-2188-4a14-aac8-6703c624917f,M0,N3A,T2,Tumor Free,33.07361015,0:CENSORED,,No,,Yes,14,1,Female,BRCA_LumB,-8,,,,,,,,,,,,,,,,,,,,
TCGA-A8-A09N,brca_tcga_pan_can_atlas_2018,57,STAGE IIIC,6TH,-1,BRCA,31,-21002,0,1.019166913,0:DiseaseFree,1.019166913,0:ALIVE OR DEAD TUMOR FREE,,5/27/11,EUR,No,C50.9,8500/3,C50.9,Yes,Yes,,1.019166913,0:LIVING,33919e92-4ea9-47e5-a6f4-36e51845d50f,M0,N3A,T2,Tumor Free,1.019166913,0:CENSORED,,No,,,8,1,Female,BRCA_LumB,-10,,,,,,,,,,,,,,,,,,,,
TCGA-A8-A09Q,brca_tcga_pan_can_atlas_2018,83,STAGE IIIB,6TH,-7,BRCA,761,-30528,0,,,25.0189039,0:ALIVE OR DEAD TUMOR FREE,,5/27/11,EUR,No,C50.9,8500/3,C50.9,Yes,Yes,,25.0189039,0:LIVING,09c2bc35-c21f-4aa4-ac30-0d8db02ad811,M0,N2A,T4B,With Tumor,25.0189039,0:CENSORED,,No,,No,2,1,Female,BRCA_LumB,-18,,,,,,,,,,,,,,,,,,,,
TCGA-A8-A09R,brca_tcga_pan_can_atlas_2018,82,STAGE IIB,6TH,-31,BRCA,273,-30196,0,8.975244107,0:DiseaseFree,8.975244107,0:ALIVE OR DEAD TUMOR FREE,,5/27/11,EUR,No,C50.9,8500/3,C50.9,Yes,Yes,No,8.975244107,0:LIVING,cb0a2055-2168-4454-8755-47dd613db36f,M0,N1,T2,Tumor Free,8.975244107,0:CENSORED,,No,,Yes,2,1,Female,BRCA_LumB,-24,,,,,,,,,,,,,,,,,,,,
TCGA-A8-A09T,brca_tcga_pan_can_atlas_2018,68,STAGE X,6TH,-21,BRCA,579,-25110,0,19.03540783,0:DiseaseFree,19.03540783,0:ALIVE OR DEAD TUMOR FREE,,5/27/11,EUR,No,C50.9,8520/3,C50.9,Yes,Yes,No,19.03540783,0:LIVING,0adf59c6-581a-475d-a2f4-40aa40060b5b,MX,N0,T1C,Tumor Free,19.03540783,0:CENSORED,,No,,Yes,-2,1,Female,BRCA_LumA,-24,,,,,,,,,,,,,,,,,,,,
TCGA-A8-A09V,brca_tcga_pan_can_atlas_2018,51,STAGE IIA,6TH,-33,BRCA,457,-18628,0,15.02449288,0:DiseaseFree,15.02449288,0:ALIVE OR DEAD TUMOR FREE,,5/27/11,EUR,No,C50.9,8520/3,C50.9,Yes,Yes,No,15.02449288,0:LIVING,cc348a26-ee11-47a4-8b51-de922967e175,M0,N0,T2,Tumor Free,15.02449288,0:CENSORED,,No,,Yes,-8,1,Female,BRCA_LumA,-40,,,,,,,,,,,,,,,,,,,,
TCGA-A8-A09W,brca_tcga_pan_can_atlas_2018,70,STAGE IIIB,5TH,5,BRCA,30,-25659,0,,,0.986290561,0:ALIVE OR DEAD TUMOR FREE,,5/27/11,EUR,No,C50.9,8520/3,C50.9,Yes,Yes,,0.986290561,0:LIVING,452672e8-b6d9-45b5-bb02-e88e03e2dd66,M0,N3,T2,,0.986290561,0:CENSORED,,No,,,12,1,Female,BRCA_LumB,8,,,,,,,,,,,,,,,,,,,,
TCGA-A8-A09X,brca_tcga_pan_can_atlas_2018,62,STAGE IIIC,6TH,5,BRCA,,-22858,0,,,14.00532597,,,5/27/11,EUR,No,C50.9,8520/3,C50.9,Yes,Yes,,14.00532597,1:DECEASED,27b05b15-a44b-45ed-a6e3-e7d1ca488ea9,M0,N3A,T2,,14.00532597,0:CENSORED,,No,,,16,1,Female,BRCA_Her2,2,,,,,,,,,,,,,,,,,,,,
TCGA-A8-A09Z,brca_tcga_pan_can_atlas_2018,83,STAGE IIB,6TH,-29,BRCA,0,-30590,0,,,0,0:ALIVE OR DEAD TUMOR FREE,,5/27/11,EUR,No,C50.9,8520/3,C50.9,Yes,Yes,,0,0:LIVING,81e7a3d3-be70-4834-8018-4d2cc077a4e6,M0,N0,T3,With Tumor,0,0:CENSORED,,No,,,-12,1,Female,BRCA_LumB,-32,,,,,,,,,,,,,,,,,,,,
TCGA-A8-A0A1,brca_tcga_pan_can_atlas_2018,84,STAGE IIA,6TH,-35,BRCA,365,-30742,0,11.9998685,0:DiseaseFree,11.9998685,0:ALIVE OR DEAD TUMOR FREE,,5/27/11,EUR,No,C50.9,8520/3,C50.9,Yes,Yes,,11.9998685,0:LIVING,3efa245d-177d-4ef9-94f7-f554c54e345e,M0,N0,T2,Tumor Free,11.9998685,0:CENSORED,,No,,,-6,1,Female,BRCA_LumA,-44,,,,,,,,,,,,,,,,,,,,
TCGA-A8-A0A2,brca_tcga_pan_can_atlas_2018,66,STAGE IIA,6TH,-33,BRCA,579,-24380,0,19.03540783,0:DiseaseFree,19.03540783,0:ALIVE OR DEAD TUMOR FREE,,5/27/11,EUR,No,C50.9,8520/3,C50.9,Yes,Yes,,19.03540783,0:LIVING,34d5a193-85e5-4399-8a9b-e92858eafdfe,M0,N0,T2,Tumor Free,19.03540783,0:CENSORED,,No,,,-4,1,Female,BRCA_LumA,-24,,,,,,,,,,,,,,,,,,,,
TCGA-A8-A0A4,brca_tcga_pan_can_atlas_2018,73,STAGE IIA,6TH,-27,BRCA,396,-26693,0,13.01903541,0:DiseaseFree,13.01903541,0:ALIVE OR DEAD TUMOR FREE,,5/27/11,EUR,No,C50.9,8520/3,C50.9,Yes,Yes,No,13.01903541,0:LIVING,2cb8c866-9296-4c70-a3ea-f9a9b707895c,M0,N0,T2,Tumor Free,13.01903541,0:CENSORED,,No,,No,-2,1,Female,BRCA_LumA,-34,,,,,,,,,,,,,,,,,,,,
TCGA-A8-A0A6,brca_tcga_pan_can_atlas_2018,64,STAGE IIIC,6TH,-39,BRCA,640,-23404,0,21.04086531,0:DiseaseFree,21.04086531,0:ALIVE OR DEAD TUMOR FREE,,5/27/11,EUR,No,C50.9,8520/3,C50.9,Yes,Yes,No,21.04086531,0:LIVING,4b0d295c-e185-4b52-9752-178e5bc1d47d,M0,N3A,T2,Tumor Free,21.04086531,0:CENSORED,,No,,Yes,-18,1,Female,BRCA_LumA,-44,,,,,,,,,,,,,,,,,,,,
TCGA-A8-A0A7,brca_tcga_pan_can_atlas_2018,57,STAGE IIB,6TH,-3,BRCA,30,-20940,0,0.986290561,0:DiseaseFree,0.986290561,0:ALIVE OR DEAD TUMOR FREE,,5/27/11,EUR,No,C50.9,8520/3,C50.9,Yes,Yes,,0.986290561,0:LIVING,995fdab7-7284-4d33-befa-ec22aa7c6479,M0,N1A,T2,Tumor Free,0.986290561,0:CENSORED,,No,,,10,1,Female,BRCA_Her2,-24,,,,,,,,,,,,,,,,,,,,
TCGA-A8-A0A9,brca_tcga_pan_can_atlas_2018,80,STAGE IIA,6TH,-27,BRCA,822,-29370,0,27.02436138,0:DiseaseFree,27.02436138,0:ALIVE OR DEAD TUMOR FREE,,5/27/11,EUR,No,C50.9,8500/3,C50.9,Yes,Yes,No,27.02436138,0:LIVING,7b605fb6-d077-401e-b870-b87ddf505f82,M0,N0,T2,Tumor Free,27.02436138,0:CENSORED,,No,,Yes,-2,1,Female,BRCA_LumA,-22,,,,,,,,,,,,,,,,,,,,
TCGA-A8-A0AB,brca_tcga_pan_can_atlas_2018,54,STAGE IIA,6TH,-27,BRCA,518,-19814,0,17.02995036,0:DiseaseFree,17.02995036,0:ALIVE OR DEAD TUMOR FREE,,5/27/11,EUR,No,C50.9,8520/3,C50.9,Yes,Yes,No,17.02995036,0:LIVING,22eaba28-be67-4730-9846-860bc1fca29a,M0,N0,T2,Tumor Free,17.02995036,0:CENSORED,,No,,No,4,1,Female,BRCA_LumA,-24,,,,,,,,,,,,,,,,,,,,
TCGA-A8-A0AD,brca_tcga_pan_can_atlas_2018,83,STAGE I,6TH,-29,BRCA,1157,-30407,0,38.03793931,0:DiseaseFree,38.03793931,0:ALIVE OR DEAD TUMOR FREE,,5/27/11,EUR,No,C50.9,8522/3,C50.9,Yes,Yes,No,38.03793931,0:LIVING,af5453a9-cf1f-40de-aec4-0e0710908fb7,M0,N0,T1C,Tumor Free,38.03793931,0:CENSORED,,No,,No,0,1,Female,BRCA_LumA,-24,,,,,,,,,,,,,,,,,,,,
TCGA-AC-A23C,brca_tcga_pan_can_atlas_2018,62,STAGE IIB,7TH,-25,BRCA,585,-22751,0,19.23266594,0:DiseaseFree,19.23266594,0:ALIVE OR DEAD TUMOR FREE,,7/14/11,EUR,No,C50.9,8500/3,C50.9,Yes,Yes,No,19.23266594,0:LIVING,dfd0b7ba-c7d3-498e-b455-346301865452,MX,N1,T2,,19.23266594,0:CENSORED,Yes,No,White,No,-2,1,Female,BRCA_LumA,-24,,,,,,,,,,,,,,,,,,,,
TCGA-AC-A23E,brca_tcga_pan_can_atlas_2018,50,STAGE IIB,7TH,9,BRCA,698,-18500,0,22.94769372,0:DiseaseFree,22.94769372,0:ALIVE OR DEAD TUMOR FREE,,7/18/11,EUR,No,C50.9,8500/3,C50.9,Yes,Yes,No,22.94769372,0:LIVING,e7bae6e7-f779-449d-92b9-66996041e00d,MX,N1,T2,Tumor Free,22.94769372,0:CENSORED,Yes,No,White,Yes,-2,1,Female,BRCA_LumA,2,,,,,,,,,,,,,,,,,,,,
TCGA-AC-A23G,brca_tcga_pan_can_atlas_2018,76,STAGE IIA,6TH,-41,BRCA,2248,-27934,0,73.90603939,0:DiseaseFree,73.90603939,0:ALIVE OR DEAD TUMOR FREE,,7/14/11,EUR,No,C50.9,8520/3,C50.9,Yes,No,No,73.90603939,0:LIVING,A721DAC6-0126-476C-B2D4-2DBF7406454B,MX,N1,T1C,Tumor Free,73.90603939,0:CENSORED,Yes,No,White,No,-18,1,Female,,-28,,,,,,,,,,,,,,,,,,,,
TCGA-AC-A23H,brca_tcga_pan_can_atlas_2018,90,STAGE IIA,7TH,7,BRCA,81,-32873,0,,,5.720485255,1:DEAD WITH TUMOR,Not Hispanic Or Latino,7/13/11,EUR,No,C50.9,8500/3,C50.9,Yes,Yes,No,5.720485255,1:DECEASED,7dcf550c-90ce-4f63-aecd-0e46897e2a3e,M0,NX,T2,Tumor Free,5.720485255,1:PROGRESSION,No,No,White,No,18,1,Female,BRCA_Her2,10,,,,,,,,,,,,,,,,,,,,
TCGA-AC-A2B8,brca_tcga_pan_can_atlas_2018,84,STAGE IIB,7TH,-29,BRCA,677,-31003,0,22.25729033,0:DiseaseFree,22.25729033,0:ALIVE OR DEAD TUMOR FREE,Not Hispanic Or Latino,9/12/11,EUR,No,C50.9,8520/3,C50.9,Yes,Yes,Yes,22.25729033,0:LIVING,6E126B73-D3E8-4641-A128-306F3B313E40,M0,N0 (I-),T3,,21.50113423,1:PROGRESSION,Yes,No,White,Yes,-4,1,Female,BRCA_LumA,-20,,,,,,,,,,,,,,,,,,,,
TCGA-AC-A2BK,brca_tcga_pan_can_atlas_2018,78,STAGE IIIA,6TH,9,BRCA,2222,-28625,0,73.05125423,0:DiseaseFree,73.05125423,0:ALIVE OR DEAD TUMOR FREE,,9/16/11,AFR,No,C50.9,8500/3,C50.9,Yes,Yes,No,73.05125423,0:LIVING,6FA2A667-9C36-4526-8A58-1975E863A806,MX,N2A,T2,Tumor Free,73.05125423,0:CENSORED,Yes,No,Black or African American,Yes,10,1,Female,BRCA_Basal,8,,,,,,,,,,,,,,,,,,,,
TCGA-AC-A2BM,brca_tcga_pan_can_atlas_2018,41,STAGE IIB,6TH,-23,BRCA,3022,-15212,0,99.35233587,0:DiseaseFree,99.35233587,0:ALIVE OR DEAD TUMOR FREE,,9/12/11,AFR,No,C50.9,8500/3,C50.9,Yes,Yes,No,99.35233587,0:LIVING,8159FF7B-89F4-411A-9B9C-491F1CB3EB34,MX,N1A,T2,Tumor Free,99.35233587,0:CENSORED,Yes,No,Black or African American,No,6,1,Female,BRCA_LumB,-42,,,,,,,,,,,,,,,,,,,,
TCGA-AC-A2FB,brca_tcga_pan_can_atlas_2018,65,STAGE IIA,6TH,-45,BRCA,1234,-23851,0,40.56941842,0:DiseaseFree,40.56941842,0:ALIVE OR DEAD TUMOR FREE,Not Hispanic Or Latino,9/20/11,EUR,No,C50.9,8520/3,C50.9,Yes,Yes,No,40.56941842,0:LIVING,02BBB632-0F7F-439D-B8F0-C86A06237424,MX,N0,T2,Tumor Free,40.56941842,0:CENSORED,Yes,No,White,No,-8,1,Female,BRCA_LumA,-40,,,,,,,,,,,,,,,,,,,,
TCGA-AC-A2FE,brca_tcga_pan_can_atlas_2018,62,STAGE IIIC,6TH,-29,BRCA,2240,-22746,0,25.18328566,1:Recurred/Progressed,86.66206398,1:DEAD WITH TUMOR,Not Hispanic Or Latino,12/3/12,EUR,No,C50.9,8520/3,C50.9,Yes,No,Yes,86.66206398,1:DECEASED,F6EEBD4B-B63A-4A9C-92D3-0D954A8A6655,MX,N3A,T3,With Tumor,25.18328566,1:PROGRESSION,Yes,No,White,Yes,-14,1,Female,,-32,,,,,,,,,,,,,,,,,,,,
TCGA-AC-A2FF,brca_tcga_pan_can_atlas_2018,40,STAGE IIB,6TH,-37,BRCA,2759,,0,90.70585528,0:DiseaseFree,90.70585528,0:ALIVE OR DEAD TUMOR FREE,Not Hispanic Or Latino,9/23/11,SAS_ADMIX,No,C50.9,8520/3,C50.9,Yes,Yes,No,90.70585528,0:LIVING,3CA67CD0-81DA-4F68-A9FA-F1A8C013C28D,MX,N1,T2,Tumor Free,90.70585528,0:CENSORED,Yes,No,Asian,Yes,-8,1,Female,BRCA_LumA,-36,,,,,,,,,,,,,,,,,,,,
TCGA-AC-A2FG,brca_tcga_pan_can_atlas_2018,79,STAGE IIB,6TH,-35,BRCA,1853,-29211,0,60.91988033,0:DiseaseFree,60.91988033,0:ALIVE OR DEAD TUMOR FREE,,9/21/11,EUR,No,C50.9,8520/3,C50.9,Yes,Yes,No,60.91988033,0:LIVING,39CDA4C9-E1C8-44C2-BAB7-F5849C12F879,MX,N1A,T2,Tumor Free,60.91988033,0:CENSORED,Yes,No,White,No,-16,1,Female,BRCA_LumA,-28,,,,,,,,,,,,,,,,,,,,
TCGA-AC-A2FK,brca_tcga_pan_can_atlas_2018,45,STAGE IIIC,6TH,-41,BRCA,2650,-16627,0,87.12233291,0:DiseaseFree,87.12233291,0:ALIVE OR DEAD TUMOR FREE,Hispanic Or Latino,9/13/11,AMR,No,C50.9,8520/3,C50.9,Yes,Yes,No,87.12233291,0:LIVING,79126E88-9CF8-45FF-BF91-A98DA3B304D7,M0,N3A,T2,Tumor Free,87.12233291,0:CENSORED,Yes,No,White,Yes,-16,1,Female,BRCA_Normal,-32,,,,,,,,,,,,,,,,,,,,
TCGA-AC-A2FM,brca_tcga_pan_can_atlas_2018,87,STAGE IIB,6TH,-11,BRCA,,-31805,0,25.64355459,1:Recurred/Progressed,26.03807082,1:DEAD WITH TUMOR,Not Hispanic Or Latino,2/22/12,EUR,No,C50.9,8520/3,C50.9,Yes,No,Yes,26.03807082,1:DECEASED,B6B1DC9A-91F4-4B0A-AFD5-62C9A90C0D5E,M0,N1MI,T2,With Tumor,25.64355459,1:PROGRESSION,Yes,No,White,No,-2,1,Female,,-4,,,,,,,,,,,,,,,,,,,,
TCGA-AC-A2FO,brca_tcga_pan_can_atlas_2018,65,STAGE IIB,6TH,-35,BRCA,2255,-23928,0,74.13617385,0:DiseaseFree,74.13617385,0:ALIVE OR DEAD TUMOR FREE,Not Hispanic Or Latino,9/21/11,EUR,No,C50.9,8520/3,C50.9,Yes,Yes,No,74.13617385,0:LIVING,F5D4C2D3-CC69-4B38-8551-0917E3622A68,MX,N1,T2,Tumor Free,74.13617385,0:CENSORED,Yes,No,White,No,-12,1,Female,BRCA_LumA,-44,,,,,,,,,,,,,,,,,,,,
TCGA-AC-A2QH,brca_tcga_pan_can_atlas_2018,58,STAGE IIB,7TH,19,BRCA,1005,-21488,0,33.0407338,0:DiseaseFree,33.0407338,0:ALIVE OR DEAD TUMOR FREE,Not Hispanic Or Latino,10/18/11,EUR,No,C50.9,8575/3,C50.9,Yes,Yes,No,33.0407338,0:LIVING,67C5F371-3FA9-47C5-8B15-C2DD9ACC8519,MX,N0,T3,Tumor Free,33.0407338,0:CENSORED,Yes,No,White,Yes,14,1,Female,BRCA_Basal,22,,,,,,,,,,,,,,,,,,,,
TCGA-AC-A2QI,brca_tcga_pan_can_atlas_2018,76,STAGE IIIA,7TH,-37,BRCA,588,-27865,0,19.331295,0:DiseaseFree,19.331295,0:ALIVE OR DEAD TUMOR FREE,Not Hispanic Or Latino,10/18/11,EUR,No,C50.9,8520/3,C50.9,Yes,No,No,19.331295,0:LIVING,C57835BE-77AB-4CF5-9B23-62C11A7B2EAF,MX,N1A,T3,Tumor Free,19.331295,0:CENSORED,Yes,No,White,Yes,-22,1,Female,,-26,,,,,,,,,,,,,,,,,,,,
TCGA-AC-A2QJ,brca_tcga_pan_can_atlas_2018,48,STAGE IIIB,7TH,29,BRCA,69,-17569,0,7.791695434,1:Recurred/Progressed,14.66285301,1:DEAD WITH TUMOR,Hispanic Or Latino,10/18/11,AMR,No,C50.9,8575/3,C50.9,Yes,No,Yes,14.66285301,1:DECEASED,D9FD2724-7DB0-4AF3-AC14-217BDFA5203F,M0,N0,T4B,Tumor Free,7.791695434,1:PROGRESSION,Yes,No,White,Yes,-6,1,Female,,16,,,,,,,,,,,,,,,,,,,,
TCGA-AC-A3BB,brca_tcga_pan_can_atlas_2018,46,STAGE IIIA,7TH,-41,BRCA,987,-16983,0,32.44895946,0:DiseaseFree,32.44895946,0:ALIVE OR DEAD TUMOR FREE,Not Hispanic Or Latino,2/3/12,AFR,No,C50.9,8520/3,C50.9,Yes,No,No,32.44895946,0:LIVING,048549CF-D0A5-4743-A0A1-2004F7CC2B08,MX,N2A,T3,Tumor Free,32.44895946,0:CENSORED,No,No,Black or African American,Yes,-22,1,Female,,-32,,,,,,,,,,,,,,,,,,,,
TCGA-AC-A3EH,brca_tcga_pan_can_atlas_2018,79,STAGE IIIC,7TH,-13,BRCA,17,-29014,0,6.476641352,0:DiseaseFree,6.476641352,0:ALIVE OR DEAD TUMOR FREE,Not Hispanic Or Latino,9/24/12,EUR,No,C50.9,8022/3,C50.9,Yes,No,No,6.476641352,1:DECEASED,FAC173A8-1613-4BD4-87BA-83A2CFE8A37D,M0,N3,T3,Tumor Free,6.476641352,0:CENSORED,Yes,No,White,No,-2,1,Female,,-8,,,,,,,,,,,,,,,,,,,,
TCGA-AC-A3HN,brca_tcga_pan_can_atlas_2018,87,STAGE IIB,7TH,-43,BRCA,496,-32061,0,16.30667061,0:DiseaseFree,16.30667061,0:ALIVE OR DEAD TUMOR FREE,Not Hispanic Or Latino,4/13/12,EUR,No,C50.9,8520/3,C50.9,Yes,Yes,No,16.30667061,0:LIVING,E37AE674-A107-4EB3-94D8-B86B0035A9F7,MX,N1A,T2,Tumor Free,16.30667061,0:CENSORED,Yes,No,White,No,-16,1,Female,BRCA_LumA,-32,,,,,,,,,,,,,,,,,,,,
TCGA-AC-A3OD,brca_tcga_pan_can_atlas_2018,68,STAGE IIB,7TH,-27,BRCA,451,-25186,0,14.82723477,0:DiseaseFree,14.82723477,0:ALIVE OR DEAD TUMOR FREE,Not Hispanic Or Latino,4/19/12,EUR,No,C50.9,8520/3,C50.9,Yes,Yes,No,14.82723477,0:LIVING,F2622CDB-AC92-42B3-A1CA-67E133C3DD4A,MX,N1MI,T2,Tumor Free,14.82723477,0:CENSORED,Yes,No,White,Yes,2,1,Female,BRCA_LumA,-44,,,,,,,,,,,,,,,,,,,,
TCGA-AC-A3QP,brca_tcga_pan_can_atlas_2018,79,STAGE IIB,7TH,-11,BRCA,675,-29113,0,22.19153763,0:DiseaseFree,22.19153763,0:ALIVE OR DEAD TUMOR FREE,Not Hispanic Or Latino,7/5/12,EUR,No,C50.9,8520/3,C50.9,Yes,Yes,No,22.19153763,0:LIVING,6F4C8D30-47FB-47DF-9EB7-4E5881E3711E,MX,N1MI,T2,Tumor Free,22.19153763,0:CENSORED,Yes,No,White,Yes,-22,1,Female,BRCA_LumA,-2,,,,,,,,,,,,,,,,,,,,
TCGA-AC-A3QQ,brca_tcga_pan_can_atlas_2018,54,STAGE IA,7TH,3,BRCA,734,-19723,0,,,24.1312424,0:ALIVE OR DEAD TUMOR FREE,Not Hispanic Or Latino,12/3/12,EUR,No,C50.9,8520/3,C50.9,Yes,Yes,No,24.1312424,0:LIVING,95CEF916-5545-455B-920C-773A54FC7676,MX,N0 (I-),T1C,Tumor Free,24.1312424,0:CENSORED,Yes,No,White,No,0,1,Female,BRCA_LumA,-8,,,,,,,,,,,,,,,,,,,,
TCGA-AC-A3TM,brca_tcga_pan_can_atlas_2018,50,STAGE IIIA,7TH,5,BRCA,762,-18535,0,25.05178025,0:DiseaseFree,25.05178025,0:ALIVE OR DEAD TUMOR FREE,Not Hispanic Or Latino,8/1/12,EUR,No,C50.9,8520/3,C50.9,Yes,No,No,25.05178025,0:LIVING,67C73260-A242-4BBA-87C5-D2302556DFF7,M0,N1MI,T3,Tumor Free,25.05178025,0:CENSORED,Yes,No,White,Yes,4,1,Female,,14,,,,,,,,,,,,,,,,,,,,
TCGA-AC-A3TN,brca_tcga_pan_can_atlas_2018,75,STAGE IIB,7TH,-23,BRCA,456,-27421,0,14.99161653,0:DiseaseFree,14.99161653,0:ALIVE OR DEAD TUMOR FREE,Not Hispanic Or Latino,8/1/12,EUR,No,C50.9,8520/3,C50.9,Yes,No,No,14.99161653,0:LIVING,81B70C58-4A12-448C-A594-2ADE44F6A0AE,MX,N0,T3,Tumor Free,14.99161653,0:CENSORED,Yes,No,White,Yes,-18,1,Female,,-12,,,,,,,,,,,,,,,,,,,,
TCGA-AC-A3W5,brca_tcga_pan_can_atlas_2018,65,STAGE IIA,7TH,-5,BRCA,504,-24029,0,,,16.56968143,0:ALIVE OR DEAD TUMOR FREE,Not Hispanic Or Latino,9/24/12,AFR,No,C50.9,8520/3,C50.9,Yes,Yes,No,16.56968143,0:LIVING,4C313E5B-4DC3-408E-8E92-22427F74743E,MX,N0,T2,Tumor Free,16.56968143,0:CENSORED,Yes,Yes,Black or African American,Yes,0,1,Female,BRCA_Her2,4,,,,,,,,,,,,,,,,,,,,
TCGA-AC-A3W6,brca_tcga_pan_can_atlas_2018,90,STAGE IIIA,7TH,-23,BRCA,602,-32872,0,19.79156393,0:DiseaseFree,19.79156393,0:ALIVE OR DEAD TUMOR FREE,Not Hispanic Or Latino,9/24/12,EUR,No,C50.9,8520/3,C50.9,Yes,No,No,19.79156393,0:LIVING,1B4CFAD1-E353-4411-97B6-2B7B9309E95E,MX,N1,T3,Tumor Free,19.79156393,0:CENSORED,Yes,Yes,White,No,-12,1,Female,,-14,,,,,,,,,,,,,,,,,,,,
TCGA-AC-A3W7,brca_tcga_pan_can_atlas_2018,66,STAGE IIB,7TH,-31,BRCA,471,-24327,0,15.48476181,0:DiseaseFree,15.48476181,0:ALIVE OR DEAD TUMOR FREE,Not Hispanic Or Latino,10/17/12,EUR,No,C50.9,8520/3,C50.9,Yes,No,No,15.48476181,0:LIVING,2481A671-760B-428C-968D-42E25FD42AC5,MX,N1A,T2,Tumor Free,15.48476181,0:CENSORED,Yes,No,White,No,-14,1,Female,,-32,,,,,,,,,,,,,,,,,,,,
TCGA-AC-A3YI,brca_tcga_pan_can_atlas_2018,74,STAGE IIIC,7TH,-13,BRCA,707,-27143,0,23.24358089,0:DiseaseFree,23.24358089,0:ALIVE OR DEAD TUMOR FREE,Not Hispanic Or Latino,10/8/12,EUR,No,C50.9,8520/3,C50.9,Yes,Yes,No,23.24358089,0:LIVING,A45D296E-EFC0-479E-B2F6-BAD834668CDF,MX,N3A,T1C,,23.24358089,0:CENSORED,Yes,No,White,Yes,-16,1,Female,BRCA_Normal,4,,,,,,,,,,,,,,,,,,,,
TCGA-AC-A3YJ,brca_tcga_pan_can_atlas_2018,66,STAGE IIA,7TH,-17,BRCA,754,-24439,0,24.78876944,0:DiseaseFree,24.78876944,0:ALIVE OR DEAD TUMOR FREE,Not Hispanic Or Latino,10/3/12,EUR,No,C50.9,8050/3,C50.9,Yes,Yes,No,24.78876944,0:LIVING,86CF879E-3B40-44DD-AAA7-6F49F54A15D9,MX,N0 (I-),T2,Tumor Free,24.78876944,0:CENSORED,Yes,No,White,No,-20,1,Female,BRCA_LumA,-18,,,,,,,,,,,,,,,,,,,,
TCGA-AC-A4ZE,brca_tcga_pan_can_atlas_2018,63,STAGE IIB,7TH,-31,BRCA,890,-23284,0,29.25995332,0:DiseaseFree,29.25995332,0:ALIVE OR DEAD TUMOR FREE,Not Hispanic Or Latino,6/9/15,EUR,No,C50.9,8520/3,C50.9,Yes,Yes,No,29.25995332,0:LIVING,0CF0D67C-2F7F-42A6-94F3-407D0EC46C88,M0,N0,T3,Tumor Free,29.25995332,0:CENSORED,Yes,No,White,No,-2,1,Female,BRCA_LumA,-40,,,,,,,,,,,,,,,,,,,,
TCGA-AC-A5EH,brca_tcga_pan_can_atlas_2018,76,STAGE IIB,7TH,21,BRCA,511,-27964,0,16.79981589,0:DiseaseFree,16.79981589,0:ALIVE OR DEAD TUMOR FREE,Not Hispanic Or Latino,7/12/13,AFR_ADMIX,No,C50.9,8500/3,C50.9,Yes,Yes,No,16.79981589,0:LIVING,D13FB44B-291B-4EA4-920C-142DAA8D1989,MX,N1MI,T2,Tumor Free,16.79981589,0:CENSORED,Yes,No,Black or African American,Yes,16,1,Female,BRCA_Her2,36,,,,,,,,,,,,,,,,,,,,
TCGA-AC-A5EI,brca_tcga_pan_can_atlas_2018,88,STAGE IB,7TH,,BRCA,442,-32375,0,14.5313476,0:DiseaseFree,14.5313476,0:ALIVE OR DEAD TUMOR FREE,Not Hispanic Or Latino,7/12/13,EUR,No,C50.9,9020/3,C50.9,Yes,No,No,14.5313476,0:LIVING,01B9F68B-4DE4-4374-B4F2-8A0685E18153,MX,N1MI,T1C,Tumor Free,14.5313476,0:CENSORED,Yes,Yes,White,No,,1,Female,,,,,,,,,,,,,,,,,,,,,,
TCGA-AC-A5XS,brca_tcga_pan_can_atlas_2018,74,STAGE IIA,7TH,-9,BRCA,588,-27160,0,19.331295,0:DiseaseFree,19.331295,0:ALIVE OR DEAD TUMOR FREE,Not Hispanic Or Latino,7/15/13,EUR,No,C50.9,8520/3,C50.9,Yes,Yes,No,19.331295,0:LIVING,D9627184-B972-4E00-8C11-B0B946AC357A,MX,N0,T2,Tumor Free,19.331295,0:CENSORED,Yes,Yes,White,No,-10,1,Female,BRCA_LumA,-8,,,,,,,,,,,,,,,,,,,,
TCGA-AC-A5XU,brca_tcga_pan_can_atlas_2018,74,STAGE IIB,7TH,-7,BRCA,455,-27191,0,14.95874018,0:DiseaseFree,14.95874018,0:ALIVE OR DEAD TUMOR FREE,Not Hispanic Or Latino,7/15/13,AFR,No,C50.9,8500/3,C50.9,Yes,Yes,No,14.95874018,0:LIVING,97677FD7-8523-48C5-A8CE-614FD4010551,MX,N0 (I-),T3,Tumor Free,14.95874018,0:CENSORED,Yes,No,Black or African American,Yes,2,1,Female,BRCA_LumA,-6,,,,,,,,,,,,,,,,,,,,
TCGA-AC-A62V,brca_tcga_pan_can_atlas_2018,58,STAGE IV,7TH,9,BRCA,2,-21389,0,,,11.44097051,1:DEAD WITH TUMOR,Not Hispanic Or Latino,10/21/13,AFR,No,C50.9,8500/3,C50.9,Yes,No,No,11.44097051,1:DECEASED,D5F2B85A-94A9-4168-BBE8-149EC71342B0,M1,N1A,T2,With Tumor,11.44097051,1:PROGRESSION,Yes,No,Black or African American,Yes,14,1,Male,,12,,,,,,,,,,,,,,,,,,,,
TCGA-AC-A62X,brca_tcga_pan_can_atlas_2018,72,STAGE IIA,7TH,29,BRCA,417,-26627,0,13.7094388,0:DiseaseFree,13.7094388,0:ALIVE OR DEAD TUMOR FREE,Not Hispanic Or Latino,10/21/13,AFR,No,C50.9,8500/3,C50.9,Yes,Yes,No,13.7094388,0:LIVING,5B2A4F11-CA46-4974-9420-59B4820920BF,MX,N0,T2,Tumor Free,13.7094388,0:CENSORED,Yes,Yes,Black or African American,No,16,1,Female,BRCA_Basal,14,,,,,,,,,,,,,,,,,,,,
TCGA-AC-A62Y,brca_tcga_pan_can_atlas_2018,79,STAGE IIB,7TH,-11,BRCA,530,-28876,0,,,17.42446658,0:ALIVE OR DEAD TUMOR FREE,Not Hispanic Or Latino,9/19/13,EUR,No,C50.9,8520/3,C50.9,Yes,Yes,No,17.42446658,0:LIVING,05AF737D-89AA-49B6-97B2-28B8AC8BD2CF,MX,N1,T2,Tumor Free,17.42446658,0:CENSORED,Yes,No,White,Yes,-12,1,Female,BRCA_LumA,-6,,,,,,,,,,,,,,,,,,,,
TCGA-AC-A6IV,brca_tcga_pan_can_atlas_2018,47,STAGE IIB,7TH,-33,BRCA,568,-17521,0,18.67376796,0:DiseaseFree,18.67376796,0:ALIVE OR DEAD TUMOR FREE,Not Hispanic Or Latino,9/19/13,EUR,No,C50.9,8524/3,C50.9,Yes,Yes,No,18.67376796,0:LIVING,8E11C5EC-C15A-48D4-85AC-B7B08A9ED827,MX,N1,T2,Tumor Free,18.67376796,0:CENSORED,Yes,No,White,Yes,-2,1,Female,BRCA_LumA,-22,,,,,,,,,,,,,,,,,,,,
TCGA-AC-A6IW,brca_tcga_pan_can_atlas_2018,73,STAGE IIA,7TH,23,BRCA,413,-26896,0,13.57793339,0:DiseaseFree,13.57793339,0:ALIVE OR DEAD TUMOR FREE,Not Hispanic Or Latino,10/15/13,AFR,No,C50.9,8500/3,C50.9,Yes,Yes,No,13.57793339,0:LIVING,8183F0FB-2303-4D7B-BCCD-55E5031FC7DF,MX,N0 (I-),T2,Tumor Free,13.57793339,0:CENSORED,Yes,No,Black or African American,No,4,1,Female,BRCA_Basal,12,,,,,,,,,,,,,,,,,,,,
TCGA-AC-A6IX,brca_tcga_pan_can_atlas_2018,49,STAGE IIIC,7TH,-41,BRCA,373,-17969,0,12.26287931,0:DiseaseFree,12.26287931,0:ALIVE OR DEAD TUMOR FREE,Not Hispanic Or Latino,10/21/13,EUR,No,C50.9,8520/3,C50.9,Yes,Yes,No,12.26287931,0:LIVING,7486A2B3-B09F-4E9C-9864-8B51B58D9FB3,MX,N3A,T2,Tumor Free,12.26287931,0:CENSORED,Yes,No,White,Yes,-4,1,Female,BRCA_LumA,-54,,,,,,,,,,,,,,,,,,,,
TCGA-AC-A6NO,brca_tcga_pan_can_atlas_2018,43,STAGE IIB,7TH,-29,BRCA,51,-15996,0,1.676693954,0:DiseaseFree,1.676693954,0:ALIVE OR DEAD TUMOR FREE,Not Hispanic Or Latino,4/10/14,AFR_ADMIX,No,C50.9,8500/3,C50.9,Yes,Yes,No,1.676693954,0:LIVING,8D9B50D1-139B-4447-AE9C-E54764D9E2A7,MX,N1A,T2,Tumor Free,1.676693954,0:CENSORED,Yes,No,Black or African American,,8,1,Female,BRCA_LumA,-14,,,,,,,,,,,,,,,,,,,,
TCGA-AC-A7VB,brca_tcga_pan_can_atlas_2018,51,STAGE IIA,7TH,-1,BRCA,250,-18806,0,8.21908801,0:DiseaseFree,8.21908801,0:ALIVE OR DEAD TUMOR FREE,Not Hispanic Or Latino,2/26/14,AFR_ADMIX,No,C50.9,8500/3,C50.9,Yes,Yes,No,8.21908801,0:LIVING,56230E4A-29CA-4F37-A0F9-730DBDFB6FA2,MX,N1A,T1C,Tumor Free,8.21908801,0:CENSORED,Yes,No,Black or African American,Yes,4,1,Female,BRCA_LumB,-12,,,,,,,,,,,,,,,,,,,,
TCGA-AC-A7VC,brca_tcga_pan_can_atlas_2018,56,STAGE IIB,7TH,31,BRCA,1,-20479,0,0.032876352,0:DiseaseFree,0.032876352,0:ALIVE OR DEAD TUMOR FREE,Not Hispanic Or Latino,3/29/14,EUR,No,C50.9,8575/3,C50.9,Yes,Yes,No,0.032876352,0:LIVING,2B36853F-34D3-47C5-BA6A-E5A93233D2B1,MX,N0,T3,Tumor Free,0.032876352,0:CENSORED,Yes,No,White,,16,1,Female,BRCA_Basal,36,,,,,,,,,,,,,,,,,,,,
TCGA-AC-A8OP,brca_tcga_pan_can_atlas_2018,72,STAGE IA,7TH,-31,BRCA,614,-26550,0,20.18608015,0:DiseaseFree,20.18608015,0:ALIVE OR DEAD TUMOR FREE,Not Hispanic Or Latino,2/26/14,AFR,No,C50.9,8500/3,C50.9,Yes,Yes,No,20.18608015,0:LIVING,B9C6C069-2A2B-4CC7-A398-DC45C132D979,MX,N0 (I-),T1C,Tumor Free,20.18608015,0:CENSORED,Yes,No,Black or African American,No,-8,1,Female,BRCA_LumA,-30,,,,,,,,,,,,,,,,,,,,
TCGA-AC-A8OQ,brca_tcga_pan_can_atlas_2018,72,STAGE IIB,7TH,5,BRCA,34,-26535,0,1.117795969,0:DiseaseFree,1.117795969,0:ALIVE OR DEAD TUMOR FREE,Not Hispanic Or Latino,2/26/14,AFR_ADMIX,No,C50.9,8500/3,C50.9,Yes,Yes,No,1.117795969,0:LIVING,DFAABD03-2D40-4422-B210-CAF112FF4229,MX,N1A,T2,Tumor Free,1.117795969,0:CENSORED,Yes,No,Black or African American,,14,1,Female,BRCA_Basal,2,,,,,,,,,,,,,,,,,,,,
TCGA-AC-A8OR,brca_tcga_pan_can_atlas_2018,75,STAGE IA,7TH,-23,BRCA,40,-27605,0,1.315054082,0:DiseaseFree,1.315054082,0:ALIVE OR DEAD TUMOR FREE,Not Hispanic Or Latino,2/26/14,EUR,No,C50.9,8480/3,C50.9,Yes,Yes,No,1.315054082,0:LIVING,8CD1BA0B-EAD9-4661-A796-6C9DBF1C42CD,MX,N0 (I-),T1C,Tumor Free,1.315054082,0:CENSORED,Yes,No,White,,-12,1,Female,BRCA_LumA,-18,,,,,,,,,,,,,,,,,,,,
TCGA-AC-A8OS,brca_tcga_pan_can_atlas_2018,71,STAGE IIA,7TH,-35,BRCA,70,-26248,0,2.301344643,0:DiseaseFree,2.301344643,0:ALIVE OR DEAD TUMOR FREE,Not Hispanic Or Latino,2/26/14,EUR,No,C50.9,8520/3,C50.9,Yes,Yes,No,2.301344643,0:LIVING,D5E655FE-3FBC-47B0-BA23-1D1DD01D591C,MX,N0 (I-),T2,Tumor Free,2.301344643,0:CENSORED,Yes,No,White,,-8,1,Female,BRCA_LumA,-38,,,,,,,,,,,,,,,,,,,,
TCGA-AN-A03X,brca_tcga_pan_can_atlas_2018,74,STAGE IIA,,-19,BRCA,10,-27163,0,0.32876352,0:DiseaseFree,0.32876352,0:ALIVE OR DEAD TUMOR FREE,Not Hispanic Or Latino,12/28/10,EUR,No,C50.9,8500/3,C50.9,Yes,Yes,,0.32876352,0:LIVING,88cd6ccc-70f7-436e-a99c-039b9d31e335,M0,N0,T2,Tumor Free,0.32876352,0:CENSORED,,No,White,No,-12,1,Female,BRCA_LumA,-28,,,,,,,,,,,,,,,,,,,,
TCGA-AN-A03Y,brca_tcga_pan_can_atlas_2018,66,STAGE IIA,,-5,BRCA,10,-24232,0,0.32876352,0:DiseaseFree,0.32876352,0:ALIVE OR DEAD TUMOR FREE,Not Hispanic Or Latino,12/29/10,EUR,No,C50.9,8500/3,C50.9,Yes,Yes,,0.32876352,0:LIVING,a991644b-3ee6-4cda-acf0-e37de48a49fc,M0,N0,T2,Tumor Free,0.32876352,0:CENSORED,,No,White,No,14,1,Female,BRCA_LumB,-14,,,,,,,,,,,,,,,,,,,,
TCGA-AN-A041,brca_tcga_pan_can_atlas_2018,29,STAGE IIB,7TH,-37,BRCA,7,-10812,0,0.230134464,0:DiseaseFree,0.230134464,0:ALIVE OR DEAD TUMOR FREE,Not Hispanic Or Latino,4/1/11,EUR_ADMIX,No,C50.9,8500/3,C50.9,Yes,Yes,,0.230134464,0:LIVING,316e021c-5175-4ab3-bdb6-2bf9683f657a,M0,N1A,T2,,0.230134464,0:CENSORED,Yes,No,White,No,-8,1,Female,BRCA_LumA,-10,,,,,,,,,,,,,,,,,,,,
TCGA-AN-A046,brca_tcga_pan_can_atlas_2018,68,STAGE IIA,,-21,BRCA,10,-25158,0,0.32876352,0:DiseaseFree,0.32876352,0:ALIVE OR DEAD TUMOR FREE,Not Hispanic Or Latino,12/28/10,EUR,No,C50.9,8500/3,C50.9,Yes,Yes,,0.32876352,0:LIVING,dcd5860c-7e3a-44f3-a732-fe92fe3fe300,M0,N0,T2,Tumor Free,0.32876352,0:CENSORED,,No,White,No,-4,1,Female,BRCA_LumA,-16,,,,,,,,,,,,,,,,,,,,
TCGA-AN-A049,brca_tcga_pan_can_atlas_2018,62,STAGE IIA,,-11,BRCA,19,-22710,0,,,0.624650689,0:ALIVE OR DEAD TUMOR FREE,Not Hispanic Or Latino,12/29/10,EUR,No,C50.9,8500/3,C50.9,Yes,Yes,,0.624650689,0:LIVING,2e1e3bf0-1708-4b65-936c-48b89eb8966a,M0,N0,T2,Tumor Free,0.624650689,0:CENSORED,,No,White,,6,1,Female,BRCA_LumA,-8,,,,,,,,,,,,,,,,,,,,
TCGA-AN-A04A,brca_tcga_pan_can_atlas_2018,36,STAGE IIIA,7TH,1,BRCA,90,-13445,0,,,2.958871684,0:ALIVE OR DEAD TUMOR FREE,Not Hispanic Or Latino,12/29/10,EUR,No,C50.9,8500/3,C50.9,Yes,Yes,,2.958871684,0:LIVING,e5aae05a-478e-4a55-a27c-12b2b4be302a,M0,N2,T2,Tumor Free,2.958871684,0:CENSORED,,No,White,,4,1,Female,BRCA_LumA,22,,,,,,,,,,,,,,,,,,,,
TCGA-AN-A04C,brca_tcga_pan_can_atlas_2018,51,STAGE IIB,,9,BRCA,54,-18851,0,,,1.77532301,0:ALIVE OR DEAD TUMOR FREE,Not Hispanic Or Latino,12/29/10,EUR,No,C50.9,8500/3,C50.9,Yes,Yes,,1.77532301,0:LIVING,66072c06-f251-4f0b-b6ae-12b407c52cc6,M0,N1,T2,Tumor Free,1.77532301,0:CENSORED,,No,White,,14,1,Female,BRCA_Her2,-2,,,,,,,,,,,,,,,,,,,,
TCGA-AN-A04D,brca_tcga_pan_can_atlas_2018,58,STAGE IIB,,5,BRCA,52,-21426,0,,,1.709570306,0:ALIVE OR DEAD TUMOR FREE,Not Hispanic Or Latino,12/20/10,EUR,No,C50.9,8500/3,C50.9,Yes,Yes,,1.709570306,0:LIVING,49717f75-0f2d-4e1c-9a12-f1cd7877b80a,M0,N1,T2,Tumor Free,1.709570306,0:CENSORED,,No,White,,12,1,Female,BRCA_Basal,-22,,,,,,,,,,,,,,,,,,,,
TCGA-AN-A0AJ,brca_tcga_pan_can_atlas_2018,79,STAGE IIB,,21,BRCA,303,-29131,0,9.961534668,0:DiseaseFree,9.961534668,0:ALIVE OR DEAD TUMOR FREE,Not Hispanic Or Latino,12/20/10,EUR,No,C50.9,8522/3,C50.9,Yes,Yes,No,9.961534668,0:LIVING,9646160a-f1f9-437b-8c7d-efb0b57bfb97,M0,N0,T3,Tumor Free,9.961534668,0:CENSORED,,No,White,No,24,1,Female,BRCA_LumB,22,,,,,,,,,,,,,,,,,,,,
TCGA-AN-A0AK,brca_tcga_pan_can_atlas_2018,76,STAGE IIA,,9,BRCA,224,-27977,0,7.364302857,0:DiseaseFree,7.364302857,0:ALIVE OR DEAD TUMOR FREE,Not Hispanic Or Latino,12/21/10,EUR,No,C50.9,8500/3,C50.9,Yes,Yes,No,7.364302857,0:LIVING,9e894662-b718-40f8-8899-b5e036cfbd76,M0,N0,T2,Tumor Free,7.364302857,0:CENSORED,,No,White,No,12,1,Female,BRCA_LumB,2,,,,,,,,,,,,,,,,,,,,
TCGA-AN-A0AL,brca_tcga_pan_can_atlas_2018,41,STAGE IIIB,7TH,21,BRCA,227,-15286,0,7.462931913,0:DiseaseFree,7.462931913,0:ALIVE OR DEAD TUMOR FREE,Not Hispanic Or Latino,12/21/10,EUR,No,C50.9,8500/3,C50.9,Yes,Yes,No,7.462931913,0:LIVING,3e9f93c0-aa79-4b4c-bd6c-b3325912362a,M0,N0,T4,Tumor Free,7.462931913,0:CENSORED,,No,White,No,14,1,Female,BRCA_Basal,16,,,,,,,,,,,,,,,,,,,,
TCGA-AN-A0AM,brca_tcga_pan_can_atlas_2018,56,STAGE IIA,,19,BRCA,5,-20713,0,0.16438176,0:DiseaseFree,0.16438176,0:ALIVE OR DEAD TUMOR FREE,Not Hispanic Or Latino,12/28/10,EUR,No,C50.9,8500/3,C50.9,Yes,Yes,,0.16438176,0:LIVING,00a2d166-78c9-4687-a195-3d6315c27574,M0,N0,T2,Tumor Free,0.16438176,0:CENSORED,,No,White,No,18,1,Female,BRCA_LumB,12,,,,,,,,,,,,,,,,,,,,
TCGA-AN-A0AR,brca_tcga_pan_can_atlas_2018,55,STAGE IIA,,9,BRCA,10,-20152,0,0.32876352,0:DiseaseFree,0.32876352,0:ALIVE OR DEAD TUMOR FREE,Not Hispanic Or Latino,12/28/10,EUR,No,C50.9,8500/3,C50.9,Yes,Yes,,0.32876352,0:LIVING,ebc460c2-df88-4dc0-a2c0-aca8072b75ad,M0,N0,T2,Tumor Free,0.32876352,0:CENSORED,,No,White,No,10,1,Female,BRCA_Basal,14,,,,,,,,,,,,,,,,,,,,
TCGA-AN-A0AS,brca_tcga_pan_can_atlas_2018,70,STAGE IIIA,,19,BRCA,10,-25658,0,0.32876352,0:DiseaseFree,0.32876352,0:ALIVE OR DEAD TUMOR FREE,Not Hispanic Or Latino,12/28/10,EUR,No,C50.9,8500/3,C50.9,Yes,Yes,,0.32876352,0:LIVING,7c2a8440-0206-4039-8474-8d62f6c7de0c,M0,N2,T2,Tumor Free,0.32876352,0:CENSORED,,No,White,No,-4,1,Female,BRCA_LumA,10,,,,,,,,,,,,,,,,,,,,
TCGA-AN-A0AT,brca_tcga_pan_can_atlas_2018,62,STAGE IIA,,33,BRCA,10,-22798,0,0.32876352,0:DiseaseFree,0.32876352,0:ALIVE OR DEAD TUMOR FREE,Not Hispanic Or Latino,12/28/10,EUR,No,C50.9,8500/3,C50.9,Yes,Yes,,0.32876352,0:LIVING,05506f4c-e701-4a9d-ae06-97f066aade43,M0,N0,T2,Tumor Free,0.32876352,0:CENSORED,,No,White,No,22,1,Female,BRCA_Basal,34,,,,,,,,,,,,,,,,,,,,
TCGA-AN-A0FD,brca_tcga_pan_can_atlas_2018,71,STAGE IIA,,-7,BRCA,196,-26007,0,6.443765,0:DiseaseFree,6.443765,0:ALIVE OR DEAD TUMOR FREE,Not Hispanic Or Latino,12/20/10,EUR,No,C50.9,8500/3,C50.9,Yes,Yes,,6.443765,0:LIVING,c6086936-7544-4da0-8c0c-114166848483,M0,N0,T2,Tumor Free,6.443765,0:CENSORED,,No,White,No,4,1,Female,BRCA_LumA,0,,,,,,,,,,,,,,,,,,,,
TCGA-AN-A0FF,brca_tcga_pan_can_atlas_2018,32,STAGE IA,,-29,BRCA,172,-11929,0,5.654732551,0:DiseaseFree,5.654732551,0:ALIVE OR DEAD TUMOR FREE,Not Hispanic Or Latino,12/27/10,EUR,No,C50.9,8500/3,C50.9,Yes,Yes,No,5.654732551,0:LIVING,d5cab7f5-e4f1-40ee-a0c8-4c8004c1c9a0,M0,N0,T1B,Tumor Free,5.654732551,0:CENSORED,,No,White,No,2,1,Female,BRCA_LumB,-36,,,,,,,,,,,,,,,,,,,,
TCGA-AN-A0FJ,brca_tcga_pan_can_atlas_2018,59,STAGE IV,,29,BRCA,242,-21910,0,,,7.956077194,0:ALIVE OR DEAD TUMOR FREE,Not Hispanic Or Latino,12/27/10,EUR,No,C50.9,8500/3,C50.9,Yes,Yes,,7.956077194,0:LIVING,546248b0-22a0-4b70-a437-76fb0a238a0d,M1,N2,T2,Tumor Free,7.956077194,0:CENSORED,,No,White,No,18,1,Female,BRCA_Basal,6,,,,,,,,,,,,,,,,,,,,
TCGA-AN-A0FK,brca_tcga_pan_can_atlas_2018,88,STAGE IIIB,,-15,BRCA,213,-32462,0,7.002662985,0:DiseaseFree,7.002662985,0:ALIVE OR DEAD TUMOR FREE,Not Hispanic Or Latino,12/20/10,EUR,No,C50.9,8500/3,C50.9,Yes,Yes,,7.002662985,0:LIVING,2f4cbedf-ed7e-45a2-bf34-f1d1e696bdde,M0,N0,T4,Tumor Free,7.002662985,0:CENSORED,,No,White,No,-14,1,Female,BRCA_LumA,-16,,,,,,,,,,,,,,,,,,,,
TCGA-AN-A0FL,brca_tcga_pan_can_atlas_2018,62,STAGE IIA,,5,BRCA,231,-22805,0,7.594437321,0:DiseaseFree,7.594437321,0:ALIVE OR DEAD TUMOR FREE,Not Hispanic Or Latino,12/28/10,EUR,No,C50.9,8500/3,C50.9,Yes,Yes,,7.594437321,0:LIVING,baf1207d-7d1a-4cad-ba58-62c26be2415e,M0,N0,T2,Tumor Free,7.594437321,0:CENSORED,,No,White,No,-2,1,Female,BRCA_Basal,0,,,,,,,,,,,,,,,,,,,,
TCGA-AN-A0FN,brca_tcga_pan_can_atlas_2018,61,STAGE IA,7TH,-29,BRCA,218,-22629,0,7.167044745,0:DiseaseFree,7.167044745,0:ALIVE OR DEAD TUMOR FREE,Not Hispanic Or Latino,12/28/10,EUR,No,C50.9,8500/3,C50.9,Yes,Yes,,7.167044745,0:LIVING,c2a742fe-3e8b-4210-85a6-7191a1123609,M0,N0,T1C,Tumor Free,7.167044745,0:CENSORED,,No,White,No,-16,1,Female,BRCA_LumA,-26,,,,,,,,,,,,,,,,,,,,
TCGA-AN-A0FS,brca_tcga_pan_can_atlas_2018,55,STAGE IA,7TH,-35,BRCA,210,-20352,0,6.904033928,0:DiseaseFree,6.904033928,0:ALIVE OR DEAD TUMOR FREE,Not Hispanic Or Latino,12/20/10,EUR,No,C50.9,8500/3,C50.9,Yes,Yes,,6.904033928,0:LIVING,10c9be1e-2cc0-45e4-8d2c-c013ea63ef05,M0,N0,T1C,Tumor Free,6.904033928,0:CENSORED,,No,White,No,-12,1,Female,BRCA_LumA,-32,,,,,,,,,,,,,,,,,,,,
TCGA-AN-A0FT,brca_tcga_pan_can_atlas_2018,63,STAGE IIB,,-11,BRCA,214,-23300,0,7.035539337,0:DiseaseFree,7.035539337,0:ALIVE OR DEAD TUMOR FREE,Not Hispanic Or Latino,12/28/10,EUR,No,C50.9,8500/3,C50.9,Yes,Yes,,7.035539337,0:LIVING,baf5e81f-2322-41ec-9053-b9559a7993bc,M0,N1,T2,Tumor Free,7.035539337,0:CENSORED,,No,White,No,0,1,Female,BRCA_LumA,-8,,,,,,,,,,,,,,,,,,,,
TCGA-AN-A0FV,brca_tcga_pan_can_atlas_2018,58,STAGE IIA,7TH,19,BRCA,10,-21479,0,0.32876352,0:DiseaseFree,0.32876352,0:ALIVE OR DEAD TUMOR FREE,Not Hispanic Or Latino,12/28/10,EUR,No,C50.9,8500/3,C50.9,Yes,Yes,,0.32876352,0:LIVING,2e8e70f2-c781-44c2-8f12-1f8c2f536aa3,M0,N0,T2,Tumor Free,0.32876352,0:CENSORED,,No,White,No,16,1,Female,BRCA_Her2,36,,,,,,,,,,,,,,,,,,,,
TCGA-AN-A0FW,brca_tcga_pan_can_atlas_2018,67,STAGE IIIA,,-13,BRCA,11,-24692,0,0.361639872,0:DiseaseFree,0.361639872,0:ALIVE OR DEAD TUMOR FREE,Not Hispanic Or Latino,12/28/10,EUR,No,C50.9,8500/3,C50.9,Yes,Yes,No,0.361639872,0:LIVING,e112b452-8850-4353-bfed-0dbdc243290b,M0,N2,T2,Tumor Free,0.361639872,0:CENSORED,,No,White,No,10,1,Female,BRCA_LumA,0,,,,,,,,,,,,,,,,,,,,
TCGA-AN-A0FX,brca_tcga_pan_can_atlas_2018,52,STAGE IIA,,17,BRCA,10,-19309,0,0.32876352,0:DiseaseFree,0.32876352,0:ALIVE OR DEAD TUMOR FREE,Not Hispanic Or Latino,11/28/10,EUR,No,C50.9,8500/3,C50.9,Yes,Yes,,0.32876352,0:LIVING,13b860c3-8048-4dc9-9eb0-7480bc660837,M0,N0,T2,Tumor Free,0.32876352,0:CENSORED,,No,White,No,12,1,Female,BRCA_Basal,24,,,,,,,,,,,,,,,,,,,,
TCGA-AN-A0FY,brca_tcga_pan_can_atlas_2018,55,STAGE IA,7TH,19,BRCA,10,-20347,0,0.32876352,0:DiseaseFree,0.32876352,0:ALIVE OR DEAD TUMOR FREE,Not Hispanic Or Latino,12/29/10,EUR,No,C50.9,8500/3,C50.9,Yes,Yes,,0.32876352,0:LIVING,de75d0b9-0f47-4732-8df5-05c350cfcd32,M0,N0,T1C,Tumor Free,0.32876352,0:CENSORED,,No,White,No,16,1,Female,BRCA_LumB,8,,,,,,,,,,,,,,,,,,,,
TCGA-AN-A0FZ,brca_tcga_pan_can_atlas_2018,45,STAGE IIIA,,-9,BRCA,10,-16533,0,0.32876352,0:DiseaseFree,0.32876352,0:ALIVE OR DEAD TUMOR FREE,Not Hispanic Or Latino,12/29/10,EUR,No,C50.9,8500/3,C50.9,Yes,Yes,,0.32876352,0:LIVING,8240c4ae-f878-4882-aa07-7857c7ac52cf,M0,N2,T2,Tumor Free,0.32876352,0:CENSORED,,No,White,No,-2,1,Female,BRCA_LumA,-18,,,,,,,,,,,,,,,,,,,,
TCGA-AN-A0G0,brca_tcga_pan_can_atlas_2018,56,STAGE IIA,,11,BRCA,16,-20504,0,0.526021633,0:DiseaseFree,0.526021633,0:ALIVE OR DEAD TUMOR FREE,Not Hispanic Or Latino,12/29/10,EUR,No,C50.9,8500/3,C50.9,Yes,No,,0.526021633,0:LIVING,96312510-c126-485d-8109-ed81844a1dc3,M0,N0,T2,Tumor Free,0.526021633,0:CENSORED,,No,White,Yes,18,1,Female,,12,,,,,,,,,,,,,,,,,,,,
TCGA-AN-A0XL,brca_tcga_pan_can_atlas_2018,61,STAGE IIA,7TH,-31,BRCA,163,-22341,0,5.358845383,0:DiseaseFree,5.358845383,0:ALIVE OR DEAD TUMOR FREE,Not Hispanic Or Latino,3/25/11,EUR,No,C50.9,8500/3,C50.9,Yes,Yes,,5.358845383,0:LIVING,4649dee3-b668-44cd-ab97-3834de3ef8f8,M0,N0,T2,Tumor Free,5.358845383,0:CENSORED,Yes,No,White,No,0,1,Female,BRCA_LumA,-30,,,,,,,,,,,,,,,,,,,,
TCGA-AN-A0XN,brca_tcga_pan_can_atlas_2018,68,STAGE IIIA,7TH,19,BRCA,10,-25029,0,0.32876352,0:DiseaseFree,0.32876352,0:ALIVE OR DEAD TUMOR FREE,Not Hispanic Or Latino,3/25/11,EUR,No,C50.9,8500/3,C50.9,Yes,Yes,,0.32876352,0:LIVING,4e3699da-4367-4a43-9d66-a117d3ad460d,M0,N2,T2,Tumor Free,0.32876352,0:CENSORED,Yes,No,White,No,6,1,Female,BRCA_LumA,10,,,,,,,,,,,,,,,,,,,,
TCGA-AN-A0XO,brca_tcga_pan_can_atlas_2018,59,STAGE IIIA,7TH,-11,BRCA,375,-21640,0,12.32863202,0:DiseaseFree,12.32863202,0:ALIVE OR DEAD TUMOR FREE,Not Hispanic Or Latino,5/1/11,EUR,No,C50.9,8500/3,C50.9,Yes,Yes,,12.32863202,0:LIVING,195b6731-6ae6-416e-a345-0eb8874a0ca2,M0,N2,T2,Tumor Free,12.32863202,0:CENSORED,Yes,No,White,No,0,1,Female,BRCA_LumA,0,,,,,,,,,,,,,,,,,,,,
TCGA-AN-A0XP,brca_tcga_pan_can_atlas_2018,69,STAGE IIIA,7TH,-39,BRCA,9,-25305,0,0.295887168,0:DiseaseFree,0.295887168,0:ALIVE OR DEAD TUMOR FREE,Not Hispanic Or Latino,3/25/11,EUR,No,C50.9,8500/3,C50.9,Yes,Yes,,0.295887168,0:LIVING,cf0e7e4e-b857-4db5-9ae2-551a899f77be,M0,N2,T2,,0.295887168,0:CENSORED,Yes,No,White,No,-12,1,Female,BRCA_LumA,-32,,,,,,,,,,,,,,,,,,,,
TCGA-AN-A0XR,brca_tcga_pan_can_atlas_2018,55,STAGE IIIA,7TH,-7,BRCA,10,-20381,0,0.32876352,0:DiseaseFree,0.32876352,0:ALIVE OR DEAD TUMOR FREE,Not Hispanic Or Latino,3/25/11,EUR,No,C50.9,8500/3,C50.9,Yes,Yes,,0.32876352,0:LIVING,f51af6db-2655-47fb-9ffc-83a503a728ea,M0,N2,T2,,0.32876352,0:CENSORED,Yes,No,White,No,10,1,Female,BRCA_LumB,-8,,,,,,,,,,,,,,,,,,,,
TCGA-AN-A0XS,brca_tcga_pan_can_atlas_2018,63,STAGE IIIA,7TH,-33,BRCA,10,-23358,0,0.32876352,0:DiseaseFree,0.32876352,0:ALIVE OR DEAD TUMOR FREE,Not Hispanic Or Latino,3/28/11,EUR,No,C50.9,8500/3,C50.9,Yes,Yes,No,0.32876352,0:LIVING,95e949d3-b1f3-46c6-9451-8fe92c99e4cf,M0,N2,T2,,0.32876352,0:CENSORED,Yes,No,White,No,-12,1,Female,BRCA_LumA,-32,,,,,,,,,,,,,,,,,,,,
TCGA-AN-A0XT,brca_tcga_pan_can_atlas_2018,54,STAGE IIIA,7TH,-35,BRCA,10,-19794,0,0.32876352,0:DiseaseFree,0.32876352,0:ALIVE OR DEAD TUMOR FREE,Not Hispanic Or Latino,3/28/11,EUR,No,C50.9,8500/3,C50.9,Yes,Yes,,0.32876352,0:LIVING,3e25056d-d137-49f5-abaa-f68509426600,M0,N2,T2,,0.32876352,0:CENSORED,Yes,No,White,No,-14,1,Female,BRCA_LumA,-36,,,,,,,,,,,,,,,,,,,,
TCGA-AN-A0XU,brca_tcga_pan_can_atlas_2018,54,STAGE IIA,7TH,35,BRCA,10,-20052,0,0.32876352,0:DiseaseFree,0.32876352,0:ALIVE OR DEAD TUMOR FREE,Not Hispanic Or Latino,3/28/11,EUR,No,C50.9,8500/3,C50.9,Yes,Yes,,0.32876352,0:LIVING,a1da9db1-db11-4f4d-a249-c738db81b87e,M0,N0,T2,,0.32876352,0:CENSORED,Yes,No,White,No,28,1,Female,BRCA_Basal,30,,,,,,,,,,,,,,,,,,,,
TCGA-AN-A0XV,brca_tcga_pan_can_atlas_2018,67,STAGE IIIA,7TH,-17,BRCA,162,-24779,0,5.325969031,0:DiseaseFree,5.325969031,0:ALIVE OR DEAD TUMOR FREE,Not Hispanic Or Latino,3/29/11,EUR,No,C50.9,8500/3,C50.9,Yes,Yes,No,5.325969031,0:LIVING,ac18b3a3-8d52-4e35-8625-673171a7fd92,M0,N2,T2,,5.325969031,0:CENSORED,Yes,No,White,No,0,1,Female,BRCA_LumA,-26,,,,,,,,,,,,,,,,,,,,
TCGA-AN-A0XW,brca_tcga_pan_can_atlas_2018,36,STAGE IIIA,7TH,-3,BRCA,170,-13208,0,5.588979847,0:DiseaseFree,5.588979847,0:ALIVE OR DEAD TUMOR FREE,Not Hispanic Or Latino,3/29/11,EUR,No,C50.9,8500/3,C50.9,Yes,Yes,No,5.588979847,0:LIVING,39de7761-e762-4811-b95c-8216b79ae06b,M0,N2,T2,,5.588979847,0:CENSORED,Yes,No,White,No,10,1,Female,BRCA_LumA,-18,,,,,,,,,,,,,,,,,,,,
TCGA-AO-A03L,brca_tcga_pan_can_atlas_2018,34,STAGE IIIA,6TH,-7,BRCA,2442,-12443,0,80.28405168,0:DiseaseFree,80.28405168,0:ALIVE OR DEAD TUMOR FREE,Not Hispanic Or Latino,12/7/10,SAS_ADMIX,No,C50.9,8500/3,C50.9,Yes,Yes,,80.28405168,0:LIVING,1174f6e4-ffbe-4e59-a000-8d861c968369,M0,N2,T3,Tumor Free,80.28405168,0:CENSORED,,No,Asian,Yes,16,1,Female,BRCA_LumA,14,,,,,,,,,,,,,,,,,,,,
TCGA-AO-A03M,brca_tcga_pan_can_atlas_2018,29,STAGE I,6TH,9,BRCA,1866,-10616,0,61.34727291,0:DiseaseFree,61.34727291,0:ALIVE OR DEAD TUMOR FREE,Not Hispanic Or Latino,1/9/11,EUR,No,C50.9,8500/3,C50.9,Yes,Yes,No,61.34727291,0:LIVING,095c7985-3842-494f-b591-706ad1cd2133,M0,N0 (I-),T1C,Tumor Free,61.34727291,0:CENSORED,,No,White,No,16,1,Female,BRCA_LumA,16,,,,,,,,,,,,,,,,,,,,
TCGA-AO-A03N,brca_tcga_pan_can_atlas_2018,59,STAGE IIB,6TH,9,BRCA,2031,-21816,0,54.08159911,1:Recurred/Progressed,66.77187099,0:ALIVE OR DEAD TUMOR FREE,Not Hispanic Or Latino,1/13/11,EUR,No,C50.9,8500/3,C50.9,Yes,Yes,Yes,66.77187099,0:LIVING,9435447e-d65f-408b-863b-6576b1d652dd,M0,N1A,T2,With Tumor,54.08159911,1:PROGRESSION,,No,White,No,16,1,Female,BRCA_LumB,18,,,,,,,,,,,,,,,,,,,,
TCGA-AO-A03O,brca_tcga_pan_can_atlas_2018,69,STAGE IIA,,-5,BRCA,,-25362,0,81.63198212,0:DiseaseFree,81.63198212,0:ALIVE OR DEAD TUMOR FREE,Not Hispanic Or Latino,9/19/10,AFR_ADMIX,No,C50.9,8500/3,C50.9,Yes,Yes,,81.63198212,1:DECEASED,1111fb30-46ce-4722-98da-ec9ba2323d90,M0,N0 (I-),T2,Tumor Free,81.63198212,0:CENSORED,,No,Black or African American,No,18,1,Female,BRCA_LumB,-22,,,,,,,,,,,,,,,,,,,,
TCGA-AO-A03P,brca_tcga_pan_can_atlas_2018,54,STAGE IIB,6TH,-15,BRCA,2576,-19724,0,,,95.70306079,1:DEAD WITH TUMOR,Not Hispanic Or Latino,9/19/10,AFR,No,C50.9,8500/3,C50.9,Yes,Yes,Yes,95.70306079,1:DECEASED,2d4c778c-7f77-4f0a-8261-2086accf15fd,M0,N1,T2,With Tumor,63.18834862,1:PROGRESSION,,No,Black or African American,Yes,4,1,Female,BRCA_LumB,-6,,,,,,,,,,,,,,,,,,,,
TCGA-AO-A03R,brca_tcga_pan_can_atlas_2018,57,STAGE IIB,,9,BRCA,2091,-20930,0,68.74445212,0:DiseaseFree,68.74445212,0:ALIVE OR DEAD TUMOR FREE,Not Hispanic Or Latino,9/19/10,EUR,No,C50.9,8500/3,C50.9,Yes,Yes,No,68.74445212,0:LIVING,2e82e576-3095-4aee-9853-65f676647c34,M0,N1A,T2,Tumor Free,68.74445212,0:CENSORED,,No,White,Yes,4,1,Female,BRCA_Normal,-4,,,,,,,,,,,,,,,,,,,,
TCGA-AO-A03T,brca_tcga_pan_can_atlas_2018,42,STAGE IIB,6TH,13,BRCA,1456,-15540,0,69.82937173,0:DiseaseFree,69.82937173,0:ALIVE OR DEAD TUMOR FREE,Not Hispanic Or Latino,9/19/10,EUR,No,C50.9,8500/3,C50.9,Yes,Yes,No,69.82937173,0:LIVING,dd6b64a8-d546-4fd1-bbbd-ac9703791cae,M0,N1A,T2,Tumor Free,69.82937173,0:CENSORED,,No,White,Yes,14,1,Female,BRCA_Normal,-10,,,,,,,,,,,,,,,,,,,,
TCGA-AO-A03U,brca_tcga_pan_can_atlas_2018,31,STAGE I,6TH,-21,BRCA,,-11354,0,58.94729921,0:DiseaseFree,58.94729921,0:ALIVE OR DEAD TUMOR FREE,Not Hispanic Or Latino,1/9/11,EUR,No,C50.9,8502/3,C50.9,Yes,Yes,Yes,58.94729921,1:DECEASED,0685edd2-ce1c-4e0e-8dda-393139af4223,M0,N0 (I-),T1C,Tumor Free,53.06243219,1:PROGRESSION,,No,White,No,-16,1,Female,BRCA_Normal,-26,,,,,,,,,,,,,,,,,,,,
TCGA-AO-A03V,brca_tcga_pan_can_atlas_2018,41,STAGE I,6TH,-21,BRCA,886,-15284,0,44.41595161,0:DiseaseFree,44.41595161,0:ALIVE OR DEAD TUMOR FREE,Not Hispanic Or Latino,1/9/11,EUR,No,C50.9,8500/3,C50.9,Yes,Yes,,44.41595161,0:LIVING,a6cb373a-1604-4e25-bd81-da6c3e4f06ee,M0,N0 (I-),T1C,Tumor Free,44.41595161,0:CENSORED,,No,White,No,-8,1,Female,BRCA_LumA,-18,,,,,,,,,,,,,,,,,,,,
TCGA-AO-A0J2,brca_tcga_pan_can_atlas_2018,41,STAGE IA,,31,BRCA,997,-15324,0,32.77772298,0:DiseaseFree,32.77772298,0:ALIVE OR DEAD TUMOR FREE,Not Hispanic Or Latino,9/19/10,EUR,No,C50.9,8500/3,C50.9,Yes,Yes,No,32.77772298,0:LIVING,d2f2560c-ec80-4fea-9474-c47a2e85ea95,M0,N0 (I-),T1C,Tumor Free,32.77772298,0:CENSORED,,No,White,No,16,1,Female,BRCA_Her2,18,,,,,,,,,,,,,,,,,,,,
TCGA-AO-A0J3,brca_tcga_pan_can_atlas_2018,67,STAGE IIB,,-19,BRCA,651,-24519,0,21.40250518,0:DiseaseFree,21.40250518,0:ALIVE OR DEAD TUMOR FREE,Not Hispanic Or Latino,9/19/10,EUR,No,C50.9,8523/3,C50.9,Yes,Yes,No,21.40250518,0:LIVING,39cde586-df95-435f-b9a6-73b0c0ee5e92,M0,N1B,T2,Tumor Free,21.40250518,0:CENSORED,,No,White,Yes,0,1,Female,BRCA_LumB,-24,,,,,,,,,,,,,,,,,,,,
TCGA-AO-A0J4,brca_tcga_pan_can_atlas_2018,41,STAGE IA,,23,BRCA,1587,-15052,0,52.17477069,0:DiseaseFree,52.17477069,0:ALIVE OR DEAD TUMOR FREE,Not Hispanic Or Latino,9/19/10,AFR,No,C50.9,8500/3,C50.9,Yes,Yes,No,52.17477069,0:LIVING,a9b7d7fe-be31-4f71-afee-c1bfdf511888,M0,N0 (I-),T1C,Tumor Free,52.17477069,0:CENSORED,,No,Black or African American,Yes,20,1,Female,BRCA_Basal,20,,,,,,,,,,,,,,,,,,,,
TCGA-AO-A0J5,brca_tcga_pan_can_atlas_2018,48,STAGE IV,,-33,BRCA,705,-17815,0,,,26.03807082,1:DEAD WITH TUMOR,Not Hispanic Or Latino,12/7/10,EUR,Yes,C50.9,8523/3,C50.9,Yes,Yes,No,26.03807082,1:DECEASED,c1442467-d618-435f-8792-b1a18f696f1a,M1,N1A,T4,With Tumor,26.03807082,1:PROGRESSION,,No,White,Yes,2,1,Female,BRCA_LumA,-48,,,,,,,,,,,,,,,,,,,,
TCGA-AO-A0J6,brca_tcga_pan_can_atlas_2018,61,STAGE IIA,,31,BRCA,1140,-22462,0,37.47904133,0:DiseaseFree,37.47904133,0:ALIVE OR DEAD TUMOR FREE,Not Hispanic Or Latino,9/19/10,EUR,No,C50.9,8500/3,C50.9,Yes,Yes,No,37.47904133,0:LIVING,e9f4f373-37a5-48ad-a1a0-b0d47820111a,M0,N0 (I-),T2,Tumor Free,37.47904133,0:CENSORED,,No,White,Yes,16,1,Female,BRCA_Basal,26,,,,,,,,,,,,,,,,,,,,
TCGA-AO-A0J7,brca_tcga_pan_can_atlas_2018,71,STAGE IIB,,-17,BRCA,618,-26281,0,20.31758556,0:DiseaseFree,20.31758556,0:ALIVE OR DEAD TUMOR FREE,Not Hispanic Or Latino,9/19/10,EUR,No,C50.9,8523/3,C50.9,Yes,Yes,No,20.31758556,0:LIVING,9536bec0-dae0-4d63-a1b3-956741835243,M0,N1,T2,Tumor Free,20.31758556,0:CENSORED,,No,White,Yes,10,1,Female,BRCA_LumB,-12,,,,,,,,,,,,,,,,,,,,
TCGA-AO-A0J8,brca_tcga_pan_can_atlas_2018,61,STAGE IIA,,-29,BRCA,680,-22284,0,22.35591939,0:DiseaseFree,22.35591939,0:ALIVE OR DEAD TUMOR FREE,Not Hispanic Or Latino,9/19/10,EUR,No,C50.9,8520/3,C50.9,Yes,Yes,No,22.35591939,0:LIVING,02bf5203-f9cd-4c5a-97b4-e5584dc22325,M0,N0 (I+),T2,Tumor Free,22.35591939,0:CENSORED,,No,White,Yes,-12,1,Female,BRCA_LumA,-36,,,,,,,,,,,,,,,,,,,,
TCGA-AO-A0J9,brca_tcga_pan_can_atlas_2018,61,STAGE IIIC,,-23,BRCA,1613,-22642,0,35.04619128,1:Recurred/Progressed,53.02955584,0:ALIVE OR DEAD TUMOR FREE,Not Hispanic Or Latino,9/19/10,EUR,No,C50.9,8520/3,C50.9,Yes,Yes,Yes,53.02955584,0:LIVING,a4903de8-6cf5-4541-8ec7-065beace8b44,M0,N3,T2,With Tumor,35.04619128,1:PROGRESSION,,No,White,Yes,4,1,Female,BRCA_LumA,0,,,,,,,,,,,,,,,,,,,,
TCGA-AO-A0JA,brca_tcga_pan_can_atlas_2018,36,STAGE IIIC,,-33,BRCA,655,-13307,0,4.701318342,1:Recurred/Progressed,21.53401059,0:ALIVE OR DEAD TUMOR FREE,Not Hispanic Or Latino,9/19/10,AFR_ADMIX,No,C50.9,8500/3,C50.9,Yes,Yes,Yes,21.53401059,0:LIVING,86b7b206-8e69-432d-acc9-bccce710955e,M0,N3,T2,With Tumor,4.701318342,1:PROGRESSION,,No,Black or African American,No,8,1,Female,BRCA_LumA,-26,,,,,,,,,,,,,,,,,,,,
TCGA-AO-A0JB,brca_tcga_pan_can_atlas_2018,50,STAGE IIIA,,-7,BRCA,1542,-18561,0,50.69533485,0:DiseaseFree,50.69533485,0:ALIVE OR DEAD TUMOR FREE,Not Hispanic Or Latino,9/19/10,EUR,No,C50.9,8500/3,C50.9,Yes,Yes,No,50.69533485,0:LIVING,3ea9412b-429e-4dcf-90cd-c53be06885a1,M0,N1A,T3,Tumor Free,50.69533485,0:CENSORED,,No,White,Yes,2,1,Female,BRCA_Normal,-6,,,,,,,,,,,,,,,,,,,,
TCGA-AO-A0JC,brca_tcga_pan_can_atlas_2018,64,STAGE IIA,,-41,BRCA,1547,-23404,0,50.85971661,0:DiseaseFree,50.85971661,0:ALIVE OR DEAD TUMOR FREE,Not Hispanic Or Latino,9/20/10,EUR,No,C50.9,8500/3,C50.9,Yes,Yes,No,50.85971661,0:LIVING,03565036-b6d3-432f-8d9a-7099818e0788,M0,N0 (I-),T2,Tumor Free,50.85971661,0:CENSORED,,No,White,Yes,-8,1,Female,BRCA_LumA,-66,,,,,,,,,,,,,,,,,,,,
TCGA-AO-A0JD,brca_tcga_pan_can_atlas_2018,59,STAGE IIIA,,7,BRCA,2190,-21831,0,71.99921097,0:DiseaseFree,71.99921097,0:ALIVE OR DEAD TUMOR FREE,Not Hispanic Or Latino,9/20/10,EUR,No,C50.9,8500/3,C50.9,Yes,Yes,No,71.99921097,0:LIVING,0a229f95-0ea1-4d63-953e-74f5ec2f3028,M0,N1A,T3,Tumor Free,71.99921097,0:CENSORED,,No,White,Yes,16,1,Female,BRCA_LumB,14,,,,,,,,,,,,,,,,,,,,
TCGA-AO-A0JE,brca_tcga_pan_can_atlas_2018,53,STAGE IIIA,,-5,BRCA,2335,-19516,0,,,76.76628201,0:ALIVE OR DEAD TUMOR FREE,Not Hispanic Or Latino,9/20/10,AFR,No,C50.9,8500/3,C50.9,Yes,Yes,No,76.76628201,0:LIVING,36fe6152-f61e-4948-9ccc-23ac01a9d77d,M0,N2A,T2,Tumor Free,76.76628201,0:CENSORED,,No,Black or African American,Yes,14,1,Female,BRCA_Her2,8,,,,,,,,,,,,,,,,,,,,
TCGA-AO-A0JF,brca_tcga_pan_can_atlas_2018,68,STAGE IIA,,-35,BRCA,1980,-24923,0,65.09517704,0:DiseaseFree,65.09517704,0:ALIVE OR DEAD TUMOR FREE,Not Hispanic Or Latino,9/20/10,EUR,No,C50.9,8500/3,C50.9,Yes,Yes,No,65.09517704,0:LIVING,f357fe19-5359-4662-8ce9-aa996132283b,M0,N1A,T1C,Tumor Free,65.09517704,0:CENSORED,,No,White,Yes,-14,1,Female,BRCA_LumA,-32,,,,,,,,,,,,,,,,,,,,
TCGA-AO-A0JG,brca_tcga_pan_can_atlas_2018,49,STAGE IIIA,,-39,BRCA,798,-18021,0,,,26.23532893,0:ALIVE OR DEAD TUMOR FREE,Not Hispanic Or Latino,9/20/10,EUR,No,C50.9,8523/3,C50.9,Yes,Yes,No,26.23532893,0:LIVING,58959e88-54e2-4558-9664-2effda7403dc,M0,N2A,T2,Tumor Free,26.23532893,0:CENSORED,,No,White,Yes,-24,1,Female,BRCA_LumA,-42,,,,,,,,,,,,,,,,,,,,
TCGA-AO-A0JI,brca_tcga_pan_can_atlas_2018,56,STAGE IIA,,-27,BRCA,1528,-20694,0,50.23506592,0:DiseaseFree,50.23506592,0:ALIVE OR DEAD TUMOR FREE,Not Hispanic Or Latino,12/7/10,EUR,No,C50.9,8500/3,C50.9,Yes,Yes,No,50.23506592,0:LIVING,e17c565c-9857-4df3-a352-903b53093c85,M0,N1,T1C,Tumor Free,50.23506592,0:CENSORED,,No,White,No,0,1,Female,BRCA_LumA,-32,,,,,,,,,,,,,,,,,,,,
TCGA-AO-A0JJ,brca_tcga_pan_can_atlas_2018,54,STAGE IIB,,-35,BRCA,1887,-19758,0,62.0376763,0:DiseaseFree,62.0376763,0:ALIVE OR DEAD TUMOR FREE,Not Hispanic Or Latino,9/20/10,EUR,No,C50.9,8520/3,C50.9,Yes,Yes,No,62.0376763,0:LIVING,bef7b135-a727-45e8-850a-cc4cd56c49aa,M0,N1A,T2,Tumor Free,62.0376763,0:CENSORED,,No,White,Yes,-6,1,Female,BRCA_LumA,-52,,,,,,,,,,,,,,,,,,,,
TCGA-AO-A0JL,brca_tcga_pan_can_atlas_2018,59,STAGE IIIA,,15,BRCA,1683,-21895,0,55.33090048,0:DiseaseFree,55.33090048,0:ALIVE OR DEAD TUMOR FREE,Not Hispanic Or Latino,9/20/10,EUR,No,C50.9,8500/3,C50.9,Yes,No,No,55.33090048,0:LIVING,d5d8e76e-2f2a-49bc-ba0a-d51283611b16,M0,N2A,T2,Tumor Free,55.33090048,0:CENSORED,,No,White,Yes,16,1,Female,,6,,,,,,,,,,,,,,,,,,,,
TCGA-AO-A0JM,brca_tcga_pan_can_atlas_2018,40,STAGE IIB,,-9,BRCA,2184,-14653,0,71.80195286,0:DiseaseFree,71.80195286,0:ALIVE OR DEAD TUMOR FREE,Hispanic Or Latino,9/20/10,,No,C50.9,8500/3,C50.9,Yes,Yes,No,71.80195286,0:LIVING,44bec761-b603-49c0-8634-f6bfe0319bb1,M0,N1,T2,Tumor Free,71.80195286,0:CENSORED,,No,,Yes,16,1,Female,BRCA_LumB,18,,,,,,,,,,,,,,,,,,,,
TCGA-AO-A124,brca_tcga_pan_can_atlas_2018,38,STAGE IIA,5TH,23,BRCA,3506,-14174,0,115.2644903,0:DiseaseFree,115.2644903,0:ALIVE OR DEAD TUMOR FREE,Not Hispanic Or Latino,12/7/10,EUR,No,C50.9,8523/3,C50.9,Yes,Yes,No,115.2644903,0:LIVING,b094e8b2-8ece-4b36-8025-18073a8b873c,M0,N0 (I-),T2,Tumor Free,115.2644903,0:CENSORED,,No,White,No,12,1,Female,BRCA_Basal,12,,,,,,,,,,,,,,,,,,,,
TCGA-AO-A125,brca_tcga_pan_can_atlas_2018,72,STAGE IIA,5TH,-17,BRCA,3019,-26466,0,113.6206727,0:DiseaseFree,113.6206727,0:ALIVE OR DEAD TUMOR FREE,Not Hispanic Or Latino,12/7/10,AFR,No,C50.9,8050/3,C50.9,Yes,Yes,,113.6206727,0:LIVING,8577ffcb-242e-40e2-98d4-2831d952be34,M0,N0 (I-),T2,Tumor Free,113.6206727,0:CENSORED,,No,Black or African American,No,-4,1,Female,BRCA_LumA,-22,,,,,,,,,,,,,,,,,,,,
TCGA-AO-A126,brca_tcga_pan_can_atlas_2018,39,STAGE IIA,,-9,BRCA,3307,-14264,0,8.777985995,1:Recurred/Progressed,108.7220962,0:ALIVE OR DEAD TUMOR FREE,Not Hispanic Or Latino,12/7/10,EAS,No,C50.9,8500/3,C50.9,Yes,Yes,Yes,108.7220962,0:LIVING,cc0902fd-a2fc-4327-929e-d4219e32e1d7,M0,N0 (I-),T2,Tumor Free,8.777985995,1:PROGRESSION,,No,Asian,Yes,-10,1,Female,BRCA_LumA,-12,,,,,,,,,,,,,,,,,,,,
TCGA-AO-A128,brca_tcga_pan_can_atlas_2018,61,STAGE IIA,,-3,BRCA,3248,-22340,0,106.7823914,0:DiseaseFree,106.7823914,0:ALIVE OR DEAD TUMOR FREE,Not Hispanic Or Latino,12/7/10,EUR,No,C50.9,8500/3,C50.9,Yes,Yes,No,106.7823914,0:LIVING,016caf42-4e19-4444-ab5d-6cf1e76c4afa,M0,N0 (I-),T2,Tumor Free,106.7823914,0:CENSORED,,No,White,Yes,4,1,Female,BRCA_Basal,-46,,,,,,,,,,,,,,,,,,,,
TCGA-AO-A129,brca_tcga_pan_can_atlas_2018,29,STAGE IIB,5TH,33,BRCA,3286,-10898,0,108.0316928,0:DiseaseFree,108.0316928,0:ALIVE OR DEAD TUMOR FREE,Not Hispanic Or Latino,12/8/10,EUR,No,C50.9,8500/3,C50.9,Yes,Yes,No,108.0316928,0:LIVING,c70ee5e1-4703-4996-bb5c-f4cca0fb53ba,M0,N1A,T2,Tumor Free,108.0316928,0:CENSORED,,No,White,Yes,24,1,Female,BRCA_Basal,10,,,,,,,,,,,,,,,,,,,,
TCGA-AO-A12A,brca_tcga_pan_can_atlas_2018,47,STAGE IIA,6TH,-39,BRCA,2755,-17420,0,,,102.3112076,0:ALIVE OR DEAD TUMOR FREE,Not Hispanic Or Latino,12/8/10,EUR,No,C50.9,8500/3,C50.9,Yes,Yes,,102.3112076,0:LIVING,99927651-34be-4795-893a-128d8a1fdb30,M0,N0 (I+),T2,Tumor Free,102.3112076,0:CENSORED,,No,White,No,-6,1,Female,BRCA_LumA,-18,,,,,,,,,,,,,,,,,,,,
TCGA-AO-A12B,brca_tcga_pan_can_atlas_2018,63,STAGE IIA,6TH,-29,BRCA,2989,-23150,0,98.26741625,0:DiseaseFree,98.26741625,0:ALIVE OR DEAD TUMOR FREE,Hispanic Or Latino,12/8/10,,No,C50.9,8500/3,C50.9,Yes,Yes,No,98.26741625,0:LIVING,f6ed684f-ee7a-496c-80d5-6eacd494d16a,M0,N0 (I-),T2,Tumor Free,98.26741625,0:CENSORED,,No,White,No,-14,1,Female,BRCA_LumA,-34,,,,,,,,,,,,,,,,,,,,
TCGA-AO-A12D,brca_tcga_pan_can_atlas_2018,43,STAGE IIA,6TH,-15,BRCA,2515,-15774,0,82.68402538,0:DiseaseFree,82.68402538,0:ALIVE OR DEAD TUMOR FREE,Not Hispanic Or Latino,12/8/10,EUR,No,C50.9,8500/3,C50.9,Yes,Yes,No,82.68402538,0:LIVING,2fe854b4-bac9-4801-9a1c-ee99388e8082,M0,N1A,T1C,Tumor Free,82.68402538,0:CENSORED,,No,White,Yes,6,1,Female,BRCA_Her2,-32,,,,,,,,,,,,,,,,,,,,
TCGA-AO-A12E,brca_tcga_pan_can_atlas_2018,51,STAGE IIB,6TH,-13,BRCA,1743,-18721,0,70.42114607,0:DiseaseFree,70.42114607,0:ALIVE OR DEAD TUMOR FREE,Not Hispanic Or Latino,12/8/10,EUR,No,C50.9,8520/3,C50.9,Yes,Yes,,70.42114607,0:LIVING,2cbeadff-a8a3-4787-9d4e-f6b74c3ab5d9,M0,N0 (I+),T3,Tumor Free,70.42114607,0:CENSORED,,No,White,Yes,12,1,Female,BRCA_LumA,-10,,,,,,,,,,,,,,,,,,,,
TCGA-AO-A12F,brca_tcga_pan_can_atlas_2018,36,STAGE IIA,6TH,11,BRCA,1471,-13409,0,60.55824046,0:DiseaseFree,60.55824046,0:ALIVE OR DEAD TUMOR FREE,Not Hispanic Or Latino,12/8/10,EUR,No,C50.9,8500/3,C50.9,Yes,Yes,,60.55824046,0:LIVING,495f9eda-b9be-4eef-bae1-766a4bfbd68e,M0,N0 (I-),T2,Tumor Free,60.55824046,0:CENSORED,,No,White,Yes,14,1,Female,BRCA_Basal,8,,,,,,,,,,,,,,,,,,,,
TCGA-AO-A12G,brca_tcga_pan_can_atlas_2018,75,STAGE IIA,6TH,-21,BRCA,1266,-27705,0,53.88434099,0:DiseaseFree,53.88434099,0:ALIVE OR DEAD TUMOR FREE,Not Hispanic Or Latino,12/8/10,EUR,No,C50.9,8022/3,C50.9,Yes,Yes,,53.88434099,0:LIVING,58c56d4b-3f85-4aad-a779-5f9e1791677d,M0,N0 (I+),T2,Tumor Free,53.88434099,0:CENSORED,,No,White,No,2,1,Female,BRCA_LumA,-16,,,,,,,,,,,,,,,,,,,,
TCGA-AO-A12H,brca_tcga_pan_can_atlas_2018,69,STAGE IIA,6TH,-27,BRCA,1234,-25515,0,40.56941842,0:DiseaseFree,40.56941842,0:ALIVE OR DEAD TUMOR FREE,Not Hispanic Or Latino,12/8/10,AFR,No,C50.9,8523/3,C50.9,Yes,Yes,No,40.56941842,0:LIVING,b5b99291-507e-4b68-a039-9a0f571f55df,M0,N0 (I-),T2,Tumor Free,40.56941842,0:CENSORED,,No,Black or African American,No,-14,1,Female,BRCA_LumA,-38,,,,,,,,,,,,,,,,,,,,
TCGA-AO-A1KO,brca_tcga_pan_can_atlas_2018,46,STAGE IIB,6TH,-37,BRCA,448,-16817,0,20.44909097,0:DiseaseFree,20.44909097,0:ALIVE OR DEAD TUMOR FREE,Not Hispanic Or Latino,4/1/11,EUR,No,C50.9,8520/3,C50.9,Yes,Yes,,20.44909097,0:LIVING,c25898b4-eb33-42f4-bf3f-bf532a929e7d,M0,N0 (I+),T3,Tumor Free,20.44909097,0:CENSORED,Yes,No,White,No,-18,1,Female,BRCA_Normal,-30,,,,,,,,,,,,,,,,,,,,
TCGA-AO-A1KP,brca_tcga_pan_can_atlas_2018,77,STAGE IIA,6TH,-23,BRCA,2513,-28247,0,97.08386757,0:DiseaseFree,97.08386757,0:ALIVE OR DEAD TUMOR FREE,Not Hispanic Or Latino,4/1/11,EUR,No,C50.9,8500/3,C50.9,Yes,Yes,,97.08386757,0:LIVING,3aaabc62-f5a4-4025-9b29-5adf82c86c84,M0,N1,T1,Tumor Free,97.08386757,0:CENSORED,Yes,No,White,No,8,1,Female,BRCA_LumB,-30,,,,,,,,,,,,,,,,,,,,
TCGA-AO-A1KQ,brca_tcga_pan_can_atlas_2018,84,STAGE IIIB,6TH,13,BRCA,1882,-30859,0,61.87329454,0:DiseaseFree,61.87329454,0:ALIVE OR DEAD TUMOR FREE,Not Hispanic Or Latino,4/1/11,EUR,No,C50.9,8500/3,C50.9,Yes,No,No,61.87329454,0:LIVING,d2219a3f-4c55-4dee-9b08-c6f330dd1acf,M0,N1,T4,Tumor Free,61.87329454,0:CENSORED,Yes,No,White,No,18,1,Male,,16,,,,,,,,,,,,,,,,,,,,
TCGA-AO-A1KR,brca_tcga_pan_can_atlas_2018,51,STAGE IIA,6TH,23,BRCA,2513,-18900,0,82.61827268,0:DiseaseFree,82.61827268,0:ALIVE OR DEAD TUMOR FREE,Not Hispanic Or Latino,9/15/11,EUR,No,C50.9,8500/3,C50.9,Yes,Yes,No,82.61827268,0:LIVING,b7f74ae1-6f58-447c-be50-a7666eb19d9a,M0,N0,T2,Tumor Free,82.61827268,0:CENSORED,Yes,No,White,No,20,1,Female,BRCA_Basal,10,,,,,,,,,,,,,,,,,,,,
TCGA-AO-A1KS,brca_tcga_pan_can_atlas_2018,69,STAGE IIA,7TH,-15,BRCA,16,-25230,0,11.50672321,0:DiseaseFree,11.50672321,0:ALIVE OR DEAD TUMOR FREE,Not Hispanic Or Latino,4/1/11,EUR,No,C50.9,8520/3,C50.9,Yes,Yes,,11.50672321,0:LIVING,bb8d42d3-ad65-4d88-ae1d-f9aadfc7962d,M0,N0 (I-),T2,Tumor Free,11.50672321,0:CENSORED,Yes,No,White,Yes,4,1,Female,BRCA_LumB,-18,,,,,,,,,,,,,,,,,,,,
TCGA-AO-A1KT,brca_tcga_pan_can_atlas_2018,78,STAGE IIA,6TH,23,BRCA,541,-28660,0,17.78610645,0:DiseaseFree,17.78610645,0:ALIVE OR DEAD TUMOR FREE,Not Hispanic Or Latino,4/1/11,EUR,No,C50.9,8500/3,C50.9,Yes,Yes,,17.78610645,0:LIVING,1f8f87cb-8a0b-474c-97fb-c71b4fd88d97,M0,N1,T1,Tumor Free,17.78610645,0:CENSORED,Yes,,White,Yes,20,1,Female,BRCA_LumB,34,,,,,,,,,,,,,,,,,,,,
TCGA-AQ-A04H,brca_tcga_pan_can_atlas_2018,61,STAGE IIIA,6TH,-9,BRCA,754,-22539,0,24.78876944,0:DiseaseFree,24.78876944,0:ALIVE OR DEAD TUMOR FREE,Not Hispanic Or Latino,12/15/10,EUR,No,C50.9,8500/3,C50.9,Yes,Yes,No,24.78876944,0:LIVING,83f943c7-3975-4b4f-985d-9c057741793b,MX,N2A,T2,Tumor Free,24.78876944,0:CENSORED,,No,White,Yes,6,1,Female,BRCA_LumB,-20,,,,,,,,,,,,,,,,,,,,
TCGA-AQ-A04J,brca_tcga_pan_can_atlas_2018,45,STAGE IIA,,15,BRCA,819,-16615,0,26.92573232,0:DiseaseFree,26.92573232,0:ALIVE OR DEAD TUMOR FREE,Not Hispanic Or Latino,10/15/10,EUR,No,C50.9,8500/3,C50.9,Yes,Yes,No,26.92573232,0:LIVING,9938ce5c-e74e-446e-a932-f096f85cc3b1,M0,N0 (I+),T2,Tumor Free,26.92573232,0:CENSORED,,No,White,No,14,1,Female,BRCA_Basal,-6,,,,,,,,,,,,,,,,,,,,
TCGA-AQ-A04L,brca_tcga_pan_can_atlas_2018,48,STAGE IIA,5TH,15,BRCA,3957,-17759,0,130.091725,0:DiseaseFree,130.091725,0:ALIVE OR DEAD TUMOR FREE,Not Hispanic Or Latino,12/15/10,EUR,No,C50.9,8500/3,C50.9,Yes,No,No,130.091725,0:LIVING,78582fbc-dcc7-48ae-9f95-5271c9bc5b72,MX,N0 (I-),T2,Tumor Free,130.091725,0:CENSORED,,No,White,No,10,1,Female,,10,,,,,,,,,,,,,,,,,,,,
TCGA-AQ-A0Y5,brca_tcga_pan_can_atlas_2018,70,STAGE IIIA,7TH,7,BRCA,,-25793,0,5.654732551,0:DiseaseFree,5.654732551,0:ALIVE OR DEAD TUMOR FREE,Not Hispanic Or Latino,4/7/11,EUR,Yes,C50.9,8500/3,C50.9,Yes,Yes,,5.654732551,1:DECEASED,d0b78f3f-a198-437a-ab8c-204345d3b75d,MX,N2A,T2,Tumor Free,5.654732551,0:CENSORED,Yes,Yes,White,No,6,1,Female,BRCA_LumA,16,,,,,,,,,,,,,,,,,,,,
TCGA-AQ-A1H2,brca_tcga_pan_can_atlas_2018,84,STAGE IIIA,7TH,-19,BRCA,475,-30958,0,15.61626722,0:DiseaseFree,15.61626722,0:ALIVE OR DEAD TUMOR FREE,Not Hispanic Or Latino,4/20/11,EUR,No,C50.9,8500/3,C50.9,Yes,Yes,No,15.61626722,0:LIVING,4d120899-9a80-4736-b097-285e9e261bcb,MX,N2A,T2,Tumor Free,15.61626722,0:CENSORED,Yes,No,White,Yes,-10,1,Female,BRCA_LumA,-22,,,,,,,,,,,,,,,,,,,,
TCGA-AQ-A1H3,brca_tcga_pan_can_atlas_2018,49,STAGE IIIC,7TH,-33,BRCA,989,-18177,0,32.51471217,0:DiseaseFree,32.51471217,0:ALIVE OR DEAD TUMOR FREE,Not Hispanic Or Latino,4/20/11,EUR,No,C50.9,8500/3,C50.9,Yes,Yes,No,32.51471217,0:LIVING,82ec33dd-e783-4c74-9a87-797a699e11df,MX,N3A,T2,Tumor Free,32.51471217,0:CENSORED,Yes,No,White,Yes,2,1,Female,BRCA_LumA,-22,,,,,,,,,,,,,,,,,,,,
TCGA-AQ-A54N,brca_tcga_pan_can_atlas_2018,51,STAGE IIA,7TH,-1,BRCA,78,-18741,0,2.564355459,0:DiseaseFree,2.564355459,0:ALIVE OR DEAD TUMOR FREE,Hispanic Or Latino,2/26/13,AFR,No,C50.9,8500/3,C50.9,Yes,No,,2.564355459,0:LIVING,58090433-D8D1-4499-A235-810C3E9D5B74,M0,N0,T2,Tumor Free,2.564355459,0:CENSORED,Yes,Yes,Black or African American,No,4,1,Female,,-10,,,,,,,,,,,,,,,,,,,,
TCGA-AQ-A54O,brca_tcga_pan_can_atlas_2018,51,STAGE IIA,7TH,-17,BRCA,1001,-18694,0,32.90922839,0:DiseaseFree,32.90922839,0:ALIVE OR DEAD TUMOR FREE,Not Hispanic Or Latino,2/26/13,AFR,No,C50.9,8500/3,C50.9,Yes,No,No,32.90922839,0:LIVING,35CA5E2A-861A-4DD2-A4CE-D294CF080DA3,M0,N0,T2,Tumor Free,32.90922839,0:CENSORED,Yes,Yes,Black or African American,No,-10,1,Male,,-16,,,,,,,,,,,,,,,,,,,,
TCGA-AQ-A7U7,brca_tcga_pan_can_atlas_2018,55,STAGE IIIA,7TH,-43,BRCA,304,-20239,0,19.19978959,0:DiseaseFree,19.19978959,0:ALIVE OR DEAD TUMOR FREE,Not Hispanic Or Latino,12/18/13,EUR,No,C50.9,8520/3,C50.9,Yes,Yes,No,19.19978959,1:DECEASED,19015644-9C17-4AE7-A656-0FE8623C04AE,M0,N2A,T2,Tumor Free,19.19978959,0:CENSORED,Yes,Yes,White,Yes,-12,1,Female,BRCA_LumA,-38,,,,,,,,,,,,,,,,,,,,
TCGA-AR-A0TP,brca_tcga_pan_can_atlas_2018,43,STAGE IIA,6TH,21,BRCA,4275,-15812,0,140.546405,0:DiseaseFree,140.546405,0:ALIVE OR DEAD TUMOR FREE,Not Hispanic Or Latino,2/25/11,EUR,No,C50.9,8500/3,C50.9,Yes,Yes,No,140.546405,0:LIVING,ab89bb2e-da84-4116-a8cd-49aad7bbfd4d,M0,N0,T2,,140.546405,0:CENSORED,,No,White,Yes,18,1,Female,BRCA_Basal,8,,,,,,,,,,,,,,,,,,,,
TCGA-AR-A0TQ,brca_tcga_pan_can_atlas_2018,27,STAGE IIIA,6TH,-3,BRCA,2991,-9873,0,98.33316895,0:DiseaseFree,98.33316895,0:ALIVE OR DEAD TUMOR FREE,Not Hispanic Or Latino,3/7/11,EUR,No,C50.9,8500/3,C50.9,Yes,Yes,No,98.33316895,0:LIVING,5dc1bee9-c44d-4fdc-9ae5-83426c4d6880,M0,N1,T3,Tumor Free,98.33316895,0:CENSORED,,No,White,Yes,20,1,Female,BRCA_LumB,0,,,,,,,,,,,,,,,,,,,,
TCGA-AR-A0TR,brca_tcga_pan_can_atlas_2018,68,STAGE IIB,,-35,BRCA,,-25190,0,5.260216326,0:DiseaseFree,5.260216326,,Not Hispanic Or Latino,3/8/11,EUR,No,C50.9,8500/3,C50.9,Yes,Yes,No,5.260216326,1:DECEASED,d1703dbd-5c93-4cf2-a4d1-0d90640882bd,M0,N1,T2,,5.260216326,0:CENSORED,,No,White,No,-18,1,Female,BRCA_LumA,-42,,,,,,,,,,,,,,,,,,,,
TCGA-AR-A0TS,brca_tcga_pan_can_atlas_2018,46,STAGE IIB,6TH,-19,BRCA,2558,-17141,0,84.09770852,0:DiseaseFree,84.09770852,0:ALIVE OR DEAD TUMOR FREE,Not Hispanic Or Latino,3/8/11,EUR,No,C50.9,8500/3,C50.9,Yes,Yes,No,84.09770852,0:LIVING,972447aa-4332-47e7-bddd-2eb699dbb664,M0,N1,T2,,84.09770852,0:CENSORED,,No,White,Yes,6,1,Female,BRCA_Basal,-30,,,,,,,,,,,,,,,,,,,,
TCGA-AR-A0TT,brca_tcga_pan_can_atlas_2018,53,STAGE IIIA,6TH,-19,BRCA,3316,-19679,0,109.0179834,0:DiseaseFree,109.0179834,0:ALIVE OR DEAD TUMOR FREE,,3/8/11,AFR_ADMIX,No,C50.9,8500/3,C50.9,Yes,Yes,No,109.0179834,0:LIVING,13ca97a1-75bb-4a49-b8c3-181e5b2c9e86,M0,N2,T2,,109.0179834,0:CENSORED,,No,Black or African American,Yes,8,1,Female,BRCA_LumB,-34,,,,,,,,,,,,,,,,,,,,
TCGA-AR-A0TU,brca_tcga_pan_can_atlas_2018,35,STAGE IIA,6TH,15,BRCA,709,-13039,0,23.3093336,0:DiseaseFree,23.3093336,0:ALIVE OR DEAD TUMOR FREE,,3/10/11,EUR,No,C50.9,8500/3,C50.9,Yes,No,No,23.3093336,0:LIVING,dfe6db17-cf45-488e-bd3c-b8433d7343ca,M0,N0,T2,Tumor Free,23.3093336,0:CENSORED,,No,,No,14,1,Female,,0,,,,,,,,,,,,,,,,,,,,
TCGA-AR-A0TV,brca_tcga_pan_can_atlas_2018,66,STAGE IIA,6TH,-1,BRCA,2288,-24279,0,75.22109347,0:DiseaseFree,75.22109347,0:ALIVE OR DEAD TUMOR FREE,,3/10/11,EUR,No,C50.9,8500/3,C50.9,Yes,Yes,No,75.22109347,0:LIVING,6439621e-da61-4723-91cc-c5d87d0a4abc,M0,N0,T2,Tumor Free,75.22109347,0:CENSORED,,No,,No,10,1,Female,BRCA_LumB,-26,,,,,,,,,,,,,,,,,,,,
TCGA-AR-A0TW,brca_tcga_pan_can_atlas_2018,50,STAGE IIIA,,-3,BRCA,3009,-18263,0,24.29562416,1:Recurred/Progressed,98.92494329,0:ALIVE OR DEAD TUMOR FREE,Not Hispanic Or Latino,3/10/11,EUR,No,C50.9,8500/3,C50.9,Yes,Yes,No,98.92494329,0:LIVING,8da3d6cf-381b-4d1b-93fa-41fd9d2b2e66,M0,N1,T3,,24.29562416,1:PROGRESSION,,No,White,No,-8,1,Female,BRCA_LumA,-2,,,,,,,,,,,,,,,,,,,,
TCGA-AR-A0TX,brca_tcga_pan_can_atlas_2018,64,STAGE IIA,,-9,BRCA,1972,-23653,0,64.83216622,0:DiseaseFree,64.83216622,0:ALIVE OR DEAD TUMOR FREE,,3/10/11,EUR,No,C50.9,8500/3,C50.9,Yes,Yes,,64.83216622,0:LIVING,c364e81c-eb1e-4870-ab37-9c661f5f2e3d,M0,N1,T1,,64.83216622,0:CENSORED,,No,,Yes,8,1,Female,BRCA_Her2,-24,,,,,,,,,,,,,,,,,,,,
TCGA-AR-A0TY,brca_tcga_pan_can_atlas_2018,54,STAGE IIA,,3,BRCA,,-19836,0,17.88473551,1:Recurred/Progressed,55.85692212,1:DEAD WITH TUMOR,Not Hispanic Or Latino,3/10/11,EUR,No,C50.9,8500/3,C50.9,Yes,Yes,Yes,55.85692212,1:DECEASED,da1c58a7-c6bd-47d9-95c2-8d2ac70e20e4,M0,N0,T2,,17.88473551,1:PROGRESSION,,No,White,No,14,1,Female,BRCA_LumB,2,,,,,,,,,,,,,,,,,,,,
TCGA-AR-A0TZ,brca_tcga_pan_can_atlas_2018,43,STAGE IIIA,,-29,BRCA,2316,-15720,0,43.16665023,1:Recurred/Progressed,107.2426604,,Not Hispanic Or Latino,3/7/11,EUR,No,C50.9,8500/3,C50.9,Yes,Yes,Yes,107.2426604,1:DECEASED,c7c34fd9-3021-45b7-b6ff-30b4196585a8,M1,N2,T2,,43.16665023,1:PROGRESSION,,No,White,Yes,4,1,Female,BRCA_LumA,-24,,,,,,,,,,,,,,,,,,,,
TCGA-AR-A0U0,brca_tcga_pan_can_atlas_2018,73,STAGE IIB,,17,BRCA,1988,-26993,0,65.35818786,0:DiseaseFree,65.35818786,0:ALIVE OR DEAD TUMOR FREE,,3/7/11,EUR,No,C50.9,8500/3,C50.9,Yes,Yes,No,65.35818786,0:LIVING,e3c336f5-c32f-4c5d-81fb-e2408ae145b2,M0,N1,T2,,65.35818786,0:CENSORED,,No,White,Yes,14,1,Female,BRCA_Basal,-2,,,,,,,,,,,,,,,,,,,,
TCGA-AR-A0U1,brca_tcga_pan_can_atlas_2018,36,STAGE IIB,6TH,,BRCA,4052,-13467,0,133.2149785,0:DiseaseFree,133.2149785,0:ALIVE OR DEAD TUMOR FREE,Not Hispanic Or Latino,2/28/11,EUR,No,C50.9,8500/3,C50.9,Yes,No,No,133.2149785,0:LIVING,17d9e646-6ab3-40b3-a0bc-2c834d3c3213,M0,N1,T2,,133.2149785,0:CENSORED,,No,White,Yes,,1,Female,,,,,,,,,,,,,,,,,,,,,,
TCGA-AR-A0U2,brca_tcga_pan_can_atlas_2018,47,STAGE IIIA,,-7,BRCA,,-17390,0,52.89805043,1:Recurred/Progressed,83.86757405,1:DEAD WITH TUMOR,Not Hispanic Or Latino,2/24/11,EUR,No,C50.9,8500/3,C50.9,Yes,Yes,Yes,83.86757405,1:DECEASED,9ad603dc-3fd0-44f5-ae4e-64eeb1ae8d6d,M0,N2,T2,With Tumor,52.89805043,1:PROGRESSION,,No,White,Yes,16,1,Female,BRCA_LumB,-22,,,,,,,,,,,,,,,,,,,,
TCGA-AR-A0U3,brca_tcga_pan_can_atlas_2018,59,STAGE IIB,6TH,-5,BRCA,4080,-21755,0,134.1355163,0:DiseaseFree,134.1355163,0:ALIVE OR DEAD TUMOR FREE,Hispanic Or Latino,2/25/11,EUR,No,C50.9,8500/3,C50.9,Yes,Yes,No,134.1355163,0:LIVING,c5f00132-1c6b-4337-af6f-596c652665cc,M0,N1,T2,,134.1355163,0:CENSORED,,No,White,Yes,14,1,Female,BRCA_LumA,-16,,,,,,,,,,,,,,,,,,,,
TCGA-AR-A0U4,brca_tcga_pan_can_atlas_2018,54,STAGE IIA,6TH,27,BRCA,3261,-19729,0,107.209784,0:DiseaseFree,107.209784,0:ALIVE OR DEAD TUMOR FREE,Not Hispanic Or Latino,3/10/11,EUR,No,C50.9,8500/3,C50.9,Yes,Yes,No,107.209784,0:LIVING,71f97b63-c970-44ee-98c2-e02e663d5a40,M0,N0,T2,,107.209784,0:CENSORED,,No,White,No,22,1,Female,BRCA_Basal,4,,,,,,,,,,,,,,,,,,,,
TCGA-AR-A1AH,brca_tcga_pan_can_atlas_2018,51,STAGE IIB,6TH,13,BRCA,3807,-18991,0,125.1602722,0:DiseaseFree,125.1602722,0:ALIVE OR DEAD TUMOR FREE,Not Hispanic Or Latino,6/13/11,EUR,No,C50.9,8500/3,C50.9,Yes,Yes,No,125.1602722,0:LIVING,a6e11b30-3ae8-4dd1-b04c-a730c6a79746,M0,N1,T2,Tumor Free,37.34753592,1:PROGRESSION,Yes,No,White,No,6,1,Female,BRCA_Basal,12,,,,,,,,,,,,,,,,,,,,
TCGA-AR-A1AI,brca_tcga_pan_can_atlas_2018,47,STAGE IIA,6TH,21,BRCA,3296,-17229,0,19.331295,1:Recurred/Progressed,108.3604563,0:ALIVE OR DEAD TUMOR FREE,Not Hispanic Or Latino,6/15/11,EUR,No,C50.9,8510/3,C50.9,Yes,Yes,No,108.3604563,0:LIVING,9848307d-1bd5-40c1-b655-a33297aaf74f,M0,N0,T2,Tumor Free,19.331295,1:PROGRESSION,Yes,No,White,No,18,1,Female,BRCA_Basal,10,,,,,,,,,,,,,,,,,,,,
TCGA-AR-A1AJ,brca_tcga_pan_can_atlas_2018,83,STAGE I,6TH,11,BRCA,3072,-30489,0,100.9961535,0:DiseaseFree,100.9961535,0:ALIVE OR DEAD TUMOR FREE,Not Hispanic Or Latino,6/13/11,EUR,No,C50.9,8500/3,C50.9,Yes,Yes,No,100.9961535,0:LIVING,23e7a78a-1d56-4ad1-9bb4-72ec0178aff2,M0,N0,T1,Tumor Free,100.9961535,0:CENSORED,Yes,No,White,Yes,8,1,Female,BRCA_Basal,-24,,,,,,,,,,,,,,,,,,,,
TCGA-AR-A1AK,brca_tcga_pan_can_atlas_2018,70,STAGE I,6TH,-27,BRCA,3159,-25825,0,103.8563961,0:DiseaseFree,103.8563961,0:ALIVE OR DEAD TUMOR FREE,Not Hispanic Or Latino,6/15/11,EUR,No,C50.9,8520/3,C50.9,Yes,Yes,No,103.8563961,0:LIVING,94b03e1d-50ec-4680-bffd-7086d1536ff2,M0,N0,T1,Tumor Free,103.8563961,0:CENSORED,Yes,No,White,No,2,1,Female,BRCA_LumA,-26,,,,,,,,,,,,,,,,,,,,
TCGA-AR-A1AL,brca_tcga_pan_can_atlas_2018,60,STAGE IIIA,6TH,-41,BRCA,2971,-22023,0,97.67564191,0:DiseaseFree,97.67564191,0:ALIVE OR DEAD TUMOR FREE,Not Hispanic Or Latino,6/15/11,EUR,No,C50.9,8520/3,C50.9,Yes,Yes,No,97.67564191,0:LIVING,1f99e4d4-4e8b-4cc1-a129-227a2a82780e,M0,N1,T3,Tumor Free,97.67564191,0:CENSORED,Yes,No,White,Yes,-10,1,Female,BRCA_LumA,-32,,,,,,,,,,,,,,,,,,,,
TCGA-AR-A1AM,brca_tcga_pan_can_atlas_2018,52,STAGE IIIA,6TH,-39,BRCA,2991,-19123,0,98.33316895,0:DiseaseFree,98.33316895,0:ALIVE OR DEAD TUMOR FREE,Not Hispanic Or Latino,11/20/12,EUR,No,C50.9,8520/3,C50.9,Yes,No,No,98.33316895,0:LIVING,EBD1512A-4865-4193-97B3-F599D555759A,M0,N1,T3,Tumor Free,98.33316895,0:CENSORED,Yes,No,White,No,-14,1,Female,,-36,,,,,,,,,,,,,,,,,,,,
TCGA-AR-A1AN,brca_tcga_pan_can_atlas_2018,46,STAGE IIA,6TH,-27,BRCA,2920,-16974,0,95.99894796,0:DiseaseFree,95.99894796,0:ALIVE OR DEAD TUMOR FREE,Hispanic Or Latino,6/14/11,EUR,No,C50.9,8500/3,C50.9,Yes,Yes,No,95.99894796,0:LIVING,43029932-feb0-4658-97fa-645c1e775009,M0,N0,T2,Tumor Free,95.99894796,0:CENSORED,Yes,No,White,Yes,-8,1,Female,BRCA_LumA,2,,,,,,,,,,,,,,,,,,,,
TCGA-AR-A1AO,brca_tcga_pan_can_atlas_2018,47,STAGE IIA,6TH,-7,BRCA,2618,-17332,0,86.07028964,0:DiseaseFree,86.07028964,0:ALIVE OR DEAD TUMOR FREE,Not Hispanic Or Latino,6/13/11,EUR,No,C50.9,8500/3,C50.9,Yes,Yes,No,86.07028964,0:LIVING,623befd6-0ca4-4a6c-9cf5-d9385c3b718f,M0,N1,T1,Tumor Free,86.07028964,0:CENSORED,Yes,No,White,Yes,8,1,Female,BRCA_Normal,-8,,,,,,,,,,,,,,,,,,,,
TCGA-AR-A1AP,brca_tcga_pan_can_atlas_2018,80,STAGE I,6TH,-9,BRCA,2856,-29406,0,93.89486143,0:DiseaseFree,93.89486143,0:ALIVE OR DEAD TUMOR FREE,Not Hispanic Or Latino,6/13/11,EUR,No,C50.9,8500/3,C50.9,Yes,Yes,No,93.89486143,0:LIVING,9495f029-9882-4c9b-a557-b3aec9e91698,M0,N0,T1,Tumor Free,93.89486143,0:CENSORED,Yes,No,White,No,4,1,Female,BRCA_LumA,-20,,,,,,,,,,,,,,,,,,,,
TCGA-AR-A1AQ,brca_tcga_pan_can_atlas_2018,49,STAGE IIA,6TH,19,BRCA,3021,-18109,0,99.31945951,0:DiseaseFree,99.31945951,0:ALIVE OR DEAD TUMOR FREE,Not Hispanic Or Latino,6/14/11,EUR,No,C50.9,8500/3,C50.9,Yes,Yes,No,99.31945951,0:LIVING,98e0b4de-52fc-4945-9bf5-11e29368f939,M0,N0,T2,Tumor Free,99.31945951,0:CENSORED,Yes,No,White,Yes,16,1,Female,BRCA_Basal,-10,,,,,,,,,,,,,,,,,,,,
TCGA-AR-A1AR,brca_tcga_pan_can_atlas_2018,50,STAGE IIIA,6TH,7,BRCA,,-18482,0,8.810862347,1:Recurred/Progressed,17.22720847,1:DEAD WITH TUMOR,Not Hispanic Or Latino,6/28/11,EUR,No,C50.9,8500/3,C50.9,Yes,Yes,Yes,17.22720847,1:DECEASED,eda6d2d5-4199-4f76-a45b-1d0401b4e54c,M0,N2,T1,Tumor Free,8.810862347,1:PROGRESSION,,Yes,White,Yes,12,1,Female,BRCA_Basal,-14,,,,,,,,,,,,,,,,,,,,
TCGA-AR-A1AS,brca_tcga_pan_can_atlas_2018,54,STAGE IIB,6TH,11,BRCA,1150,-20028,0,37.80780485,0:DiseaseFree,37.80780485,0:ALIVE OR DEAD TUMOR FREE,,6/14/11,SAS,No,C50.9,8500/3,C50.9,Yes,Yes,No,37.80780485,0:LIVING,7d681cc6-689d-41c8-9e84-e13733089ec9,M0,N1,T2,,37.80780485,0:CENSORED,Yes,No,Asian,Yes,10,1,Female,BRCA_LumA,14,,,,,,,,,,,,,,,,,,,,
TCGA-AR-A1AT,brca_tcga_pan_can_atlas_2018,62,STAGE IIA,6TH,-11,BRCA,,-22942,0,41.8187198,0:DiseaseFree,41.8187198,,Not Hispanic Or Latino,6/14/11,EUR,No,C50.9,8520/3,C50.9,Yes,No,No,41.8187198,1:DECEASED,4d26dada-5eb7-4d4e-8eb8-f5465c5c3428,M0,N0,T2,,41.8187198,0:CENSORED,Yes,No,White,Yes,16,1,Female,,-20,,,,,,,,,,,,,,,,,,,,
TCGA-AR-A1AU,brca_tcga_pan_can_atlas_2018,39,STAGE IIIA,6TH,-17,BRCA,2868,-14564,0,94.28937765,0:DiseaseFree,94.28937765,0:ALIVE OR DEAD TUMOR FREE,Not Hispanic Or Latino,6/14/11,EUR,No,C50.9,8500/3,C50.9,Yes,Yes,No,94.28937765,0:LIVING,36220587-1c1c-4f92-b177-3b2155e7e273,M0,N2,T2,,94.28937765,0:CENSORED,Yes,No,White,Yes,14,1,Female,BRCA_LumA,-28,,,,,,,,,,,,,,,,,,,,
TCGA-AR-A1AV,brca_tcga_pan_can_atlas_2018,68,STAGE IIB,6TH,-41,BRCA,1864,-24875,0,61.2815202,0:DiseaseFree,61.2815202,0:ALIVE OR DEAD TUMOR FREE,Hispanic Or Latino,6/14/11,EUR,No,C50.9,8500/3,C50.9,Yes,No,No,61.2815202,0:LIVING,daf62b56-6dd2-4ab7-adaa-f296bb86a0a5,M0,N1,T2,,61.2815202,0:CENSORED,Yes,No,White,Yes,-4,1,Male,,-42,,,,,,,,,,,,,,,,,,,,
TCGA-AR-A1AW,brca_tcga_pan_can_atlas_2018,65,STAGE IIA,6TH,-31,BRCA,2632,-23855,0,86.53055857,0:DiseaseFree,86.53055857,0:ALIVE OR DEAD TUMOR FREE,Not Hispanic Or Latino,6/14/11,EUR,No,C50.9,8500/3,C50.9,Yes,Yes,No,86.53055857,0:LIVING,a12fd22a-7f84-4b6e-b6d8-012e38eb73d7,M0,N0,T2,,86.53055857,0:CENSORED,Yes,No,White,Yes,14,1,Female,BRCA_LumB,-60,,,,,,,,,,,,,,,,,,,,
TCGA-AR-A1AX,brca_tcga_pan_can_atlas_2018,64,STAGE I,6TH,-27,BRCA,2629,-23507,0,86.43192951,0:DiseaseFree,86.43192951,0:ALIVE OR DEAD TUMOR FREE,Not Hispanic Or Latino,6/14/11,EUR,No,C50.9,8500/3,C50.9,Yes,Yes,No,86.43192951,0:LIVING,f72c1d69-da35-459f-8542-59bfd6c09c23,M0,N0,T1,,86.43192951,0:CENSORED,Yes,No,White,Yes,10,1,Female,BRCA_LumA,-34,,,,,,,,,,,,,,,,,,,,
TCGA-AR-A1AY,brca_tcga_pan_can_atlas_2018,65,STAGE I,6TH,23,BRCA,1026,-23927,0,33.73113719,0:DiseaseFree,33.73113719,0:ALIVE OR DEAD TUMOR FREE,Not Hispanic Or Latino,6/14/11,EUR,No,C50.9,8500/3,C50.9,Yes,Yes,No,33.73113719,0:LIVING,5fd9552a-c742-4388-940d-295d1107ae00,M0,N0,T1,,33.73113719,0:CENSORED,Yes,No,White,Yes,16,1,Female,BRCA_Basal,4,,,,,,,,,,,,,,,,,,,,
TCGA-AR-A24H,brca_tcga_pan_can_atlas_2018,65,STAGE IIA,5TH,-13,BRCA,4894,-24046,0,160.8968669,0:DiseaseFree,160.8968669,0:ALIVE OR DEAD TUMOR FREE,Not Hispanic Or Latino,8/29/11,EUR,No,C50.9,8520/3,C50.9,Yes,Yes,No,160.8968669,0:LIVING,6f89509c-f802-482e-b4da-94553aa76fe9,M0,N0,T2,,160.8968669,0:CENSORED,Yes,No,White,Yes,4,1,Female,BRCA_LumB,-12,,,,,,,,,,,,,,,,,,,,
TCGA-AR-A24K,brca_tcga_pan_can_atlas_2018,46,STAGE IIA,6TH,-17,BRCA,1548,-16961,0,50.89259296,0:DiseaseFree,50.89259296,0:ALIVE OR DEAD TUMOR FREE,,8/12/11,EUR,No,C50.9,8500/3,C50.9,Yes,Yes,No,50.89259296,0:LIVING,599c3701-df7a-4a75-a347-fa9b510dd242,M0,N0,T2,,50.89259296,0:CENSORED,Yes,No,White,Yes,10,1,Female,BRCA_LumB,-14,,,,,,,,,,,,,,,,,,,,
TCGA-AR-A24L,brca_tcga_pan_can_atlas_2018,26,STAGE IIB,6TH,-27,BRCA,2221,-9706,0,46.48716179,1:Recurred/Progressed,94.22362495,1:DEAD WITH TUMOR,Not Hispanic Or Latino,8/12/11,EUR,No,C50.9,8500/3,C50.9,Yes,Yes,Yes,94.22362495,1:DECEASED,de646f6a-6d50-4be2-b3cd-f17554b234df,M0,N1,T2,,46.48716179,1:PROGRESSION,Yes,No,White,Yes,8,1,Female,BRCA_LumA,-14,,,,,,,,,,,,,,,,,,,,
TCGA-AR-A24M,brca_tcga_pan_can_atlas_2018,38,STAGE IIIA,6TH,-37,BRCA,3660,-14119,0,120.3274485,0:DiseaseFree,120.3274485,0:ALIVE OR DEAD TUMOR FREE,Not Hispanic Or Latino,8/12/11,EUR,No,C50.9,8522/3,C50.9,Yes,Yes,No,120.3274485,0:LIVING,aa30ac3d-4216-45dd-a314-1ae192fafcb2,M0,N2,T2,,120.3274485,0:CENSORED,Yes,No,White,Yes,2,1,Female,BRCA_LumA,-26,,,,,,,,,,,,,,,,,,,,
TCGA-AR-A24N,brca_tcga_pan_can_atlas_2018,54,STAGE I,6TH,-19,BRCA,3035,-19989,0,99.77972844,0:DiseaseFree,99.77972844,0:ALIVE OR DEAD TUMOR FREE,Not Hispanic Or Latino,8/16/11,EUR,No,C50.9,8500/3,C50.9,Yes,Yes,No,99.77972844,0:LIVING,30047d32-0833-4aca-98d1-3b9ab7122863,M0,N0,T1,,99.77972844,0:CENSORED,Yes,No,White,No,12,1,Female,BRCA_LumB,-18,,,,,,,,,,,,,,,,,,,,
TCGA-AR-A24O,brca_tcga_pan_can_atlas_2018,43,STAGE IIIA,6TH,-35,BRCA,3607,-15977,0,84.19633757,1:Recurred/Progressed,118.5850018,0:ALIVE OR DEAD TUMOR FREE,Not Hispanic Or Latino,8/16/11,EUR,No,C50.9,8522/3,C50.9,Yes,Yes,Yes,118.5850018,0:LIVING,125b0a9a-6cbe-4207-9178-e7ff03487e87,M0,N2,T3,Tumor Free,84.19633757,1:PROGRESSION,Yes,No,White,Yes,-2,1,Female,BRCA_LumA,-34,,,,,,,,,,,,,,,,,,,,
TCGA-AR-A24P,brca_tcga_pan_can_atlas_2018,47,STAGE I,6TH,-27,BRCA,84,-17490,0,2.761613571,0:DiseaseFree,2.761613571,0:ALIVE OR DEAD TUMOR FREE,Not Hispanic Or Latino,8/16/11,EUR,No,C50.9,8500/3,C50.9,Yes,Yes,No,2.761613571,0:LIVING,d1fd8ed2-be13-4272-b31e-df86911db3b1,M0,N0,T1,,2.761613571,0:CENSORED,Yes,No,White,,4,1,Female,BRCA_LumA,-14,,,,,,,,,,,,,,,,,,,,
TCGA-AR-A24Q,brca_tcga_pan_can_atlas_2018,49,STAGE IIB,6TH,21,BRCA,3172,-18084,0,104.2837887,0:DiseaseFree,104.2837887,0:ALIVE OR DEAD TUMOR FREE,,8/30/11,EUR,No,C50.9,8500/3,C50.9,Yes,Yes,No,104.2837887,0:LIVING,28e9048a-e540-42de-a1f4-4ef894fccc4c,M0,N0,T3,,104.2837887,0:CENSORED,Yes,No,White,Yes,14,1,Female,BRCA_Basal,18,,,,,,,,,,,,,,,,,,,,
TCGA-AR-A24R,brca_tcga_pan_can_atlas_2018,45,STAGE IIIA,6TH,-13,BRCA,3430,-16642,0,112.7658875,0:DiseaseFree,112.7658875,0:ALIVE OR DEAD TUMOR FREE,Not Hispanic Or Latino,8/26/11,EUR,No,C50.9,8500/3,C50.9,Yes,Yes,No,112.7658875,0:LIVING,db62d9c7-8343-4771-84fc-146d2e307bb8,M0,N2,T1,,112.7658875,0:CENSORED,Yes,No,White,Yes,18,1,Female,BRCA_LumB,-12,,,,,,,,,,,,,,,,,,,,
TCGA-AR-A24S,brca_tcga_pan_can_atlas_2018,61,STAGE I,6TH,-13,BRCA,2976,-22587,0,97.84002367,0:DiseaseFree,97.84002367,0:ALIVE OR DEAD TUMOR FREE,Not Hispanic Or Latino,8/30/11,EUR,No,C50.9,8500/3,C50.9,Yes,Yes,No,97.84002367,0:LIVING,074e8b06-3929-4896-9263-3b80ad6a355b,M0,N0,T1,,97.84002367,0:CENSORED,Yes,No,White,Yes,12,1,Female,BRCA_LumB,-24,,,,,,,,,,,,,,,,,,,,
TCGA-AR-A24T,brca_tcga_pan_can_atlas_2018,46,STAGE IIIC,6TH,-37,BRCA,3202,-17135,0,105.2700792,0:DiseaseFree,105.2700792,0:ALIVE OR DEAD TUMOR FREE,Not Hispanic Or Latino,8/30/11,EUR,No,C50.9,8520/3,C50.9,Yes,Yes,No,105.2700792,0:LIVING,9e3de467-fb0d-4021-89f8-b34968a7c7bc,M0,N3,T3,,105.2700792,0:CENSORED,Yes,No,White,Yes,-12,1,Female,BRCA_LumA,-30,,,,,,,,,,,,,,,,,,,,
TCGA-AR-A24U,brca_tcga_pan_can_atlas_2018,47,STAGE IIA,6TH,-7,BRCA,2363,-17523,0,102.8372292,0:DiseaseFree,102.8372292,0:ALIVE OR DEAD TUMOR FREE,Not Hispanic Or Latino,8/26/11,EUR,No,C50.9,8500/3,C50.9,Yes,Yes,No,102.8372292,0:LIVING,241fffc8-4250-4cfa-b2e7-e68c33ae07dc,M0,N1,T1,,102.8372292,0:CENSORED,Yes,No,White,Yes,12,1,Female,BRCA_Her2,-14,,,,,,,,,,,,,,,,,,,,
TCGA-AR-A24V,brca_tcga_pan_can_atlas_2018,52,STAGE IIB,6TH,-17,BRCA,3203,-19027,0,105.3029556,0:DiseaseFree,105.3029556,0:ALIVE OR DEAD TUMOR FREE,Not Hispanic Or Latino,8/29/11,EUR,No,C50.9,8500/3,C50.9,Yes,Yes,No,105.3029556,0:LIVING,3cb06c7a-f2a8-448b-91a8-dd201bbf2ddd,M0,N1,T2,,105.3029556,0:CENSORED,Yes,No,White,Yes,0,1,Female,BRCA_LumA,-10,,,,,,,,,,,,,,,,,,,,
TCGA-AR-A24W,brca_tcga_pan_can_atlas_2018,55,STAGE IIB,6TH,-27,BRCA,991,-20123,0,50.95834566,0:DiseaseFree,50.95834566,0:ALIVE OR DEAD TUMOR FREE,,11/10/11,EUR,No,C50.9,8500/3,C50.9,Yes,Yes,No,50.95834566,0:LIVING,67526f5a-3a30-45b2-aeab-2b21a855063e,M0,N1,T2,,50.95834566,0:CENSORED,Yes,No,White,No,-18,1,Female,BRCA_LumA,-20,,,,,,,,,,,,,,,,,,,,
TCGA-AR-A24X,brca_tcga_pan_can_atlas_2018,52,STAGE IIA,6TH,-35,BRCA,3004,-19030,0,98.76056153,0:DiseaseFree,98.76056153,0:ALIVE OR DEAD TUMOR FREE,,8/30/11,EUR,No,C50.9,8522/3,C50.9,Yes,Yes,No,98.76056153,0:LIVING,491d5ebb-e9ab-4b17-acb8-630ff9fef0f2,M0,N0,T2,,98.76056153,0:CENSORED,Yes,No,White,No,-6,1,Female,BRCA_LumA,-32,,,,,,,,,,,,,,,,,,,,
TCGA-AR-A24Z,brca_tcga_pan_can_atlas_2018,57,STAGE IIA,6TH,-13,BRCA,3001,-20900,0,98.66193247,0:DiseaseFree,98.66193247,0:ALIVE OR DEAD TUMOR FREE,,8/30/11,EUR,No,C50.9,8500/3,C50.9,Yes,Yes,No,98.66193247,0:LIVING,9fefbe7c-f66a-4940-843e-285cb7b392c1,M0,N0,T2,,98.66193247,0:CENSORED,Yes,No,White,No,6,1,Female,BRCA_LumB,-24,,,,,,,,,,,,,,,,,,,,
TCGA-AR-A250,brca_tcga_pan_can_atlas_2018,58,STAGE IIA,6TH,-15,BRCA,2707,-21309,0,88.99628497,0:DiseaseFree,88.99628497,0:ALIVE OR DEAD TUMOR FREE,Not Hispanic Or Latino,8/30/11,EUR,No,C50.9,8500/3,C50.9,Yes,Yes,No,88.99628497,0:LIVING,a0963e93-b63e-4de2-86c1-81302e271d3e,M0,N0,T2,Tumor Free,88.99628497,0:CENSORED,Yes,No,White,No,8,1,Female,BRCA_LumB,-18,,,,,,,,,,,,,,,,,,,,
TCGA-AR-A251,brca_tcga_pan_can_atlas_2018,51,STAGE IIIA,6TH,9,BRCA,3030,-18771,0,99.61534668,0:DiseaseFree,99.61534668,0:ALIVE OR DEAD TUMOR FREE,Not Hispanic Or Latino,8/30/11,EUR,No,C50.9,8500/3,C50.9,Yes,Yes,No,99.61534668,0:LIVING,8c51bbcb-7c8d-47ad-9193-70ca157c6900,M0,N2,T2,,99.61534668,0:CENSORED,Yes,No,White,Yes,10,1,Female,BRCA_Basal,4,,,,,,,,,,,,,,,,,,,,
TCGA-AR-A252,brca_tcga_pan_can_atlas_2018,50,STAGE I,6TH,-35,BRCA,2838,-18611,0,93.30308709,0:DiseaseFree,93.30308709,0:ALIVE OR DEAD TUMOR FREE,Not Hispanic Or Latino,8/30/11,EUR,No,C50.9,8500/3,C50.9,Yes,Yes,No,93.30308709,0:LIVING,4d0fec97-e024-4608-a0cc-426a3decc7b1,M0,N0,T1,,93.30308709,0:CENSORED,Yes,No,White,Yes,-4,1,Female,BRCA_LumA,-48,,,,,,,,,,,,,,,,,,,,
TCGA-AR-A254,brca_tcga_pan_can_atlas_2018,50,STAGE IIIA,6TH,-5,BRCA,2605,-18270,0,85.64289706,0:DiseaseFree,85.64289706,0:ALIVE OR DEAD TUMOR FREE,Not Hispanic Or Latino,8/31/11,EUR,No,C50.9,8500/3,C50.9,Yes,Yes,No,85.64289706,0:LIVING,6014a582-d22e-46e1-9000-c8e2fbad7acf,M0,N2,T2,,85.64289706,0:CENSORED,Yes,No,White,Yes,20,1,Female,BRCA_Her2,4,,,,,,,,,,,,,,,,,,,,
TCGA-AR-A255,brca_tcga_pan_can_atlas_2018,62,STAGE I,6TH,-31,BRCA,2161,-22809,0,71.04579676,0:DiseaseFree,71.04579676,0:ALIVE OR DEAD TUMOR FREE,Not Hispanic Or Latino,8/31/11,EUR,No,C50.9,8500/3,C50.9,Yes,Yes,No,71.04579676,0:LIVING,e8f3cc64-5e15-4f4d-b73e-5c9b250a664c,M0,N0,T1,,71.04579676,0:CENSORED,Yes,No,White,Yes,6,1,Female,BRCA_LumA,-12,,,,,,,,,,,,,,,,,,,,
TCGA-AR-A256,brca_tcga_pan_can_atlas_2018,45,STAGE IIA,5TH,11,BRCA,,-16642,0,53.91721735,1:Recurred/Progressed,93.82910872,,,8/31/11,EUR,No,C50.9,8500/3,C50.9,Yes,Yes,Yes,93.82910872,1:DECEASED,d3d545b3-457f-4389-821f-704cb24aff7f,M0,N0,T2,,53.91721735,1:PROGRESSION,Yes,No,White,No,6,1,Female,BRCA_Basal,12,,,,,,,,,,,,,,,,,,,,
TCGA-AR-A2LE,brca_tcga_pan_can_atlas_2018,69,STAGE I,5TH,-37,BRCA,5062,-25499,0,166.420094,0:DiseaseFree,166.420094,0:ALIVE OR DEAD TUMOR FREE,Not Hispanic Or Latino,1/12/12,EUR,No,C50.9,8520/3,C50.9,Yes,Yes,No,166.420094,0:LIVING,E3FCBF94-D3EF-4A37-AA45-5297F96AF9EB,M0,N0,T1,,138.1793076,1:PROGRESSION,Yes,No,White,Yes,-22,1,Female,BRCA_LumA,-40,,,,,,,,,,,,,,,,,,,,
TCGA-AR-A2LH,brca_tcga_pan_can_atlas_2018,55,STAGE III,6TH,-3,BRCA,,-20288,0,14.26833679,1:Recurred/Progressed,20.25183286,,Not Hispanic Or Latino,1/12/12,EUR,No,C50.9,8520/3,C50.9,Yes,Yes,Yes,20.25183286,1:DECEASED,376FFE63-EFD7-42AF-90E1-261255B28BB7,M0,N3,T3,,14.26833679,1:PROGRESSION,Yes,No,White,Yes,-2,1,Female,BRCA_Normal,-10,,,,,,,,,,,,,,,,,,,,
TCGA-AR-A2LJ,brca_tcga_pan_can_atlas_2018,40,STAGE IIIA,6TH,-15,BRCA,2632,-14723,0,86.53055857,0:DiseaseFree,86.53055857,0:ALIVE OR DEAD TUMOR FREE,Not Hispanic Or Latino,1/12/12,EUR,No,C50.9,8520/3,C50.9,Yes,No,No,86.53055857,0:LIVING,738E1ACC-1F0C-4A96-9C8A-222727EF5AF8,MX,N1,T3,,86.53055857,0:CENSORED,Yes,No,White,Yes,-4,1,Female,,-14,,,,,,,,,,,,,,,,,,,,
TCGA-AR-A2LK,brca_tcga_pan_can_atlas_2018,62,STAGE III,6TH,-17,BRCA,1304,-22800,0,42.87076306,1:Recurred/Progressed,54.21310451,,Not Hispanic Or Latino,1/25/12,EUR,No,C50.9,8520/3,C50.9,Yes,Yes,Yes,54.21310451,1:DECEASED,1B703058-E596-45BC-80FE-8B98D545C2E2,M0,N2,T3,,42.87076306,1:PROGRESSION,Yes,No,White,Yes,10,1,Female,BRCA_LumB,-12,,,,,,,,,,,,,,,,,,,,
TCGA-AR-A2LM,brca_tcga_pan_can_atlas_2018,49,STAGE II,6TH,-43,BRCA,1935,-18053,0,63.6157412,0:DiseaseFree,63.6157412,0:ALIVE OR DEAD TUMOR FREE,Not Hispanic Or Latino,1/12/12,EUR,No,C50.9,8520/3,C50.9,Yes,Yes,No,63.6157412,0:LIVING,0BF6E772-1AA1-4F54-9A50-C1414E2F22F3,M0,N1,T1,,63.6157412,0:CENSORED,Yes,No,White,No,-16,1,Female,BRCA_LumA,-40,,,,,,,,,,,,,,,,,,,,
TCGA-AR-A2LN,brca_tcga_pan_can_atlas_2018,65,STAGE IIA,7TH,-45,BRCA,1161,-23992,0,38.16944472,0:DiseaseFree,38.16944472,0:ALIVE OR DEAD TUMOR FREE,Not Hispanic Or Latino,1/12/12,EUR,No,C50.9,8520/3,C50.9,Yes,Yes,No,38.16944472,0:LIVING,A076F135-BE82-40FA-8516-285ED355C965,M0,N0,T2,,38.16944472,0:CENSORED,Yes,No,White,No,-20,1,Female,BRCA_LumA,-38,,,,,,,,,,,,,,,,,,,,
TCGA-AR-A2LO,brca_tcga_pan_can_atlas_2018,46,STAGE IIB,7TH,-35,BRCA,1198,-17080,0,39.38586974,0:DiseaseFree,39.38586974,0:ALIVE OR DEAD TUMOR FREE,Not Hispanic Or Latino,1/12/12,EUR,No,C50.9,8520/3,C50.9,Yes,Yes,No,39.38586974,0:LIVING,AD0FA961-C085-4F38-B3DB-5FC0CBF6B64F,M0,N1,T2,,39.38586974,0:CENSORED,Yes,No,White,Yes,4,1,Female,BRCA_LumA,-20,,,,,,,,,,,,,,,,,,,,
TCGA-AR-A2LQ,brca_tcga_pan_can_atlas_2018,59,STAGE IIB,7TH,-37,BRCA,1233,-21865,0,40.53654207,0:DiseaseFree,40.53654207,0:ALIVE OR DEAD TUMOR FREE,Not Hispanic Or Latino,1/12/12,EUR,No,C50.9,8520/3,C50.9,Yes,Yes,No,40.53654207,0:LIVING,4229E432-6AC5-49D2-B58A-E8713DDB79BD,M0,N0,T3,,40.53654207,0:CENSORED,Yes,No,White,Yes,-16,1,Female,BRCA_Normal,-22,,,,,,,,,,,,,,,,,,,,
TCGA-AR-A5QM,brca_tcga_pan_can_atlas_2018,62,STAGE IIA,6TH,-29,BRCA,2231,-22780,0,,,73.3471414,0:ALIVE OR DEAD TUMOR FREE,Not Hispanic Or Latino,5/15/13,EUR,No,C50.9,8520/3,C50.9,Yes,Yes,No,73.3471414,0:LIVING,9C895825-D6F6-4D14-A662-23212200F6E5,M0,N0,T2,Tumor Free,31.82430878,1:PROGRESSION,Yes,Yes,White,Yes,-10,1,Female,BRCA_LumA,-4,,,,,,,,,,,,,,,,,,,,
TCGA-AR-A5QN,brca_tcga_pan_can_atlas_2018,68,STAGE IIIC,7TH,-29,BRCA,1013,-25089,0,,,33.30374462,0:ALIVE OR DEAD TUMOR FREE,Not Hispanic Or Latino,5/15/13,EUR,No,C50.9,8520/3,C50.9,Yes,Yes,No,33.30374462,0:LIVING,077506EA-8F11-405D-BB8E-3C9924FE54D0,M0,N3,T2,Tumor Free,33.30374462,0:CENSORED,Yes,No,White,Yes,-4,1,Female,BRCA_LumA,-34,,,,,,,,,,,,,,,,,,,,
TCGA-AR-A5QP,brca_tcga_pan_can_atlas_2018,54,STAGE IIB,7TH,-13,BRCA,1185,-19805,0,,,38.95847717,0:ALIVE OR DEAD TUMOR FREE,Not Hispanic Or Latino,5/15/13,EUR,No,C50.9,8520/3,C50.9,Yes,Yes,No,38.95847717,0:LIVING,3C275152-D04B-440C-9621-2FC05EA977B6,M0,N1,T2,Tumor Free,38.95847717,0:CENSORED,Yes,No,White,Yes,-12,1,Female,BRCA_LumA,-30,,,,,,,,,,,,,,,,,,,,
TCGA-AR-A5QQ,brca_tcga_pan_can_atlas_2018,68,STAGE IIIA,7TH,47,BRCA,,-24841,0,,,10.58618536,1:DEAD WITH TUMOR,Not Hispanic Or Latino,5/15/13,EUR,No,C50.9,8575/3,C50.9,Yes,Yes,Yes,10.58618536,1:DECEASED,3AF31FCF-AD0C-4FD9-A8E3-10F9176B5E9D,M0,N1,T3,Tumor Free,9.895781964,1:PROGRESSION,Yes,No,White,Yes,26,1,Female,BRCA_Basal,78,,,,,,,,,,,,,,,,,,,,
TCGA-B6-A0I1,brca_tcga_pan_can_atlas_2018,73,STAGE IIA,5TH,37,BRCA,,-26902,0,36.82151429,1:Recurred/Progressed,77.62106717,0:ALIVE OR DEAD TUMOR FREE,Not Hispanic Or Latino,1/11/12,AFR_ADMIX,No,C50.9,8500/3,C50.9,Yes,Yes,Yes,77.62106717,1:DECEASED,5DD423E8-FEAA-4568-A750-500948C41D6C,M0,N0,T2,Tumor Free,36.82151429,1:PROGRESSION,Yes,No,Black or African American,No,20,1,Female,BRCA_Basal,24,,,,,,,,,,,,,,,,,,,,
TCGA-B6-A0I2,brca_tcga_pan_can_atlas_2018,45,STAGE IA,4TH,15,BRCA,4361,-16702,0,,,143.3737713,0:ALIVE OR DEAD TUMOR FREE,Not Hispanic Or Latino,11/2/10,EUR,No,C50.9,8500/3,C50.9,Yes,Yes,No,143.3737713,0:LIVING,328dfcb0-b5ae-43f2-bc87-dad0ab3df9e7,M0,N0 (I-),T1C,Tumor Free,143.3737713,0:CENSORED,,No,White,Yes,10,1,Female,BRCA_Basal,6,,,,,,,,,,,,,,,,,,,,
TCGA-B6-A0I5,brca_tcga_pan_can_atlas_2018,49,STAGE IIB,3RD,9,BRCA,8556,-18038,0,281.2900681,0:DiseaseFree,281.2900681,0:ALIVE OR DEAD TUMOR FREE,Not Hispanic Or Latino,11/2/10,EUR,No,C50.9,8500/3,C50.9,Yes,Yes,No,281.2900681,0:LIVING,1a18974d-967c-4727-b42e-12ae7be66589,M0,N1B,T2,Tumor Free,281.2900681,0:CENSORED,,No,White,No,2,1,Female,BRCA_LumA,10,,,,,,,,,,,,,,,,,,,,
TCGA-B6-A0I6,brca_tcga_pan_can_atlas_2018,49,STAGE IIA,3RD,29,BRCA,,-18014,0,28.2407864,1:Recurred/Progressed,32.58046487,1:DEAD WITH TUMOR,Not Hispanic Or Latino,11/2/10,AFR,No,C50.9,8500/3,C50.9,Yes,No,Yes,32.58046487,1:DECEASED,045c13ef-3db7-4adf-b0a3-23338f0479f3,M0,N1,T1C,With Tumor,28.2407864,1:PROGRESSION,,No,Black or African American,No,18,1,Female,,12,,,,,,,,,,,,,,,,,,,,
TCGA-B6-A0I8,brca_tcga_pan_can_atlas_2018,46,STAGE X,4TH,-25,BRCA,,-17073,0,,,24.62438768,1:DEAD WITH TUMOR,Not Hispanic Or Latino,11/2/10,EUR,No,C50.9,8500/3,C50.9,Yes,No,Yes,24.62438768,1:DECEASED,6e6408d6-6c48-4dfc-9f1c-28b7386e87b4,M0,NX,T1,With Tumor,24.52575862,1:PROGRESSION,,Yes,White,No,-12,1,Female,,-10,,,,,,,,,,,,,,,,,,,,
TCGA-B6-A0I9,brca_tcga_pan_can_atlas_2018,62,STAGE IV,3RD,1,BRCA,,-22798,0,,,11.90123944,1:DEAD WITH TUMOR,Not Hispanic Or Latino,11/2/10,EUR,No,C50.9,8500/3,C50.9,Yes,Yes,No,11.90123944,1:DECEASED,44954053-0b93-4577-a436-42777e442300,M1,NX,T3,With Tumor,11.90123944,1:PROGRESSION,,No,White,Yes,16,1,Female,BRCA_Her2,4,,,,,,,,,,,,,,,,,,,,
TCGA-B6-A0IA,brca_tcga_pan_can_atlas_2018,51,STAGE IIA,,3,BRCA,8391,-18748,0,275.86547,0:DiseaseFree,275.86547,0:ALIVE OR DEAD TUMOR FREE,Not Hispanic Or Latino,11/2/10,EUR,No,C50.9,8523/3,C50.9,Yes,Yes,No,275.86547,0:LIVING,0807435a-e75e-4e04-8e45-ed0cd49a841a,M0,N0 (I-),T2,Tumor Free,275.86547,0:CENSORED,,No,White,No,2,1,Female,BRCA_LumA,0,,,,,,,,,,,,,,,,,,,,
TCGA-B6-A0IB,brca_tcga_pan_can_atlas_2018,64,STAGE IV,3RD,-5,BRCA,,-23646,0,,,129.5657034,1:DEAD WITH TUMOR,Not Hispanic Or Latino,11/2/10,EUR,No,C50.9,8500/3,C50.9,Yes,Yes,Yes,129.5657034,1:DECEASED,157ec9e0-ca6e-4da1-9233-f976cf0db433,M1,N3,T3,With Tumor,89.32504849,1:PROGRESSION,,No,White,No,12,1,Female,BRCA_LumB,-2,,,,,,,,,,,,,,,,,,,,
TCGA-B6-A0IC,brca_tcga_pan_can_atlas_2018,90,STAGE X,3RD,-35,BRCA,,-32872,0,50.69533485,0:DiseaseFree,50.69533485,0:ALIVE OR DEAD TUMOR FREE,Not Hispanic Or Latino,11/2/10,EUR,No,C50.9,8503/3,C50.9,Yes,Yes,No,50.69533485,1:DECEASED,b804f7ae-da8f-4414-be11-f880f1859160,MX,NX,T2,,50.69533485,0:CENSORED,,No,White,No,-10,1,Female,BRCA_LumA,-44,,,,,,,,,,,,,,,,,,,,
TCGA-B6-A0IE,brca_tcga_pan_can_atlas_2018,38,STAGE IIIA,4TH,-5,BRCA,,-13982,0,27.4188776,1:Recurred/Progressed,65.52256962,1:DEAD WITH TUMOR,Not Hispanic Or Latino,11/2/10,AFR_ADMIX,No,C50.9,8520/3,C50.9,Yes,Yes,Yes,65.52256962,1:DECEASED,3f834fa7-6d7b-4b85-98c0-5c55d55b6c95,M0,N1B,T3,With Tumor,27.4188776,1:PROGRESSION,,No,Black or African American,Yes,8,1,Female,BRCA_LumA,4,,,,,,,,,,,,,,,,,,,,
TCGA-B6-A0IG,brca_tcga_pan_can_atlas_2018,50,STAGE IIB,4TH,15,BRCA,,-18433,0,,,146.4970247,1:DEAD WITH TUMOR,Not Hispanic Or Latino,11/2/10,EUR,No,C50.9,8500/3,C50.9,Yes,Yes,,146.4970247,1:DECEASED,34ab0cb8-bf19-4cbb-b4eb-3c45ee5aa60b,M0,N1B,T2,With Tumor,146.4970247,1:PROGRESSION,,No,White,Yes,18,1,Female,BRCA_LumA,24,,,,,,,,,,,,,,,,,,,,
TCGA-B6-A0IH,brca_tcga_pan_can_atlas_2018,81,STAGE IIIA,4TH,-39,BRCA,,-29907,0,112.3713713,0:DiseaseFree,112.3713713,,Not Hispanic Or Latino,3/15/11,EUR,No,C50.9,8520/3,C50.9,Yes,Yes,,112.3713713,1:DECEASED,2476dda9-da2a-4242-9642-b92b8b9b1c79,M0,N1B,T3,,112.3713713,0:CENSORED,Yes,No,White,Yes,-16,1,Female,BRCA_LumA,-30,,,,,,,,,,,,,,,,,,,,
TCGA-B6-A0IJ,brca_tcga_pan_can_atlas_2018,42,STAGE IIB,,21,BRCA,7106,-15625,0,233.6193576,0:DiseaseFree,233.6193576,0:ALIVE OR DEAD TUMOR FREE,Not Hispanic Or Latino,11/2/10,AFR,No,C50.9,8500/3,C50.9,Yes,Yes,No,233.6193576,0:LIVING,2c86c3ea-d926-4d39-a5ae-39ece4774287,M0,N0 (I-),T3,Tumor Free,233.6193576,0:CENSORED,,No,Black or African American,No,10,1,Female,BRCA_Basal,6,,,,,,,,,,,,,,,,,,,,
TCGA-B6-A0IK,brca_tcga_pan_can_atlas_2018,63,STAGE IIIB,4TH,19,BRCA,,-23150,0,16.07653615,1:Recurred/Progressed,18.77239702,1:DEAD WITH TUMOR,Not Hispanic Or Latino,11/2/10,EUR,No,C50.9,8500/3,C50.9,Yes,Yes,Yes,18.77239702,1:DECEASED,0491063c-14a7-4104-8002-1459126332f3,M0,N1,T4,With Tumor,16.07653615,1:PROGRESSION,,No,White,No,20,1,Female,BRCA_Her2,34,,,,,,,,,,,,,,,,,,,,
TCGA-B6-A0IM,brca_tcga_pan_can_atlas_2018,75,STAGE IIB,4TH,-19,BRCA,3836,-27557,0,127.3301115,0:DiseaseFree,127.3301115,0:ALIVE OR DEAD TUMOR FREE,Not Hispanic Or Latino,11/2/10,AFR,No,C50.9,8523/3,C50.9,Yes,Yes,No,127.3301115,1:DECEASED,5a4b7098-1f6a-49e9-b364-29d6d34f5bd5,M0,N0 (I-),T3,Tumor Free,127.3301115,0:CENSORED,,No,Black or African American,No,8,1,Female,BRCA_LumA,-28,,,,,,,,,,,,,,,,,,,,
TCGA-B6-A0IN,brca_tcga_pan_can_atlas_2018,45,STAGE X,4TH,7,BRCA,,-16705,0,46.42140908,1:Recurred/Progressed,84.5908538,1:DEAD WITH TUMOR,Not Hispanic Or Latino,11/2/10,EUR,No,C50.9,8523/3,C50.9,Yes,Yes,Yes,84.5908538,1:DECEASED,16a8d916-ad46-4690-b1a5-3b2b323f4336,MX,NX,T1C,With Tumor,46.42140908,1:PROGRESSION,,No,White,No,0,1,Female,BRCA_LumB,-8,,,,,,,,,,,,,,,,,,,,
TCGA-B6-A0IO,brca_tcga_pan_can_atlas_2018,66,STAGE IIA,,-13,BRCA,5042,-24322,0,165.762567,0:DiseaseFree,165.762567,0:ALIVE OR DEAD TUMOR FREE,Not Hispanic Or Latino,11/2/10,EUR,No,C50.9,8500/3,C50.9,Yes,Yes,No,165.762567,0:LIVING,04af44fc-c487-4005-b3cb-cb64815824a2,M0,N0 (I-),T2,Tumor Free,165.762567,0:CENSORED,,No,White,No,12,1,Female,BRCA_LumA,-24,,,,,,,,,,,,,,,,,,,,
TCGA-B6-A0IP,brca_tcga_pan_can_atlas_2018,74,STAGE IA,,-31,BRCA,3374,-27047,0,129.0725581,0:DiseaseFree,129.0725581,0:ALIVE OR DEAD TUMOR FREE,Not Hispanic Or Latino,11/2/10,EUR,No,C50.9,8520/3,C50.9,Yes,Yes,No,129.0725581,1:DECEASED,1402082d-25c9-4148-8a1e-f58450b706bb,M0,N0 (I-),T1C,Tumor Free,129.0725581,0:CENSORED,Yes,No,White,,-2,1,Female,BRCA_LumA,-30,,,,,,,,,,,,,,,,,,,,
TCGA-B6-A0IQ,brca_tcga_pan_can_atlas_2018,40,STAGE IIIA,4TH,31,BRCA,4285,-14669,0,140.8751685,0:DiseaseFree,140.8751685,0:ALIVE OR DEAD TUMOR FREE,Not Hispanic Or Latino,11/2/10,EUR,No,C50.9,8500/3,C50.9,Yes,Yes,No,140.8751685,0:LIVING,01eef340-598c-4205-a990-cec190ac2ca5,M0,N1B,T3,Tumor Free,140.8751685,0:CENSORED,,No,White,Yes,14,1,Female,BRCA_Basal,12,,,,,,,,,,,,,,,,,,,,
TCGA-B6-A0RE,brca_tcga_pan_can_atlas_2018,61,STAGE X,,27,BRCA,7777,-22449,0,255.6793898,0:DiseaseFree,255.6793898,0:ALIVE OR DEAD TUMOR FREE,Not Hispanic Or Latino,11/2/10,AFR_ADMIX,No,C50.9,8500/3,C50.9,Yes,Yes,No,255.6793898,0:LIVING,08da7c4c-3067-4bcf-9d7a-78566df72e69,M0,N0 (I-),TX,Tumor Free,255.6793898,0:CENSORED,,No,Black or African American,Yes,10,1,Female,BRCA_Basal,24,,,,,,,,,,,,,,,,,,,,
TCGA-B6-A0RG,brca_tcga_pan_can_atlas_2018,26,STAGE IIB,4TH,-21,BRCA,2082,-9840,0,68.44856495,0:DiseaseFree,68.44856495,0:ALIVE OR DEAD TUMOR FREE,Not Hispanic Or Latino,11/2/10,EUR,No,C50.9,8500/3,C50.9,Yes,Yes,No,68.44856495,0:LIVING,9b13927c-7357-44fd-8385-92ae6a656b7d,M0,N0 (I-),T3,Tumor Free,68.44856495,0:CENSORED,,No,White,No,4,1,Female,BRCA_LumA,-4,,,,,,,,,,,,,,,,,,,,
TCGA-B6-A0RH,brca_tcga_pan_can_atlas_2018,51,STAGE IIA,6TH,17,BRCA,5749,-18759,0,71.17730217,1:Recurred/Progressed,212.2497288,0:ALIVE OR DEAD TUMOR FREE,Not Hispanic Or Latino,3/15/11,AFR,No,C50.9,8500/3,C50.9,Yes,Yes,No,212.2497288,1:DECEASED,c3148e68-1739-4334-abda-1dcbc2166846,M0,N0 (I-),T2,Tumor Free,71.17730217,1:PROGRESSION,Yes,No,Black or African American,No,12,1,Female,BRCA_Her2,22,,,,,,,,,,,,,,,,,,,,
TCGA-B6-A0RI,brca_tcga_pan_can_atlas_2018,44,STAGE IIIB,3RD,-15,BRCA,7126,-16138,0,36.16398724,1:Recurred/Progressed,234.2768846,0:ALIVE OR DEAD TUMOR FREE,Not Hispanic Or Latino,11/2/10,EUR,No,C50.9,8500/3,C50.9,Yes,Yes,Yes,234.2768846,0:LIVING,bfd55808-dddd-44c3-97d7-41600497b992,M0,N1B,T4B,With Tumor,36.16398724,1:PROGRESSION,,No,White,Yes,12,1,Female,BRCA_LumA,-18,,,,,,,,,,,,,,,,,,,,
TCGA-B6-A0RL,brca_tcga_pan_can_atlas_2018,60,STAGE IIA,4TH,-1,BRCA,,-22238,0,81.17171319,0:DiseaseFree,81.17171319,0:ALIVE OR DEAD TUMOR FREE,Not Hispanic Or Latino,11/2/10,AFR,No,C50.9,8500/3,C50.9,Yes,Yes,No,81.17171319,1:DECEASED,5562455d-bbb8-46eb-a510-e8c6e1e26789,M0,N0 (I-),T2,Tumor Free,81.17171319,0:CENSORED,,No,Black or African American,No,8,1,Female,BRCA_LumB,2,,,,,,,,,,,,,,,,,,,,
TCGA-B6-A0RM,brca_tcga_pan_can_atlas_2018,57,STAGE X,4TH,-13,BRCA,,-21047,0,,,78.01558339,0:ALIVE OR DEAD TUMOR FREE,Not Hispanic Or Latino,11/2/10,AFR_ADMIX,No,C50.9,8500/3,C50.9,Yes,Yes,No,78.01558339,1:DECEASED,151f3677-6854-4265-9126-d92c646c67ae,MX,NX,TX,Tumor Free,78.01558339,0:CENSORED,,No,Black or African American,No,-2,1,Female,BRCA_LumA,-18,,,,,,,,,,,,,,,,,,,,
TCGA-B6-A0RN,brca_tcga_pan_can_atlas_2018,60,STAGE IA,,-37,BRCA,8008,-22077,0,263.2738271,0:DiseaseFree,263.2738271,0:ALIVE OR DEAD TUMOR FREE,Not Hispanic Or Latino,11/2/10,EUR,No,C50.9,8500/3,C50.9,Yes,Yes,No,263.2738271,0:LIVING,2199b7a1-bd47-4bb5-b36a-a3e291e3e259,M0,N0 (I-),T1C,Tumor Free,263.2738271,0:CENSORED,,No,White,Yes,-16,1,Female,BRCA_LumA,-34,,,,,,,,,,,,,,,,,,,,
TCGA-B6-A0RO,brca_tcga_pan_can_atlas_2018,71,STAGE IIIB,4TH,-17,BRCA,4929,-26269,0,162.0475392,0:DiseaseFree,162.0475392,0:ALIVE OR DEAD TUMOR FREE,Not Hispanic Or Latino,11/2/10,EUR,No,C50.9,8500/3,C50.9,Yes,Yes,No,162.0475392,0:LIVING,0b172e29-6166-4863-803d-a0a010887c11,M0,N1A,T4,Tumor Free,162.0475392,0:CENSORED,,No,White,No,-10,1,Female,BRCA_LumA,0,,,,,,,,,,,,,,,,,,,,
TCGA-B6-A0RP,brca_tcga_pan_can_atlas_2018,73,STAGE IIIB,4TH,-41,BRCA,,-26941,0,91.62639314,1:Recurred/Progressed,102.7714765,1:DEAD WITH TUMOR,Not Hispanic Or Latino,11/2/10,EUR,No,C50.9,8522/3,C50.9,Yes,Yes,Yes,102.7714765,1:DECEASED,451e1a67-47e6-4738-99d7-fb7771ef61a3,M0,N1B,T2,,91.62639314,1:PROGRESSION,,No,White,No,-20,1,Female,BRCA_LumA,-42,,,,,,,,,,,,,,,,,,,,
TCGA-B6-A0RQ,brca_tcga_pan_can_atlas_2018,68,STAGE IIB,4TH,-39,BRCA,,-25010,0,140.2833942,0:DiseaseFree,140.2833942,0:ALIVE OR DEAD TUMOR FREE,Not Hispanic Or Latino,3/15/11,EUR,No,C50.9,8520/3,C50.9,Yes,Yes,No,140.2833942,1:DECEASED,caa9b533-24b4-4ecd-9159-c165de049f6a,M0,N0 (I-),T3,Tumor Free,140.2833942,0:CENSORED,Yes,No,White,No,-22,1,Female,BRCA_Normal,-52,,,,,,,,,,,,,,,,,,,,
TCGA-B6-A0RS,brca_tcga_pan_can_atlas_2018,38,STAGE IIA,3RD,17,BRCA,,-14134,0,67.10063451,1:Recurred/Progressed,100.7002663,1:DEAD WITH TUMOR,Not Hispanic Or Latino,11/2/10,EUR,No,C50.9,8500/3,C50.9,Yes,Yes,Yes,100.7002663,1:DECEASED,9416ff9b-6f29-4554-b04d-b537a3ae3969,M0,N0 (I-),T2,With Tumor,67.10063451,1:PROGRESSION,,No,White,No,22,1,Female,BRCA_Her2,28,,,,,,,,,,,,,,,,,,,,
TCGA-B6-A0RT,brca_tcga_pan_can_atlas_2018,39,STAGE IIIA,4TH,-9,BRCA,2721,-14374,0,,,89.4565539,0:ALIVE OR DEAD TUMOR FREE,Not Hispanic Or Latino,11/3/10,EUR,No,C50.9,8500/3,C50.9,Yes,Yes,No,89.4565539,0:LIVING,4bf50455-9ab7-4521-a791-089f66d3b877,M0,N1,T3,Tumor Free,89.4565539,0:CENSORED,,No,White,Yes,10,1,Female,BRCA_Basal,-40,,,,,,,,,,,,,,,,,,,,
TCGA-B6-A0RU,brca_tcga_pan_can_atlas_2018,40,STAGE IA,3RD,23,BRCA,8605,-14920,0,101.1276589,1:Recurred/Progressed,282.9010093,0:ALIVE OR DEAD TUMOR FREE,Not Hispanic Or Latino,11/2/10,EUR,No,C50.9,8523/3,C50.9,Yes,Yes,No,282.9010093,0:LIVING,6956473b-92e5-4069-a26b-b48e280e76f2,M0,N0 (I-),T1C,Tumor Free,101.1276589,1:PROGRESSION,,No,White,Yes,14,1,Female,BRCA_Basal,20,,,,,,,,,,,,,,,,,,,,
TCGA-B6-A0RV,brca_tcga_pan_can_atlas_2018,42,STAGE IIIA,4TH,-23,BRCA,5156,-15507,0,169.5104711,0:DiseaseFree,169.5104711,0:ALIVE OR DEAD TUMOR FREE,Not Hispanic Or Latino,11/2/10,EUR,No,C50.9,8522/3,C50.9,Yes,Yes,No,169.5104711,0:LIVING,cd3faa15-743c-476f-ab0d-f205b14126b6,M0,N2,T3,Tumor Free,169.5104711,0:CENSORED,,No,White,Yes,-4,1,Female,BRCA_LumA,-30,,,,,,,,,,,,,,,,,,,,
TCGA-B6-A0WS,brca_tcga_pan_can_atlas_2018,58,STAGE X,4TH,-21,BRCA,,-21230,0,,,97.4783838,0:ALIVE OR DEAD TUMOR FREE,Not Hispanic Or Latino,3/15/11,AFR_ADMIX,No,C50.9,8500/3,C50.9,Yes,Yes,No,97.4783838,1:DECEASED,197741de-a098-4f04-bb37-8ea8b3bb39bc,MX,NX,T1C,Tumor Free,97.4783838,0:CENSORED,No,No,Black or African American,No,0,1,Female,BRCA_LumA,-36,,,,,,,,,,,,,,,,,,,,
TCGA-B6-A0WT,brca_tcga_pan_can_atlas_2018,61,STAGE IIB,4TH,-33,BRCA,5739,-22362,0,126.9684716,1:Recurred/Progressed,188.6773844,0:ALIVE OR DEAD TUMOR FREE,Not Hispanic Or Latino,12/14/10,EUR,No,C50.9,8500/3,C50.9,Yes,Yes,Yes,188.6773844,0:LIVING,d7195183-9fe4-4b17-bcfd-9367d2e539ce,M0,N1,T2,Tumor Free,126.9684716,1:PROGRESSION,,No,White,No,10,1,Female,BRCA_LumA,-24,,,,,,,,,,,,,,,,,,,,
TCGA-B6-A0WV,brca_tcga_pan_can_atlas_2018,67,STAGE IIB,4TH,3,BRCA,,-24803,0,79.46214288,0:DiseaseFree,79.46214288,0:ALIVE OR DEAD TUMOR FREE,Not Hispanic Or Latino,12/14/10,EUR,No,C50.9,8500/3,C50.9,Yes,Yes,No,79.46214288,1:DECEASED,7588a286-6935-424a-bc5f-92e24c83eb37,M0,N1B,T2,Tumor Free,79.46214288,0:CENSORED,,No,White,No,24,1,Female,BRCA_LumB,10,,,,,,,,,,,,,,,,,,,,
TCGA-B6-A0WW,brca_tcga_pan_can_atlas_2018,58,STAGE X,4TH,-23,BRCA,,-21479,0,14.69572936,1:Recurred/Progressed,18.34500444,1:DEAD WITH TUMOR,Not Hispanic Or Latino,12/14/10,AFR,No,C50.9,8500/3,C50.9,Yes,Yes,Yes,18.34500444,1:DECEASED,f02931f8-d72a-481d-b532-8b141dab115f,MX,N1B,T2,With Tumor,14.69572936,1:PROGRESSION,,No,Black or African American,Yes,4,1,Female,BRCA_LumB,-26,,,,,,,,,,,,,,,,,,,,
TCGA-B6-A0WX,brca_tcga_pan_can_atlas_2018,40,STAGE IIIA,5TH,-9,BRCA,,-14784,0,18.5093862,1:Recurred/Progressed,21.00798895,1:DEAD WITH TUMOR,Not Hispanic Or Latino,12/14/10,AFR,No,C50.9,8520/3,C50.9,Yes,Yes,Yes,21.00798895,1:DECEASED,a482fc4c-ff1d-46a0-a968-7df06422cc4b,M0,N1B,T3,With Tumor,18.5093862,1:PROGRESSION,,No,Black or African American,No,2,1,Female,BRCA_Basal,-30,,,,,,,,,,,,,,,,,,,,
TCGA-B6-A0WY,brca_tcga_pan_can_atlas_2018,40,STAGE IIIA,4TH,-29,BRCA,,-14778,0,66.11434395,1:Recurred/Progressed,113.7850544,1:DEAD WITH TUMOR,Not Hispanic Or Latino,12/14/10,EUR,No,C50.9,8500/3,C50.9,Yes,Yes,Yes,113.7850544,1:DECEASED,f475d460-75cd-4fe9-aa54-c90be12b4ef8,M0,N1B,T3,With Tumor,66.11434395,1:PROGRESSION,,No,White,Yes,-10,1,Female,BRCA_LumA,0,,,,,,,,,,,,,,,,,,,,
TCGA-B6-A0WZ,brca_tcga_pan_can_atlas_2018,50,STAGE II,4TH,3,BRCA,6292,-18584,0,206.858007,0:DiseaseFree,206.858007,0:ALIVE OR DEAD TUMOR FREE,Not Hispanic Or Latino,12/14/10,AFR_ADMIX,No,C50.9,8500/3,C50.9,Yes,Yes,Yes,206.858007,0:LIVING,08740d7f-5a5e-4dfa-bd48-7fbf228a7a28,M0,N1B,T2,Tumor Free,168.2282934,1:PROGRESSION,,No,Black or African American,Yes,10,1,Female,BRCA_LumA,12,,,,,,,,,,,,,,,,,,,,
TCGA-B6-A0X0,brca_tcga_pan_can_atlas_2018,54,STAGE I,4TH,-33,BRCA,,-19802,0,129.6972088,0:DiseaseFree,129.6972088,,Not Hispanic Or Latino,3/15/11,EUR,No,C50.919,8201/3,C50.9,Yes,Yes,No,129.6972088,1:DECEASED,1e68e760-a4cf-4100-bf9c-e50fa8d126f6,M0,N0 (I-),T1C,,129.6972088,0:CENSORED,Yes,No,White,No,-8,1,Female,BRCA_LumA,-32,,,,,,,,,,,,,,,,,,,,
TCGA-B6-A0X1,brca_tcga_pan_can_atlas_2018,48,STAGE IIB,4TH,17,BRCA,5677,-17624,0,16.1094125,1:Recurred/Progressed,245.0932045,0:ALIVE OR DEAD TUMOR FREE,Not Hispanic Or Latino,12/14/10,EUR,No,C50.9,8500/3,C50.9,Yes,Yes,No,245.0932045,1:DECEASED,178b2c48-c07d-422e-ae17-8bcfd996ad51,M1,N1,T2,Tumor Free,16.1094125,1:PROGRESSION,,No,White,No,10,1,Female,BRCA_Basal,-8,,,,,,,,,,,,,,,,,,,,
TCGA-B6-A0X4,brca_tcga_pan_can_atlas_2018,62,STAGE IIB,4TH,-9,BRCA,,-22688,0,23.53946806,1:Recurred/Progressed,28.27366275,1:DEAD WITH TUMOR,Not Hispanic Or Latino,12/14/10,EUR,No,C50.9,8500/3,C50.9,Yes,Yes,Yes,28.27366275,1:DECEASED,4e42fdc5-2a8b-49e9-87ef-6db7a6692d08,M0,N1B,T2,With Tumor,23.53946806,1:PROGRESSION,,No,White,No,-2,1,Female,BRCA_LumA,-16,,,,,,,,,,,,,,,,,,,,
TCGA-B6-A0X5,brca_tcga_pan_can_atlas_2018,61,STAGE IIB,4TH,-11,BRCA,,-22380,0,44.15294079,1:Recurred/Progressed,68.94171023,1:DEAD WITH TUMOR,Not Hispanic Or Latino,12/14/10,AFR_ADMIX,No,C50.9,8500/3,C50.9,Yes,Yes,Yes,68.94171023,1:DECEASED,4e6edfe6-adcb-4c12-8ff4-38a79f5887e8,M0,N1B,T2,With Tumor,44.15294079,1:PROGRESSION,,No,Black or African American,No,20,1,Female,BRCA_LumB,-32,,,,,,,,,,,,,,,,,,,,
TCGA-B6-A0X7,brca_tcga_pan_can_atlas_2018,62,STAGE X,4TH,-35,BRCA,,-22723,0,,,58.55278298,0:ALIVE OR DEAD TUMOR FREE,Not Hispanic Or Latino,12/14/10,EUR,No,C50.9,8500/3,C50.9,Yes,Yes,Yes,58.55278298,1:DECEASED,5b9a5cd2-5ec8-48a0-b9f2-da9bede0b089,MX,NX,T1C,,36.29549265,1:PROGRESSION,,No,White,Yes,-18,1,Female,BRCA_LumA,-38,,,,,,,,,,,,,,,,,,,,
TCGA-B6-A1KC,brca_tcga_pan_can_atlas_2018,67,STAGE IIB,6TH,-23,BRCA,1326,-24791,0,43.59404281,0:DiseaseFree,43.59404281,0:ALIVE OR DEAD TUMOR FREE,Not Hispanic Or Latino,7/19/11,EUR,No,C50.9,8500/3,C50.9,Yes,Yes,No,43.59404281,0:LIVING,1502c7d7-1535-4e56-9f34-30623acd50d5,M0,N1,T2,Tumor Free,43.59404281,0:CENSORED,Yes,No,White,Yes,10,1,Female,BRCA_LumB,-40,,,,,,,,,,,,,,,,,,,,
TCGA-B6-A1KF,brca_tcga_pan_can_atlas_2018,68,STAGE IIB,5TH,13,BRCA,3088,-24891,0,101.5221751,0:DiseaseFree,101.5221751,0:ALIVE OR DEAD TUMOR FREE,Not Hispanic Or Latino,7/19/11,EUR,No,C50.9,8500/3,C50.9,Yes,Yes,No,101.5221751,0:LIVING,f30eb65f-fb44-4062-ac39-a38d072f655f,M0,N1,T2,Tumor Free,101.5221751,0:CENSORED,Yes,No,White,Yes,18,1,Female,BRCA_Basal,2,,,,,,,,,,,,,,,,,,,,
TCGA-B6-A1KI,brca_tcga_pan_can_atlas_2018,63,STAGE I,6TH,-35,BRCA,2236,-23031,0,73.51152316,0:DiseaseFree,73.51152316,0:ALIVE OR DEAD TUMOR FREE,Not Hispanic Or Latino,7/19/11,EUR,No,C50.9,8500/3,C50.9,Yes,Yes,No,73.51152316,0:LIVING,1dafdd64-527d-4d46-bbdf-7a97774f881b,M0,N0,T1C,Tumor Free,73.51152316,0:CENSORED,Yes,No,White,Yes,-16,1,Female,BRCA_LumA,-26,,,,,,,,,,,,,,,,,,,,
TCGA-B6-A1KN,brca_tcga_pan_can_atlas_2018,57,STAGE IIIB,5TH,-17,BRCA,4233,-21183,0,139.1655982,0:DiseaseFree,139.1655982,0:ALIVE OR DEAD TUMOR FREE,Not Hispanic Or Latino,7/19/11,EUR,No,C50.9,8500/3,C50.9,Yes,Yes,No,139.1655982,0:LIVING,271404de-24e8-43f6-806b-fb510c1124c4,M0,N1,T4B,Tumor Free,139.1655982,0:CENSORED,Yes,No,White,Yes,8,1,Female,BRCA_LumB,-10,,,,,,,,,,,,,,,,,,,,
TCGA-B6-A2IU,brca_tcga_pan_can_atlas_2018,62,STAGE IIA,5TH,-31,BRCA,5176,-22905,0,170.1679982,0:DiseaseFree,170.1679982,0:ALIVE OR DEAD TUMOR FREE,Hispanic Or Latino,1/11/12,EUR,No,C50.9,8520/3,C50.9,Yes,Yes,Yes,170.1679982,0:LIVING,9857BE0C-AECA-4A43-90B1-0535BD08E086,M0,N0,T2,,138.869711,1:PROGRESSION,Yes,No,White,Yes,-4,1,Female,BRCA_LumA,-28,,,,,,,,,,,,,,,,,,,,
TCGA-B6-A3ZX,brca_tcga_pan_can_atlas_2018,50,STAGE IV,6TH,-19,BRCA,1132,-18434,0,,,37.87355755,1:DEAD WITH TUMOR,Not Hispanic Or Latino,9/20/12,AFR,No,C50.9,8522/3,C50.9,Yes,No,Yes,37.87355755,1:DECEASED,9434687A-197C-4959-B6B8-9C05F1DD7F53,M1,N1,T3,With Tumor,32.67909393,1:PROGRESSION,Yes,No,Black or African American,Yes,2,1,Female,,-44,,,,,,,,,,,,,,,,,,,,
TCGA-B6-A400,brca_tcga_pan_can_atlas_2018,43,STAGE IIIA,6TH,21,BRCA,215,-16022,0,7.068415689,0:DiseaseFree,7.068415689,0:ALIVE OR DEAD TUMOR FREE,Not Hispanic Or Latino,9/20/12,AFR,No,C50.9,8500/3,C50.9,Yes,No,No,7.068415689,0:LIVING,D9A1C06F-7B50-46B0-878E-89E8C31863AE,M0,N2A,T2,Tumor Free,7.068415689,0:CENSORED,Yes,No,Black or African American,Yes,16,1,Female,,44,,,,,,,,,,,,,,,,,,,,
TCGA-B6-A401,brca_tcga_pan_can_atlas_2018,47,STAGE IIA,6TH,-9,BRCA,2596,-17438,0,85.3470099,0:DiseaseFree,85.3470099,0:ALIVE OR DEAD TUMOR FREE,Not Hispanic Or Latino,9/20/12,AFR_ADMIX,No,C50.9,8500/3,C50.9,Yes,Yes,No,85.3470099,0:LIVING,48FF0420-0F19-4E9D-A75D-6C54949A461A,M0,N1A,T1C,Tumor Free,85.3470099,0:CENSORED,Yes,No,Black or African American,No,-8,1,Female,BRCA_LumA,-6,,,,,,,,,,,,,,,,,,,,
TCGA-B6-A402,brca_tcga_pan_can_atlas_2018,47,STAGE I,6TH,13,BRCA,2134,-17314,0,49.84054969,1:Recurred/Progressed,74.990959,0:ALIVE OR DEAD TUMOR FREE,Not Hispanic Or Latino,9/20/12,AFR,No,C50.9,8500/3,C50.9,Yes,No,Yes,74.990959,0:LIVING,75B3FE55-1A63-426E-867E-2EF52F54778D,M0,N0 (I-),T1C,With Tumor,49.84054969,1:PROGRESSION,Yes,No,Black or African American,Yes,14,1,Female,,16,,,,,,,,,,,,,,,,,,,,
TCGA-B6-A408,brca_tcga_pan_can_atlas_2018,55,STAGE IIIC,6TH,-17,BRCA,2072,-20102,0,68.11980143,0:DiseaseFree,68.11980143,0:ALIVE OR DEAD TUMOR FREE,Not Hispanic Or Latino,9/20/12,AFR,No,C50.9,8522/3,C50.9,Yes,No,No,68.11980143,0:LIVING,9964F447-92AD-4D1E-AF20-11CF84FAB7B0,M0,N3A,T2,Tumor Free,68.11980143,0:CENSORED,Yes,No,Black or African American,Yes,-10,1,Female,,-16,,,,,,,,,,,,,,,,,,,,
TCGA-B6-A409,brca_tcga_pan_can_atlas_2018,44,STAGE IIIA,6TH,17,BRCA,,-16178,0,14.99161653,1:Recurred/Progressed,18.83814972,1:DEAD WITH TUMOR,Not Hispanic Or Latino,9/20/12,AFR,No,C50.9,8500/3,C50.9,Yes,Yes,Yes,18.83814972,1:DECEASED,5362CBC4-CD28-4AFD-A8AC-1A4C2C33CAD2,M0,N2A,T1C,With Tumor,14.99161653,1:PROGRESSION,Yes,No,Black or African American,No,10,1,Female,BRCA_Basal,14,,,,,,,,,,,,,,,,,,,,
TCGA-B6-A40B,brca_tcga_pan_can_atlas_2018,76,STAGE I,6TH,-11,BRCA,3152,-27811,0,103.6262616,0:DiseaseFree,103.6262616,0:ALIVE OR DEAD TUMOR FREE,Not Hispanic Or Latino,9/20/12,EUR,No,C50.9,8520/3,C50.9,Yes,Yes,No,103.6262616,0:LIVING,8539E15F-BA40-4219-AAEB-08D0AB101311,M0,N0 (I-),T1B,Tumor Free,103.6262616,0:CENSORED,Yes,No,White,No,-4,1,Female,BRCA_LumA,12,,,,,,,,,,,,,,,,,,,,
TCGA-B6-A40C,brca_tcga_pan_can_atlas_2018,51,STAGE IIB,6TH,-15,BRCA,2164,-18852,0,71.14442582,0:DiseaseFree,71.14442582,0:ALIVE OR DEAD TUMOR FREE,Not Hispanic Or Latino,9/20/12,EUR,No,C50.9,8520/3,C50.9,Yes,Yes,No,71.14442582,0:LIVING,FD0B1B8B-1A76-480A-B61C-D176E4E02C6B,M0,N0 (I-),T3,Tumor Free,71.14442582,0:CENSORED,Yes,No,White,Yes,8,1,Female,BRCA_LumA,-8,,,,,,,,,,,,,,,,,,,,
TCGA-BH-A0AU,brca_tcga_pan_can_atlas_2018,45,STAGE IIA,6TH,-21,BRCA,1914,-16688,0,62.92533781,0:DiseaseFree,62.92533781,0:ALIVE OR DEAD TUMOR FREE,Not Hispanic Or Latino,7/27/11,EUR,No,C50.9,8500/3,C50.9,Yes,Yes,No,62.92533781,0:LIVING,360d1d6d-cf3e-4c78-b36f-ef5e3160aa6b,M0,N0,T2,Tumor Free,62.92533781,0:CENSORED,Yes,No,White,Yes,22,1,Female,BRCA_LumB,-28,,,,,,,,,,,,,,,,,,,,
TCGA-BH-A0AV,brca_tcga_pan_can_atlas_2018,52,STAGE I,6TH,27,BRCA,1820,-19314,0,59.83496071,0:DiseaseFree,59.83496071,0:ALIVE OR DEAD TUMOR FREE,,8/2/11,AFR_ADMIX,No,C50.9,8500/3,C50.9,Yes,Yes,No,59.83496071,0:LIVING,790ff5db-b7f3-4946-aaed-305f66b1dd6a,M0,N0,T1C,Tumor Free,59.83496071,0:CENSORED,Yes,No,Black or African American,Yes,20,1,Female,BRCA_Basal,8,,,,,,,,,,,,,,,,,,,,
TCGA-BH-A0AW,brca_tcga_pan_can_atlas_2018,56,STAGE IIA,,3,BRCA,622,-20468,0,20.44909097,0:DiseaseFree,20.44909097,0:ALIVE OR DEAD TUMOR FREE,,11/3/10,EUR,No,C50.9,8500/3,C50.9,Yes,Yes,No,20.44909097,0:LIVING,c5891c7a-fd24-4891-8f51-373967e4a6dd,M0,N1A,T1C,Tumor Free,20.44909097,0:CENSORED,,No,White,Yes,10,1,Female,BRCA_Her2,10,,,,,,,,,,,,,,,,,,,,
TCGA-BH-A0AY,brca_tcga_pan_can_atlas_2018,62,STAGE IIA,,-7,BRCA,777,-22703,0,25.54492554,0:DiseaseFree,25.54492554,0:ALIVE OR DEAD TUMOR FREE,,11/3/10,EUR,No,C50.9,8500/3,C50.9,Yes,Yes,No,25.54492554,0:LIVING,93ed6066-b567-4e1c-ab81-23370f9d3452,M0,N0 (I-),T2,Tumor Free,25.54492554,0:CENSORED,,No,White,No,0,1,Female,BRCA_LumA,-12,,,,,,,,,,,,,,,,,,,,
TCGA-BH-A0AZ,brca_tcga_pan_can_atlas_2018,47,STAGE IIIA,6TH,-39,BRCA,1919,-17465,0,63.08971957,0:DiseaseFree,63.08971957,0:ALIVE OR DEAD TUMOR FREE,Not Hispanic Or Latino,7/27/11,EUR,No,C50.9,8500/3,C50.9,Yes,Yes,No,63.08971957,0:LIVING,518f231c-f5f9-4a39-a97b-7fd5666d3e50,CM0 (I+),N1A,T3,Tumor Free,63.08971957,0:CENSORED,Yes,No,White,No,-12,1,Female,BRCA_LumA,-28,,,,,,,,,,,,,,,,,,,,
TCGA-BH-A0B0,brca_tcga_pan_can_atlas_2018,56,STAGE I,6TH,-17,BRCA,2477,-20776,0,81.434724,0:DiseaseFree,81.434724,0:ALIVE OR DEAD TUMOR FREE,,7/27/11,AFR_ADMIX,No,C50.9,8500/3,C50.9,Yes,Yes,No,81.434724,0:LIVING,66af34ea-f471-4092-aff6-9ac9a5b75b11,M0,N0,T1C,Tumor Free,81.434724,0:CENSORED,Yes,No,Black or African American,Yes,-4,1,Female,BRCA_LumA,-28,,,,,,,,,,,,,,,,,,,,
TCGA-BH-A0B1,brca_tcga_pan_can_atlas_2018,66,STAGE IIB,,-11,BRCA,1148,-24315,0,37.74205214,0:DiseaseFree,37.74205214,0:ALIVE OR DEAD TUMOR FREE,,11/3/10,EUR,No,C50.9,8500/3,C50.9,Yes,No,No,37.74205214,0:LIVING,b4e4fea2-b802-4a86-923e-3fcbd3c708fe,M0,N1A,T2,Tumor Free,37.74205214,0:CENSORED,,No,White,Yes,6,1,Female,,-18,,,,,,,,,,,,,,,,,,,,
TCGA-BH-A0B2,brca_tcga_pan_can_atlas_2018,43,STAGE I,6TH,,BRCA,1242,-15917,0,,,,,Not Hispanic Or Latino,7/14/11,EUR,No,C50.9,8500/3,C50.9,Yes,No,,40.81498521,0:LIVING,57a1604c-60b7-4b30-a75e-f70939532c5c,M0,N0,T1A,Tumor Free,,,Yes,Yes,White,,,1,Female,,,,,,,,,,,,,,,,,,,,,,
TCGA-BH-A0B3,brca_tcga_pan_can_atlas_2018,53,STAGE IIB,,37,BRCA,1203,-19479,0,39.5502515,0:DiseaseFree,39.5502515,0:ALIVE OR DEAD TUMOR FREE,,11/3/10,EUR,No,C50.9,8500/3,C50.9,Yes,Yes,No,39.5502515,0:LIVING,18eb4dfc-556f-4bf3-a411-4780209ed1e0,M0,N1A,T2,Tumor Free,39.5502515,0:CENSORED,,No,White,Yes,30,1,Female,BRCA_Basal,42,,,,,,,,,,,,,,,,,,,,
TCGA-BH-A0B4,brca_tcga_pan_can_atlas_2018,65,STAGE IIIA,,-7,BRCA,1191,-23980,0,39.15573528,0:DiseaseFree,39.15573528,0:ALIVE OR DEAD TUMOR FREE,,11/4/10,EUR,No,C50.9,8500/3,C50.9,Yes,No,No,39.15573528,0:LIVING,c710f4ab-fbd9-42ed-95d4-4e6d51207f38,M0,N2,T2,Tumor Free,39.15573528,0:CENSORED,,No,White,Yes,6,1,Male,,12,,,,,,,,,,,,,,,,,,,,
TCGA-BH-A0B5,brca_tcga_pan_can_atlas_2018,40,STAGE IIIA,6TH,-31,BRCA,2136,-14920,0,,,70.22388796,0:ALIVE OR DEAD TUMOR FREE,Not Hispanic Or Latino,8/2/11,EUR,No,C50.9,8520/3,C50.9,Yes,Yes,No,70.22388796,0:LIVING,9da462b0-93c2-4305-89f6-7199a30399a7,M0,N2A,T2,Tumor Free,70.22388796,0:CENSORED,Yes,No,White,Yes,6,1,Female,BRCA_LumA,-32,,,,,,,,,,,,,,,,,,,,
TCGA-BH-A0B7,brca_tcga_pan_can_atlas_2018,42,STAGE IIB,6TH,-9,BRCA,2559,-15593,0,84.13058487,0:DiseaseFree,84.13058487,0:ALIVE OR DEAD TUMOR FREE,Not Hispanic Or Latino,8/4/11,EUR,No,C50.9,8500/3,C50.9,Yes,Yes,No,84.13058487,0:LIVING,214a4507-d974-4b3e-8525-7408fccc6a0f,M0,N1A,T2,Tumor Free,84.13058487,0:CENSORED,Yes,No,White,Yes,4,1,Female,BRCA_Her2,-14,,,,,,,,,,,,,,,,,,,,
TCGA-BH-A0B8,brca_tcga_pan_can_atlas_2018,64,STAGE I,,-33,BRCA,1569,-23380,0,51.58299635,0:DiseaseFree,51.58299635,0:ALIVE OR DEAD TUMOR FREE,,11/3/10,EUR,No,C50.9,8500/3,C50.9,Yes,No,No,51.58299635,0:LIVING,d3a75976-67d3-40fa-9f6f-cf2a3d7b773c,M0,N0 (I-),T1B,Tumor Free,51.58299635,0:CENSORED,,No,White,Yes,0,1,Female,,-14,,,,,,,,,,,,,,,,,,,,
TCGA-BH-A0B9,brca_tcga_pan_can_atlas_2018,44,STAGE IA,,33,BRCA,1572,-16310,0,51.68162541,0:DiseaseFree,51.68162541,0:ALIVE OR DEAD TUMOR FREE,,11/4/10,EUR,No,C50.9,8500/3,C50.9,Yes,Yes,No,51.68162541,0:LIVING,5a57dc25-d252-4b22-b192-4de630d7002f,M0,N0 (I-),T1C,Tumor Free,51.68162541,0:CENSORED,,No,White,Yes,12,1,Female,BRCA_Basal,8,,,,,,,,,,,,,,,,,,,,
TCGA-BH-A0BA,brca_tcga_pan_can_atlas_2018,51,STAGE IIIC,,-23,BRCA,1132,-18839,0,37.21603051,0:DiseaseFree,37.21603051,0:ALIVE OR DEAD TUMOR FREE,,11/4/10,EUR,No,C50.9,8522/3,C50.9,Yes,Yes,No,37.21603051,0:LIVING,49dc3e68-6206-4f16-969f-a758cc7be8ed,M0,N3A,T3,Tumor Free,37.21603051,0:CENSORED,,No,White,Yes,2,1,Female,BRCA_LumA,-14,,,,,,,,,,,,,,,,,,,,
TCGA-BH-A0BC,brca_tcga_pan_can_atlas_2018,60,STAGE IIIC,,-3,BRCA,974,-21949,0,32.02156689,0:DiseaseFree,32.02156689,0:ALIVE OR DEAD TUMOR FREE,,11/4/10,EUR,No,C50.9,8500/3,C50.9,Yes,Yes,,32.02156689,0:LIVING,327a2395-85c8-42e1-9638-8e037a1723ed,M0,N3,T2,Tumor Free,32.02156689,0:CENSORED,,No,White,Yes,12,1,Female,BRCA_LumA,-20,,,,,,,,,,,,,,,,,,,,
TCGA-BH-A0BD,brca_tcga_pan_can_atlas_2018,47,STAGE IIA,6TH,-11,BRCA,554,-17275,0,18.21349903,0:DiseaseFree,18.21349903,0:ALIVE OR DEAD TUMOR FREE,,11/4/10,EUR,No,C50.9,8500/3,C50.9,Yes,Yes,No,18.21349903,0:LIVING,b379bfb8-284e-4300-8325-85cfd6809cb8,M0,N1A,T1C,Tumor Free,18.21349903,0:CENSORED,,No,White,Yes,14,1,Female,BRCA_LumB,-24,,,,,,,,,,,,,,,,,,,,
TCGA-BH-A0BF,brca_tcga_pan_can_atlas_2018,56,STAGE IIB,6TH,-27,BRCA,782,-20691,0,43.5282901,0:DiseaseFree,43.5282901,0:ALIVE OR DEAD TUMOR FREE,Not Hispanic Or Latino,8/5/11,EUR,No,C50.9,8500/3,C50.9,Yes,Yes,No,43.5282901,1:DECEASED,e6b79d7a-ed6b-459a-b040-d142616e7ab4,M0,N1MI,T2,Tumor Free,43.5282901,0:CENSORED,Yes,No,White,No,20,1,Female,BRCA_LumB,-24,,,,,,,,,,,,,,,,,,,,
TCGA-BH-A0BG,brca_tcga_pan_can_atlas_2018,73,STAGE I,6TH,-9,BRCA,1871,-26988,0,61.51165467,0:DiseaseFree,61.51165467,0:ALIVE OR DEAD TUMOR FREE,Not Hispanic Or Latino,8/8/11,EUR,No,C50.9,8500/3,C50.9,Yes,Yes,No,61.51165467,0:LIVING,4f608829-ffc4-4527-886e-6bc764ab29f5,M0,N0,T1,Tumor Free,61.51165467,0:CENSORED,Yes,No,White,Yes,4,1,Female,BRCA_Basal,-18,,,,,,,,,,,,,,,,,,,,
TCGA-BH-A0BJ,brca_tcga_pan_can_atlas_2018,41,STAGE IIB,,-27,BRCA,660,-15027,0,21.69839235,0:DiseaseFree,21.69839235,0:ALIVE OR DEAD TUMOR FREE,,11/8/10,EUR,No,C50.9,8500/3,C50.9,Yes,Yes,,21.69839235,0:LIVING,d6f911b5-e895-43f8-8f86-0ac2f1bc6fae,M0,N1A,T2,Tumor Free,21.69839235,0:CENSORED,,No,White,Yes,-18,1,Female,BRCA_LumA,-44,,,,,,,,,,,,,,,,,,,,
TCGA-BH-A0BL,brca_tcga_pan_can_atlas_2018,35,STAGE I,6TH,13,BRCA,2278,-12841,0,74.89232995,0:DiseaseFree,74.89232995,0:ALIVE OR DEAD TUMOR FREE,Not Hispanic Or Latino,8/8/11,EUR,No,C50.9,8500/3,C50.9,Yes,Yes,No,74.89232995,0:LIVING,92b5de82-0221-4df1-8094-80f40c0bb4fa,M0,N0,T1C,Tumor Free,74.89232995,0:CENSORED,Yes,No,White,No,14,1,Female,BRCA_Basal,2,,,,,,,,,,,,,,,,,,,,
TCGA-BH-A0BM,brca_tcga_pan_can_atlas_2018,54,STAGE IIB,6TH,-21,BRCA,1876,-20049,0,61.67603643,0:DiseaseFree,61.67603643,0:ALIVE OR DEAD TUMOR FREE,,11/8/10,EUR,No,C50.9,8500/3,C50.9,Yes,Yes,No,61.67603643,0:LIVING,c2aeee6c-ba10-4cf9-b560-c739580f7bf3,M0,N1A,T2,Tumor Free,61.67603643,0:CENSORED,,No,White,No,-18,1,Female,BRCA_LumA,-30,,,,,,,,,,,,,,,,,,,,
TCGA-BH-A0BO,brca_tcga_pan_can_atlas_2018,54,STAGE I,6TH,-23,BRCA,2197,-19767,0,72.22934543,0:DiseaseFree,72.22934543,0:ALIVE OR DEAD TUMOR FREE,Not Hispanic Or Latino,8/9/11,EUR,No,C50.9,8500/3,C50.9,Yes,Yes,No,72.22934543,0:LIVING,26573441-eedb-4364-966c-e7f803deef19,M0,N0,T1B,Tumor Free,72.22934543,0:CENSORED,Yes,No,White,Yes,-16,1,Female,BRCA_LumA,-10,,,,,,,,,,,,,,,,,,,,
TCGA-BH-A0BP,brca_tcga_pan_can_atlas_2018,76,STAGE I,6TH,-17,BRCA,1481,-27917,0,75.48410428,0:DiseaseFree,75.48410428,0:ALIVE OR DEAD TUMOR FREE,Not Hispanic Or Latino,8/9/11,EUR,No,C50.9,8500/3,C50.9,Yes,Yes,No,75.48410428,1:DECEASED,f251cb6c-d18e-4691-9c82-24ed1ac0abf9,M0,N0,T1C,Tumor Free,75.48410428,0:CENSORED,Yes,No,White,Yes,-12,1,Female,BRCA_LumA,-6,,,,,,,,,,,,,,,,,,,,
TCGA-BH-A0BQ,brca_tcga_pan_can_atlas_2018,39,STAGE I,6TH,-27,BRCA,2255,-14494,0,56.18568564,1:Recurred/Progressed,74.13617385,0:ALIVE OR DEAD TUMOR FREE,Not Hispanic Or Latino,8/10/11,EUR,No,C50.9,8500/3,C50.9,Yes,Yes,Yes,74.13617385,0:LIVING,b3bb8fd6-ee54-4813-b042-2bbe70115382,M0,N0,T1C,Tumor Free,56.18568564,1:PROGRESSION,Yes,No,White,No,-6,1,Female,BRCA_LumA,-18,,,,,,,,,,,,,,,,,,,,
TCGA-BH-A0BR,brca_tcga_pan_can_atlas_2018,59,STAGE I,6TH,15,BRCA,2330,-21622,0,76.60190025,0:DiseaseFree,76.60190025,0:ALIVE OR DEAD TUMOR FREE,Not Hispanic Or Latino,8/10/11,EUR,No,C50.9,8500/3,C50.9,Yes,Yes,No,76.60190025,0:LIVING,3ecb0147-276d-486c-9af0-ce437c24ba83,M0,N0,T1C,Tumor Free,76.60190025,0:CENSORED,Yes,No,White,Yes,10,1,Female,BRCA_LumA,22,,,,,,,,,,,,,,,,,,,,
TCGA-BH-A0BS,brca_tcga_pan_can_atlas_2018,55,STAGE IIIA,6TH,-23,BRCA,2612,-20374,0,85.87303153,0:DiseaseFree,85.87303153,0:ALIVE OR DEAD TUMOR FREE,Not Hispanic Or Latino,8/18/11,EUR,No,C50.9,8500/3,C50.9,Yes,Yes,No,85.87303153,0:LIVING,2b22db1d-54a1-4b9e-a86e-a174cf51d95c,M0,N1C,T3,Tumor Free,85.87303153,0:CENSORED,Yes,No,White,Yes,-2,1,Female,BRCA_LumA,4,,,,,,,,,,,,,,,,,,,,
TCGA-BH-A0BT,brca_tcga_pan_can_atlas_2018,56,STAGE IIA,6TH,-17,BRCA,2365,-20625,0,77.75257258,0:DiseaseFree,77.75257258,0:ALIVE OR DEAD TUMOR FREE,Not Hispanic Or Latino,8/2/11,EUR,No,C50.9,8500/3,C50.9,Yes,Yes,No,77.75257258,0:LIVING,a32cb96a-78bf-456e-a6ab-2d47b2c67ad4,M0,N1MI,T1C,Tumor Free,77.75257258,0:CENSORED,,No,White,Yes,-10,1,Female,BRCA_LumA,-4,,,,,,,,,,,,,,,,,,,,
TCGA-BH-A0BV,brca_tcga_pan_can_atlas_2018,78,STAGE IIB,,-43,BRCA,1519,-28699,0,49.93917875,0:DiseaseFree,49.93917875,0:ALIVE OR DEAD TUMOR FREE,,11/9/10,EUR,No,C50.9,8500/3,C50.9,Yes,Yes,,49.93917875,0:LIVING,87f03d04-e651-4a6e-aea6-1c946aa46202,M0,N1A,T2,Tumor Free,49.93917875,0:CENSORED,,No,White,No,-6,1,Female,BRCA_LumA,-40,,,,,,,,,,,,,,,,,,,,
TCGA-BH-A0BW,brca_tcga_pan_can_atlas_2018,71,STAGE I,6TH,-13,BRCA,2371,-25974,0,77.94983069,0:DiseaseFree,77.94983069,0:ALIVE OR DEAD TUMOR FREE,Not Hispanic Or Latino,8/10/11,AFR_ADMIX,No,C50.9,8500/3,C50.9,Yes,Yes,No,77.94983069,0:LIVING,5d1d00c6-fcae-479e-ae1e-de76efd41d98,M0,N0,T1C,Tumor Free,77.94983069,0:CENSORED,Yes,No,Black or African American,Yes,2,1,Female,BRCA_Basal,-12,,,,,,,,,,,,,,,,,,,,
TCGA-BH-A0BZ,brca_tcga_pan_can_atlas_2018,59,STAGE IIIA,6TH,5,BRCA,2255,-21856,0,74.13617385,0:DiseaseFree,74.13617385,0:ALIVE OR DEAD TUMOR FREE,Not Hispanic Or Latino,8/10/11,EUR,No,C50.9,8500/3,C50.9,Yes,Yes,No,74.13617385,0:LIVING,4a032bad-e726-48f2-8f39-e3acc109cc91,M0,N1A,T3,Tumor Free,74.13617385,0:CENSORED,Yes,No,White,Yes,18,1,Female,BRCA_LumB,-8,,,,,,,,,,,,,,,,,,,,
TCGA-BH-A0C0,brca_tcga_pan_can_atlas_2018,62,STAGE IIA,,7,BRCA,1270,-23006,0,41.75296709,0:DiseaseFree,41.75296709,0:ALIVE OR DEAD TUMOR FREE,,11/8/10,EUR,No,C50.9,8500/3,C50.9,Yes,Yes,,41.75296709,0:LIVING,7875018b-91dc-4ab1-83b0-ee3883e2816e,M0,N1A,T1C,Tumor Free,41.75296709,0:CENSORED,,No,White,Yes,18,1,Female,BRCA_LumB,0,,,,,,,,,,,,,,,,,,,,
TCGA-BH-A0C1,brca_tcga_pan_can_atlas_2018,61,STAGE IIIA,6TH,-33,BRCA,1339,-22377,0,36.92014334,1:Recurred/Progressed,46.38853273,1:DEAD WITH TUMOR,Not Hispanic Or Latino,8/11/11,EUR,No,C50.9,8520/3,C50.9,Yes,Yes,Yes,46.38853273,1:DECEASED,d10a4887-373b-4726-a61d-126f950e4a06,M0,N2A,T3,With Tumor,36.92014334,1:PROGRESSION,Yes,No,White,Yes,-6,1,Female,BRCA_LumA,-44,,,,,,,,,,,,,,,,,,,,
TCGA-BH-A0C3,brca_tcga_pan_can_atlas_2018,47,STAGE I,6TH,-23,BRCA,2709,-17221,0,87.91136536,1:Recurred/Progressed,89.06203768,0:ALIVE OR DEAD TUMOR FREE,,8/11/11,EUR,No,C50.9,8522/3,C50.9,Yes,Yes,Yes,89.06203768,0:LIVING,7bcf6d42-eb8f-4aa2-825b-38671d4f9e3a,M0,N0,T1C,Tumor Free,87.91136536,1:PROGRESSION,Yes,No,White,Yes,2,1,Female,BRCA_LumB,-12,,,,,,,,,,,,,,,,,,,,
TCGA-BH-A0C7,brca_tcga_pan_can_atlas_2018,48,STAGE IIB,6TH,-25,BRCA,2767,-17871,0,90.9688661,0:DiseaseFree,90.9688661,0:ALIVE OR DEAD TUMOR FREE,Not Hispanic Or Latino,8/11/11,EUR,No,C50.9,8500/3,C50.9,Yes,Yes,No,90.9688661,0:LIVING,e1119732-3e97-4259-bc69-dc4269d9496d,M0,N1MI,T2,Tumor Free,90.9688661,0:CENSORED,Yes,No,White,No,14,1,Female,BRCA_LumB,-16,,,,,,,,,,,,,,,,,,,,
TCGA-BH-A0DD,brca_tcga_pan_can_atlas_2018,58,STAGE IIB,6TH,-23,BRCA,2486,-21386,0,81.73061117,0:DiseaseFree,81.73061117,0:ALIVE OR DEAD TUMOR FREE,,8/18/11,EUR,No,C50.9,8500/3,C50.9,Yes,No,No,81.73061117,0:LIVING,dba9beec-5e51-48c0-9229-0ee286a02a1a,M0,N1A,T2,Tumor Free,81.73061117,0:CENSORED,Yes,No,White,No,6,1,Male,,-14,,,,,,,,,,,,,,,,,,,,
TCGA-BH-A0DE,brca_tcga_pan_can_atlas_2018,62,STAGE IIA,6TH,-39,BRCA,2372,-22656,0,77.98270704,0:DiseaseFree,77.98270704,0:ALIVE OR DEAD TUMOR FREE,Not Hispanic Or Latino,8/11/11,EUR,No,C50.9,8500/3,C50.9,Yes,Yes,No,77.98270704,0:LIVING,7f0bbba1-9bc3-45db-bdda-eb3319bb15d2,M0,N0,T2,Tumor Free,77.98270704,0:CENSORED,Yes,No,White,Yes,-14,1,Female,BRCA_LumA,-24,,,,,,,,,,,,,,,,,,,,
TCGA-BH-A0DG,brca_tcga_pan_can_atlas_2018,30,STAGE IIA,6TH,-27,BRCA,2041,-11204,0,67.10063451,0:DiseaseFree,67.10063451,0:ALIVE OR DEAD TUMOR FREE,Not Hispanic Or Latino,8/2/11,AFR,No,C50.9,8500/3,C50.9,Yes,Yes,No,67.10063451,0:LIVING,0bc5744c-5fa3-45bb-87d0-70a02068b392,M0,N0,T2,Tumor Free,67.10063451,0:CENSORED,Yes,No,Black or African American,Yes,6,1,Female,BRCA_LumA,-24,,,,,,,,,,,,,,,,,,,,
TCGA-BH-A0DH,brca_tcga_pan_can_atlas_2018,63,STAGE IIB,,-21,BRCA,1156,-23366,0,38.00506296,0:DiseaseFree,38.00506296,0:ALIVE OR DEAD TUMOR FREE,,11/8/10,EUR,No,C50.9,8500/3,C50.9,Yes,Yes,,38.00506296,0:LIVING,491b6364-1223-474f-816f-e248c8c841e2,M0,N1A,T2,Tumor Free,38.00506296,0:CENSORED,,No,White,Yes,4,1,Female,BRCA_LumA,-14,,,,,,,,,,,,,,,,,,,,
TCGA-BH-A0DI,brca_tcga_pan_can_atlas_2018,63,STAGE IIB,6TH,-35,BRCA,912,-23327,0,29.98323306,0:DiseaseFree,29.98323306,0:ALIVE OR DEAD TUMOR FREE,Not Hispanic Or Latino,8/11/11,EUR,No,C50.9,8500/3,C50.9,Yes,Yes,No,29.98323306,0:LIVING,27ba717a-5cd8-440a-9345-4ae086f6efca,M0,N1A,T2,Tumor Free,29.98323306,0:CENSORED,Yes,No,White,Yes,-10,1,Female,BRCA_LumA,-22,,,,,,,,,,,,,,,,,,,,
TCGA-BH-A0DK,brca_tcga_pan_can_atlas_2018,49,STAGE IIA,,-13,BRCA,423,-18237,0,13.90669691,0:DiseaseFree,13.90669691,0:ALIVE OR DEAD TUMOR FREE,,11/8/10,EUR,No,C50.9,8500/3,C50.9,Yes,Yes,,13.90669691,0:LIVING,f2bbfa9d-9a9d-4f46-9fde-378e4c44e2ad,M0,N0 (I-),T2,Tumor Free,13.90669691,0:CENSORED,,No,White,No,6,1,Female,BRCA_LumA,-12,,,,,,,,,,,,,,,,,,,,
TCGA-BH-A0DL,brca_tcga_pan_can_atlas_2018,64,STAGE IIA,6TH,29,BRCA,2381,-23628,0,78.27859421,0:DiseaseFree,78.27859421,0:ALIVE OR DEAD TUMOR FREE,Not Hispanic Or Latino,8/11/11,EUR,No,C50.9,8575/3,C50.9,Yes,Yes,No,78.27859421,0:LIVING,ba39bfbc-5cac-4f6c-b55c-4eee3466ee93,M0,N0,T2,Tumor Free,78.27859421,0:CENSORED,Yes,No,White,Yes,20,1,Female,BRCA_Basal,22,,,,,,,,,,,,,,,,,,,,
TCGA-BH-A0DO,brca_tcga_pan_can_atlas_2018,78,STAGE I,6TH,-33,BRCA,1644,-28529,0,54.04872275,0:DiseaseFree,54.04872275,0:ALIVE OR DEAD TUMOR FREE,Not Hispanic Or Latino,8/11/11,EUR,No,C50.9,8500/3,C50.9,Yes,Yes,No,54.04872275,0:LIVING,d3d4d709-ab34-4617-aa8c-51a3d0a3efe6,M0,N0,T1C,Tumor Free,54.04872275,0:CENSORED,Yes,Yes,White,No,-24,1,Female,BRCA_LumA,-44,,,,,,,,,,,,,,,,,,,,
TCGA-BH-A0DP,brca_tcga_pan_can_atlas_2018,60,STAGE IIB,,-27,BRCA,476,-22199,0,15.64914357,0:DiseaseFree,15.64914357,0:ALIVE OR DEAD TUMOR FREE,,11/9/10,EUR,No,C50.9,8520/3,C50.9,Yes,Yes,,15.64914357,0:LIVING,14267783-5624-4fe5-ba81-9d67f1017474,M0,N0 (I-),T3,Tumor Free,15.64914357,0:CENSORED,,No,White,Yes,-12,1,Female,BRCA_LumA,-32,,,,,,,,,,,,,,,,,,,,
TCGA-BH-A0DQ,brca_tcga_pan_can_atlas_2018,42,STAGE IIB,,-23,BRCA,98,-15533,0,3.2218825,0:DiseaseFree,3.2218825,0:ALIVE OR DEAD TUMOR FREE,,11/9/10,EUR,No,C50.9,8500/3,C50.9,Yes,Yes,,3.2218825,0:LIVING,a851ca14-7bbf-455b-a054-ec03979a4247,M0,N1,T2,Tumor Free,3.2218825,0:CENSORED,,No,White,Yes,4,1,Female,BRCA_LumA,-8,,,,,,,,,,,,,,,,,,,,
TCGA-BH-A0DS,brca_tcga_pan_can_atlas_2018,71,STAGE IIIA,7TH,-17,BRCA,78,-25944,0,2.564355459,0:DiseaseFree,2.564355459,0:ALIVE OR DEAD TUMOR FREE,,11/9/10,EUR,No,C50.9,8500/3,C50.9,Yes,Yes,,2.564355459,0:LIVING,fb57c598-b45b-478a-9d34-ca1f050d5b7c,M0,N2A,T2,Tumor Free,2.564355459,0:CENSORED,,No,White,Yes,-12,1,Female,BRCA_LumA,-16,,,,,,,,,,,,,,,,,,,,
TCGA-BH-A0DT,brca_tcga_pan_can_atlas_2018,41,STAGE IIA,6TH,-39,BRCA,2403,-15078,0,79.00187395,0:DiseaseFree,79.00187395,0:ALIVE OR DEAD TUMOR FREE,,8/11/11,EUR,No,C50.9,8500/3,C50.9,Yes,Yes,No,79.00187395,0:LIVING,74f31744-0aed-4633-beec-4e203315f0b7,M0,N1A,T1C,Tumor Free,79.00187395,0:CENSORED,Yes,No,White,Yes,-10,1,Female,BRCA_LumA,-26,,,,,,,,,,,,,,,,,,,,
TCGA-BH-A0DV,brca_tcga_pan_can_atlas_2018,54,STAGE IIIA,6TH,-37,BRCA,2064,-19781,0,67.85679061,0:DiseaseFree,67.85679061,0:ALIVE OR DEAD TUMOR FREE,,8/2/11,EUR,No,C50.9,8500/3,C50.9,Yes,Yes,No,67.85679061,0:LIVING,96b9c7db-1be1-4b60-b47c-26b654c3d64c,M0,N2A,T2,Tumor Free,67.85679061,0:CENSORED,Yes,No,White,Yes,-18,1,Female,BRCA_LumA,-36,,,,,,,,,,,,,,,,,,,,
TCGA-BH-A0DX,brca_tcga_pan_can_atlas_2018,62,STAGE I,6TH,-13,BRCA,2156,-22833,0,70.881415,0:DiseaseFree,70.881415,0:ALIVE OR DEAD TUMOR FREE,Not Hispanic Or Latino,8/11/11,EUR,No,C50.9,8500/3,C50.9,Yes,Yes,No,70.881415,0:LIVING,035cb359-eac3-484a-9e88-3ddc739440a3,M0,N0,T1B,Tumor Free,70.881415,0:CENSORED,Yes,No,White,Yes,4,1,Female,BRCA_LumA,-10,,,,,,,,,,,,,,,,,,,,
TCGA-BH-A0DZ,brca_tcga_pan_can_atlas_2018,43,STAGE IIB,,31,BRCA,495,-15980,0,16.27379426,0:DiseaseFree,16.27379426,0:ALIVE OR DEAD TUMOR FREE,,11/9/10,EUR,No,C50.9,8500/3,C50.9,Yes,Yes,,16.27379426,0:LIVING,478eb8aa-50b8-4ce5-98e4-d518ede4b174,M0,N1A,T2,Tumor Free,16.27379426,0:CENSORED,,No,White,No,18,1,Female,BRCA_LumA,30,,,,,,,,,,,,,,,,,,,,
TCGA-BH-A0E0,brca_tcga_pan_can_atlas_2018,38,STAGE IIIC,,25,BRCA,134,-14175,0,4.405431173,0:DiseaseFree,4.405431173,0:ALIVE OR DEAD TUMOR FREE,,11/9/10,EUR,No,C50.9,8500/3,C50.9,Yes,Yes,,4.405431173,0:LIVING,20e8106b-1290-4735-abe4-7621e08e3dc8,M0,N3A,T3,Tumor Free,4.405431173,0:CENSORED,,No,White,Yes,18,1,Female,BRCA_Basal,6,,,,,,,,,,,,,,,,,,,,
TCGA-BH-A0E1,brca_tcga_pan_can_atlas_2018,52,STAGE IIB,,-23,BRCA,477,-19192,0,15.68201992,0:DiseaseFree,15.68201992,0:ALIVE OR DEAD TUMOR FREE,,11/9/10,EUR,No,C50.9,8500/3,C50.9,Yes,Yes,,15.68201992,0:LIVING,606fbc6a-b41b-441d-9401-51e54912bf5e,M0,N1,T2,Tumor Free,15.68201992,0:CENSORED,,No,White,No,4,1,Female,BRCA_LumA,-32,,,,,,,,,,,,,,,,,,,,
TCGA-BH-A0E2,brca_tcga_pan_can_atlas_2018,49,STAGE IIIA,,-3,BRCA,435,-18152,0,14.30121314,0:DiseaseFree,14.30121314,0:ALIVE OR DEAD TUMOR FREE,,11/9/10,,No,C50.9,8500/3,C50.9,Yes,Yes,,14.30121314,0:LIVING,8ace3b8c-f23e-48a9-a137-9e046bd9549b,M0,N2A,T2,Tumor Free,14.30121314,0:CENSORED,,No,Black or African American,No,16,1,Female,BRCA_LumA,10,,,,,,,,,,,,,,,,,,,,
TCGA-BH-A0E6,brca_tcga_pan_can_atlas_2018,69,STAGE IA,,11,BRCA,293,-25408,0,9.632771148,0:DiseaseFree,9.632771148,0:ALIVE OR DEAD TUMOR FREE,,11/9/10,EUR,No,C50.9,8500/3,C50.9,Yes,Yes,,9.632771148,0:LIVING,6c0066e3-96df-4870-bcd3-98cda64082e9,M0,N0 (I-),T1C,Tumor Free,9.632771148,0:CENSORED,,No,White,Yes,14,1,Female,BRCA_Basal,10,,,,,,,,,,,,,,,,,,,,
TCGA-BH-A0E7,brca_tcga_pan_can_atlas_2018,79,STAGE IIB,,-23,BRCA,1363,-29115,0,44.81046783,0:DiseaseFree,44.81046783,0:ALIVE OR DEAD TUMOR FREE,,11/9/10,EUR,No,C50.9,8500/3,C50.9,Yes,Yes,,44.81046783,0:LIVING,d3b9d925-ae04-4721-8bfc-50b41225bc74,M0,N1A,T2,Tumor Free,44.81046783,0:CENSORED,,No,White,Yes,-14,1,Female,BRCA_LumA,-30,,,,,,,,,,,,,,,,,,,,
TCGA-BH-A0E9,brca_tcga_pan_can_atlas_2018,53,STAGE IIB,6TH,-41,BRCA,2489,-19415,0,81.82924023,0:DiseaseFree,81.82924023,0:ALIVE OR DEAD TUMOR FREE,,8/11/11,EUR,No,C50.9,8520/3,C50.9,Yes,Yes,No,81.82924023,0:LIVING,76ace6aa-0505-442c-978a-f889cf2d44bb,M0,N1A,T2,Tumor Free,81.82924023,0:CENSORED,Yes,No,White,Yes,-10,1,Female,BRCA_LumA,-34,,,,,,,,,,,,,,,,,,,,
TCGA-BH-A0EA,brca_tcga_pan_can_atlas_2018,72,STAGE IIA,6TH,-41,BRCA,,-26548,0,32.58046487,0:DiseaseFree,32.58046487,0:ALIVE OR DEAD TUMOR FREE,Not Hispanic Or Latino,8/11/11,EUR,No,C50.9,8500/3,C50.9,Yes,Yes,No,32.58046487,1:DECEASED,1f601832-eee3-48fb-acf5-80c4a454f26e,M0,N1A,T1C,Tumor Free,32.58046487,0:CENSORED,Yes,Yes,White,No,-18,1,Female,BRCA_LumA,-32,,,,,,,,,,,,,,,,,,,,
TCGA-BH-A0EB,brca_tcga_pan_can_atlas_2018,69,STAGE IA,,-37,BRCA,745,-25259,0,24.49288227,0:DiseaseFree,24.49288227,0:ALIVE OR DEAD TUMOR FREE,,11/9/10,EUR,No,C50.9,8500/3,C50.9,Yes,Yes,,24.49288227,0:LIVING,ec6930e5-2d83-435a-9a57-a2c5c22caf02,M0,N0 (I-),T1C,Tumor Free,24.49288227,0:CENSORED,,No,White,Yes,-18,1,Female,BRCA_LumA,-30,,,,,,,,,,,,,,,,,,,,
TCGA-BH-A0EE,brca_tcga_pan_can_atlas_2018,68,STAGE IIB,,31,BRCA,943,-24850,0,31.00239997,0:DiseaseFree,31.00239997,0:ALIVE OR DEAD TUMOR FREE,,11/9/10,EUR,No,C50.9,8500/3,C50.9,Yes,Yes,,31.00239997,0:LIVING,ca76c6fc-ff30-4833-884d-3a94fe53ff17,M0,N0 (I-),T3,Tumor Free,31.00239997,0:CENSORED,,No,White,No,14,1,Female,BRCA_Her2,24,,,,,,,,,,,,,,,,,,,,
TCGA-BH-A0EI,brca_tcga_pan_can_atlas_2018,51,STAGE IIA,6TH,-31,BRCA,1926,-18741,0,63.31985403,0:DiseaseFree,63.31985403,0:ALIVE OR DEAD TUMOR FREE,Not Hispanic Or Latino,8/11/11,EUR,No,C50.9,8500/3,C50.9,Yes,Yes,No,63.31985403,0:LIVING,22b35927-1c3f-4f98-ba42-deafc56b677a,M0,N1A,T1C,Tumor Free,63.31985403,0:CENSORED,Yes,No,White,Yes,0,1,Female,BRCA_LumA,-28,,,,,,,,,,,,,,,,,,,,
TCGA-BH-A0GY,brca_tcga_pan_can_atlas_2018,67,STAGE IIA,,13,BRCA,923,-24493,0,30.34487293,0:DiseaseFree,30.34487293,0:ALIVE OR DEAD TUMOR FREE,,11/10/10,EUR,No,C50.9,8500/3,C50.9,Yes,Yes,,30.34487293,0:LIVING,7d9d3522-ec3b-4efe-8c8e-c0e675276ef5,M0,N1,T2,Tumor Free,30.34487293,0:CENSORED,,No,White,Yes,10,1,Female,BRCA_LumA,18,,,,,,,,,,,,,,,,,,,,
TCGA-BH-A0GZ,brca_tcga_pan_can_atlas_2018,62,STAGE IIA,,-11,BRCA,328,-22714,0,10.78344347,0:DiseaseFree,10.78344347,0:ALIVE OR DEAD TUMOR FREE,,11/10/10,EUR,No,C50.9,8500/3,C50.9,Yes,Yes,,10.78344347,0:LIVING,27dfb9d4-3a2c-44bc-9acf-8f638d3f3004,M0,N1A,T1C,Tumor Free,10.78344347,0:CENSORED,,No,White,Yes,4,1,Female,BRCA_LumA,-2,,,,,,,,,,,,,,,,,,,,
TCGA-BH-A0H0,brca_tcga_pan_can_atlas_2018,69,STAGE IA,,-15,BRCA,461,-25223,0,15.15599829,0:DiseaseFree,15.15599829,0:ALIVE OR DEAD TUMOR FREE,,11/10/10,EUR,No,C50.9,8500/3,C50.9,Yes,Yes,,15.15599829,0:LIVING,96457ebf-ae88-41f4-97e5-cdc3163418aa,M0,N0 (I-),T1C,Tumor Free,15.15599829,0:CENSORED,,No,White,Yes,2,1,Female,BRCA_LumB,-18,,,,,,,,,,,,,,,,,,,,
TCGA-BH-A0H3,brca_tcga_pan_can_atlas_2018,46,STAGE I,6TH,-39,BRCA,1928,-17152,0,63.38560673,0:DiseaseFree,63.38560673,0:ALIVE OR DEAD TUMOR FREE,Not Hispanic Or Latino,8/11/11,EUR,No,C50.9,8500/3,C50.9,Yes,Yes,No,63.38560673,0:LIVING,6cdc0d53-f813-4101-81e5-9bee68270536,M0,N0,T1C,Tumor Free,63.38560673,0:CENSORED,Yes,No,White,Yes,-10,1,Female,BRCA_LumA,-28,,,,,,,,,,,,,,,,,,,,
TCGA-BH-A0H5,brca_tcga_pan_can_atlas_2018,45,STAGE I,6TH,-45,BRCA,1620,-16719,0,53.25969031,0:DiseaseFree,53.25969031,0:ALIVE OR DEAD TUMOR FREE,Not Hispanic Or Latino,8/12/11,EUR,No,C50.9,8500/3,C50.9,Yes,Yes,No,53.25969031,0:LIVING,cab38ea8-4555-413c-b81e-4621aac4ef85,M0,N0 (I-),T1C,Tumor Free,53.25969031,0:CENSORED,Yes,No,White,No,-14,1,Female,BRCA_LumA,-62,,,,,,,,,,,,,,,,,,,,
TCGA-BH-A0H6,brca_tcga_pan_can_atlas_2018,82,STAGE I,,-11,BRCA,747,-30125,0,24.55863497,0:DiseaseFree,24.55863497,0:ALIVE OR DEAD TUMOR FREE,,11/10/10,EUR,No,C50.9,8500/3,C50.9,Yes,Yes,,24.55863497,0:LIVING,aeb6a3a6-b57a-4c53-90e6-e833777dd2a1,M0,NX,T1B,Tumor Free,24.55863497,0:CENSORED,,No,White,Yes,-12,1,Female,BRCA_LumA,-28,,,,,,,,,,,,,,,,,,,,
TCGA-BH-A0H7,brca_tcga_pan_can_atlas_2018,65,STAGE IIIA,,7,BRCA,702,-23972,0,23.07919913,0:DiseaseFree,23.07919913,0:ALIVE OR DEAD TUMOR FREE,,11/10/10,EUR,No,C50.9,8500/3,C50.9,Yes,Yes,,23.07919913,0:LIVING,2021ed1f-dc75-4701-b8b8-1386466e4802,M0,N2A,T1C,Tumor Free,23.07919913,0:CENSORED,,No,White,Yes,4,1,Female,BRCA_LumA,6,,,,,,,,,,,,,,,,,,,,
TCGA-BH-A0H9,brca_tcga_pan_can_atlas_2018,69,STAGE IIA,,-5,BRCA,1247,-25289,0,40.99681099,0:DiseaseFree,40.99681099,0:ALIVE OR DEAD TUMOR FREE,,11/17/10,EUR,No,C50.9,8500/3,C50.9,Yes,Yes,,40.99681099,0:LIVING,0f64edec-0f1f-4025-8a53-75f9534f7828,M0,N0 (I-),T2,Tumor Free,40.99681099,0:CENSORED,,No,White,Yes,10,1,Female,BRCA_LumA,0,,,,,,,,,,,,,,,,,,,,
TCGA-BH-A0HA,brca_tcga_pan_can_atlas_2018,31,STAGE I,6TH,-25,BRCA,1611,-11379,0,52.96380314,0:DiseaseFree,52.96380314,0:ALIVE OR DEAD TUMOR FREE,Not Hispanic Or Latino,8/2/11,EUR,No,C50.9,8500/3,C50.9,Yes,Yes,No,52.96380314,0:LIVING,e666081b-caaf-4e8b-9446-807be71201a5,M0,N0 (I-),T1C,Tumor Free,52.96380314,0:CENSORED,Yes,No,White,No,-12,1,Female,BRCA_LumA,-6,,,,,,,,,,,,,,,,,,,,
TCGA-BH-A0HB,brca_tcga_pan_can_atlas_2018,55,STAGE IA,,21,BRCA,806,-20448,0,26.49833974,0:DiseaseFree,26.49833974,0:ALIVE OR DEAD TUMOR FREE,,11/10/10,EUR,No,C50.9,8500/3,C50.9,Yes,Yes,,26.49833974,0:LIVING,0c1023c0-d2ce-4940-8047-7642f1dc3965,M0,N0 (I-),T1C,Tumor Free,26.49833974,0:CENSORED,,No,White,Yes,10,1,Female,BRCA_LumA,20,,,,,,,,,,,,,,,,,,,,
TCGA-BH-A0HF,brca_tcga_pan_can_atlas_2018,77,STAGE IA,,-7,BRCA,727,-28233,0,23.90110793,0:DiseaseFree,23.90110793,0:ALIVE OR DEAD TUMOR FREE,,11/10/10,EUR,No,C50.9,8500/3,C50.9,Yes,No,,23.90110793,0:LIVING,17ca61a2-607a-45ff-88fa-ef72e80bf891,M0,N0 (I-),T1C,Tumor Free,23.90110793,0:CENSORED,,No,White,Yes,2,1,Female,,4,,,,,,,,,,,,,,,,,,,,
TCGA-BH-A0HI,brca_tcga_pan_can_atlas_2018,78,STAGE IA,,-35,BRCA,620,-28644,0,20.38333827,0:DiseaseFree,20.38333827,0:ALIVE OR DEAD TUMOR FREE,,11/10/10,EUR,No,C50.9,8500/3,C50.9,Yes,Yes,,20.38333827,0:LIVING,e0375a8b-a135-4103-a59d-39063fcf4a6f,M0,N0 (I-),T1C,Tumor Free,20.38333827,0:CENSORED,,No,White,Yes,-16,1,Female,BRCA_LumA,-34,,,,,,,,,,,,,,,,,,,,
TCGA-BH-A0HK,brca_tcga_pan_can_atlas_2018,81,STAGE IIB,,-13,BRCA,178,-29751,0,5.851990663,0:DiseaseFree,5.851990663,0:ALIVE OR DEAD TUMOR FREE,,11/10/10,EUR,No,C50.9,8500/3,C50.9,Yes,Yes,,5.851990663,0:LIVING,24334ac1-28a3-4b61-b590-3f51e375b247,M0,N1,T2,Tumor Free,5.851990663,0:CENSORED,,No,White,No,-12,1,Female,BRCA_LumA,-28,,,,,,,,,,,,,,,,,,,,
TCGA-BH-A0HL,brca_tcga_pan_can_atlas_2018,56,STAGE IIB,,-25,BRCA,72,-20804,0,2.367097347,0:DiseaseFree,2.367097347,0:ALIVE OR DEAD TUMOR FREE,,11/10/10,EUR,No,C50.9,8503/3,C50.9,Yes,No,,2.367097347,0:LIVING,602083f0-18d9-48b6-a529-31e165c54b37,M0,N1A,T2,Tumor Free,2.367097347,0:CENSORED,,No,White,No,2,1,Female,,-36,,,,,,,,,,,,,,,,,,,,
TCGA-BH-A0HN,brca_tcga_pan_can_atlas_2018,67,STAGE IA,,-33,BRCA,516,-24731,0,16.96419765,0:DiseaseFree,16.96419765,0:ALIVE OR DEAD TUMOR FREE,,11/11/10,EUR,No,C50.9,8500/3,C50.9,Yes,No,,16.96419765,0:LIVING,a68a3361-48b4-4bd0-999d-b4cc3d43eb4a,M0,N0 (I-),T1C,Tumor Free,16.96419765,0:CENSORED,,No,White,No,-10,1,Female,,-26,,,,,,,,,,,,,,,,,,,,
TCGA-BH-A0HO,brca_tcga_pan_can_atlas_2018,48,STAGE IIA,,-31,BRCA,76,-17710,0,2.498602755,0:DiseaseFree,2.498602755,0:ALIVE OR DEAD TUMOR FREE,,11/11/10,EUR,No,C50.9,8500/3,C50.9,Yes,Yes,,2.498602755,0:LIVING,8332806e-f547-4aae-89af-6d5bec831fd2,M0,N1A,T1C,Tumor Free,2.498602755,0:CENSORED,,No,White,Yes,-14,1,Female,BRCA_LumA,-28,,,,,,,,,,,,,,,,,,,,
TCGA-BH-A0HP,brca_tcga_pan_can_atlas_2018,65,STAGE IIIA,,-17,BRCA,414,-23883,0,13.61080975,0:DiseaseFree,13.61080975,0:ALIVE OR DEAD TUMOR FREE,,11/11/10,EUR,No,C50.9,8520/3,C50.9,Yes,Yes,,13.61080975,0:LIVING,fcef8cb5-fb2c-4bfb-82cd-6b9f3145182c,M0,N2A,T3,Tumor Free,13.61080975,0:CENSORED,,No,White,Yes,-6,1,Female,BRCA_LumA,-44,,,,,,,,,,,,,,,,,,,,
TCGA-BH-A0HQ,brca_tcga_pan_can_atlas_2018,56,STAGE IIA,,-41,BRCA,1121,-20719,0,36.85439064,0:DiseaseFree,36.85439064,0:ALIVE OR DEAD TUMOR FREE,,11/11/10,EUR,No,C50.9,8500/3,C50.9,Yes,Yes,,36.85439064,0:LIVING,f31c21b6-0f7f-435b-9e24-97c909755c36,M0,N0 (I+),T2,Tumor Free,36.85439064,0:CENSORED,,No,White,Yes,-18,1,Female,BRCA_LumA,-36,,,,,,,,,,,,,,,,,,,,
TCGA-BH-A0HU,brca_tcga_pan_can_atlas_2018,52,STAGE IA,,3,BRCA,392,-19216,0,12.88753,0:DiseaseFree,12.88753,0:ALIVE OR DEAD TUMOR FREE,,11/11/10,EUR,No,C50.9,8500/3,C50.9,Yes,Yes,,12.88753,0:LIVING,dc657ca8-98e8-4ec4-a513-1b848be0e85d,M0,N0 (I-),T1C,Tumor Free,12.88753,0:CENSORED,,No,White,Yes,12,1,Female,BRCA_LumB,10,,,,,,,,,,,,,,,,,,,,
TCGA-BH-A0HW,brca_tcga_pan_can_atlas_2018,62,STAGE IA,,-13,BRCA,1561,-22962,0,51.31998553,0:DiseaseFree,51.31998553,0:ALIVE OR DEAD TUMOR FREE,,11/11/10,EAS,No,C50.9,8500/3,C50.9,Yes,Yes,,51.31998553,0:LIVING,29fdc464-f216-4828-b456-829f71436e27,M0,N0 (I-),T1C,Tumor Free,51.31998553,0:CENSORED,,No,Asian,Yes,0,1,Female,BRCA_LumB,-12,,,,,,,,,,,,,,,,,,,,
TCGA-BH-A0HX,brca_tcga_pan_can_atlas_2018,54,STAGE IIB,,-1,BRCA,829,-19900,0,27.25449584,0:DiseaseFree,27.25449584,0:ALIVE OR DEAD TUMOR FREE,,11/11/10,EUR,No,C50.9,8500/3,C50.9,Yes,Yes,,27.25449584,0:LIVING,3b01d064-8c00-4972-9f07-407eac8e7534,M0,N1A,T2,Tumor Free,27.25449584,0:CENSORED,,No,White,No,10,1,Female,BRCA_LumA,-2,,,,,,,,,,,,,,,,,,,,
TCGA-BH-A0HY,brca_tcga_pan_can_atlas_2018,60,STAGE I,6TH,-13,BRCA,1545,-22179,0,50.7939639,0:DiseaseFree,50.7939639,0:ALIVE OR DEAD TUMOR FREE,Not Hispanic Or Latino,8/2/11,EUR,No,C50.9,8500/3,C50.9,Yes,Yes,No,50.7939639,0:LIVING,844ad251-3ee4-42f6-ad00-59a7a1670eea,M0,N0,T1C,Tumor Free,50.7939639,0:CENSORED,Yes,No,White,No,12,1,Female,BRCA_LumB,-6,,,,,,,,,,,,,,,,,,,,
TCGA-BH-A0RX,brca_tcga_pan_can_atlas_2018,59,STAGE IIA,,27,BRCA,170,-21857,0,5.588979847,0:DiseaseFree,5.588979847,0:ALIVE OR DEAD TUMOR FREE,,11/11/10,EUR,No,C50.9,8500/3,C50.9,Yes,Yes,,5.588979847,0:LIVING,e828455d-4680-41b2-8a1c-1582e3790d62,M0,N0 (I-),T2,Tumor Free,5.588979847,0:CENSORED,,No,White,Yes,18,1,Female,BRCA_Basal,20,,,,,,,,,,,,,,,,,,,,
TCGA-BH-A0W3,brca_tcga_pan_can_atlas_2018,58,STAGE IIA,7TH,-39,BRCA,728,-21369,0,,,23.93398429,0:ALIVE OR DEAD TUMOR FREE,Not Hispanic Or Latino,2/14/11,EUR,No,C50.9,8500/3,C50.9,Yes,Yes,No,23.93398429,0:LIVING,3c612e12-6de8-44fa-a095-805c45474821,M0,N1A,T1C,Tumor Free,23.93398429,0:CENSORED,,No,White,Yes,-2,1,Female,BRCA_LumB,-40,,,,,,,,,,,,,,,,,,,,
TCGA-BH-A0W4,brca_tcga_pan_can_atlas_2018,46,STAGE IIA,7TH,-37,BRCA,759,-16911,0,,,24.9531512,0:ALIVE OR DEAD TUMOR FREE,Not Hispanic Or Latino,2/15/11,EUR,No,C50.9,8500/3,C50.9,Yes,Yes,No,24.9531512,0:LIVING,0772cdbe-8b0d-452b-8df1-bd70d1306363,M0,N0 (I-),T2,Tumor Free,24.9531512,0:CENSORED,,No,White,No,-4,1,Female,BRCA_LumA,-20,,,,,,,,,,,,,,,,,,,,
TCGA-BH-A0W5,brca_tcga_pan_can_atlas_2018,77,STAGE IIA,6TH,-35,BRCA,1288,-28304,0,42.34474143,0:DiseaseFree,42.34474143,0:ALIVE OR DEAD TUMOR FREE,Not Hispanic Or Latino,2/15/11,EUR,No,C50.9,8500/3,C50.9,Yes,Yes,No,42.34474143,0:LIVING,da9c10ea-c13f-4d88-8b94-a0cbc106d036,M0,N1A,T1C,Tumor Free,42.34474143,0:CENSORED,,No,White,Yes,-14,1,Female,BRCA_LumA,-36,,,,,,,,,,,,,,,,,,,,
TCGA-BH-A0W7,brca_tcga_pan_can_atlas_2018,49,STAGE I,6TH,1,BRCA,1363,-17996,0,44.81046783,0:DiseaseFree,44.81046783,0:ALIVE OR DEAD TUMOR FREE,Not Hispanic Or Latino,2/15/11,EUR,No,C50.9,8500/3,C50.9,Yes,Yes,No,44.81046783,0:LIVING,9f80649b-a249-4fb5-97ad-059a30e13fea,M0,N0 (I-),T1C,Tumor Free,44.81046783,0:CENSORED,,No,White,Yes,6,1,Female,BRCA_LumA,14,,,,,,,,,,,,,,,,,,,,
TCGA-BH-A0WA,brca_tcga_pan_can_atlas_2018,82,STAGE I,6TH,31,BRCA,701,-30025,0,23.04632278,0:DiseaseFree,23.04632278,0:ALIVE OR DEAD TUMOR FREE,Not Hispanic Or Latino,2/16/11,EUR,No,C50.9,8575/3,C50.9,Yes,Yes,No,23.04632278,0:LIVING,786e8dbe-442e-4551-87b3-b4c333b04dd4,M0,N0 (I-),T1C,Tumor Free,23.04632278,0:CENSORED,,No,White,No,20,1,Female,BRCA_Basal,34,,,,,,,,,,,,,,,,,,,,
TCGA-BH-A18F,brca_tcga_pan_can_atlas_2018,50,STAGE IIA,7TH,-21,BRCA,1001,-18594,0,32.90922839,0:DiseaseFree,32.90922839,0:ALIVE OR DEAD TUMOR FREE,Not Hispanic Or Latino,6/1/11,EUR,No,C50.9,8500/3,C50.9,Yes,Yes,No,32.90922839,0:LIVING,bfd49783-1767-469b-9d79-7822301c5efc,M0,N0,T2,Tumor Free,32.90922839,0:CENSORED,Yes,No,White,Yes,16,1,Female,BRCA_LumA,-12,,,,,,,,,,,,,,,,,,,,
TCGA-BH-A18G,brca_tcga_pan_can_atlas_2018,81,STAGE IA,,25,BRCA,149,-29820,0,4.898576454,0:DiseaseFree,4.898576454,0:ALIVE OR DEAD TUMOR FREE,Not Hispanic Or Latino,6/1/11,EUR,No,C50.5,8500/3,C50.5,Yes,Yes,No,4.898576454,0:LIVING,747083ff-0703-431b-aad4-f2adff739516,M0,N0,T1C,,4.898576454,0:CENSORED,Yes,No,White,Yes,4,1,Female,BRCA_Basal,4,,,,,,,,,,,,,,,,,,,,
TCGA-BH-A18H,brca_tcga_pan_can_atlas_2018,63,STAGE IA,7TH,-19,BRCA,652,-23065,0,21.43538153,0:DiseaseFree,21.43538153,0:ALIVE OR DEAD TUMOR FREE,Not Hispanic Or Latino,6/6/11,EUR,No,C50.9,8500/3,C50.9,Yes,Yes,No,21.43538153,0:LIVING,878f975b-94fd-4d69-b7e7-1ed3ac2ee438,M0,N0,T1B,,21.43538153,0:CENSORED,Yes,Yes,White,Yes,-10,1,Female,BRCA_LumA,-8,,,,,,,,,,,,,,,,,,,,
TCGA-BH-A18I,brca_tcga_pan_can_atlas_2018,53,STAGE IIA,7TH,-31,BRCA,1093,-19489,0,35.93385278,0:DiseaseFree,35.93385278,0:ALIVE OR DEAD TUMOR FREE,Not Hispanic Or Latino,6/7/11,EUR,No,C50.2,8500/3,C50.2,Yes,Yes,No,35.93385278,0:LIVING,9c1ceb7d-6fed-4c2f-a89a-bf3c5b15ca58,CM0 (I+),N1A,T1C,Tumor Free,35.93385278,0:CENSORED,Yes,No,White,No,4,1,Female,BRCA_LumA,-18,,,,,,,,,,,,,,,,,,,,
TCGA-BH-A18J,brca_tcga_pan_can_atlas_2018,56,STAGE IV,5TH,-5,BRCA,,-20678,0,,,20.12032745,1:DEAD WITH TUMOR,Not Hispanic Or Latino,6/8/11,EUR,No,C50.9,8500/3,C50.9,Yes,Yes,,20.12032745,1:DECEASED,cc074b7f-d3b2-4880-902e-bf10e667b665,M1,N2,T4B,With Tumor,20.12032745,1:PROGRESSION,,No,White,,6,1,Female,BRCA_LumA,8,,,,,,,,,,,,,,,,,,,,
TCGA-BH-A18K,brca_tcga_pan_can_atlas_2018,46,STAGE I,5TH,-9,BRCA,,-16824,0,,,90.83736069,1:DEAD WITH TUMOR,Not Hispanic Or Latino,6/9/11,EUR,No,C50.9,8500/3,C50.9,Yes,Yes,,90.83736069,1:DECEASED,50619f8c-10aa-464a-a227-90a7aa6ffd43,M0,N0,T1,With Tumor,90.83736069,1:PROGRESSION,Yes,No,White,,12,1,Female,BRCA_LumA,18,,,,,,,,,,,,,,,,,,,,
TCGA-BH-A18L,brca_tcga_pan_can_atlas_2018,50,STAGE IIIA,6TH,-3,BRCA,,-18519,0,26.6627215,0:DiseaseFree,26.6627215,,Not Hispanic Or Latino,6/9/11,EUR,No,C50.9,8500/3,C50.9,Yes,Yes,,26.6627215,1:DECEASED,9ddc3e7b-8b54-4a83-8335-8053940f56c1,M0,N1MI,T3,,26.6627215,0:CENSORED,Yes,No,White,,8,1,Female,BRCA_LumB,-10,,,,,,,,,,,,,,,,,,,,
TCGA-BH-A18M,brca_tcga_pan_can_atlas_2018,39,STAGE IIIA,5TH,-33,BRCA,,-14532,0,72.55810895,0:DiseaseFree,72.55810895,,Not Hispanic Or Latino,6/15/11,EUR,No,C50.3,8500/3,C50.3,Yes,Yes,,72.55810895,1:DECEASED,f63722c1-a0bb-4bf9-8a10-1d76a8e1a0ba,M0,N1,T3,,72.55810895,0:CENSORED,Yes,No,White,,0,1,Female,BRCA_LumA,-24,,,,,,,,,,,,,,,,,,,,
TCGA-BH-A18N,brca_tcga_pan_can_atlas_2018,88,STAGE IIA,,-35,BRCA,,-32404,0,37.74205214,0:DiseaseFree,37.74205214,,Not Hispanic Or Latino,6/15/11,EUR,No,C50.9,8500/3,C50.9,Yes,Yes,,37.74205214,1:DECEASED,665dd3d3-779c-4abd-b5d7-13342340451d,M0,N1B,T2,,37.74205214,0:CENSORED,Yes,No,White,No,-14,1,Female,BRCA_LumA,-50,,,,,,,,,,,,,,,,,,,,
TCGA-BH-A18P,brca_tcga_pan_can_atlas_2018,60,STAGE I,6TH,-27,BRCA,,-22222,0,,,30.27912023,1:DEAD WITH TUMOR,,6/22/11,EUR,No,C50.3,8500/3,C50.3,Yes,Yes,,30.27912023,1:DECEASED,557cb0a3-6f1b-4faf-8296-0a15c24158f9,M0,N0,T1,With Tumor,30.27912023,1:PROGRESSION,Yes,No,White,,4,1,Female,BRCA_Her2,-18,,,,,,,,,,,,,,,,,,,,
TCGA-BH-A18Q,brca_tcga_pan_can_atlas_2018,56,STAGE IIB,,-19,BRCA,,-20675,0,55.62678765,0:DiseaseFree,55.62678765,,Not Hispanic Or Latino,6/24/11,EUR,No,C50.8,8500/3,C50.8,Yes,Yes,,55.62678765,1:DECEASED,db4bc6aa-2e7d-4bcb-8519-a455f624d33b,M0,N1B,T2,,55.62678765,0:CENSORED,Yes,No,White,,6,1,Female,BRCA_Basal,-16,,,,,,,,,,,,,,,,,,,,
TCGA-BH-A18R,brca_tcga_pan_can_atlas_2018,50,STAGE IIA,,1,BRCA,,-18524,0,37.54479403,0:DiseaseFree,37.54479403,0:ALIVE OR DEAD TUMOR FREE,Not Hispanic Or Latino,7/3/11,EUR,No,C50.9,8500/3,C50.9,Yes,Yes,,37.54479403,1:DECEASED,f6e1ec78-5ad9-4879-9b7e-262d17b166ad,M0,N1,T2B,Tumor Free,37.54479403,0:CENSORED,Yes,No,White,,4,1,Female,BRCA_Her2,-8,,,,,,,,,,,,,,,,,,,,
TCGA-BH-A18S,brca_tcga_pan_can_atlas_2018,79,STAGE I,6TH,-27,BRCA,,-28974,0,66.04859125,0:DiseaseFree,66.04859125,0:ALIVE OR DEAD TUMOR FREE,Not Hispanic Or Latino,7/2/11,EUR,No,C50.3,8523/3,C50.3,Yes,Yes,,66.04859125,1:DECEASED,433427a1-bacf-4381-91ba-5fec8a0953f9,M0,N0,T1C,Tumor Free,66.04859125,0:CENSORED,Yes,No,White,,-18,1,Female,BRCA_LumA,-32,,,,,,,,,,,,,,,,,,,,
TCGA-BH-A18T,brca_tcga_pan_can_atlas_2018,70,STAGE IIA,6TH,17,BRCA,,-25674,0,,,7.364302857,1:DEAD WITH TUMOR,Not Hispanic Or Latino,7/2/11,EUR,No,C50.9,8500/3,C50.9,Yes,Yes,,7.364302857,1:DECEASED,30ec8b1f-28c4-4f46-8a1b-a8d51e558c7d,M0,N0,T2,With Tumor,7.364302857,1:PROGRESSION,,No,White,,16,1,Female,BRCA_Basal,4,,,,,,,,,,,,,,,,,,,,
TCGA-BH-A18U,brca_tcga_pan_can_atlas_2018,72,STAGE IIIA,6TH,9,BRCA,,-26426,0,51.38573824,0:DiseaseFree,51.38573824,0:ALIVE OR DEAD TUMOR FREE,Not Hispanic Or Latino,7/2/11,EUR,No,C50.4,8500/3,C50.4,Yes,Yes,,51.38573824,1:DECEASED,233b02f3-c4f0-4a67-9db5-e68d5cdaccb6,M0,N2A,T2,Tumor Free,51.38573824,0:CENSORED,Yes,No,White,,18,1,Female,BRCA_LumB,10,,,,,,,,,,,,,,,,,,,,
TCGA-BH-A18V,brca_tcga_pan_can_atlas_2018,48,STAGE IIB,5TH,7,BRCA,,-17682,0,51.15560377,0:DiseaseFree,51.15560377,,Not Hispanic Or Latino,7/2/11,EUR,No,C50.4,8500/3,C50.4,Yes,Yes,,51.15560377,1:DECEASED,6b960b58-28e1-41c6-bd6e-7e669c6aa4ef,M0,N1B,T2,,51.15560377,0:CENSORED,Yes,No,White,,12,1,Female,BRCA_Basal,-8,,,,,,,,,,,,,,,,,,,,
TCGA-BH-A1EN,brca_tcga_pan_can_atlas_2018,78,STAGE IIA,5TH,5,BRCA,,-28724,0,69.92800079,0:DiseaseFree,69.92800079,0:ALIVE OR DEAD TUMOR FREE,Not Hispanic Or Latino,9/3/11,EUR,No,C50.9,8500/3,C50.9,Yes,Yes,,69.92800079,1:DECEASED,858652b8-c4c2-41d8-be32-fdc88e1a7bb0,M0,NX,T2,Tumor Free,69.92800079,0:CENSORED,,No,White,,2,1,Female,BRCA_Her2,-2,,,,,,,,,,,,,,,,,,,,
TCGA-BH-A1EO,brca_tcga_pan_can_atlas_2018,68,STAGE IIA,5TH,-29,BRCA,,-25136,0,,,91.98803301,0:ALIVE OR DEAD TUMOR FREE,Not Hispanic Or Latino,9/6/11,EUR,No,C50.9,8522/3,C50.9,Yes,Yes,,91.98803301,1:DECEASED,4510295e-8aa7-4ef1-b2b7-91cc902f8200,M0,N1,T1C,Tumor Free,91.98803301,0:CENSORED,Yes,No,White,,-6,1,Female,BRCA_LumA,-34,,,,,,,,,,,,,,,,,,,,
TCGA-BH-A1ES,brca_tcga_pan_can_atlas_2018,35,STAGE IIB,5TH,3,BRCA,,-13138,0,,,113.8179308,1:DEAD WITH TUMOR,Not Hispanic Or Latino,9/6/11,EUR,No,C50.9,8500/3,C50.9,Yes,No,,113.8179308,1:DECEASED,51ccbf1b-7cae-44ba-991a-11eda8b8c404,M0,N1A,T2,With Tumor,113.8179308,1:PROGRESSION,Yes,No,White,,-8,1,Female,,12,,,,,,,,,,,,,,,,,,,,
TCGA-BH-A1ET,brca_tcga_pan_can_atlas_2018,55,STAGE I,5TH,-31,BRCA,,-20425,0,,,82.84840714,0:ALIVE OR DEAD TUMOR FREE,Not Hispanic Or Latino,9/7/11,EUR,No,C50.9,8500/3,C50.9,Yes,Yes,,82.84840714,1:DECEASED,8986a141-eae7-4157-b695-02cc6fc3b071,M0,N0,T1,Tumor Free,82.84840714,0:CENSORED,Yes,No,White,,-20,1,Female,BRCA_LumA,-36,,,,,,,,,,,,,,,,,,,,
TCGA-BH-A1EU,brca_tcga_pan_can_atlas_2018,83,STAGE I,5TH,-41,BRCA,,-30339,0,,,42.27898872,0:ALIVE OR DEAD TUMOR FREE,Not Hispanic Or Latino,9/7/11,EUR,No,C50.9,8500/3,C50.9,Yes,Yes,,42.27898872,1:DECEASED,a1093598-d3a8-4ffe-83fc-bc7d1faff7e5,M0,N0,T1,Tumor Free,42.27898872,0:CENSORED,No,No,White,,-14,1,Female,BRCA_LumA,-40,,,,,,,,,,,,,,,,,,,,
TCGA-BH-A1EV,brca_tcga_pan_can_atlas_2018,45,STAGE IIIA,5TH,11,BRCA,,-16504,0,,,11.9998685,1:DEAD WITH TUMOR,Not Hispanic Or Latino,9/7/11,EUR,No,C50.9,8500/3,C50.9,Yes,Yes,No,11.9998685,1:DECEASED,417dea5f-f68e-4dab-940e-43ae8c67e5e6,M0,N1B,T3,With Tumor,11.9998685,1:PROGRESSION,Yes,No,White,Yes,20,1,Female,BRCA_Her2,12,,,,,,,,,,,,,,,,,,,,
TCGA-BH-A1EW,brca_tcga_pan_can_atlas_2018,38,STAGE IIA,5TH,-29,BRCA,,-14090,0,,,55.69254036,1:DEAD WITH TUMOR,Not Hispanic Or Latino,9/7/11,EUR,No,C50.9,8500/3,C50.9,Yes,Yes,,55.69254036,1:DECEASED,9d166970-07c8-4ca3-9cfa-ed0049df9ecc,M0,N1B,T2,With Tumor,55.69254036,1:PROGRESSION,Yes,No,White,,2,1,Female,BRCA_LumA,-30,,,,,,,,,,,,,,,,,,,,
TCGA-BH-A1EX,brca_tcga_pan_can_atlas_2018,67,STAGE IIB,5TH,-27,BRCA,,-24544,0,,,49.57753888,1:DEAD WITH TUMOR,Not Hispanic Or Latino,9/7/11,EAS,No,C50.9,8500/3,C50.9,Yes,Yes,,49.57753888,1:DECEASED,7b892055-c59d-4550-8688-ad039790af3d,M0,N1B,T2,With Tumor,49.57753888,1:PROGRESSION,Yes,No,White,,-8,1,Female,BRCA_LumA,-4,,,,,,,,,,,,,,,,,,,,
TCGA-BH-A1EY,brca_tcga_pan_can_atlas_2018,79,STAGE IIA,5TH,-19,BRCA,,-28940,0,,,17.6874774,1:DEAD WITH TUMOR,Not Hispanic Or Latino,9/7/11,EUR,No,C50.9,8500/3,C50.9,Yes,Yes,Yes,17.6874774,1:DECEASED,0741b5db-4405-42ba-b63a-c6ee4f341480,M0,N0,T2,With Tumor,13.01903541,1:PROGRESSION,Yes,No,White,No,-6,1,Female,BRCA_LumA,-28,,,,,,,,,,,,,,,,,,,,
TCGA-BH-A1F0,brca_tcga_pan_can_atlas_2018,80,STAGE IIA,5TH,-15,BRCA,,-29335,0,,,25.80793635,1:DEAD WITH TUMOR,Not Hispanic Or Latino,9/7/11,EUR,No,C50.9,8500/3,C50.9,Yes,Yes,,25.80793635,1:DECEASED,21ef1730-e5a7-47ce-b419-d000bb59ae15,M0,N1C,T1A,With Tumor,25.80793635,1:PROGRESSION,Yes,No,White,,4,1,Female,BRCA_Basal,-16,,,,,,,,,,,,,,,,,,,,
TCGA-BH-A1F2,brca_tcga_pan_can_atlas_2018,53,STAGE IIIB,5TH,-7,BRCA,,-19701,0,,,31.52842161,0:ALIVE OR DEAD TUMOR FREE,Not Hispanic Or Latino,9/7/11,EUR,No,C50.9,8541/3,C50.9,Yes,Yes,,31.52842161,1:DECEASED,6a2972e3-cca9-47e5-aac0-b770f2399eeb,M0,N1B,T4B,Tumor Free,31.52842161,0:CENSORED,Yes,No,White,,16,1,Female,BRCA_LumB,-6,,,,,,,,,,,,,,,,,,,,
TCGA-BH-A1F5,brca_tcga_pan_can_atlas_2018,62,STAGE IIA,5TH,-25,BRCA,,-22842,0,,,89.16066673,0:ALIVE OR DEAD TUMOR FREE,Not Hispanic Or Latino,9/7/11,EUR,No,C50.9,8500/3,C50.9,Yes,No,,89.16066673,1:DECEASED,e663954c-05a8-479a-a623-400c1eb5efc6,M0,N1A,T1C,Tumor Free,89.16066673,0:CENSORED,Yes,Yes,White,,-14,1,Female,,-32,,,,,,,,,,,,,,,,,,,,
TCGA-BH-A1F6,brca_tcga_pan_can_atlas_2018,51,,,23,BRCA,,-18691,0,,,97.4783838,,Not Hispanic Or Latino,9/7/11,EUR,No,C50.9,8500/3,C50.9,Yes,Yes,,97.4783838,1:DECEASED,ad18820b-a804-49c0-ba8a-86c09fa6bce2,MX,N2A,T4D,,97.4783838,0:CENSORED,Yes,No,White,,6,1,Female,BRCA_Basal,6,,,,,,,,,,,,,,,,,,,,
TCGA-BH-A1F8,brca_tcga_pan_can_atlas_2018,90,STAGE IIIB,5TH,-9,BRCA,,-32871,0,,,25.08465661,1:DEAD WITH TUMOR,Not Hispanic Or Latino,9/7/11,EUR,No,C50.9,8500/3,C50.9,Yes,Yes,,25.08465661,1:DECEASED,ee554215-bea2-4268-aaf9-784e68cdb969,M0,N2,T4B,With Tumor,25.08465661,1:PROGRESSION,Yes,No,White,,14,1,Female,BRCA_LumB,-18,,,,,,,,,,,,,,,,,,,,
TCGA-BH-A1FB,brca_tcga_pan_can_atlas_2018,60,STAGE IIB,5TH,-41,BRCA,,-21933,0,,,120.6233356,1:DEAD WITH TUMOR,Not Hispanic Or Latino,9/7/11,EUR,No,C50.9,8500/3,C50.9,Yes,No,,120.6233356,1:DECEASED,ecab16bc-28d5-4c3a-8735-3c785bd047c4,M0,N1B,T2,With Tumor,120.6233356,1:PROGRESSION,Yes,No,White,,-12,1,Female,,-32,,,,,,,,,,,,,,,,,,,,
TCGA-BH-A1FC,brca_tcga_pan_can_atlas_2018,78,STAGE IIA,5TH,13,BRCA,,-28706,0,,,114.1466943,0:ALIVE OR DEAD TUMOR FREE,Not Hispanic Or Latino,9/8/11,,No,C50.9,8510/3,C50.9,Yes,Yes,,114.1466943,1:DECEASED,b97bf89a-7a85-4eef-ae7e-f787aead1f0a,M0,N1B,T1C,Tumor Free,114.1466943,0:CENSORED,Yes,No,Black or African American,,12,1,Female,BRCA_Basal,-4,,,,,,,,,,,,,,,,,,,,
TCGA-BH-A1FD,brca_tcga_pan_can_atlas_2018,68,STAGE I,5TH,11,BRCA,,-24940,0,,,33.17223921,1:DEAD WITH TUMOR,Not Hispanic Or Latino,9/8/11,EUR,No,C50.9,8500/3,C50.9,Yes,Yes,,33.17223921,1:DECEASED,3c8b5af9-c34d-43c2-b8c9-39ea11e44fa6,M0,N0,T1C,With Tumor,33.17223921,1:PROGRESSION,Yes,No,White,,24,1,Female,BRCA_LumB,6,,,,,,,,,,,,,,,,,,,,
TCGA-BH-A1FE,brca_tcga_pan_can_atlas_2018,31,STAGE IIB,5TH,-29,BRCA,,-11650,0,,,74.72794819,1:DEAD WITH TUMOR,Not Hispanic Or Latino,9/8/11,EUR,No,C50.9,8500/3,C50.9,Yes,Yes,,74.72794819,1:DECEASED,4aa68586-6331-4795-b40c-859386640df6,M0,N1,T2,With Tumor,74.72794819,1:PROGRESSION,Yes,No,White,,-18,1,Female,BRCA_LumA,-26,,,,,,,,,,,,,,,,,,,,
TCGA-BH-A1FG,brca_tcga_pan_can_atlas_2018,88,STAGE I,5TH,-13,BRCA,,-32295,0,,,122.8260512,,Not Hispanic Or Latino,9/8/11,EUR,No,C50.9,8500/3,C50.9,Yes,Yes,,122.8260512,1:DECEASED,d4e7426c-9739-4585-9114-e564b13c7c02,M0,NX,T1C,,122.8260512,0:CENSORED,,No,White,,-12,1,Female,BRCA_LumA,-16,,,,,,,,,,,,,,,,,,,,
TCGA-BH-A1FH,brca_tcga_pan_can_atlas_2018,47,STAGE IV,5TH,-41,BRCA,,-17172,0,,,33.99414801,1:DEAD WITH TUMOR,Not Hispanic Or Latino,9/8/11,EUR,No,C50.9,8500/3,C50.9,Yes,Yes,,33.99414801,1:DECEASED,1783cac1-253a-40af-a9ac-48dfb20e1ab8,M1,N1B,T2,With Tumor,33.99414801,1:PROGRESSION,Yes,No,White,,-20,1,Female,BRCA_LumA,-36,,,,,,,,,,,,,,,,,,,,
TCGA-BH-A1FJ,brca_tcga_pan_can_atlas_2018,66,STAGE IIIA,5TH,-21,BRCA,,-24262,0,,,63.35273038,,Not Hispanic Or Latino,9/8/11,EUR,No,C50.9,8500/3,C50.9,Yes,Yes,,63.35273038,1:DECEASED,f6581eee-61b9-43d4-ab0d-ce5ce3ba1c74,M0,N1B,T3,,63.35273038,0:CENSORED,Yes,No,White,,8,1,Female,BRCA_LumB,-28,,,,,,,,,,,,,,,,,,,,
TCGA-BH-A1FL,brca_tcga_pan_can_atlas_2018,69,STAGE IIB,5TH,-37,BRCA,,-25558,0,,,55.00213696,1:DEAD WITH TUMOR,Not Hispanic Or Latino,9/8/11,EUR,No,C50.9,8500/3,C50.9,Yes,Yes,,55.00213696,1:DECEASED,14d1d84e-99e1-41ad-8892-3b4da3d4f948,M0,N1B,T2,With Tumor,55.00213696,1:PROGRESSION,Yes,No,White,,-6,1,Female,BRCA_LumA,-38,,,,,,,,,,,,,,,,,,,,
TCGA-BH-A1FM,brca_tcga_pan_can_atlas_2018,44,STAGE IIIA,5TH,-3,BRCA,,-16289,0,,,45.63237663,,Not Hispanic Or Latino,9/8/11,EUR,No,C50.9,8500/3,C50.9,Yes,Yes,,45.63237663,1:DECEASED,7eb18190-5a41-4637-9783-f81bbde499e4,M0,N2,T2,,45.63237663,0:CENSORED,Yes,No,White,,4,1,Female,BRCA_LumB,-8,,,,,,,,,,,,,,,,,,,,
TCGA-BH-A1FN,brca_tcga_pan_can_atlas_2018,34,STAGE IIA,5TH,41,BRCA,,-12525,0,,,72.06496367,1:DEAD WITH TUMOR,Not Hispanic Or Latino,9/8/11,EUR,No,C50.9,8500/3,C50.9,Yes,Yes,,72.06496367,1:DECEASED,6dd0dd7b-62ff-4fd1-a99a-b265f1a91dca,M0,N0,T2,With Tumor,72.06496367,1:PROGRESSION,Yes,No,White,,24,1,Female,BRCA_LumB,32,,,,,,,,,,,,,,,,,,,,
TCGA-BH-A1FR,brca_tcga_pan_can_atlas_2018,73,STAGE IIIB,5TH,-31,BRCA,,-26684,0,,,53.98297005,1:DEAD WITH TUMOR,Not Hispanic Or Latino,9/8/11,EUR,No,C50.9,8523/3,C50.9,Yes,Yes,,53.98297005,1:DECEASED,bf3b1481-ae31-4406-b084-b6cc1d7163e3,M0,N1A,T4B,With Tumor,53.98297005,1:PROGRESSION,Yes,No,White,,-8,1,Female,BRCA_LumA,-46,,,,,,,,,,,,,,,,,,,,
TCGA-BH-A1FU,brca_tcga_pan_can_atlas_2018,44,STAGE IA,5TH,-1,BRCA,,-16174,0,,,55.49528224,1:DEAD WITH TUMOR,Not Hispanic Or Latino,9/8/11,EUR,No,C50.9,8500/3,C50.9,Yes,Yes,,55.49528224,1:DECEASED,c348a9b3-c901-4384-a222-144387bac0c5,M0,N0,T1C,With Tumor,55.49528224,1:PROGRESSION,Yes,No,White,,12,1,Female,BRCA_Normal,-14,,,,,,,,,,,,,,,,,,,,
TCGA-BH-A201,brca_tcga_pan_can_atlas_2018,64,STAGE IA,7TH,-13,BRCA,856,-23423,0,,,28.14215735,0:ALIVE OR DEAD TUMOR FREE,Not Hispanic Or Latino,9/8/11,EUR,No,C50.9,8500/3,C50.9,Yes,Yes,No,28.14215735,0:LIVING,3bf81a9f-abb4-4495-a514-fd3865e13a03,M0,N0,T1,Tumor Free,28.14215735,0:CENSORED,Yes,No,White,Yes,0,1,Female,BRCA_LumA,0,,,,,,,,,,,,,,,,,,,,
TCGA-BH-A202,brca_tcga_pan_can_atlas_2018,60,STAGE II,6TH,17,BRCA,795,-22052,0,,,26.13669987,0:ALIVE OR DEAD TUMOR FREE,Not Hispanic Or Latino,9/8/11,EUR,No,C50.9,8500/3,C50.9,Yes,Yes,No,26.13669987,0:LIVING,e7a00d67-2c26-4d1f-bd17-35f659e88bc1,M0,N0,T2,,26.13669987,0:CENSORED,Yes,No,White,Yes,26,1,Female,BRCA_LumB,-2,,,,,,,,,,,,,,,,,,,,
TCGA-BH-A203,brca_tcga_pan_can_atlas_2018,78,STAGE IIB,5TH,15,BRCA,,-28609,0,,,38.5968373,1:DEAD WITH TUMOR,Not Hispanic Or Latino,9/8/11,EUR,No,C50.9,8500/3,C50.9,Yes,Yes,,38.5968373,1:DECEASED,b3264748-947a-43aa-b227-b294fbcc8447,M0,N1B,T2,With Tumor,38.5968373,1:PROGRESSION,Yes,No,White,,18,1,Female,BRCA_Her2,8,,,,,,,,,,,,,,,,,,,,
TCGA-BH-A204,brca_tcga_pan_can_atlas_2018,80,STAGE IIB,5TH,-11,BRCA,,-29529,0,,,83.30867607,,Not Hispanic Or Latino,9/8/11,EUR,No,C50.9,8500/3,C50.9,Yes,Yes,,83.30867607,1:DECEASED,05135396-df5c-49db-b34e-f4add5b65a2b,M0,N1B,T2,,83.30867607,0:CENSORED,Yes,No,White,,14,1,Female,BRCA_LumB,-24,,,,,,,,,,,,,,,,,,,,
TCGA-BH-A208,brca_tcga_pan_can_atlas_2018,48,STAGE IIB,5TH,-29,BRCA,,-17715,0,,,57.82950324,0:ALIVE OR DEAD TUMOR FREE,Not Hispanic Or Latino,9/8/11,EUR,No,C50.9,8500/3,C50.9,Yes,Yes,,57.82950324,1:DECEASED,ddcbdac6-9e43-4146-a611-d033125eba14,M0,N1B,T2,Tumor Free,57.82950324,0:CENSORED,Yes,No,White,,-14,1,Female,BRCA_Normal,-22,,,,,,,,,,,,,,,,,,,,
TCGA-BH-A209,brca_tcga_pan_can_atlas_2018,77,STAGE I,5TH,-1,BRCA,,-28403,0,,,130.1574777,0:ALIVE OR DEAD TUMOR FREE,Not Hispanic Or Latino,9/8/11,,No,C50.9,8510/3,C50.9,Yes,Yes,,130.1574777,1:DECEASED,5258294f-ef5b-4091-9183-6bcc545d54b2,M0,N0,T1C,Tumor Free,130.1574777,0:CENSORED,Yes,No,Black or African American,,16,1,Female,BRCA_LumB,-16,,,,,,,,,,,,,,,,,,,,
TCGA-BH-A28O,brca_tcga_pan_can_atlas_2018,50,STAGE IIIC,7TH,-41,BRCA,1120,-18501,0,36.82151429,0:DiseaseFree,36.82151429,0:ALIVE OR DEAD TUMOR FREE,Not Hispanic Or Latino,7/2/12,EUR,No,C50.9,8520/3,C50.9,Yes,No,No,36.82151429,0:LIVING,84B7CCF2-8AB3-4B21-96DE-800D231BC072,M0,N3,T3A,Tumor Free,36.82151429,0:CENSORED,Yes,No,White,Yes,-22,1,Female,,-38,,,,,,,,,,,,,,,,,,,,
TCGA-BH-A28Q,brca_tcga_pan_can_atlas_2018,46,STAGE IIB,7TH,-39,BRCA,1119,-16882,0,,,36.78863793,0:ALIVE OR DEAD TUMOR FREE,Not Hispanic Or Latino,9/29/11,EUR,No,C50.9,8520/3,C50.9,Yes,Yes,No,36.78863793,0:LIVING,32861b48-83f5-43a3-bb54-45215ad2c5d6,M0,N1A,T2,Tumor Free,36.78863793,0:CENSORED,Yes,No,White,No,-12,1,Female,BRCA_LumA,-18,,,,,,,,,,,,,,,,,,,,
TCGA-BH-A2L8,brca_tcga_pan_can_atlas_2018,45,STAGE IIA,7TH,-19,BRCA,612,-16658,0,20.12032745,0:DiseaseFree,20.12032745,0:ALIVE OR DEAD TUMOR FREE,Not Hispanic Or Latino,3/27/12,EUR,No,C50.9,8520/3,C50.9,Yes,Yes,No,20.12032745,0:LIVING,BAC4B268-C781-4408-96D8-43A48FEC7418,M0,N0 (I-),T2,Tumor Free,20.12032745,0:CENSORED,Yes,No,White,No,-2,1,Female,BRCA_LumA,-14,,,,,,,,,,,,,,,,,,,,
TCGA-BH-A42T,brca_tcga_pan_can_atlas_2018,75,STAGE IIA,7TH,-1,BRCA,30,-27731,0,10.52043265,0:DiseaseFree,10.52043265,0:ALIVE OR DEAD TUMOR FREE,Not Hispanic Or Latino,9/28/12,,No,C50.9,8520/3,C50.9,Yes,No,No,10.52043265,1:DECEASED,10C829EC-FD66-49C4-8AFE-AD3AE567372C,M0,N0 (I+),T2,Tumor Free,10.52043265,0:CENSORED,Yes,No,Black or African American,No,12,1,Female,,-18,,,,,,,,,,,,,,,,,,,,
TCGA-BH-A42U,brca_tcga_pan_can_atlas_2018,80,STAGE IIA,6TH,-25,BRCA,3364,-29330,0,110.5960483,0:DiseaseFree,110.5960483,0:ALIVE OR DEAD TUMOR FREE,Not Hispanic Or Latino,10/1/12,,No,C50.9,8520/3,C50.9,Yes,Yes,No,110.5960483,0:LIVING,2DC1CEC9-925A-417F-9E21-3C2143E711B4,M0,N0,T2,,110.5960483,0:CENSORED,Yes,No,Black or African American,No,-20,1,Female,BRCA_Normal,-18,,,,,,,,,,,,,,,,,,,,
TCGA-BH-A42V,brca_tcga_pan_can_atlas_2018,41,STAGE IB,7TH,-25,BRCA,635,-15158,0,20.87648355,0:DiseaseFree,20.87648355,0:ALIVE OR DEAD TUMOR FREE,Not Hispanic Or Latino,1/17/13,,No,C50.9,8500/3,C50.9,Yes,Yes,No,20.87648355,0:LIVING,57CF380D-AB52-467F-B9AE-740B2F84C820,M0,N1MI,T1C,Tumor Free,20.87648355,0:CENSORED,Yes,No,Black or African American,Yes,-16,1,Female,BRCA_LumA,-22,,,,,,,,,,,,,,,,,,,,
TCGA-BH-A5IZ,brca_tcga_pan_can_atlas_2018,51,STAGE IIB,7TH,19,BRCA,567,-18927,0,18.64089161,0:DiseaseFree,18.64089161,0:ALIVE OR DEAD TUMOR FREE,Not Hispanic Or Latino,2/13/14,,No,C50.9,8500/3,C50.9,Yes,Yes,No,18.64089161,0:LIVING,A8A33BA9-0976-4E19-B0E9-FA5BA4D4EAA8,CM0 (I+),N1A,T2,Tumor Free,18.64089161,0:CENSORED,Yes,No,Black or African American,Yes,6,1,Female,BRCA_Basal,8,,,,,,,,,,,,,,,,,,,,
TCGA-BH-A5J0,brca_tcga_pan_can_atlas_2018,63,STAGE IA,7TH,9,BRCA,715,-23072,0,23.50659171,0:DiseaseFree,23.50659171,0:ALIVE OR DEAD TUMOR FREE,Not Hispanic Or Latino,2/13/14,,No,C50.9,8500/3,C50.9,Yes,Yes,No,23.50659171,0:LIVING,DB55D9D9-DD56-4CA9-B1F1-0D929697B280,M0,N0,T1C,Tumor Free,23.50659171,0:CENSORED,Yes,No,Black or African American,No,4,1,Female,BRCA_LumA,6,,,,,,,,,,,,,,,,,,,,
TCGA-BH-A6R8,brca_tcga_pan_can_atlas_2018,46,STAGE IIA,7TH,-15,BRCA,293,-16829,0,9.632771148,0:DiseaseFree,9.632771148,0:ALIVE OR DEAD TUMOR FREE,Not Hispanic Or Latino,2/13/14,AFR,No,C50.9,8500/3,C50.9,Yes,Yes,No,9.632771148,0:LIVING,91B09291-5944-4691-A0D8-7D1CCC649B9B,M0,N0,T2,Tumor Free,9.632771148,0:CENSORED,Yes,No,Black or African American,Yes,-18,1,Female,BRCA_LumA,-8,,,,,,,,,,,,,,,,,,,,
TCGA-BH-A6R9,brca_tcga_pan_can_atlas_2018,61,STAGE IIA,7TH,1,BRCA,160,-22325,0,5.260216326,0:DiseaseFree,5.260216326,0:ALIVE OR DEAD TUMOR FREE,Not Hispanic Or Latino,2/13/14,EUR,No,C50.9,8575/3,C50.9,Yes,Yes,No,5.260216326,0:LIVING,43CC074D-B85A-4B0B-8FEB-833094FFC565,M0,N0,T2,Tumor Free,5.260216326,0:CENSORED,,No,White,No,-8,1,Female,BRCA_Normal,6,,,,,,,,,,,,,,,,,,,,
TCGA-BH-A8FY,brca_tcga_pan_can_atlas_2018,87,STAGE IA,7TH,-15,BRCA,,-31932,0,9.698523852,0:DiseaseFree,9.698523852,0:ALIVE OR DEAD TUMOR FREE,Not Hispanic Or Latino,3/25/14,EUR,No,C50.9,8520/3,C50.9,Yes,Yes,No,9.698523852,1:DECEASED,5F4D16AA-9CC4-4EDB-B714-394E2661439A,M0,N0 (I+),T1C,Tumor Free,9.698523852,0:CENSORED,Yes,Yes,White,No,-14,1,Female,BRCA_LumA,-14,,,,,,,,,,,,,,,,,,,,
TCGA-BH-A8FZ,brca_tcga_pan_can_atlas_2018,58,STAGE IA,7TH,-15,BRCA,574,-21343,0,18.87102607,0:DiseaseFree,18.87102607,0:ALIVE OR DEAD TUMOR FREE,Not Hispanic Or Latino,3/25/14,EUR,No,C50.9,8520/3,C50.9,Yes,Yes,No,18.87102607,0:LIVING,1CC30842-4A5B-4F07-B36F-5B84CEAA5662,M0,N0,T1B,Tumor Free,18.87102607,0:CENSORED,Yes,No,White,Yes,-14,1,Female,BRCA_Normal,-12,,,,,,,,,,,,,,,,,,,,
TCGA-BH-A8G0,brca_tcga_pan_can_atlas_2018,54,STAGE IIB,7TH,-37,BRCA,662,-19975,0,21.76414505,0:DiseaseFree,21.76414505,0:ALIVE OR DEAD TUMOR FREE,Not Hispanic Or Latino,3/26/14,EUR,No,C50.9,8520/3,C50.9,Yes,Yes,No,21.76414505,0:LIVING,59D60247-E549-4326-A672-50B05C13A291,M0,N1A,T2,Tumor Free,21.76414505,0:CENSORED,Yes,No,White,No,-18,1,Female,BRCA_LumA,-40,,,,,,,,,,,,,,,,,,,,
TCGA-BH-AB28,brca_tcga_pan_can_atlas_2018,53,STAGE IIIA,7TH,-35,BRCA,287,-19570,0,9.435513036,0:DiseaseFree,9.435513036,0:ALIVE OR DEAD TUMOR FREE,Not Hispanic Or Latino,6/30/14,EUR,No,C50.9,8520/3,C50.9,Yes,Yes,No,9.435513036,0:LIVING,09D6E904-7184-4788-8A19-04F8C46CB13F,M0,N1A,T3,Tumor Free,9.435513036,0:CENSORED,Yes,No,White,No,-6,1,Female,BRCA_LumA,-36,,,,,,,,,,,,,,,,,,,,
TCGA-C8-A12K,brca_tcga_pan_can_atlas_2018,80,STAGE IIB,6TH,25,BRCA,0,-29463,0,0,0:DiseaseFree,0,0:ALIVE OR DEAD TUMOR FREE,Not Hispanic Or Latino,4/12/11,,No,C50.9,8500/3,C50.9,Yes,Yes,,0,0:LIVING,6b923e30-2ddc-407f-91b1-c202f1373fbb,M0,N1,T2,Tumor Free,0,0:CENSORED,,No,Asian,,14,1,Female,BRCA_Basal,-4,,,,,,,,,,,,,,,,,,,,
TCGA-C8-A12L,brca_tcga_pan_can_atlas_2018,67,STAGE IIA,6TH,29,BRCA,363,-24710,0,11.93411579,0:DiseaseFree,11.93411579,0:ALIVE OR DEAD TUMOR FREE,Not Hispanic Or Latino,4/12/11,,No,C50.9,8500/3,C50.9,Yes,Yes,No,11.93411579,0:LIVING,441919eb-8c9f-478c-bda3-8de4f8295e8a,M0,N0 (I-),T2,Tumor Free,11.93411579,0:CENSORED,,No,Asian,No,26,1,Female,BRCA_Her2,34,,,,,,,,,,,,,,,,,,,,
TCGA-C8-A12M,brca_tcga_pan_can_atlas_2018,70,STAGE IIA,6TH,-25,BRCA,358,-25811,0,11.76973403,0:DiseaseFree,11.76973403,0:ALIVE OR DEAD TUMOR FREE,Not Hispanic Or Latino,4/12/11,,No,C50.9,8500/3,C50.9,Yes,Yes,No,11.76973403,0:LIVING,dd0f8e5a-383d-4f03-bb71-0e115d4e442c,M0,N0 (I-),T2,Tumor Free,11.76973403,0:CENSORED,,No,Asian,No,-10,1,Female,BRCA_LumB,-42,,,,,,,,,,,,,,,,,,,,
TCGA-C8-A12N,brca_tcga_pan_can_atlas_2018,58,STAGE IIA,6TH,-19,BRCA,358,-21428,0,11.76973403,0:DiseaseFree,11.76973403,0:ALIVE OR DEAD TUMOR FREE,Not Hispanic Or Latino,4/12/11,,No,C50.9,8500/3,C50.9,Yes,Yes,No,11.76973403,0:LIVING,b8a615f9-d19b-4b09-8ec8-0674e5c648cd,M0,N0 (I-),T2,Tumor Free,11.76973403,0:CENSORED,,No,Asian,No,-8,1,Female,BRCA_LumA,-12,,,,,,,,,,,,,,,,,,,,
TCGA-C8-A12O,brca_tcga_pan_can_atlas_2018,50,STAGE IIA,6TH,5,BRCA,385,-18506,0,12.65739554,0:DiseaseFree,12.65739554,0:ALIVE OR DEAD TUMOR FREE,Not Hispanic Or Latino,4/13/11,,No,C50.9,8500/3,C50.9,Yes,Yes,No,12.65739554,0:LIVING,83f26720-007c-42c9-a7de-7484bf8afa89,M0,N0 (I-),T2,Tumor Free,12.65739554,0:CENSORED,,No,Asian,No,20,1,Female,BRCA_LumA,4,,,,,,,,,,,,,,,,,,,,
TCGA-C8-A12P,brca_tcga_pan_can_atlas_2018,55,STAGE IIB,6TH,19,BRCA,358,-20332,0,11.76973403,0:DiseaseFree,11.76973403,0:ALIVE OR DEAD TUMOR FREE,Not Hispanic Or Latino,4/13/11,,No,C50.9,8500/3,C50.9,Yes,Yes,No,11.76973403,0:LIVING,abdc76db-f85e-4337-a57e-6d098789da03,M0,N1,T2,Tumor Free,11.76973403,0:CENSORED,,No,Asian,No,18,1,Female,BRCA_Her2,10,,,,,,,,,,,,,,,,,,,,
TCGA-C8-A12Q,brca_tcga_pan_can_atlas_2018,78,STAGE IIIA,,-5,BRCA,2,-28733,0,,,12.65739554,1:DEAD WITH TUMOR,Not Hispanic Or Latino,4/13/11,,No,C50.9,8500/3,C50.9,Yes,Yes,Yes,12.65739554,1:DECEASED,a824b3bd-34d5-4cc1-a92f-f9d6ac0f1814,M0,N2,T1,Tumor Free,12.65739554,1:PROGRESSION,,No,Asian,No,12,1,Female,BRCA_Her2,4,,,,,,,,,,,,,,,,,,,,
TCGA-C8-A12T,brca_tcga_pan_can_atlas_2018,43,STAGE IIA,6TH,29,BRCA,0,,0,0,0:DiseaseFree,0,0:ALIVE OR DEAD TUMOR FREE,Not Hispanic Or Latino,4/11/11,,No,C50.9,8500/3,C50.9,Yes,Yes,,0,0:LIVING,71229981-97c2-4ae1-a130-fe5de336b37d,M0,N0,T2,Tumor Free,0,0:CENSORED,Yes,No,Asian,,20,1,Female,BRCA_Her2,24,,,,,,,,,,,,,,,,,,,,
TCGA-C8-A12U,brca_tcga_pan_can_atlas_2018,46,STAGE IIB,6TH,17,BRCA,385,-17045,0,12.65739554,0:DiseaseFree,12.65739554,0:ALIVE OR DEAD TUMOR FREE,Not Hispanic Or Latino,4/13/11,,No,C50.9,8500/3,C50.9,Yes,Yes,No,12.65739554,0:LIVING,97b5f490-1cd9-4833-b903-5f4c6e45670d,M0,N1,T2,Tumor Free,12.65739554,0:CENSORED,Yes,No,Asian,No,16,1,Female,BRCA_LumB,16,,,,,,,,,,,,,,,,,,,,
TCGA-C8-A12V,brca_tcga_pan_can_atlas_2018,55,STAGE IIA,6TH,-7,BRCA,385,-20346,0,,,12.65739554,0:ALIVE OR DEAD TUMOR FREE,Not Hispanic Or Latino,3/22/11,,No,C50.9,8500/3,C50.9,Yes,Yes,No,12.65739554,0:LIVING,7e1673f8-5758-4963-8804-d5e39f06205b,M0,N0,T2,Tumor Free,12.65739554,0:CENSORED,Yes,No,Asian,No,10,1,Female,BRCA_Basal,-42,,,,,,,,,,,,,,,,,,,,
TCGA-C8-A12W,brca_tcga_pan_can_atlas_2018,49,STAGE IIIB,6TH,-5,BRCA,385,-18140,0,12.65739554,0:DiseaseFree,12.65739554,0:ALIVE OR DEAD TUMOR FREE,Not Hispanic Or Latino,4/13/11,,No,C50.9,8500/3,C50.9,Yes,Yes,No,12.65739554,0:LIVING,6adca853-1b09-47ff-814c-47b732a76d96,M0,N1,T4,Tumor Free,12.65739554,0:CENSORED,Yes,No,Asian,No,20,1,Female,BRCA_LumB,-6,,,,,,,,,,,,,,,,,,,,
TCGA-C8-A12X,brca_tcga_pan_can_atlas_2018,62,STAGE IIB,6TH,-21,BRCA,385,-22889,0,12.65739554,0:DiseaseFree,12.65739554,0:ALIVE OR DEAD TUMOR FREE,Not Hispanic Or Latino,4/13/11,,No,C50.9,8480/3,C50.9,Yes,Yes,No,12.65739554,0:LIVING,65cde5d5-1efc-4e30-b1bd-a93598794f2c,M0,N1,T2,Tumor Free,12.65739554,0:CENSORED,Yes,No,Asian,No,4,1,Female,BRCA_LumA,-44,,,,,,,,,,,,,,,,,,,,
TCGA-C8-A12Y,brca_tcga_pan_can_atlas_2018,44,STAGE IIB,6TH,1,BRCA,1476,,0,48.52549561,0:DiseaseFree,48.52549561,0:ALIVE OR DEAD TUMOR FREE,Not Hispanic Or Latino,4/13/11,,No,C50.9,8500/3,C50.9,Yes,Yes,No,48.52549561,0:LIVING,298a1710-deb4-4064-a0f2-da32d43aa217,M0,N1,T2,Tumor Free,48.52549561,0:CENSORED,Yes,No,Asian,Yes,6,1,Female,BRCA_LumA,4,,,,,,,,,,,,,,,,,,,,
TCGA-C8-A12Z,brca_tcga_pan_can_atlas_2018,45,STAGE IIB,6TH,15,BRCA,382,-16508,0,12.55876648,0:DiseaseFree,12.55876648,0:ALIVE OR DEAD TUMOR FREE,Not Hispanic Or Latino,4/13/11,,No,C50.9,8500/3,C50.9,Yes,Yes,No,12.55876648,0:LIVING,42621dfa-abfd-4c7d-8bc5-a02a09d1c2b4,M0,N1,T2,Tumor Free,12.55876648,0:CENSORED,Yes,No,Asian,No,22,1,Female,BRCA_Her2,2,,,,,,,,,,,,,,,,,,,,
TCGA-C8-A130,brca_tcga_pan_can_atlas_2018,52,STAGE IIIA,6TH,17,BRCA,370,-19117,0,12.16425026,0:DiseaseFree,12.16425026,0:ALIVE OR DEAD TUMOR FREE,Not Hispanic Or Latino,4/13/11,,No,C50.9,8500/3,C50.9,Yes,Yes,No,12.16425026,0:LIVING,8cf54607-01ce-42b0-9bd9-8627edd9f3b7,M0,N2,T3,Tumor Free,12.16425026,0:CENSORED,Yes,No,Asian,No,18,1,Female,BRCA_LumB,26,,,,,,,,,,,,,,,,,,,,
TCGA-C8-A131,brca_tcga_pan_can_atlas_2018,82,STAGE IIIA,6TH,29,BRCA,411,-29966,0,13.51218069,0:DiseaseFree,13.51218069,0:ALIVE OR DEAD TUMOR FREE,Not Hispanic Or Latino,4/15/11,,No,C50.9,8500/3,C50.9,Yes,Yes,No,13.51218069,0:LIVING,c49e3b18-fd88-48f4-8b01-300692ceb367,M0,N2,T2,Tumor Free,13.51218069,0:CENSORED,Yes,No,Asian,No,20,1,Female,BRCA_Basal,30,,,,,,,,,,,,,,,,,,,,
TCGA-C8-A132,brca_tcga_pan_can_atlas_2018,56,STAGE IIB,6TH,-25,BRCA,383,-20471,0,12.59164283,0:DiseaseFree,12.59164283,0:ALIVE OR DEAD TUMOR FREE,Not Hispanic Or Latino,4/15/11,,No,C50.9,8500/3,C50.9,Yes,Yes,No,12.59164283,0:LIVING,89e867de-d30e-4bfc-a453-0a76309dabd5,M0,N1,T2,Tumor Free,12.59164283,0:CENSORED,Yes,No,Asian,No,4,1,Female,BRCA_LumA,-28,,,,,,,,,,,,,,,,,,,,
TCGA-C8-A133,brca_tcga_pan_can_atlas_2018,65,STAGE IIIA,6TH,-19,BRCA,0,-23922,0,0,0:DiseaseFree,0,0:ALIVE OR DEAD TUMOR FREE,Not Hispanic Or Latino,4/15/11,SAS_ADMIX,No,C50.9,8523/3,C50.9,Yes,Yes,,0,0:LIVING,b8b6cebc-26dc-43ae-a94a-20da6018f7ae,M0,N1,T3,Tumor Free,0,0:CENSORED,Yes,No,White,,-22,1,Female,BRCA_LumA,-12,,,,,,,,,,,,,,,,,,,,
TCGA-C8-A134,brca_tcga_pan_can_atlas_2018,52,STAGE IIA,6TH,7,BRCA,383,-19010,0,12.59164283,0:DiseaseFree,12.59164283,0:ALIVE OR DEAD TUMOR FREE,Not Hispanic Or Latino,4/15/11,,No,C50.9,8500/3,C50.9,Yes,Yes,No,12.59164283,0:LIVING,f1692f4b-ce1b-4fc5-ac55-1022ecae0d1e,M0,N0,T2,Tumor Free,12.59164283,0:CENSORED,,No,Asian,No,14,1,Female,BRCA_Basal,6,,,,,,,,,,,,,,,,,,,,
TCGA-C8-A135,brca_tcga_pan_can_atlas_2018,64,STAGE IIB,6TH,17,BRCA,393,-23667,0,12.92040635,0:DiseaseFree,12.92040635,0:ALIVE OR DEAD TUMOR FREE,Not Hispanic Or Latino,4/15/11,,No,C50.9,8500/3,C50.9,Yes,Yes,No,12.92040635,0:LIVING,33cea538-4c3f-470a-972d-257c43241ab4,M0,N1,T2,Tumor Free,12.92040635,0:CENSORED,Yes,No,Asian,No,16,1,Female,BRCA_Her2,8,,,,,,,,,,,,,,,,,,,,
TCGA-C8-A137,brca_tcga_pan_can_atlas_2018,34,STAGE IIB,6TH,29,BRCA,379,-12729,0,4.471183877,1:Recurred/Progressed,12.46013742,0:ALIVE OR DEAD TUMOR FREE,Not Hispanic Or Latino,4/15/11,,No,C50.9,8500/3,C50.9,Yes,Yes,Yes,12.46013742,0:LIVING,03ab1e9f-4918-404d-b178-3a4fd929c5e8,M0,N1,T2,Tumor Free,4.471183877,1:PROGRESSION,Yes,No,Asian,No,14,1,Female,BRCA_Her2,20,,,,,,,,,,,,,,,,,,,,
TCGA-C8-A138,brca_tcga_pan_can_atlas_2018,54,STAGE IIIA,6TH,-5,BRCA,380,-20053,0,12.49301378,0:DiseaseFree,12.49301378,0:ALIVE OR DEAD TUMOR FREE,Not Hispanic Or Latino,4/15/11,,No,C50.9,8500/3,C50.9,Yes,Yes,No,12.49301378,0:LIVING,b6c286c6-2755-419b-87d3-59c7feda9653,M0,N2,T2,Tumor Free,12.49301378,0:CENSORED,Yes,No,Asian,No,8,1,Female,BRCA_Her2,2,,,,,,,,,,,,,,,,,,,,
TCGA-C8-A1HE,brca_tcga_pan_can_atlas_2018,59,STAGE IIA,6TH,-39,BRCA,375,,0,12.32863202,0:DiseaseFree,12.32863202,0:ALIVE OR DEAD TUMOR FREE,Not Hispanic Or Latino,5/24/11,,No,C50.9,8500/3,C50.9,Yes,Yes,No,12.32863202,0:LIVING,b26d41cd-393b-4cd4-8925-a9488f7de576,M0,N0,T2,Tumor Free,12.32863202,0:CENSORED,Yes,No,Asian,No,-6,1,Female,BRCA_LumA,-36,,,,,,,,,,,,,,,,,,,,
TCGA-C8-A1HF,brca_tcga_pan_can_atlas_2018,48,STAGE IIA,6TH,29,BRCA,332,,0,10.91494888,0:DiseaseFree,10.91494888,0:ALIVE OR DEAD TUMOR FREE,Not Hispanic Or Latino,5/24/11,EAS,No,C50.9,8500/3,C50.9,Yes,Yes,No,10.91494888,0:LIVING,a2453bcb-90f2-4505-949d-a89cf4bfc9b8,M0,N0,T2,Tumor Free,10.91494888,0:CENSORED,Yes,No,Asian,No,18,1,Female,BRCA_Her2,28,,,,,,,,,,,,,,,,,,,,
TCGA-C8-A1HG,brca_tcga_pan_can_atlas_2018,50,STAGE IIA,6TH,7,BRCA,345,,0,11.34234145,0:DiseaseFree,11.34234145,0:ALIVE OR DEAD TUMOR FREE,Not Hispanic Or Latino,5/24/11,,No,C50.9,8500/3,C50.9,Yes,Yes,No,11.34234145,0:LIVING,0c23c380-363c-474d-b64c-b47f612a8225,M0,N0,T2,Tumor Free,11.34234145,0:CENSORED,No,No,Asian,No,18,1,Female,BRCA_LumB,-6,,,,,,,,,,,,,,,,,,,,
TCGA-C8-A1HI,brca_tcga_pan_can_atlas_2018,40,STAGE IIIA,6TH,-11,BRCA,343,,0,11.27658875,0:DiseaseFree,11.27658875,0:ALIVE OR DEAD TUMOR FREE,Not Hispanic Or Latino,6/1/11,,Yes,C50.9,8500/3,C50.9,Yes,Yes,No,11.27658875,0:LIVING,444374f8-9282-439c-af00-0f828edcbff3,M0,N2,T2,Tumor Free,11.27658875,0:CENSORED,Yes,No,Asian,No,-8,1,Female,BRCA_LumA,-6,,,,,,,,,,,,,,,,,,,,
TCGA-C8-A1HJ,brca_tcga_pan_can_atlas_2018,53,STAGE IIA,6TH,17,BRCA,5,-19629,0,0.16438176,0:DiseaseFree,0.16438176,0:ALIVE OR DEAD TUMOR FREE,Not Hispanic Or Latino,6/1/11,,No,C50.9,8500/3,C50.9,Yes,Yes,,0.16438176,0:LIVING,a855c228-a263-44df-87a0-cbc32187e3f5,M0,N0,T2,Tumor Free,0.16438176,0:CENSORED,Yes,No,Asian,,12,1,Female,BRCA_Basal,30,,,,,,,,,,,,,,,,,,,,
TCGA-C8-A1HK,brca_tcga_pan_can_atlas_2018,53,STAGE IIB,6TH,-7,BRCA,366,,0,12.03274485,0:DiseaseFree,12.03274485,0:ALIVE OR DEAD TUMOR FREE,Not Hispanic Or Latino,6/1/11,,No,C50.9,8500/3,C50.9,Yes,Yes,No,12.03274485,0:LIVING,52c35691-efca-42f5-a03e-02c9f872275c,M0,N1,T2,Tumor Free,12.03274485,0:CENSORED,Yes,No,Asian,No,14,1,Female,BRCA_Her2,-22,,,,,,,,,,,,,,,,,,,,
TCGA-C8-A1HL,brca_tcga_pan_can_atlas_2018,38,STAGE IIIA,6TH,-3,BRCA,317,,0,10.4218036,0:DiseaseFree,10.4218036,0:ALIVE OR DEAD TUMOR FREE,Not Hispanic Or Latino,6/2/11,,No,C50.9,8480/3,C50.9,Yes,Yes,No,10.4218036,0:LIVING,a8a199c9-d781-4e6c-af8c-c85d60c7cd40,M0,N1,T3,Tumor Free,10.4218036,0:CENSORED,Yes,Yes,Asian,No,8,1,Female,BRCA_LumB,-2,,,,,,,,,,,,,,,,,,,,
TCGA-C8-A1HM,brca_tcga_pan_can_atlas_2018,74,STAGE IIA,6TH,3,BRCA,375,-27063,0,12.32863202,0:DiseaseFree,12.32863202,0:ALIVE OR DEAD TUMOR FREE,Not Hispanic Or Latino,6/2/11,EAS,No,C50.9,8500/3,C50.9,Yes,Yes,No,12.32863202,0:LIVING,8b525ec6-d24b-49d4-bfcb-b354de4dae7c,M0,N0,T2,Tumor Free,12.32863202,0:CENSORED,No,No,Asian,No,20,1,Female,BRCA_LumB,0,,,,,,,,,,,,,,,,,,,,
TCGA-C8-A1HN,brca_tcga_pan_can_atlas_2018,56,STAGE IIA,6TH,-3,BRCA,394,-20712,0,12.9532827,0:DiseaseFree,12.9532827,0:ALIVE OR DEAD TUMOR FREE,Not Hispanic Or Latino,6/2/11,,No,C50.9,8500/3,C50.9,Yes,Yes,No,12.9532827,0:LIVING,86a18ae0-dfb1-49c3-b5c4-67ec331d6e40,M0,N0,T2,Tumor Free,12.9532827,0:CENSORED,No,No,Asian,No,14,1,Female,BRCA_LumB,-8,,,,,,,,,,,,,,,,,,,,
TCGA-C8-A1HO,brca_tcga_pan_can_atlas_2018,34,STAGE IIIC,6TH,-19,BRCA,375,-12715,0,12.32863202,0:DiseaseFree,12.32863202,0:ALIVE OR DEAD TUMOR FREE,Not Hispanic Or Latino,7/12/11,,No,C50.9,8500/3,C50.9,Yes,Yes,No,12.32863202,0:LIVING,b3354b72-2637-4edc-9a95-e55801d3ac13,M0,N3,T3,Tumor Free,12.32863202,0:CENSORED,No,No,Asian,No,8,1,Female,BRCA_LumA,-32,,,,,,,,,,,,,,,,,,,,
TCGA-C8-A26V,brca_tcga_pan_can_atlas_2018,47,STAGE IIIA,6TH,11,BRCA,616,-17468,0,20.25183286,0:DiseaseFree,20.25183286,0:ALIVE OR DEAD TUMOR FREE,Not Hispanic Or Latino,7/21/11,,No,C50.9,8500/3,C50.9,Yes,Yes,No,20.25183286,0:LIVING,89414e79-7f89-42d9-8228-101b5bf2f31f,M0,N2,T3,Tumor Free,20.25183286,0:CENSORED,No,No,Asian,Yes,14,1,Female,BRCA_LumB,6,,,,,,,,,,,,,,,,,,,,
TCGA-C8-A26W,brca_tcga_pan_can_atlas_2018,58,STAGE IIB,6TH,1,BRCA,381,-21391,0,12.52589013,0:DiseaseFree,12.52589013,0:ALIVE OR DEAD TUMOR FREE,Not Hispanic Or Latino,7/21/11,,No,C50.9,8500/3,C50.9,Yes,Yes,No,12.52589013,0:LIVING,ff0f875f-113a-4c0f-8c0a-4259cd496e6d,M0,N1,T2,Tumor Free,12.52589013,0:CENSORED,No,No,Asian,No,16,1,Female,BRCA_LumB,8,,,,,,,,,,,,,,,,,,,,
TCGA-C8-A26X,brca_tcga_pan_can_atlas_2018,58,STAGE IIA,6TH,35,BRCA,376,-21463,0,12.36150837,0:DiseaseFree,12.36150837,0:ALIVE OR DEAD TUMOR FREE,Not Hispanic Or Latino,7/21/11,,No,C50.9,8500/3,C50.9,Yes,Yes,No,12.36150837,0:LIVING,70ab4f23-23c4-409f-a5cc-18a010c3a24e,M0,N1,T1,Tumor Free,12.36150837,0:CENSORED,No,No,Asian,No,22,1,Female,BRCA_Her2,8,,,,,,,,,,,,,,,,,,,,
TCGA-C8-A26Y,brca_tcga_pan_can_atlas_2018,90,STAGE IIA,6TH,27,BRCA,394,-32872,0,12.9532827,0:DiseaseFree,12.9532827,0:ALIVE OR DEAD TUMOR FREE,Not Hispanic Or Latino,7/21/11,,No,C50.9,8500/3,C50.9,Yes,Yes,No,12.9532827,0:LIVING,4d51159f-ab2f-40e3-a363-847c3654431e,M0,N0,T2,Tumor Free,12.9532827,0:CENSORED,No,No,Asian,No,20,1,Female,BRCA_Her2,22,,,,,,,,,,,,,,,,,,,,
TCGA-C8-A26Z,brca_tcga_pan_can_atlas_2018,59,STAGE IIA,6TH,-5,BRCA,470,,0,15.45188546,0:DiseaseFree,15.45188546,0:ALIVE OR DEAD TUMOR FREE,Not Hispanic Or Latino,7/21/11,,No,C50.9,8500/3,C50.9,Yes,Yes,No,15.45188546,0:LIVING,dc11b1c7-1f00-4813-b4b5-ecf776b2eb37,M0,N0,T2,Tumor Free,15.45188546,0:CENSORED,No,No,Asian,No,2,1,Female,BRCA_LumA,-14,,,,,,,,,,,,,,,,,,,,
TCGA-C8-A273,brca_tcga_pan_can_atlas_2018,29,STAGE IIB,6TH,-1,BRCA,513,,0,16.8655686,0:DiseaseFree,16.8655686,0:ALIVE OR DEAD TUMOR FREE,Not Hispanic Or Latino,7/21/11,,No,C50.9,8500/3,C50.9,Yes,Yes,No,16.8655686,0:LIVING,5a5f0f48-2b13-4e78-b130-901b85d9a7f3,M0,N1,T2,Tumor Free,16.8655686,0:CENSORED,Yes,No,Asian,No,20,1,Female,BRCA_LumA,16,,,,,,,,,,,,,,,,,,,,
TCGA-C8-A274,brca_tcga_pan_can_atlas_2018,63,STAGE IIA,6TH,-29,BRCA,508,-23337,0,16.70118684,0:DiseaseFree,16.70118684,0:ALIVE OR DEAD TUMOR FREE,Not Hispanic Or Latino,7/21/11,,No,C50.9,8500/3,C50.9,Yes,Yes,No,16.70118684,0:LIVING,dbcad60f-86c7-41e3-b0ae-baa39c9f83dd,M0,N0,T2,Tumor Free,16.70118684,0:CENSORED,No,No,Asian,No,0,1,Female,BRCA_LumB,-38,,,,,,,,,,,,,,,,,,,,
TCGA-C8-A275,brca_tcga_pan_can_atlas_2018,56,STAGE IIA,6TH,5,BRCA,1,-20774,0,0.032876352,0:DiseaseFree,0.032876352,0:ALIVE OR DEAD TUMOR FREE,Not Hispanic Or Latino,7/21/11,,No,C50.9,8500/3,C50.9,Yes,Yes,,0.032876352,0:LIVING,ce887e90-0660-4f44-a3a4-b3b894cb7eda,M0,N1,T1,Tumor Free,0.032876352,0:CENSORED,No,No,Asian,,20,1,Female,BRCA_Her2,-6,,,,,,,,,,,,,,,,,,,,
TCGA-C8-A278,brca_tcga_pan_can_atlas_2018,61,STAGE IIIA,6TH,5,BRCA,297,-22598,0,9.764276556,0:DiseaseFree,9.764276556,0:ALIVE OR DEAD TUMOR FREE,Not Hispanic Or Latino,7/21/11,,No,C50.9,8500/3,C50.9,Yes,Yes,No,9.764276556,0:LIVING,65077db7-dd59-4362-9d28-d5a9154e9be0,M0,N2,T2,Tumor Free,9.764276556,0:CENSORED,No,No,Asian,No,24,1,Female,BRCA_Her2,-6,,,,,,,,,,,,,,,,,,,,
TCGA-C8-A27A,brca_tcga_pan_can_atlas_2018,48,STAGE IIB,6TH,-9,BRCA,747,-17779,0,24.55863497,0:DiseaseFree,24.55863497,0:ALIVE OR DEAD TUMOR FREE,Not Hispanic Or Latino,7/21/11,,No,C50.9,8500/3,C50.9,Yes,Yes,No,24.55863497,0:LIVING,3b1f7e48-216d-47de-ba79-db350f52bff0,M0,N1,T2,Tumor Free,24.55863497,0:CENSORED,No,No,Asian,No,14,1,Female,BRCA_LumB,-8,,,,,,,,,,,,,,,,,,,,
TCGA-C8-A27B,brca_tcga_pan_can_atlas_2018,48,STAGE IIB,6TH,13,BRCA,439,-17763,0,14.43271855,0:DiseaseFree,14.43271855,0:ALIVE OR DEAD TUMOR FREE,Not Hispanic Or Latino,7/21/11,,No,C50.9,8500/3,C50.9,Yes,Yes,No,14.43271855,0:LIVING,f0d8a1fe-e313-44f1-99cc-b965cbeeff0e,M0,N0,T3,Tumor Free,14.43271855,0:CENSORED,No,No,Asian,No,14,1,Female,BRCA_Basal,-8,,,,,,,,,,,,,,,,,,,,
TCGA-C8-A3M7,brca_tcga_pan_can_atlas_2018,60,STAGE IIIB,7TH,-33,BRCA,1,-22096,0,33.99414801,1:Recurred/Progressed,33.99414801,1:DEAD WITH TUMOR,Not Hispanic Or Latino,3/6/12,EAS,No,C50.9,8520/3,C50.9,Yes,Yes,Yes,33.99414801,1:DECEASED,959FF069-8A49-4C9B-85C2-5291CAC0ACFF,M0,N0,T4B,Tumor Free,33.99414801,1:PROGRESSION,Yes,No,Asian,Yes,-4,1,Female,BRCA_LumA,-32,,,,,,,,,,,,,,,,,,,,
TCGA-C8-A3M8,brca_tcga_pan_can_atlas_2018,68,STAGE IA,7TH,-21,BRCA,394,-24877,0,12.9532827,0:DiseaseFree,12.9532827,0:ALIVE OR DEAD TUMOR FREE,Not Hispanic Or Latino,3/6/12,EAS,No,C50.9,8520/3,C50.9,Yes,Yes,No,12.9532827,0:LIVING,C1E704D6-A33B-4891-90BD-992B0040C075,M0,N0,T1C,Tumor Free,12.9532827,0:CENSORED,Yes,No,Asian,No,4,1,Female,BRCA_LumB,0,,,,,,,,,,,,,,,,,,,,
TCGA-C8-A8HP,brca_tcga_pan_can_atlas_2018,59,STAGE IIIA,7TH,9,BRCA,396,-21613,0,13.01903541,0:DiseaseFree,13.01903541,0:ALIVE OR DEAD TUMOR FREE,Not Hispanic Or Latino,12/29/14,EAS,No,C50.9,8575/3,C50.9,Yes,Yes,No,13.01903541,0:LIVING,8DB69F1D-72E2-40BA-AD8A-CF228499840D,M0,N2,T2,Tumor Free,13.01903541,0:CENSORED,Yes,No,Asian,No,16,1,Female,BRCA_Her2,16,,,,,,,,,,,,,,,,,,,,
TCGA-C8-A8HQ,brca_tcga_pan_can_atlas_2018,53,STAGE IIB,7TH,1,BRCA,380,-19432,0,12.49301378,0:DiseaseFree,12.49301378,0:ALIVE OR DEAD TUMOR FREE,Not Hispanic Or Latino,12/29/14,EAS,No,C50.9,8480/3,C50.9,Yes,Yes,No,12.49301378,0:LIVING,6951FE6A-D7D1-4F41-85AF-76655B5D1F62,M0,N1,T2,Tumor Free,12.49301378,0:CENSORED,Yes,No,Asian,No,14,1,Female,BRCA_LumB,18,,,,,,,,,,,,,,,,,,,,
TCGA-C8-A8HR,brca_tcga_pan_can_atlas_2018,49,STAGE IIIA,7TH,-19,BRCA,408,-17921,0,13.41355163,0:DiseaseFree,13.41355163,0:ALIVE OR DEAD TUMOR FREE,Not Hispanic Or Latino,12/29/14,EAS,No,C50.9,8520/3,C50.9,Yes,Yes,No,13.41355163,0:LIVING,DCB68327-1537-4CA6-81DE-3910D0663CB8,M0,N2,T3,Tumor Free,13.41355163,0:CENSORED,Yes,No,Asian,No,12,1,Female,BRCA_Normal,-16,,,,,,,,,,,,,,,,,,,,
TCGA-C8-A9FZ,brca_tcga_pan_can_atlas_2018,49,STAGE IIB,7TH,,BRCA,592,-18038,0,19.46280041,0:DiseaseFree,19.46280041,0:ALIVE OR DEAD TUMOR FREE,Not Hispanic Or Latino,12/29/14,EUR,No,C50.9,8524/3,C50.9,Yes,No,No,19.46280041,0:LIVING,726C6892-0DCE-4869-A7A7-CC44C26FE843,M0,N1,T2,Tumor Free,19.46280041,0:CENSORED,Yes,No,White,Yes,,1,Female,,,,,,,,,,,,,,,,,,,,,,
TCGA-D8-A13Y,brca_tcga_pan_can_atlas_2018,52,STAGE IA,,7,BRCA,1728,-19028,0,56.81033633,0:DiseaseFree,56.81033633,0:ALIVE OR DEAD TUMOR FREE,Not Hispanic Or Latino,2/23/11,EUR,No,C50.9,8500/3,C50.9,Yes,Yes,No,56.81033633,0:LIVING,17f275c1-a0d4-487d-8f02-ea279584b4cd,M0,N0,T1C,Tumor Free,56.81033633,0:CENSORED,,No,White,No,10,1,Female,BRCA_LumB,-6,,,,,,,,,,,,,,,,,,,,
TCGA-D8-A13Z,brca_tcga_pan_can_atlas_2018,51,,7TH,23,BRCA,635,-18942,0,20.87648355,0:DiseaseFree,20.87648355,0:ALIVE OR DEAD TUMOR FREE,Not Hispanic Or Latino,2/27/11,EUR,No,C50.9,8500/3,C50.9,Yes,Yes,No,20.87648355,0:LIVING,5a17dcd9-5ced-4a69-8069-23c7fd0649d1,M0,N2A,T2,,20.87648355,0:CENSORED,Yes,No,White,Yes,24,1,Female,BRCA_Her2,38,,,,,,,,,,,,,,,,,,,,
TCGA-D8-A140,brca_tcga_pan_can_atlas_2018,62,STAGE IIB,7TH,-47,BRCA,403,-22900,0,13.24916987,0:DiseaseFree,13.24916987,0:ALIVE OR DEAD TUMOR FREE,Not Hispanic Or Latino,2/26/11,EUR,No,C50.9,8500/3,C50.9,Yes,Yes,No,13.24916987,0:LIVING,2585edbd-3488-4100-a4ab-a161252a31ee,M0,N1A,T2,,13.24916987,0:CENSORED,Yes,No,White,No,-8,1,Female,BRCA_LumA,-44,,,,,,,,,,,,,,,,,,,,
TCGA-D8-A141,brca_tcga_pan_can_atlas_2018,40,,7TH,-33,BRCA,626,-14626,0,20.58059638,0:DiseaseFree,20.58059638,0:ALIVE OR DEAD TUMOR FREE,Not Hispanic Or Latino,2/27/11,EUR,No,C50.9,8500/3,C50.9,Yes,Yes,No,20.58059638,0:LIVING,42f6f503-4cf6-4a8e-b5fe-b44bccf6b38b,M0,N1,T1C,,20.58059638,0:CENSORED,Yes,No,White,No,-12,1,Female,BRCA_LumA,-32,,,,,,,,,,,,,,,,,,,,
TCGA-D8-A142,brca_tcga_pan_can_atlas_2018,74,STAGE IIB,7TH,9,BRCA,425,-27313,0,13.97244962,0:DiseaseFree,13.97244962,0:ALIVE OR DEAD TUMOR FREE,Not Hispanic Or Latino,2/25/11,EUR,No,C50.9,8500/3,C50.9,Yes,Yes,No,13.97244962,0:LIVING,ccb22ecc-6e18-44b8-ad48-6ab51314b16e,M0,N0,T3,Tumor Free,13.97244962,0:CENSORED,Yes,No,White,No,10,1,Female,BRCA_Basal,-10,,,,,,,,,,,,,,,,,,,,
TCGA-D8-A143,brca_tcga_pan_can_atlas_2018,51,STAGE IIA,7TH,37,BRCA,431,-18984,0,14.16970773,0:DiseaseFree,14.16970773,0:ALIVE OR DEAD TUMOR FREE,Not Hispanic Or Latino,2/25/11,EUR,No,C50.9,8500/3,C50.9,Yes,Yes,No,14.16970773,0:LIVING,1c40b84e-a0e3-429f-a48c-21566cf881c0,M0,N0,T2,Tumor Free,14.16970773,0:CENSORED,Yes,No,White,No,26,1,Female,BRCA_Basal,44,,,,,,,,,,,,,,,,,,,,
TCGA-D8-A145,brca_tcga_pan_can_atlas_2018,80,STAGE IIA,7TH,-43,BRCA,410,-29280,0,13.47930434,0:DiseaseFree,13.47930434,0:ALIVE OR DEAD TUMOR FREE,Not Hispanic Or Latino,2/25/11,EUR,No,C50.9,8500/3,C50.9,Yes,Yes,No,13.47930434,0:LIVING,4958c36f-1dc7-4f14-9dec-36e14107dbe3,M0,N1A,T1C,Tumor Free,13.47930434,0:CENSORED,Yes,No,White,No,-12,1,Female,BRCA_LumA,-34,,,,,,,,,,,,,,,,,,,,
TCGA-D8-A147,brca_tcga_pan_can_atlas_2018,45,,7TH,-7,BRCA,584,-16736,0,19.19978959,0:DiseaseFree,19.19978959,0:ALIVE OR DEAD TUMOR FREE,Not Hispanic Or Latino,2/27/11,EUR,No,C50.9,8500/3,C50.9,Yes,Yes,No,19.19978959,0:LIVING,fc18d029-9be2-4fa0-9aef-6d647dc55f0b,M0,N0,T2,,19.19978959,0:CENSORED,Yes,No,White,Yes,16,1,Female,BRCA_Basal,-14,,,,,,,,,,,,,,,,,,,,
TCGA-D8-A1J8,brca_tcga_pan_can_atlas_2018,77,STAGE IIB,7TH,11,BRCA,431,-28444,0,14.16970773,0:DiseaseFree,14.16970773,0:ALIVE OR DEAD TUMOR FREE,Not Hispanic Or Latino,3/23/11,EUR,No,C50.9,8500/3,C50.9,Yes,Yes,No,14.16970773,0:LIVING,62d70067-ff77-4f95-8b69-f537abaf74ce,M0,N1A,T2,Tumor Free,14.16970773,0:CENSORED,No,No,White,No,10,1,Female,BRCA_LumB,12,,,,,,,,,,,,,,,,,,,,
TCGA-D8-A1J9,brca_tcga_pan_can_atlas_2018,48,STAGE IA,7TH,-1,BRCA,532,-17879,0,17.49021929,0:DiseaseFree,17.49021929,0:ALIVE OR DEAD TUMOR FREE,Not Hispanic Or Latino,3/29/11,EUR,No,C50.9,8500/3,C50.9,Yes,Yes,No,17.49021929,0:LIVING,d5e9a403-88ce-40fc-bb85-80cf3f8ff6bc,M0,N0,T1C,Tumor Free,17.49021929,0:CENSORED,No,No,White,No,20,1,Female,BRCA_LumB,-4,,,,,,,,,,,,,,,,,,,,
TCGA-D8-A1JA,brca_tcga_pan_can_atlas_2018,60,,7TH,9,BRCA,502,-21918,0,14.16970773,1:Recurred/Progressed,16.50392872,0:ALIVE OR DEAD TUMOR FREE,Not Hispanic Or Latino,3/29/11,EUR,No,C50.9,8500/3,C50.9,Yes,Yes,Yes,16.50392872,0:LIVING,9ced0c70-c46c-4f98-8f48-840defe4b8b1,M0,NX,T4B,Tumor Free,14.16970773,1:PROGRESSION,No,No,White,Yes,4,1,Female,BRCA_Her2,16,,,,,,,,,,,,,,,,,,,,
TCGA-D8-A1JB,brca_tcga_pan_can_atlas_2018,54,STAGE IIB,7TH,-41,BRCA,1688,-19822,0,55.49528224,0:DiseaseFree,55.49528224,0:ALIVE OR DEAD TUMOR FREE,Not Hispanic Or Latino,3/29/11,EUR,No,C50.9,8500/3,C50.9,Yes,Yes,No,55.49528224,0:LIVING,dd96a9c7-899c-47cd-a0f9-b149ed07a5d6,M0,N1A,T2,Tumor Free,55.49528224,0:CENSORED,Yes,No,White,Yes,-14,1,Female,BRCA_LumA,-38,,,,,,,,,,,,,,,,,,,,
TCGA-D8-A1JC,brca_tcga_pan_can_atlas_2018,59,STAGE IIIA,7TH,-13,BRCA,480,-21898,0,15.78064898,0:DiseaseFree,15.78064898,0:ALIVE OR DEAD TUMOR FREE,Not Hispanic Or Latino,3/29/11,EUR,No,C50.9,8500/3,C50.9,Yes,Yes,No,15.78064898,0:LIVING,02e6f999-24f2-4ad2-9b92-df3ee2b082e5,M0,N2A,T2,Tumor Free,15.78064898,0:CENSORED,Yes,No,White,Yes,20,1,Female,BRCA_LumB,-2,,,,,,,,,,,,,,,,,,,,
TCGA-D8-A1JD,brca_tcga_pan_can_atlas_2018,41,STAGE IIB,7TH,-1,BRCA,552,-15166,0,18.14774633,0:DiseaseFree,18.14774633,0:ALIVE OR DEAD TUMOR FREE,Not Hispanic Or Latino,3/29/11,EUR,No,C50.9,8500/3,C50.9,Yes,Yes,No,18.14774633,0:LIVING,530ad151-703d-4638-851f-0b5111ff318b,M0,N1A,T2,Tumor Free,18.14774633,0:CENSORED,No,No,White,Yes,14,1,Female,BRCA_LumB,16,,,,,,,,,,,,,,,,,,,,
TCGA-D8-A1JE,brca_tcga_pan_can_atlas_2018,62,STAGE IIA,7TH,-23,BRCA,575,-22683,0,18.90390242,0:DiseaseFree,18.90390242,0:ALIVE OR DEAD TUMOR FREE,Not Hispanic Or Latino,3/28/11,EUR,No,C50.9,8500/3,C50.9,Yes,Yes,No,18.90390242,0:LIVING,115bc72c-116f-40c1-be9b-e3dd7650efae,M0,N1A,T1C,Tumor Free,18.90390242,0:CENSORED,Yes,No,White,No,6,1,Female,BRCA_LumB,-24,,,,,,,,,,,,,,,,,,,,
TCGA-D8-A1JF,brca_tcga_pan_can_atlas_2018,79,STAGE IIIA,7TH,-13,BRCA,366,-29199,0,12.03274485,0:DiseaseFree,12.03274485,0:ALIVE OR DEAD TUMOR FREE,Not Hispanic Or Latino,3/28/11,EUR,No,C50.9,8500/3,C50.9,Yes,Yes,No,12.03274485,0:LIVING,dcd5e079-813a-4c1a-b320-0931468d2bbc,M0,N2A,T1C,Tumor Free,12.03274485,0:CENSORED,Yes,No,White,No,2,1,Female,BRCA_Her2,-24,,,,,,,,,,,,,,,,,,,,
TCGA-D8-A1JG,brca_tcga_pan_can_atlas_2018,62,STAGE IIA,7TH,17,BRCA,1612,-22878,0,52.99667949,0:DiseaseFree,52.99667949,0:ALIVE OR DEAD TUMOR FREE,Not Hispanic Or Latino,3/28/11,EUR,No,C50.9,8500/3,C50.9,Yes,Yes,No,52.99667949,0:LIVING,7f2a63e6-64d5-4be1-9814-e8416fc9e688,M0,N0,T2,Tumor Free,52.99667949,0:CENSORED,Yes,No,White,Yes,16,1,Female,BRCA_Her2,-4,,,,,,,,,,,,,,,,,,,,
TCGA-D8-A1JH,brca_tcga_pan_can_atlas_2018,56,STAGE IA,7TH,-45,BRCA,426,-20497,0,14.00532597,0:DiseaseFree,14.00532597,0:ALIVE OR DEAD TUMOR FREE,Not Hispanic Or Latino,3/28/11,EUR,No,C50.9,8500/3,C50.9,Yes,Yes,No,14.00532597,0:LIVING,4d1bf9e6-5837-4aed-b568-92f014ed5a4b,M0,N0,T1C,Tumor Free,14.00532597,0:CENSORED,Yes,No,White,Yes,-12,1,Female,BRCA_LumA,-32,,,,,,,,,,,,,,,,,,,,
TCGA-D8-A1JI,brca_tcga_pan_can_atlas_2018,54,STAGE IIA,7TH,-33,BRCA,577,-20072,0,18.96965513,0:DiseaseFree,18.96965513,0:ALIVE OR DEAD TUMOR FREE,Not Hispanic Or Latino,3/30/11,EUR,No,C50.9,8500/3,C50.9,Yes,Yes,No,18.96965513,0:LIVING,baf2afc8-f16c-488f-947c-efc9083c6bef,MX,N1A,T1C,Tumor Free,18.96965513,0:CENSORED,Yes,No,White,Yes,-16,1,Female,BRCA_LumB,-26,,,,,,,,,,,,,,,,,,,,
TCGA-D8-A1JJ,brca_tcga_pan_can_atlas_2018,54,STAGE IIA,7TH,11,BRCA,611,-19966,0,20.0874511,0:DiseaseFree,20.0874511,0:ALIVE OR DEAD TUMOR FREE,Not Hispanic Or Latino,3/29/11,EUR,No,C50.9,8500/3,C50.9,Yes,Yes,No,20.0874511,0:LIVING,f7ab565c-83b5-4988-b9be-8a46f65dca8c,M0,N0,T2,Tumor Free,20.0874511,0:CENSORED,Yes,No,White,Yes,16,1,Female,BRCA_LumB,22,,,,,,,,,,,,,,,,,,,,
TCGA-D8-A1JK,brca_tcga_pan_can_atlas_2018,90,STAGE IIA,7TH,43,BRCA,612,-32872,0,20.12032745,0:DiseaseFree,20.12032745,0:ALIVE OR DEAD TUMOR FREE,Not Hispanic Or Latino,3/29/11,EUR,No,C50.9,8500/3,C50.9,Yes,Yes,No,20.12032745,0:LIVING,56203436-8634-4fd0-96b5-ba6be9d87857,M0,N0,T2,,20.12032745,0:CENSORED,Yes,No,White,No,24,1,Female,BRCA_Basal,40,,,,,,,,,,,,,,,,,,,,
TCGA-D8-A1JL,brca_tcga_pan_can_atlas_2018,72,STAGE IIA,7TH,19,BRCA,611,-26484,0,20.0874511,0:DiseaseFree,20.0874511,0:ALIVE OR DEAD TUMOR FREE,Not Hispanic Or Latino,3/29/11,EUR,No,C50.9,8500/3,C50.9,Yes,Yes,No,20.0874511,0:LIVING,aa4244a8-0454-4247-a1c3-357fd51746fa,M0,N0,T2,Tumor Free,20.0874511,0:CENSORED,Yes,No,White,No,10,1,Female,BRCA_Basal,2,,,,,,,,,,,,,,,,,,,,
TCGA-D8-A1JM,brca_tcga_pan_can_atlas_2018,59,STAGE IIB,7TH,31,BRCA,590,-21602,0,19.3970477,0:DiseaseFree,19.3970477,0:ALIVE OR DEAD TUMOR FREE,Not Hispanic Or Latino,3/29/11,EUR,No,C50.9,8500/3,C50.9,Yes,Yes,No,19.3970477,0:LIVING,3e775c99-ceda-4246-8d6f-0f58ca5097c8,M0,N1A,T2,Tumor Free,19.3970477,0:CENSORED,Yes,No,White,Yes,20,1,Female,BRCA_Basal,20,,,,,,,,,,,,,,,,,,,,
TCGA-D8-A1JN,brca_tcga_pan_can_atlas_2018,80,STAGE IIIC,7TH,-27,BRCA,620,-29331,0,20.38333827,0:DiseaseFree,20.38333827,0:ALIVE OR DEAD TUMOR FREE,Not Hispanic Or Latino,3/29/11,EUR,No,C50.9,8520/3,C50.9,Yes,Yes,No,20.38333827,0:LIVING,28911b97-42bf-4189-9961-522fc0aeebc6,MX,N3A,T3,Tumor Free,20.38333827,0:CENSORED,Yes,No,White,No,-20,1,Female,BRCA_LumA,-30,,,,,,,,,,,,,,,,,,,,
TCGA-D8-A1JP,brca_tcga_pan_can_atlas_2018,73,STAGE IA,7TH,-3,BRCA,639,-26862,0,21.00798895,0:DiseaseFree,21.00798895,0:ALIVE OR DEAD TUMOR FREE,Not Hispanic Or Latino,3/29/11,EUR,No,C50.9,8500/3,C50.9,Yes,Yes,No,21.00798895,0:LIVING,752f4773-5a12-4485-a1f6-896e148ddf4d,M0,N0,T1C,,21.00798895,0:CENSORED,Yes,No,White,No,8,1,Female,BRCA_LumA,-4,,,,,,,,,,,,,,,,,,,,
TCGA-D8-A1JS,brca_tcga_pan_can_atlas_2018,77,STAGE IA,7TH,-11,BRCA,371,-28178,0,12.19712661,0:DiseaseFree,12.19712661,0:ALIVE OR DEAD TUMOR FREE,Not Hispanic Or Latino,3/28/11,EUR,No,C50.9,8503/3,C50.9,Yes,Yes,No,12.19712661,0:LIVING,0d03055c-186b-418a-b614-e2035757bc3b,M0,N0,T1C,Tumor Free,12.19712661,0:CENSORED,Yes,No,White,No,-12,1,Female,BRCA_LumA,-18,,,,,,,,,,,,,,,,,,,,
TCGA-D8-A1JT,brca_tcga_pan_can_atlas_2018,70,STAGE IIA,7TH,-1,BRCA,405,-25677,0,13.31492258,0:DiseaseFree,13.31492258,0:ALIVE OR DEAD TUMOR FREE,Not Hispanic Or Latino,3/28/11,EUR,No,C50.9,8523/3,C50.9,Yes,Yes,No,13.31492258,0:LIVING,cd781589-3820-45a2-906b-8d60cd02f3ef,M0,N0,T2,Tumor Free,13.31492258,0:CENSORED,Yes,No,White,No,10,1,Female,BRCA_LumB,-18,,,,,,,,,,,,,,,,,,,,
TCGA-D8-A1JU,brca_tcga_pan_can_atlas_2018,51,STAGE IA,7TH,-35,BRCA,447,-18733,0,14.69572936,0:DiseaseFree,14.69572936,0:ALIVE OR DEAD TUMOR FREE,Not Hispanic Or Latino,3/28/11,EUR,No,C50.9,8500/3,C50.9,Yes,Yes,No,14.69572936,0:LIVING,af2a8e2f-2ae1-48bc-bba5-0e2c077c4e48,M0,N0,T1C,Tumor Free,14.69572936,0:CENSORED,Yes,No,White,No,-20,1,Female,BRCA_LumA,-36,,,,,,,,,,,,,,,,,,,,
TCGA-D8-A1X5,brca_tcga_pan_can_atlas_2018,81,STAGE IIIC,7TH,-25,BRCA,565,-29734,0,18.5751389,0:DiseaseFree,18.5751389,0:ALIVE OR DEAD TUMOR FREE,Not Hispanic Or Latino,6/9/11,EUR,No,C50.9,8500/3,C50.9,Yes,Yes,No,18.5751389,0:LIVING,eb93df3d-9e25-4e4c-9a5d-350f296e5acf,MX,N3A,T2,Tumor Free,18.5751389,0:CENSORED,Yes,No,White,Yes,0,1,Female,BRCA_LumB,-10,,,,,,,,,,,,,,,,,,,,
TCGA-D8-A1X6,brca_tcga_pan_can_atlas_2018,80,STAGE IIIA,7TH,-9,BRCA,541,-29256,0,17.78610645,0:DiseaseFree,17.78610645,0:ALIVE OR DEAD TUMOR FREE,Not Hispanic Or Latino,6/9/11,EUR,No,C50.9,8500/3,C50.9,Yes,Yes,No,17.78610645,0:LIVING,42e47f3a-dff7-41e4-8f84-146d97e8ab72,MX,N2A,T3,Tumor Free,17.78610645,0:CENSORED,Yes,No,White,No,-4,1,Female,BRCA_LumB,-16,,,,,,,,,,,,,,,,,,,,
TCGA-D8-A1X7,brca_tcga_pan_can_atlas_2018,40,STAGE IIA,7TH,-31,BRCA,509,-14858,0,16.73406319,0:DiseaseFree,16.73406319,0:ALIVE OR DEAD TUMOR FREE,Not Hispanic Or Latino,6/9/11,EUR,No,C50.9,8503/3,C50.9,Yes,Yes,No,16.73406319,0:LIVING,cdab777e-62de-4d51-92af-b6eb089c111f,MX,N0,T2,,16.73406319,0:CENSORED,Yes,No,White,No,0,1,Female,BRCA_LumB,-38,,,,,,,,,,,,,,,,,,,,
TCGA-D8-A1X8,brca_tcga_pan_can_atlas_2018,62,STAGE IIIA,7TH,-29,BRCA,783,-22995,0,25.74218365,0:DiseaseFree,25.74218365,0:ALIVE OR DEAD TUMOR FREE,Not Hispanic Or Latino,5/16/11,EUR,No,C50.9,8520/3,C50.9,Yes,Yes,No,25.74218365,0:LIVING,8624354c-af25-423c-9c71-48a5dd821097,M0,N2A,T1C,Tumor Free,25.74218365,0:CENSORED,Yes,No,White,Yes,-8,1,Female,BRCA_LumA,-36,,,,,,,,,,,,,,,,,,,,
TCGA-D8-A1X9,brca_tcga_pan_can_atlas_2018,66,STAGE IIB,7TH,-9,BRCA,727,-24417,0,,,23.90110793,0:ALIVE OR DEAD TUMOR FREE,Not Hispanic Or Latino,5/16/11,EUR,No,C50.9,8500/3,C50.9,Yes,Yes,No,23.90110793,0:LIVING,34a74805-300c-4773-ab59-2085fcc2e6cc,M0,N1A,T2,Tumor Free,23.90110793,0:CENSORED,Yes,No,White,Yes,10,1,Female,BRCA_LumA,-10,,,,,,,,,,,,,,,,,,,,
TCGA-D8-A1XA,brca_tcga_pan_can_atlas_2018,64,STAGE IA,7TH,-23,BRCA,839,-23387,0,27.58325936,0:DiseaseFree,27.58325936,0:ALIVE OR DEAD TUMOR FREE,Not Hispanic Or Latino,5/18/11,EUR,No,C50.9,8500/3,C50.9,Yes,Yes,No,27.58325936,0:LIVING,739cb132-51e9-41be-8064-311a13da0d74,M0,N0,T1C,Tumor Free,27.58325936,0:CENSORED,Yes,No,White,Yes,2,1,Female,BRCA_LumA,-26,,,,,,,,,,,,,,,,,,,,
TCGA-D8-A1XB,brca_tcga_pan_can_atlas_2018,62,STAGE IIB,7TH,-37,BRCA,552,-22976,0,18.14774633,0:DiseaseFree,18.14774633,0:ALIVE OR DEAD TUMOR FREE,Not Hispanic Or Latino,5/16/11,EUR,No,C50.9,8500/3,C50.9,Yes,Yes,No,18.14774633,0:LIVING,d2694b09-7844-4496-865c-5d3d8cd03330,M0,N1A,T2,Tumor Free,18.14774633,0:CENSORED,Yes,No,White,Yes,-6,1,Female,BRCA_LumA,-26,,,,,,,,,,,,,,,,,,,,
TCGA-D8-A1XC,brca_tcga_pan_can_atlas_2018,85,STAGE IIIB,7TH,-21,BRCA,81,-31220,0,,,12.39438472,1:DEAD WITH TUMOR,Not Hispanic Or Latino,5/16/11,EUR,No,C50.9,8480/3,C50.9,Yes,Yes,Yes,12.39438472,1:DECEASED,ee14e049-b891-4dda-a730-8ce99bd93baf,M0,N1A,T4B,Tumor Free,12.39438472,1:PROGRESSION,Yes,No,White,No,-14,1,Female,BRCA_LumA,-40,,,,,,,,,,,,,,,,,,,,
TCGA-D8-A1XD,brca_tcga_pan_can_atlas_2018,36,STAGE IIIA,7TH,-19,BRCA,522,-13510,0,17.16145577,0:DiseaseFree,17.16145577,0:ALIVE OR DEAD TUMOR FREE,Not Hispanic Or Latino,5/16/11,EUR,No,C50.9,8500/3,C50.9,Yes,No,No,17.16145577,0:LIVING,c4699748-f01d-4b30-9c74-1ca77fb84ac1,M0,N2A,T1C,Tumor Free,17.16145577,0:CENSORED,Yes,No,White,Yes,12,1,Female,,-8,,,,,,,,,,,,,,,,,,,,
TCGA-D8-A1XF,brca_tcga_pan_can_atlas_2018,45,STAGE IIA,7TH,-9,BRCA,463,-16787,0,,,15.221751,0:ALIVE OR DEAD TUMOR FREE,Not Hispanic Or Latino,5/16/11,EUR,No,C50.9,8500/3,C50.9,Yes,Yes,No,15.221751,0:LIVING,6f6afd31-b5dd-48ab-b18f-6390ba18a5f0,M0,N0,T2,Tumor Free,15.221751,0:CENSORED,Yes,No,White,No,14,1,Female,BRCA_LumB,-16,,,,,,,,,,,,,,,,,,,,
TCGA-D8-A1XG,brca_tcga_pan_can_atlas_2018,86,STAGE IIIB,7TH,-37,BRCA,448,-31748,0,14.72860571,0:DiseaseFree,14.72860571,0:ALIVE OR DEAD TUMOR FREE,Not Hispanic Or Latino,5/16/11,EUR,No,C50.9,8500/3,C50.9,Yes,Yes,No,14.72860571,0:LIVING,de531604-bd1a-49df-96c2-6de3ae703f1d,M0,N1A,T4B,Tumor Free,14.72860571,0:CENSORED,Yes,No,White,No,-10,1,Female,BRCA_LumA,-38,,,,,,,,,,,,,,,,,,,,
TCGA-D8-A1XJ,brca_tcga_pan_can_atlas_2018,76,STAGE IIIA,7TH,33,BRCA,663,-27967,0,21.82989776,0:DiseaseFree,21.82989776,0:ALIVE OR DEAD TUMOR FREE,Not Hispanic Or Latino,6/9/11,EUR,No,C50.9,8523/3,C50.9,Yes,Yes,No,21.82989776,0:LIVING,cc510968-fe52-4109-a79f-74f216b48c78,MX,N1A,T3,Tumor Free,21.82989776,0:CENSORED,Yes,No,White,No,18,1,Female,BRCA_Her2,22,,,,,,,,,,,,,,,,,,,,
TCGA-D8-A1XK,brca_tcga_pan_can_atlas_2018,55,STAGE IIB,7TH,33,BRCA,441,-20092,0,14.49847125,0:DiseaseFree,14.49847125,0:ALIVE OR DEAD TUMOR FREE,Not Hispanic Or Latino,6/9/11,EUR,No,C50.9,8500/3,C50.9,Yes,Yes,No,14.49847125,0:LIVING,97943d87-fed7-4f14-a0a7-c5bfee64c392,MX,N1A,T2,Tumor Free,14.49847125,0:CENSORED,Yes,No,White,Yes,16,1,Female,BRCA_Basal,22,,,,,,,,,,,,,,,,,,,,
TCGA-D8-A1XL,brca_tcga_pan_can_atlas_2018,34,STAGE IIB,7TH,21,BRCA,606,-12668,0,19.92306934,0:DiseaseFree,19.92306934,0:ALIVE OR DEAD TUMOR FREE,Not Hispanic Or Latino,6/9/11,EUR,No,C50.9,8500/3,C50.9,Yes,Yes,No,19.92306934,0:LIVING,2b19a6b4-7a17-4452-b4aa-6fc18adc0c3c,MX,N1A,T2,Tumor Free,19.92306934,0:CENSORED,Yes,No,White,Yes,18,1,Female,BRCA_LumB,20,,,,,,,,,,,,,,,,,,,,
TCGA-D8-A1XM,brca_tcga_pan_can_atlas_2018,57,STAGE IA,7TH,-31,BRCA,538,-21056,0,17.6874774,0:DiseaseFree,17.6874774,0:ALIVE OR DEAD TUMOR FREE,Not Hispanic Or Latino,5/16/11,EUR,No,C50.9,8500/3,C50.9,Yes,Yes,No,17.6874774,0:LIVING,92529232-8504-4541-b7e2-4df8f497c413,M0,N0,T1C,Tumor Free,17.6874774,0:CENSORED,Yes,No,White,Yes,2,1,Female,BRCA_LumA,-20,,,,,,,,,,,,,,,,,,,,
TCGA-D8-A1XO,brca_tcga_pan_can_atlas_2018,56,STAGE IIB,7TH,-43,BRCA,1682,-20606,0,55.29802413,0:DiseaseFree,55.29802413,0:ALIVE OR DEAD TUMOR FREE,Not Hispanic Or Latino,5/16/11,EUR,No,C50.9,8520/3,C50.9,Yes,Yes,No,55.29802413,0:LIVING,6a186809-3422-41d0-83d2-867145830936,M0,N1A,T2,Tumor Free,55.29802413,0:CENSORED,Yes,No,White,Yes,-14,1,Female,BRCA_LumA,-44,,,,,,,,,,,,,,,,,,,,
TCGA-D8-A1XQ,brca_tcga_pan_can_atlas_2018,69,STAGE IIA,7TH,9,BRCA,499,-25345,0,16.40529967,0:DiseaseFree,16.40529967,0:ALIVE OR DEAD TUMOR FREE,Not Hispanic Or Latino,5/16/11,EUR,No,C50.9,8500/3,C50.9,Yes,Yes,No,16.40529967,0:LIVING,3886b4fb-ba22-4a50-b11a-a6893951f170,M0,N0,T2,Tumor Free,16.40529967,0:CENSORED,Yes,No,White,No,18,1,Female,BRCA_Basal,14,,,,,,,,,,,,,,,,,,,,
TCGA-D8-A1XR,brca_tcga_pan_can_atlas_2018,56,STAGE IIB,7TH,-21,BRCA,482,-20488,0,15.84640168,0:DiseaseFree,15.84640168,0:ALIVE OR DEAD TUMOR FREE,Not Hispanic Or Latino,5/16/11,EUR,No,C50.9,8500/3,C50.9,Yes,Yes,No,15.84640168,0:LIVING,70f34c5c-3671-44c8-9469-99f9786efec1,M0,N1A,T2,Tumor Free,15.84640168,0:CENSORED,Yes,No,White,No,2,1,Female,BRCA_LumB,-26,,,,,,,,,,,,,,,,,,,,
TCGA-D8-A1XS,brca_tcga_pan_can_atlas_2018,48,STAGE IIIC,7TH,-21,BRCA,496,-17708,0,16.30667061,0:DiseaseFree,16.30667061,0:ALIVE OR DEAD TUMOR FREE,Not Hispanic Or Latino,5/16/11,EUR,No,C50.9,8507/3,C50.9,Yes,No,No,16.30667061,0:LIVING,1026e0bf-5640-4fa5-b65f-4f11e8e76b18,M0,N3A,T2,Tumor Free,16.30667061,0:CENSORED,Yes,No,White,Yes,18,1,Male,,-14,,,,,,,,,,,,,,,,,,,,
TCGA-D8-A1XT,brca_tcga_pan_can_atlas_2018,61,STAGE IIA,7TH,15,BRCA,506,-22448,0,16.63543413,0:DiseaseFree,16.63543413,0:ALIVE OR DEAD TUMOR FREE,Not Hispanic Or Latino,5/16/11,EUR,No,C50.9,8500/3,C50.9,Yes,Yes,No,16.63543413,0:LIVING,64975923-d032-4182-8565-59fc37127d8d,M0,N1A,T1C,Tumor Free,16.63543413,0:CENSORED,Yes,No,White,No,14,1,Female,BRCA_Her2,8,,,,,,,,,,,,,,,,,,,,
TCGA-D8-A1XU,brca_tcga_pan_can_atlas_2018,56,STAGE IA,7TH,-25,BRCA,395,-20715,0,12.98615906,0:DiseaseFree,12.98615906,0:ALIVE OR DEAD TUMOR FREE,Not Hispanic Or Latino,5/16/11,EUR,No,C50.9,8500/3,C50.9,Yes,Yes,No,12.98615906,0:LIVING,332148f5-f070-4c20-8eb1-4d8c0673aa52,M0,N0,T1C,Tumor Free,12.98615906,0:CENSORED,Yes,No,White,No,-14,1,Female,BRCA_LumA,-8,,,,,,,,,,,,,,,,,,,,
TCGA-D8-A1XV,brca_tcga_pan_can_atlas_2018,84,STAGE IIA,7TH,-25,BRCA,461,-30830,0,15.15599829,0:DiseaseFree,15.15599829,0:ALIVE OR DEAD TUMOR FREE,Not Hispanic Or Latino,5/16/11,EUR,No,C50.9,8480/3,C50.9,Yes,Yes,No,15.15599829,0:LIVING,87b85935-a058-44ad-8fb6-8511130eaffe,M0,N0,T2,Tumor Free,15.15599829,0:CENSORED,Yes,No,White,No,-6,1,Female,BRCA_LumA,-30,,,,,,,,,,,,,,,,,,,,
TCGA-D8-A1XW,brca_tcga_pan_can_atlas_2018,53,STAGE IIA,7TH,-13,BRCA,1309,-19478,0,43.03514482,0:DiseaseFree,43.03514482,0:ALIVE OR DEAD TUMOR FREE,Not Hispanic Or Latino,5/16/11,EUR,No,C50.9,8500/3,C50.9,Yes,Yes,No,43.03514482,0:LIVING,887b9e5b-99db-44ac-9c30-c0dc6877b41c,M0,N0,T2,Tumor Free,43.03514482,0:CENSORED,Yes,No,White,No,-4,1,Female,BRCA_Normal,-28,,,,,,,,,,,,,,,,,,,,
TCGA-D8-A1XY,brca_tcga_pan_can_atlas_2018,74,STAGE IIA,7TH,-29,BRCA,503,-27106,0,,,16.53680508,0:ALIVE OR DEAD TUMOR FREE,Not Hispanic Or Latino,6/9/11,EUR,No,C50.9,8500/3,C50.9,Yes,Yes,No,16.53680508,0:LIVING,0130d616-885e-4a6c-9d03-2f17dd692a05,MX,N0,T2,Tumor Free,16.53680508,0:CENSORED,Yes,No,White,No,-12,1,Female,BRCA_LumA,-8,,,,,,,,,,,,,,,,,,,,
TCGA-D8-A1XZ,brca_tcga_pan_can_atlas_2018,81,STAGE IIIA,7TH,3,BRCA,466,-29916,0,15.32038005,0:DiseaseFree,15.32038005,0:ALIVE OR DEAD TUMOR FREE,Not Hispanic Or Latino,6/9/11,EUR,No,C50.9,8500/3,C50.9,Yes,Yes,No,15.32038005,0:LIVING,2c90d5e3-ac8c-4c86-a06f-42ccc064eb49,MX,N2A,T1C,Tumor Free,15.32038005,0:CENSORED,Yes,No,White,Yes,8,1,Female,BRCA_LumB,-2,,,,,,,,,,,,,,,,,,,,
TCGA-D8-A1Y0,brca_tcga_pan_can_atlas_2018,65,STAGE IIIA,7TH,-17,BRCA,472,-24083,0,,,15.51763816,0:ALIVE OR DEAD TUMOR FREE,Not Hispanic Or Latino,6/9/11,EUR,No,C50.9,8500/3,C50.9,Yes,Yes,No,15.51763816,0:LIVING,ced2c048-b047-43ff-b0e7-cd7ad480850c,MX,N2A,T1C,Tumor Free,15.51763816,0:CENSORED,Yes,No,White,Yes,6,1,Female,BRCA_LumA,-26,,,,,,,,,,,,,,,,,,,,
TCGA-D8-A1Y1,brca_tcga_pan_can_atlas_2018,80,STAGE IIIA,7TH,3,BRCA,116,-29474,0,,,9.928658316,1:DEAD WITH TUMOR,Not Hispanic Or Latino,6/9/11,EUR,No,C50.9,8500/3,C50.9,Yes,Yes,No,9.928658316,1:DECEASED,38a631a1-6875-4216-a335-ee93c90a86d6,MX,N1A,T3,Tumor Free,9.928658316,1:PROGRESSION,Yes,No,White,No,8,1,Female,BRCA_LumB,0,,,,,,,,,,,,,,,,,,,,
TCGA-D8-A1Y2,brca_tcga_pan_can_atlas_2018,71,STAGE IIA,7TH,9,BRCA,433,-26021,0,14.23546043,0:DiseaseFree,14.23546043,0:ALIVE OR DEAD TUMOR FREE,Not Hispanic Or Latino,6/9/11,EUR,No,C50.9,8500/3,C50.9,Yes,Yes,No,14.23546043,0:LIVING,c7d7a770-23c0-4310-ab48-1f6152dc2849,MX,N0,T2,Tumor Free,14.23546043,0:CENSORED,Yes,No,White,No,2,1,Female,BRCA_LumB,4,,,,,,,,,,,,,,,,,,,,
TCGA-D8-A1Y3,brca_tcga_pan_can_atlas_2018,61,STAGE IIIA,7TH,19,BRCA,430,-22317,0,14.13683138,0:DiseaseFree,14.13683138,0:ALIVE OR DEAD TUMOR FREE,Not Hispanic Or Latino,6/9/11,EUR,No,C50.9,8500/3,C50.9,Yes,Yes,No,14.13683138,0:LIVING,632984bd-dc81-42b6-b024-476cfd0bb2ae,MX,N2A,T2,Tumor Free,14.13683138,0:CENSORED,Yes,No,White,Yes,14,1,Female,BRCA_LumB,2,,,,,,,,,,,,,,,,,,,,
TCGA-D8-A27E,brca_tcga_pan_can_atlas_2018,66,STAGE IA,7TH,-33,BRCA,530,-24315,0,17.42446658,0:DiseaseFree,17.42446658,0:ALIVE OR DEAD TUMOR FREE,Not Hispanic Or Latino,7/21/11,EUR,No,C50.9,8523/3,C50.9,Yes,Yes,No,17.42446658,0:LIVING,680f23a9-fcce-493e-b908-27c1ad202e4c,M0,N0,T1C,Tumor Free,17.42446658,0:CENSORED,Yes,No,White,Yes,-18,1,Female,BRCA_LumA,-40,,,,,,,,,,,,,,,,,,,,
TCGA-D8-A27F,brca_tcga_pan_can_atlas_2018,40,STAGE IIA,7TH,27,BRCA,488,-14731,0,16.0436598,0:DiseaseFree,16.0436598,0:ALIVE OR DEAD TUMOR FREE,Not Hispanic Or Latino,7/18/11,EUR,No,C50.9,8500/3,C50.9,Yes,Yes,No,16.0436598,0:LIVING,1549dc64-3dab-43fc-96e9-b07d520957e1,M0,N0,T2,Tumor Free,16.0436598,0:CENSORED,Yes,No,White,Yes,22,1,Female,BRCA_Basal,22,,,,,,,,,,,,,,,,,,,,
TCGA-D8-A27G,brca_tcga_pan_can_atlas_2018,75,STAGE IIA,7TH,-3,BRCA,409,-27521,0,13.44642798,0:DiseaseFree,13.44642798,0:ALIVE OR DEAD TUMOR FREE,Not Hispanic Or Latino,7/18/11,EUR,No,C50.9,8520/3,C50.9,Yes,Yes,No,13.44642798,0:LIVING,6f6e7356-3521-4674-8eec-ad01340d4b8e,M0,N0,T2,Tumor Free,13.44642798,0:CENSORED,Yes,No,White,No,8,1,Female,BRCA_LumA,-4,,,,,,,,,,,,,,,,,,,,
TCGA-D8-A27H,brca_tcga_pan_can_atlas_2018,72,STAGE IIA,7TH,-1,BRCA,397,-26588,0,13.05191176,0:DiseaseFree,13.05191176,0:ALIVE OR DEAD TUMOR FREE,Not Hispanic Or Latino,7/18/11,EUR,No,C50.9,8500/3,C50.9,Yes,Yes,No,13.05191176,0:LIVING,0dca98b0-f43e-45b6-9a02-00092c78678c,M0,N0,T2,Tumor Free,13.05191176,0:CENSORED,Yes,No,White,No,12,1,Female,BRCA_Basal,-8,,,,,,,,,,,,,,,,,,,,
TCGA-D8-A27I,brca_tcga_pan_can_atlas_2018,58,STAGE IIIA,7TH,-39,BRCA,439,-21327,0,14.43271855,0:DiseaseFree,14.43271855,0:ALIVE OR DEAD TUMOR FREE,Not Hispanic Or Latino,7/18/11,EUR,No,C50.9,8520/3,C50.9,Yes,Yes,No,14.43271855,0:LIVING,9c55032f-4db7-4026-ae83-8d060dd8e3fe,M0,N2A,T1C,Tumor Free,14.43271855,0:CENSORED,Yes,No,White,Yes,-12,1,Female,BRCA_LumA,-36,,,,,,,,,,,,,,,,,,,,
TCGA-D8-A27K,brca_tcga_pan_can_atlas_2018,47,STAGE IIB,7TH,-41,BRCA,1461,-17426,0,48.03235033,0:DiseaseFree,48.03235033,0:ALIVE OR DEAD TUMOR FREE,Not Hispanic Or Latino,7/18/11,EUR,No,C50.9,8500/3,C50.9,Yes,Yes,No,48.03235033,0:LIVING,7f97971b-2818-4e4b-9c9e-7c0246f9484c,M0,N1A,T2,Tumor Free,48.03235033,0:CENSORED,Yes,No,White,No,-14,1,Female,BRCA_LumA,-26,,,,,,,,,,,,,,,,,,,,
TCGA-D8-A27L,brca_tcga_pan_can_atlas_2018,49,STAGE IIIA,7TH,-35,BRCA,499,-18025,0,16.40529967,0:DiseaseFree,16.40529967,0:ALIVE OR DEAD TUMOR FREE,Not Hispanic Or Latino,7/18/11,EUR,No,C50.9,8500/3,C50.9,Yes,Yes,No,16.40529967,0:LIVING,6020d1b4-ee20-4cc9-82a3-340b5e3122f1,M0,N2A,T1C,Tumor Free,16.40529967,0:CENSORED,Yes,No,White,No,-12,1,Female,BRCA_LumA,-14,,,,,,,,,,,,,,,,,,,,
TCGA-D8-A27M,brca_tcga_pan_can_atlas_2018,59,STAGE IA,7TH,13,BRCA,410,-21910,0,13.47930434,0:DiseaseFree,13.47930434,0:ALIVE OR DEAD TUMOR FREE,Not Hispanic Or Latino,7/17/11,EUR,No,C50.9,8500/3,C50.9,Yes,Yes,No,13.47930434,0:LIVING,ae65baeb-6b78-492a-8c63-bb7e93e83dc2,M0,N0,T1C,Tumor Free,13.47930434,0:CENSORED,Yes,No,White,No,10,1,Female,BRCA_Basal,0,,,,,,,,,,,,,,,,,,,,
TCGA-D8-A27N,brca_tcga_pan_can_atlas_2018,36,STAGE IIIA,7TH,13,BRCA,519,-13243,0,17.06282671,0:DiseaseFree,17.06282671,0:ALIVE OR DEAD TUMOR FREE,Not Hispanic Or Latino,7/18/11,EUR,No,C50.9,8500/3,C50.9,Yes,Yes,No,17.06282671,0:LIVING,d5be2ab3-f748-480d-954b-385cf01b4c81,M0,N2A,T2,Tumor Free,17.06282671,0:CENSORED,Yes,No,White,No,14,1,Female,BRCA_LumB,0,,,,,,,,,,,,,,,,,,,,
TCGA-D8-A27P,brca_tcga_pan_can_atlas_2018,64,STAGE IA,7TH,-33,BRCA,49,-23576,0,1.61094125,0:DiseaseFree,1.61094125,0:ALIVE OR DEAD TUMOR FREE,Not Hispanic Or Latino,7/18/11,EUR,No,C50.9,8500/3,C50.9,Yes,Yes,No,1.61094125,0:LIVING,c54d5507-bba5-4a1e-8885-3c3b1eed13c1,M0,N0,T1C,Tumor Free,1.61094125,0:CENSORED,Yes,No,White,No,-10,1,Female,BRCA_LumA,-18,,,,,,,,,,,,,,,,,,,,
TCGA-D8-A27R,brca_tcga_pan_can_atlas_2018,41,STAGE IIIC,7TH,11,BRCA,307,-15122,0,10.09304008,0:DiseaseFree,10.09304008,0:ALIVE OR DEAD TUMOR FREE,Not Hispanic Or Latino,7/18/11,EUR,No,C50.9,8500/3,C50.9,Yes,Yes,No,10.09304008,0:LIVING,0b23b5fe-6c7e-4297-bc55-f93fcb830ac4,M0,N3A,T2,Tumor Free,10.09304008,0:CENSORED,Yes,No,White,Yes,20,1,Female,BRCA_LumB,18,,,,,,,,,,,,,,,,,,,,
TCGA-D8-A27T,brca_tcga_pan_can_atlas_2018,53,STAGE IIIC,7TH,-37,BRCA,398,-19591,0,13.08478811,0:DiseaseFree,13.08478811,0:ALIVE OR DEAD TUMOR FREE,Not Hispanic Or Latino,7/21/11,EUR,No,C50.9,8520/3,C50.9,Yes,Yes,No,13.08478811,0:LIVING,27c1c094-690b-4973-8900-a797ad88f98c,M0,N3A,T2,Tumor Free,13.08478811,0:CENSORED,Yes,No,White,Yes,-2,1,Female,BRCA_LumA,-38,,,,,,,,,,,,,,,,,,,,
TCGA-D8-A27V,brca_tcga_pan_can_atlas_2018,62,STAGE IIA,7TH,-31,BRCA,381,-22958,0,12.52589013,0:DiseaseFree,12.52589013,0:ALIVE OR DEAD TUMOR FREE,Not Hispanic Or Latino,7/21/11,EUR,No,C50.9,8520/3,C50.9,Yes,Yes,No,12.52589013,0:LIVING,AD6D26AB-6568-40DB-BFB0-394D40E801CF,M0,N0,T2,Tumor Free,12.52589013,0:CENSORED,Yes,No,White,No,-16,1,Female,BRCA_LumA,-12,,,,,,,,,,,,,,,,,,,,
TCGA-D8-A27W,brca_tcga_pan_can_atlas_2018,55,STAGE IIIB,7TH,13,BRCA,373,-20173,0,12.26287931,0:DiseaseFree,12.26287931,0:ALIVE OR DEAD TUMOR FREE,Not Hispanic Or Latino,7/21/11,EUR,No,C50.9,8480/3,C50.9,Yes,Yes,No,12.26287931,0:LIVING,bfa3dbc0-361c-400e-8c10-0aca7049fce9,M0,N0,T4B,Tumor Free,12.26287931,0:CENSORED,Yes,No,White,Yes,12,1,Female,BRCA_LumB,12,,,,,,,,,,,,,,,,,,,,
TCGA-D8-A3Z5,brca_tcga_pan_can_atlas_2018,54,STAGE IIIC,7TH,-35,BRCA,1015,-19846,0,33.36949732,0:DiseaseFree,33.36949732,0:ALIVE OR DEAD TUMOR FREE,Not Hispanic Or Latino,7/3/12,EUR,No,C50.9,8520/3,C50.9,Yes,No,No,33.36949732,0:LIVING,77E25AE8-82EC-4DEA-8E62-1176F27E47BA,M0,N3A,T2,Tumor Free,33.36949732,0:CENSORED,Yes,No,White,No,-24,1,Female,,-46,,,,,,,,,,,,,,,,,,,,
TCGA-D8-A3Z6,brca_tcga_pan_can_atlas_2018,56,STAGE IIIC,7TH,-27,BRCA,563,-20629,0,18.5093862,0:DiseaseFree,18.5093862,0:ALIVE OR DEAD TUMOR FREE,Not Hispanic Or Latino,7/3/12,EUR,No,C50.9,8520/3,C50.9,Yes,Yes,No,18.5093862,0:LIVING,A6E5F869-1182-4F81-B4BB-CF55261C8F3F,M0,N3A,T3,Tumor Free,18.5093862,0:CENSORED,Yes,No,White,Yes,-10,1,Female,BRCA_LumA,-6,,,,,,,,,,,,,,,,,,,,
TCGA-D8-A4Z1,brca_tcga_pan_can_atlas_2018,68,STAGE IA,7TH,-41,BRCA,659,-25097,0,21.66551599,0:DiseaseFree,21.66551599,0:ALIVE OR DEAD TUMOR FREE,Not Hispanic Or Latino,2/1/13,EUR,No,C50.9,8520/3,C50.9,Yes,Yes,No,21.66551599,0:LIVING,80419545-4E5D-4BAF-8948-F84589B5EF3E,M0,N0,T1C,Tumor Free,21.66551599,0:CENSORED,Yes,No,White,No,-20,1,Female,BRCA_LumA,-42,,,,,,,,,,,,,,,,,,,,
TCGA-D8-A73U,brca_tcga_pan_can_atlas_2018,88,STAGE IIA,7TH,-47,BRCA,492,-32208,0,16.1751652,0:DiseaseFree,16.1751652,0:ALIVE OR DEAD TUMOR FREE,Not Hispanic Or Latino,3/28/14,EUR,No,C50.9,8520/3,C50.9,Yes,Yes,No,16.1751652,0:LIVING,96F02BE7-F2DF-483C-8968-A5BD2D887206,M0,N0,T2,With Tumor,16.1751652,0:CENSORED,No,No,White,No,-16,1,Female,BRCA_LumA,-52,,,,,,,,,,,,,,,,,,,,
TCGA-D8-A73W,brca_tcga_pan_can_atlas_2018,79,STAGE IIIA,7TH,-33,BRCA,244,-29125,0,0.690403393,1:Recurred/Progressed,12.65739554,1:DEAD WITH TUMOR,Not Hispanic Or Latino,3/28/14,EUR,No,C50.9,8480/3,C50.9,Yes,Yes,Yes,12.65739554,1:DECEASED,EA8DBC7A-54C6-469C-865E-F49D00B0223D,MX,N1A,T3,,0.690403393,1:PROGRESSION,Yes,No,White,Yes,-10,1,Female,BRCA_LumA,-24,,,,,,,,,,,,,,,,,,,,
TCGA-D8-A73X,brca_tcga_pan_can_atlas_2018,53,STAGE IIA,7TH,-41,BRCA,767,-19607,0,25.21616202,0:DiseaseFree,25.21616202,0:ALIVE OR DEAD TUMOR FREE,Not Hispanic Or Latino,3/28/14,EUR,No,C50.9,8211/3,C50.9,Yes,Yes,No,25.21616202,0:LIVING,1BE375FE-5AE5-4E75-A729-69F86A661D9A,M0,N0,T2,Tumor Free,25.21616202,0:CENSORED,No,No,White,Yes,-14,1,Female,BRCA_LumA,-32,,,,,,,,,,,,,,,,,,,,
TCGA-E2-A105,brca_tcga_pan_can_atlas_2018,79,STAGE IIA,6TH,-21,BRCA,1308,-28855,0,43.00226847,0:DiseaseFree,43.00226847,0:ALIVE OR DEAD TUMOR FREE,Not Hispanic Or Latino,2/11/11,EUR,No,C50.9,8500/3,C50.9,Yes,Yes,No,43.00226847,0:LIVING,b0bcb829-cee0-4247-bb75-093a5bea89ee,M0,N0 (I-),T2,Tumor Free,43.00226847,0:CENSORED,,No,White,Yes,10,1,Female,BRCA_LumA,-10,,,,,,,,,,,,,,,,,,,,
TCGA-E2-A107,brca_tcga_pan_can_atlas_2018,54,STAGE IIIA,6TH,-9,BRCA,1047,-20065,0,34.42154059,0:DiseaseFree,34.42154059,0:ALIVE OR DEAD TUMOR FREE,Not Hispanic Or Latino,2/11/11,EUR,No,C50.9,8520/3,C50.9,Yes,Yes,No,34.42154059,0:LIVING,eff2360e-399a-4167-ab2b-798e27bef739,M0,N2A,T3,With Tumor,34.42154059,0:CENSORED,,No,White,Yes,10,1,Female,BRCA_LumA,-12,,,,,,,,,,,,,,,,,,,,
TCGA-E2-A108,brca_tcga_pan_can_atlas_2018,64,STAGE IIIA,6TH,-17,BRCA,837,-23530,0,27.51750666,0:DiseaseFree,27.51750666,0:ALIVE OR DEAD TUMOR FREE,Not Hispanic Or Latino,2/11/11,EUR,No,C50.9,8500/3,C50.9,Yes,Yes,No,27.51750666,0:LIVING,4f04bd10-9902-4a23-b15d-4f4409d79499,M0,N2A,T2,,27.51750666,0:CENSORED,,No,White,Yes,-6,1,Female,BRCA_Normal,-40,,,,,,,,,,,,,,,,,,,,
TCGA-E2-A109,brca_tcga_pan_can_atlas_2018,64,STAGE IIA,6TH,1,BRCA,1417,-23521,0,46.58579084,0:DiseaseFree,46.58579084,0:ALIVE OR DEAD TUMOR FREE,Not Hispanic Or Latino,2/11/11,EUR,No,C50.9,8500/3,C50.9,Yes,Yes,No,46.58579084,0:LIVING,f0787165-6f58-4d67-b510-928eea2c4882,M0,N0 (I-),T2,,46.58579084,0:CENSORED,,No,White,No,20,1,Female,BRCA_LumB,2,,,,,,,,,,,,,,,,,,,,
TCGA-E2-A10A,brca_tcga_pan_can_atlas_2018,41,STAGE IIB,6TH,-29,BRCA,1229,-15085,0,2.465726403,1:Recurred/Progressed,40.40503666,0:ALIVE OR DEAD TUMOR FREE,Not Hispanic Or Latino,2/11/11,,No,C50.9,8500/3,C50.9,Yes,Yes,Yes,40.40503666,0:LIVING,4da7abaf-ac7a-41c0-8033-5780a398545c,M0,N0 (I-),T3,With Tumor,2.465726403,1:PROGRESSION,,No,White,Yes,2,1,Female,BRCA_LumA,-32,,,,,,,,,,,,,,,,,,,,
TCGA-E2-A10B,brca_tcga_pan_can_atlas_2018,67,STAGE IIB,6TH,-29,BRCA,1141,-24577,0,,,37.51191768,0:ALIVE OR DEAD TUMOR FREE,Not Hispanic Or Latino,2/22/11,EUR,No,C50.9,8500/3,C50.9,Yes,Yes,Yes,37.51191768,0:LIVING,f801aeed-dc43-49d7-a319-84c8851979d9,M0,N1A,T2,Tumor Free,6.410888648,1:PROGRESSION,,No,White,Yes,2,1,Female,BRCA_LumA,-32,,,,,,,,,,,,,,,,,,,,
TCGA-E2-A10C,brca_tcga_pan_can_atlas_2018,54,STAGE IIB,6TH,1,BRCA,1220,-19849,0,40.10914949,0:DiseaseFree,40.10914949,0:ALIVE OR DEAD TUMOR FREE,Not Hispanic Or Latino,2/11/11,EUR,No,C50.9,8500/3,C50.9,Yes,Yes,No,40.10914949,0:LIVING,9ac44381-5d43-4f63-aa3f-7703bfc923c9,M0,N1A,T2,Tumor Free,40.10914949,0:CENSORED,,No,White,Yes,4,1,Female,BRCA_LumB,-8,,,,,,,,,,,,,,,,,,,,
TCGA-E2-A10E,brca_tcga_pan_can_atlas_2018,64,STAGE IIA,6TH,-29,BRCA,865,-23684,0,28.43804452,0:DiseaseFree,28.43804452,0:ALIVE OR DEAD TUMOR FREE,Not Hispanic Or Latino,2/11/11,EUR,No,C50.9,8500/3,C50.9,Yes,No,No,28.43804452,0:LIVING,dc15a8ae-991e-421c-bc70-70e94f79dd17,M0,N1A,T1C,Tumor Free,28.43804452,0:CENSORED,,No,White,Yes,2,1,Female,,-24,,,,,,,,,,,,,,,,,,,,
TCGA-E2-A10F,brca_tcga_pan_can_atlas_2018,47,STAGE IIA,6TH,-39,BRCA,878,-17257,0,28.86543709,0:DiseaseFree,28.86543709,0:ALIVE OR DEAD TUMOR FREE,Not Hispanic Or Latino,2/11/11,EUR,No,C50.9,8520/3,C50.9,Yes,Yes,No,28.86543709,0:LIVING,8e159b50-8136-42d4-b9c7-d579a74e4931,M0,N0 (I-),T2,Tumor Free,28.86543709,0:CENSORED,,No,White,Yes,-8,1,Female,BRCA_LumA,-28,,,,,,,,,,,,,,,,,,,,
TCGA-E2-A14N,brca_tcga_pan_can_atlas_2018,37,STAGE IIB,6TH,27,BRCA,1434,-13743,0,47.14468883,0:DiseaseFree,47.14468883,0:ALIVE OR DEAD TUMOR FREE,Not Hispanic Or Latino,5/31/11,EUR,No,C50.9,8500/3,C50.9,Yes,Yes,No,47.14468883,0:LIVING,752ad011-79e0-494f-9868-98bf6feb28f8,M0,N1,T2,Tumor Free,47.14468883,0:CENSORED,Yes,No,White,Yes,16,1,Female,BRCA_Basal,26,,,,,,,,,,,,,,,,,,,,
TCGA-E2-A14O,brca_tcga_pan_can_atlas_2018,76,STAGE IIIA,6TH,11,BRCA,1359,-27837,0,44.67896242,0:DiseaseFree,44.67896242,0:ALIVE OR DEAD TUMOR FREE,Not Hispanic Or Latino,3/31/11,EUR,No,C50.9,8500/3,C50.9,Yes,Yes,No,44.67896242,0:LIVING,fb356957-f620-4d99-b675-1355a1d9f932,M0,N1A,T3,Tumor Free,44.67896242,0:CENSORED,Yes,No,White,Yes,20,1,Female,BRCA_LumB,16,,,,,,,,,,,,,,,,,,,,
TCGA-E2-A14P,brca_tcga_pan_can_atlas_2018,79,STAGE IIIC,6TH,17,BRCA,1246,-28923,0,40.96393464,0:DiseaseFree,40.96393464,0:ALIVE OR DEAD TUMOR FREE,Not Hispanic Or Latino,3/31/11,EUR,No,C50.9,8500/3,C50.9,Yes,Yes,No,40.96393464,0:LIVING,e4fc0909-f284-4471-866d-d8967b6adcbc,M0,N3,T2,Tumor Free,40.96393464,0:CENSORED,Yes,No,White,Yes,22,1,Female,BRCA_Her2,26,,,,,,,,,,,,,,,,,,,,
TCGA-E2-A14Q,brca_tcga_pan_can_atlas_2018,50,STAGE IIB,6TH,-31,BRCA,1163,-18507,0,38.23519742,0:DiseaseFree,38.23519742,0:ALIVE OR DEAD TUMOR FREE,Not Hispanic Or Latino,3/31/11,EUR,No,C50.9,8500/3,C50.9,Yes,Yes,No,38.23519742,0:LIVING,303a1d77-a37a-4966-a4a4-9981d99ba1b4,M0,N1MI,T2,Tumor Free,38.23519742,0:CENSORED,Yes,No,White,No,0,1,Female,BRCA_LumA,-24,,,,,,,,,,,,,,,,,,,,
TCGA-E2-A14R,brca_tcga_pan_can_atlas_2018,62,STAGE IIA,6TH,27,BRCA,1174,-22686,0,38.5968373,0:DiseaseFree,38.5968373,0:ALIVE OR DEAD TUMOR FREE,Not Hispanic Or Latino,4/6/11,EUR,No,C50.9,8500/3,C50.9,Yes,Yes,Yes,38.5968373,0:LIVING,4fba3deb-db94-44b5-a0f2-a575d270779e,M0,N0,T2,Tumor Free,31.92293783,1:PROGRESSION,Yes,No,White,Yes,20,1,Female,BRCA_Basal,12,,,,,,,,,,,,,,,,,,,,
TCGA-E2-A14S,brca_tcga_pan_can_atlas_2018,65,STAGE I,6TH,-11,BRCA,1009,-23878,0,33.17223921,0:DiseaseFree,33.17223921,0:ALIVE OR DEAD TUMOR FREE,Not Hispanic Or Latino,4/6/11,EUR,No,C50.9,8500/3,C50.9,Yes,No,No,33.17223921,0:LIVING,c2b104ee-f914-4e79-9e1b-56bf88157472,M0,N0,T1C,Tumor Free,33.17223921,0:CENSORED,Yes,No,White,Yes,6,1,Female,,-30,,,,,,,,,,,,,,,,,,,,
TCGA-E2-A14T,brca_tcga_pan_can_atlas_2018,52,STAGE IIA,6TH,-7,BRCA,2311,-19237,0,75.97724956,0:DiseaseFree,75.97724956,0:ALIVE OR DEAD TUMOR FREE,Not Hispanic Or Latino,4/6/11,EUR,No,C50.9,8500/3,C50.9,Yes,Yes,No,75.97724956,0:LIVING,e0929c47-cff3-4518-a188-8764af01073a,M0,N0,T2,Tumor Free,75.97724956,0:CENSORED,Yes,No,White,No,4,1,Female,BRCA_LumA,-28,,,,,,,,,,,,,,,,,,,,
TCGA-E2-A14U,brca_tcga_pan_can_atlas_2018,74,STAGE I,6TH,-37,BRCA,1318,-27389,0,43.33103199,0:DiseaseFree,43.33103199,0:ALIVE OR DEAD TUMOR FREE,Not Hispanic Or Latino,4/6/11,EUR_ADMIX,No,C50.9,8520/3,C50.9,Yes,No,No,43.33103199,0:LIVING,23B7AAEA-1119-4B10-AA1A-0AE255D2F2A6,M0,N0,T1C,Tumor Free,43.33103199,0:CENSORED,Yes,No,White,No,-20,1,Female,,-34,,,,,,,,,,,,,,,,,,,,
TCGA-E2-A14V,brca_tcga_pan_can_atlas_2018,53,STAGE IIB,6TH,19,BRCA,1042,-19643,0,34.25715883,0:DiseaseFree,34.25715883,0:ALIVE OR DEAD TUMOR FREE,Not Hispanic Or Latino,4/6/11,EUR,No,C50.9,8500/3,C50.9,Yes,Yes,No,34.25715883,0:LIVING,3144f1fb-4342-4079-bfe8-940da4bfd88e,M0,N1,T2,Tumor Free,34.25715883,0:CENSORED,Yes,No,White,Yes,22,1,Female,BRCA_Her2,24,,,,,,,,,,,,,,,,,,,,
TCGA-E2-A14W,brca_tcga_pan_can_atlas_2018,78,STAGE IIA,6TH,21,BRCA,974,-28664,0,32.02156689,0:DiseaseFree,32.02156689,0:ALIVE OR DEAD TUMOR FREE,Not Hispanic Or Latino,4/25/11,,No,C50.9,8500/3,C50.9,Yes,No,No,32.02156689,0:LIVING,eadb0562-2165-4adb-ad58-018e73f82780,M0,N0,T2,Tumor Free,32.02156689,0:CENSORED,Yes,No,White,No,10,1,Male,,12,,,,,,,,,,,,,,,,,,,,
TCGA-E2-A14X,brca_tcga_pan_can_atlas_2018,55,STAGE IIIA,6TH,7,BRCA,972,-20105,0,31.95581418,0:DiseaseFree,31.95581418,0:ALIVE OR DEAD TUMOR FREE,Not Hispanic Or Latino,4/6/11,,No,C50.9,8500/3,C50.9,Yes,Yes,No,31.95581418,0:LIVING,60df7543-6da5-4c75-943b-5800c1e08234,M0,N2,T2,Tumor Free,31.95581418,0:CENSORED,Yes,No,Black or African American,Yes,10,1,Female,BRCA_Basal,-14,,,,,,,,,,,,,,,,,,,,
TCGA-E2-A14Y,brca_tcga_pan_can_atlas_2018,35,STAGE IIA,6TH,37,BRCA,2109,-13004,0,69.33622645,0:DiseaseFree,69.33622645,0:ALIVE OR DEAD TUMOR FREE,Not Hispanic Or Latino,4/6/11,EUR,No,C50.9,8500/3,C50.9,Yes,Yes,No,69.33622645,0:LIVING,a0576d44-9add-429b-9eeb-f7b234b7385f,M0,N0,T2,Tumor Free,69.33622645,0:CENSORED,Yes,No,White,No,20,1,Female,BRCA_Basal,46,,,,,,,,,,,,,,,,,,,,
TCGA-E2-A14Z,brca_tcga_pan_can_atlas_2018,64,STAGE I,6TH,-11,BRCA,518,-23682,0,6.180754184,1:Recurred/Progressed,18.5093862,1:DEAD WITH TUMOR,Not Hispanic Or Latino,4/6/11,EUR,No,C50.9,8500/3,C50.9,Yes,Yes,Yes,18.5093862,1:DECEASED,d7ce6b79-f7c0-481e-9dbd-6273f01c9786,M0,N0,T1C,With Tumor,6.180754184,1:PROGRESSION,Yes,No,White,Yes,8,1,Female,BRCA_LumA,-18,,,,,,,,,,,,,,,,,,,,
TCGA-E2-A150,brca_tcga_pan_can_atlas_2018,48,STAGE IIA,6TH,25,BRCA,1935,-17580,0,63.6157412,0:DiseaseFree,63.6157412,0:ALIVE OR DEAD TUMOR FREE,Not Hispanic Or Latino,4/6/11,EUR,No,C50.9,8500/3,C50.9,Yes,Yes,No,63.6157412,0:LIVING,4ac693e9-10f3-46b3-9d46-df3af7b0d259,M0,N0,T2,Tumor Free,63.6157412,0:CENSORED,Yes,No,White,Yes,4,1,Female,BRCA_Basal,2,,,,,,,,,,,,,,,,,,,,
TCGA-E2-A152,brca_tcga_pan_can_atlas_2018,56,STAGE I,6TH,17,BRCA,2128,-20705,0,1.77532301,1:Recurred/Progressed,69.96087714,0:ALIVE OR DEAD TUMOR FREE,Not Hispanic Or Latino,4/6/11,EUR,No,C50.9,8500/3,C50.9,Yes,Yes,Yes,69.96087714,0:LIVING,a8015490-9740-45c9-8bd2-eb6d1beefc2e,M0,N0,T1C,With Tumor,1.77532301,1:PROGRESSION,Yes,No,White,No,8,1,Female,BRCA_Her2,12,,,,,,,,,,,,,,,,,,,,
TCGA-E2-A153,brca_tcga_pan_can_atlas_2018,51,STAGE IIB,6TH,-7,BRCA,707,-18875,0,23.24358089,0:DiseaseFree,23.24358089,0:ALIVE OR DEAD TUMOR FREE,Not Hispanic Or Latino,4/7/11,EUR,No,C50.9,8500/3,C50.9,Yes,Yes,No,23.24358089,0:LIVING,be9bf36a-12e1-4386-addf-1686dc8b49de,M0,N1A,T2,Tumor Free,23.24358089,0:CENSORED,Yes,No,White,Yes,-8,1,Female,BRCA_LumA,6,,,,,,,,,,,,,,,,,,,,
TCGA-E2-A154,brca_tcga_pan_can_atlas_2018,68,STAGE I,6TH,-13,BRCA,591,-24999,0,19.42992406,0:DiseaseFree,19.42992406,0:ALIVE OR DEAD TUMOR FREE,Not Hispanic Or Latino,4/7/11,EUR,No,C50.9,8500/3,C50.9,Yes,Yes,No,19.42992406,0:LIVING,24e39609-9645-43e5-960b-db5446eaea65,M0,N0,T1C,Tumor Free,19.42992406,0:CENSORED,Yes,No,White,Yes,10,1,Female,BRCA_LumA,-8,,,,,,,,,,,,,,,,,,,,
TCGA-E2-A155,brca_tcga_pan_can_atlas_2018,58,STAGE IIB,6TH,-9,BRCA,640,-21348,0,21.04086531,0:DiseaseFree,21.04086531,0:ALIVE OR DEAD TUMOR FREE,Not Hispanic Or Latino,4/7/11,EUR,No,C50.9,8500/3,C50.9,Yes,Yes,No,21.04086531,0:LIVING,01f50abf-fc15-446e-9d07-edeecc545a32,M0,N1A,T2,Tumor Free,21.04086531,0:CENSORED,Yes,No,White,No,10,1,Female,BRCA_LumB,-30,,,,,,,,,,,,,,,,,,,,
TCGA-E2-A156,brca_tcga_pan_can_atlas_2018,61,STAGE I,6TH,-29,BRCA,726,-22422,0,23.86823158,0:DiseaseFree,23.86823158,0:ALIVE OR DEAD TUMOR FREE,Not Hispanic Or Latino,4/7/11,EUR,No,C50.9,8500/3,C50.9,Yes,Yes,No,23.86823158,0:LIVING,f05d314c-5ec5-4e2a-b785-9a702716f111,M0,N0,T1C,Tumor Free,23.86823158,0:CENSORED,Yes,No,White,Yes,-6,1,Female,BRCA_LumA,-22,,,,,,,,,,,,,,,,,,,,
TCGA-E2-A158,brca_tcga_pan_can_atlas_2018,43,STAGE IIA,6TH,7,BRCA,450,-15903,0,14.79435842,0:DiseaseFree,14.79435842,0:ALIVE OR DEAD TUMOR FREE,Not Hispanic Or Latino,4/7/11,EUR,No,C50.9,8500/3,C50.9,Yes,Yes,No,14.79435842,0:LIVING,a6edb6ca-ae9f-4da7-8ebe-92d83d2987fb,M0,N1MI,T1C,Tumor Free,14.79435842,0:CENSORED,Yes,Yes,White,No,2,1,Female,BRCA_Basal,-16,,,,,,,,,,,,,,,,,,,,
TCGA-E2-A159,brca_tcga_pan_can_atlas_2018,50,STAGE IIA,6TH,31,BRCA,762,-18621,0,25.05178025,0:DiseaseFree,25.05178025,0:ALIVE OR DEAD TUMOR FREE,Not Hispanic Or Latino,4/7/11,,No,C50.9,8500/3,C50.9,Yes,Yes,No,25.05178025,0:LIVING,d7308344-5bab-4073-bb4f-4d8cd8d7bd17,M0,N0,T2,Tumor Free,25.05178025,0:CENSORED,Yes,No,White,Yes,16,1,Female,BRCA_Basal,12,,,,,,,,,,,,,,,,,,,,
TCGA-E2-A15A,brca_tcga_pan_can_atlas_2018,45,STAGE IIIC,6TH,-15,BRCA,710,-16750,0,23.34220995,0:DiseaseFree,23.34220995,0:ALIVE OR DEAD TUMOR FREE,Not Hispanic Or Latino,4/7/11,EUR,No,C50.9,8500/3,C50.9,Yes,Yes,No,23.34220995,0:LIVING,73ccc949-01b7-48d3-a7c4-c4bcd261672a,M0,N3A,T2,Tumor Free,23.34220995,0:CENSORED,Yes,No,White,Yes,14,1,Female,BRCA_LumB,-34,,,,,,,,,,,,,,,,,,,,
TCGA-E2-A15C,brca_tcga_pan_can_atlas_2018,61,STAGE I,6TH,-25,BRCA,694,-22583,0,22.81618832,0:DiseaseFree,22.81618832,0:ALIVE OR DEAD TUMOR FREE,Not Hispanic Or Latino,4/13/11,EUR,No,C50.9,8500/3,C50.9,Yes,Yes,No,22.81618832,0:LIVING,da840a22-8d30-4682-bbd0-8fa87bd40528,M0,N0,T1C,Tumor Free,22.81618832,0:CENSORED,Yes,No,White,Yes,-14,1,Female,BRCA_LumA,-20,,,,,,,,,,,,,,,,,,,,
TCGA-E2-A15D,brca_tcga_pan_can_atlas_2018,47,STAGE IIA,6TH,-37,BRCA,526,-17224,0,17.29296117,0:DiseaseFree,17.29296117,0:ALIVE OR DEAD TUMOR FREE,Not Hispanic Or Latino,4/13/11,EUR,No,C50.9,8500/3,C50.9,Yes,Yes,No,17.29296117,0:LIVING,c85f080a-1075-41df-959f-1b514a11b3c4,M0,N0,T2,Tumor Free,17.29296117,0:CENSORED,Yes,No,White,Yes,-12,1,Female,BRCA_LumA,-28,,,,,,,,,,,,,,,,,,,,
TCGA-E2-A15E,brca_tcga_pan_can_atlas_2018,40,STAGE IIA,6TH,-27,BRCA,630,-14894,0,20.71210179,0:DiseaseFree,20.71210179,0:ALIVE OR DEAD TUMOR FREE,Not Hispanic Or Latino,4/25/11,EUR,No,C50.9,8500/3,C50.9,Yes,Yes,No,20.71210179,0:LIVING,0a2a3529-f645-4967-9a58-89ee20b8bb62,M0,N1A,T1C,Tumor Free,20.71210179,0:CENSORED,Yes,No,White,Yes,-16,1,Female,BRCA_LumA,-20,,,,,,,,,,,,,,,,,,,,
TCGA-E2-A15F,brca_tcga_pan_can_atlas_2018,64,STAGE I,6TH,-17,BRCA,658,-23660,0,21.63263964,0:DiseaseFree,21.63263964,0:ALIVE OR DEAD TUMOR FREE,Not Hispanic Or Latino,4/13/11,EUR,No,C50.9,8500/3,C50.9,Yes,Yes,No,21.63263964,0:LIVING,ec77a23d-84f5-47e4-bf2a-fa1c03baf3db,M0,N0,T1C,Tumor Free,21.63263964,0:CENSORED,Yes,No,White,Yes,10,1,Female,BRCA_LumA,-32,,,,,,,,,,,,,,,,,,,,
TCGA-E2-A15G,brca_tcga_pan_can_atlas_2018,76,STAGE IIA,6TH,-41,BRCA,554,-28013,0,18.21349903,0:DiseaseFree,18.21349903,0:ALIVE OR DEAD TUMOR FREE,Not Hispanic Or Latino,4/13/11,EUR,No,C50.9,8522/3,C50.9,Yes,Yes,No,18.21349903,0:LIVING,271e8024-a008-4bf0-9f6e-177f60096b1b,M0,N0,T2,Tumor Free,18.21349903,0:CENSORED,Yes,No,White,Yes,-24,1,Female,BRCA_LumA,-34,,,,,,,,,,,,,,,,,,,,
TCGA-E2-A15H,brca_tcga_pan_can_atlas_2018,38,STAGE IIA,6TH,-11,BRCA,393,-13985,0,12.92040635,0:DiseaseFree,12.92040635,0:ALIVE OR DEAD TUMOR FREE,Not Hispanic Or Latino,4/13/11,EUR,No,C50.9,8500/3,C50.9,Yes,Yes,No,12.92040635,0:LIVING,5580b21a-2cdb-4777-ad79-6e06654144f5,M0,N1MI,T1C,Tumor Free,12.92040635,0:CENSORED,Yes,No,White,No,14,1,Female,BRCA_LumA,2,,,,,,,,,,,,,,,,,,,,
TCGA-E2-A15I,brca_tcga_pan_can_atlas_2018,44,STAGE IIA,6TH,-37,BRCA,1692,-16163,0,55.62678765,0:DiseaseFree,55.62678765,0:ALIVE OR DEAD TUMOR FREE,Not Hispanic Or Latino,4/13/11,EUR,No,C50.9,8500/3,C50.9,Yes,Yes,No,55.62678765,0:LIVING,64089c20-939f-48b4-ae8b-904ad0597145,M0,N0,T2,Tumor Free,55.62678765,0:CENSORED,Yes,No,White,No,-16,1,Female,BRCA_LumA,-34,,,,,,,,,,,,,,,,,,,,
TCGA-E2-A15J,brca_tcga_pan_can_atlas_2018,51,STAGE I,6TH,-29,BRCA,1640,-18771,0,53.91721735,0:DiseaseFree,53.91721735,0:ALIVE OR DEAD TUMOR FREE,Not Hispanic Or Latino,4/13/11,EUR,No,C50.9,8500/3,C50.9,Yes,Yes,No,53.91721735,0:LIVING,1fef9454-b3e8-4d9d-a9aa-aa1f1a32b80c,M0,N0,T1C,Tumor Free,53.91721735,0:CENSORED,Yes,No,White,No,-10,1,Female,BRCA_LumA,-18,,,,,,,,,,,,,,,,,,,,
TCGA-E2-A15K,brca_tcga_pan_can_atlas_2018,58,STAGE IIB,7TH,-41,BRCA,275,-21514,0,9.040996811,0:DiseaseFree,9.040996811,0:ALIVE OR DEAD TUMOR FREE,Not Hispanic Or Latino,4/13/11,EUR,No,C50.9,8500/3,C50.9,Yes,Yes,No,9.040996811,0:LIVING,17c1d42c-cb84-4655-a4cd-b54bae17ecaf,M0,N1A,T2,Tumor Free,9.040996811,0:CENSORED,Yes,No,White,Yes,-2,1,Female,BRCA_LumB,-36,,,,,,,,,,,,,,,,,,,,
TCGA-E2-A15L,brca_tcga_pan_can_atlas_2018,65,STAGE IIA,7TH,-29,BRCA,626,-23845,0,20.58059638,0:DiseaseFree,20.58059638,0:ALIVE OR DEAD TUMOR FREE,Not Hispanic Or Latino,4/13/11,,No,C50.9,8520/3,C50.9,Yes,Yes,No,20.58059638,0:LIVING,37242f5a-25ae-4b1f-9ce6-09ce1dc92539,M0,N0,T2,Tumor Free,20.58059638,0:CENSORED,Yes,No,Black or African American,No,4,1,Female,BRCA_LumA,-32,,,,,,,,,,,,,,,,,,,,
TCGA-E2-A15M,brca_tcga_pan_can_atlas_2018,66,STAGE IIA,7TH,-9,BRCA,235,-24266,0,11.04645429,0:DiseaseFree,11.04645429,0:ALIVE OR DEAD TUMOR FREE,Not Hispanic Or Latino,4/14/11,EUR,No,C50.9,8520/3,C50.9,Yes,Yes,No,11.04645429,1:DECEASED,59be60a3-e0f6-4d63-b98c-574ef92428c4,M0,N0,T2,Tumor Free,11.04645429,0:CENSORED,Yes,No,White,Yes,8,1,Female,BRCA_LumA,-26,,,,,,,,,,,,,,,,,,,,
TCGA-E2-A15O,brca_tcga_pan_can_atlas_2018,89,STAGE I,7TH,-21,BRCA,1545,-32583,0,39.78038597,1:Recurred/Progressed,50.7939639,0:ALIVE OR DEAD TUMOR FREE,Not Hispanic Or Latino,4/14/11,,No,C50.9,8500/3,C50.9,Yes,Yes,Yes,50.7939639,0:LIVING,eafa45a4-2fd1-4fa3-860c-9d52ed382b7d,M0,NX,T1C,Tumor Free,39.78038597,1:PROGRESSION,No,Yes,Black or African American,No,10,1,Female,BRCA_LumA,-18,,,,,,,,,,,,,,,,,,,,
TCGA-E2-A15P,brca_tcga_pan_can_atlas_2018,61,STAGE IA,7TH,-37,BRCA,595,-22524,0,19.56142946,0:DiseaseFree,19.56142946,0:ALIVE OR DEAD TUMOR FREE,Not Hispanic Or Latino,4/14/11,EUR,No,C50.9,8500/3,C50.9,Yes,Yes,No,19.56142946,0:LIVING,a1674d7b-787a-45c4-bf16-1b7d0efce207,M0,N0,T1C,Tumor Free,19.56142946,0:CENSORED,Yes,No,White,Yes,-14,1,Female,BRCA_LumA,-30,,,,,,,,,,,,,,,,,,,,
TCGA-E2-A15R,brca_tcga_pan_can_atlas_2018,64,STAGE IIA,7TH,-15,BRCA,1732,-23570,0,56.94184173,0:DiseaseFree,56.94184173,0:ALIVE OR DEAD TUMOR FREE,Not Hispanic Or Latino,4/14/11,EUR,No,C50.9,8500/3,C50.9,Yes,Yes,No,56.94184173,0:LIVING,33b7bf50-53f4-4839-aa83-9665f85671d8,M0,N1A,T1C,Tumor Free,56.94184173,0:CENSORED,Yes,No,White,Yes,12,1,Female,BRCA_LumA,-22,,,,,,,,,,,,,,,,,,,,
TCGA-E2-A15S,brca_tcga_pan_can_atlas_2018,34,STAGE IIB,7TH,-11,BRCA,428,-12671,0,14.07107867,0:DiseaseFree,14.07107867,0:ALIVE OR DEAD TUMOR FREE,Not Hispanic Or Latino,4/14/11,EUR,No,C50.9,8500/3,C50.9,Yes,Yes,No,14.07107867,0:LIVING,0f7ab21b-1fd0-45e0-9a47-17c4691eb84f,M0,N1,T2,Tumor Free,14.07107867,0:CENSORED,Yes,No,White,Yes,16,1,Female,BRCA_LumB,-20,,,,,,,,,,,,,,,,,,,,
TCGA-E2-A15T,brca_tcga_pan_can_atlas_2018,65,STAGE IIA,7TH,-19,BRCA,1563,-24054,0,51.38573824,0:DiseaseFree,51.38573824,0:ALIVE OR DEAD TUMOR FREE,Not Hispanic Or Latino,4/14/11,EUR,No,C50.9,8500/3,C50.9,Yes,Yes,No,51.38573824,0:LIVING,e68ebfd4-3688-4caa-9e38-7764f9258c30,M0,N0,T2,Tumor Free,51.38573824,0:CENSORED,Yes,No,White,No,12,1,Female,BRCA_LumB,-18,,,,,,,,,,,,,,,,,,,,
TCGA-E2-A1AZ,brca_tcga_pan_can_atlas_2018,63,STAGE IIB,6TH,9,BRCA,2329,-23230,0,76.5690239,0:DiseaseFree,76.5690239,0:ALIVE OR DEAD TUMOR FREE,Hispanic Or Latino,4/25/11,,No,C50.9,8500/3,C50.9,Yes,Yes,No,76.5690239,0:LIVING,89128dba-403f-4a96-bb3b-23ed0d5e2147,M0,N1A,T2,Tumor Free,76.5690239,0:CENSORED,Yes,No,White,Yes,14,1,Female,BRCA_Basal,-8,,,,,,,,,,,,,,,,,,,,
TCGA-E2-A1B0,brca_tcga_pan_can_atlas_2018,50,STAGE IIIA,6TH,9,BRCA,1631,-18346,0,53.62133018,0:DiseaseFree,53.62133018,0:ALIVE OR DEAD TUMOR FREE,Not Hispanic Or Latino,4/25/11,EUR,No,C50.9,8500/3,C50.9,Yes,Yes,No,53.62133018,0:LIVING,996bd3f0-d767-4eff-9c82-99fcb5a3006a,M0,N2,T2,Tumor Free,53.62133018,0:CENSORED,Yes,No,White,Yes,22,1,Female,BRCA_Her2,-2,,,,,,,,,,,,,,,,,,,,
TCGA-E2-A1B1,brca_tcga_pan_can_atlas_2018,45,STAGE IIB,6TH,-19,BRCA,2653,-16603,0,87.22096196,0:DiseaseFree,87.22096196,0:ALIVE OR DEAD TUMOR FREE,Not Hispanic Or Latino,4/25/11,EUR,No,C50.9,8500/3,C50.9,Yes,Yes,No,87.22096196,0:LIVING,8a0ef221-8070-43fc-9d98-def90abe4871,M0,N1,T2,Tumor Free,87.22096196,0:CENSORED,Yes,No,White,Yes,2,1,Female,BRCA_LumA,-24,,,,,,,,,,,,,,,,,,,,
TCGA-E2-A1B4,brca_tcga_pan_can_atlas_2018,74,STAGE IIIA,6TH,-29,BRCA,911,-27241,0,33.00785745,0:DiseaseFree,33.00785745,0:ALIVE OR DEAD TUMOR FREE,Not Hispanic Or Latino,4/25/11,EUR,No,C50.9,8500/3,C50.9,Yes,Yes,No,33.00785745,1:DECEASED,dbb2da92-99dd-400c-bc05-e87d7273656c,M0,N2A,T1C,Tumor Free,33.00785745,0:CENSORED,Yes,No,White,Yes,-18,1,Female,BRCA_LumA,-38,,,,,,,,,,,,,,,,,,,,
TCGA-E2-A1B5,brca_tcga_pan_can_atlas_2018,46,STAGE IIA,6TH,-27,BRCA,984,-17039,0,32.35033041,0:DiseaseFree,32.35033041,0:ALIVE OR DEAD TUMOR FREE,Not Hispanic Or Latino,4/25/11,EUR,No,C50.9,8520/3,C50.9,Yes,Yes,No,32.35033041,0:LIVING,7241b3d4-31ee-4fd2-a4a5-35a9d5f37d6a,M0,N0,T2,Tumor Free,32.35033041,0:CENSORED,Yes,No,White,Yes,-16,1,Female,BRCA_LumA,-42,,,,,,,,,,,,,,,,,,,,
TCGA-E2-A1B6,brca_tcga_pan_can_atlas_2018,44,STAGE IIA,6TH,5,BRCA,867,-16370,0,28.50379722,0:DiseaseFree,28.50379722,0:ALIVE OR DEAD TUMOR FREE,Not Hispanic Or Latino,4/25/11,EUR,No,C50.9,8500/3,C50.9,Yes,Yes,No,28.50379722,0:LIVING,e0b1bcd2-1139-44b9-98b3-67bcf92bcc39,M0,N0,T2,Tumor Free,28.50379722,0:CENSORED,Yes,No,White,No,12,1,Female,BRCA_Basal,-26,,,,,,,,,,,,,,,,,,,,
TCGA-E2-A1BC,brca_tcga_pan_can_atlas_2018,63,STAGE IA,7TH,-33,BRCA,501,-23168,0,,,16.47105237,0:ALIVE OR DEAD TUMOR FREE,,4/25/11,EUR,No,C50.9,8524/3,C50.9,Yes,Yes,No,16.47105237,0:LIVING,d8492ebd-3d94-4a4b-8de7-386526691cc2,M0,N0,T1C,Tumor Free,16.47105237,0:CENSORED,Yes,Yes,,No,-12,1,Female,BRCA_LumA,-32,,,,,,,,,,,,,,,,,,,,
TCGA-E2-A1BD,brca_tcga_pan_can_atlas_2018,53,STAGE IIA,7TH,-23,BRCA,1133,-19627,0,37.24890686,0:DiseaseFree,37.24890686,0:ALIVE OR DEAD TUMOR FREE,Not Hispanic Or Latino,4/25/11,EUR,No,C50.9,8500/3,C50.9,Yes,Yes,No,37.24890686,0:LIVING,0e1d0d46-7a7b-4538-95dd-b9fc20a15aec,M0,N0,T2,Tumor Free,37.24890686,0:CENSORED,Yes,No,White,Yes,-2,1,Female,BRCA_LumA,-22,,,,,,,,,,,,,,,,,,,,
TCGA-E2-A1IE,brca_tcga_pan_can_atlas_2018,61,STAGE IIB,6TH,-29,BRCA,2362,-22510,0,59.50619719,1:Recurred/Progressed,77.65394352,0:ALIVE OR DEAD TUMOR FREE,Not Hispanic Or Latino,4/26/11,EUR,No,C50.9,8500/3,C50.9,Yes,Yes,Yes,77.65394352,0:LIVING,2d0d7ff4-7866-4ae1-9cf1-a3c7f4cbe48d,M0,N1,T2,Tumor Free,59.50619719,1:PROGRESSION,Yes,No,White,Yes,12,1,Female,BRCA_LumA,-26,,,,,,,,,,,,,,,,,,,,
TCGA-E2-A1IF,brca_tcga_pan_can_atlas_2018,74,STAGE I,6TH,-11,BRCA,1138,-27341,0,37.41328862,0:DiseaseFree,37.41328862,0:ALIVE OR DEAD TUMOR FREE,Not Hispanic Or Latino,4/28/11,EUR,No,C50.9,8500/3,C50.9,Yes,Yes,No,37.41328862,0:LIVING,718db047-9f32-48c4-98c9-515218441bca,M0,N0,T1C,Tumor Free,37.41328862,0:CENSORED,Yes,No,White,No,-6,1,Female,BRCA_LumA,-8,,,,,,,,,,,,,,,,,,,,
TCGA-E2-A1IG,brca_tcga_pan_can_atlas_2018,45,STAGE IIB,6TH,-41,BRCA,2140,-16757,0,70.35539337,0:DiseaseFree,70.35539337,0:ALIVE OR DEAD TUMOR FREE,Not Hispanic Or Latino,4/28/11,EUR,No,C50.9,8500/3,C50.9,Yes,Yes,No,70.35539337,0:LIVING,bc0bc70f-c6cf-4dbc-9dc3-8b7bc5f381a4,M0,N1MI,T2,Tumor Free,70.35539337,0:CENSORED,Yes,No,White,Yes,-10,1,Female,BRCA_LumA,-32,,,,,,,,,,,,,,,,,,,,
TCGA-E2-A1IH,brca_tcga_pan_can_atlas_2018,80,STAGE I,6TH,-21,BRCA,1026,-29444,0,33.73113719,0:DiseaseFree,33.73113719,0:ALIVE OR DEAD TUMOR FREE,Not Hispanic Or Latino,4/28/11,EUR,No,C50.9,8520/3,C50.9,Yes,Yes,No,33.73113719,0:LIVING,ec0155ab-1b14-498d-8fa9-9f63e3ccb990,M0,N0,T1C,Tumor Free,33.73113719,0:CENSORED,Yes,No,White,No,6,1,Female,BRCA_LumA,-16,,,,,,,,,,,,,,,,,,,,
TCGA-E2-A1II,brca_tcga_pan_can_atlas_2018,51,STAGE I,6TH,9,BRCA,1025,-18788,0,33.69826084,0:DiseaseFree,33.69826084,0:ALIVE OR DEAD TUMOR FREE,Not Hispanic Or Latino,4/28/11,EUR,No,C50.9,8500/3,C50.9,Yes,Yes,No,33.69826084,0:LIVING,0fe1419e-a005-407c-8ae7-15c4c1579539,M0,N0,T1C,Tumor Free,33.69826084,0:CENSORED,Yes,No,White,Yes,14,1,Female,BRCA_Basal,-18,,,,,,,,,,,,,,,,,,,,
TCGA-E2-A1IJ,brca_tcga_pan_can_atlas_2018,57,STAGE I,6TH,-45,BRCA,865,-20956,0,28.43804452,0:DiseaseFree,28.43804452,0:ALIVE OR DEAD TUMOR FREE,Not Hispanic Or Latino,4/29/11,EUR,No,C50.9,8520/3,C50.9,Yes,Yes,No,28.43804452,0:LIVING,b09643c2-ded5-4346-b3c5-90a48f88a02e,M0,N0,T1C,Tumor Free,28.43804452,0:CENSORED,Yes,No,White,Yes,-18,1,Female,BRCA_LumA,-36,,,,,,,,,,,,,,,,,,,,
TCGA-E2-A1IK,brca_tcga_pan_can_atlas_2018,71,STAGE IIA,6TH,-19,BRCA,1800,-26052,0,59.17743367,0:DiseaseFree,59.17743367,0:ALIVE OR DEAD TUMOR FREE,Not Hispanic Or Latino,5/17/11,EUR,No,C50.9,8500/3,C50.9,Yes,Yes,No,59.17743367,0:LIVING,becedbfd-b2aa-4dde-b7f4-29e6f59ec32c,M0,N1MI,T1C,Tumor Free,59.17743367,0:CENSORED,Yes,No,White,No,-12,1,Female,BRCA_LumA,-42,,,,,,,,,,,,,,,,,,,,
TCGA-E2-A1IL,brca_tcga_pan_can_atlas_2018,78,STAGE IIA,6TH,-45,BRCA,118,-28495,0,3.879409541,0:DiseaseFree,3.879409541,0:ALIVE OR DEAD TUMOR FREE,Not Hispanic Or Latino,4/29/11,EUR,No,C50.9,8520/3,C50.9,Yes,Yes,No,3.879409541,0:LIVING,b63391a0-73f8-4544-9e94-f6529245ca2a,M0,N1A,T1C,,3.879409541,0:CENSORED,Yes,No,White,Yes,-16,1,Female,BRCA_LumA,-36,,,,,,,,,,,,,,,,,,,,
TCGA-E2-A1IN,brca_tcga_pan_can_atlas_2018,60,STAGE I,7TH,-19,BRCA,675,-22199,0,22.19153763,0:DiseaseFree,22.19153763,0:ALIVE OR DEAD TUMOR FREE,Not Hispanic Or Latino,4/29/11,EUR,No,C50.9,8500/3,C50.9,Yes,Yes,No,22.19153763,0:LIVING,f43d622f-eed5-4933-adc6-ae9ad1e33028,M0,N0,T1C,Tumor Free,22.19153763,0:CENSORED,Yes,No,White,Yes,-6,1,Female,BRCA_LumA,4,,,,,,,,,,,,,,,,,,,,
TCGA-E2-A1IO,brca_tcga_pan_can_atlas_2018,37,STAGE I,6TH,-31,BRCA,1855,-13671,0,60.98563303,0:DiseaseFree,60.98563303,0:ALIVE OR DEAD TUMOR FREE,Not Hispanic Or Latino,4/29/11,EUR,No,C50.9,8500/3,C50.9,Yes,Yes,No,60.98563303,0:LIVING,71fc8941-4cfb-47ea-a533-873d38f8c95c,M0,N0,T1C,Tumor Free,60.98563303,0:CENSORED,Yes,No,White,Yes,-14,1,Female,BRCA_LumA,-26,,,,,,,,,,,,,,,,,,,,
TCGA-E2-A1IU,brca_tcga_pan_can_atlas_2018,60,STAGE IA,7TH,-31,BRCA,337,-22279,0,11.07933064,0:DiseaseFree,11.07933064,0:ALIVE OR DEAD TUMOR FREE,Not Hispanic Or Latino,4/29/11,EUR,No,C50.9,8500/3,C50.9,Yes,Yes,No,11.07933064,0:LIVING,001cef41-ff86-4d3f-a140-a647ac4b10a1,M0,N0 (MOL+),T1C,Tumor Free,11.07933064,0:CENSORED,Yes,No,White,No,-12,1,Female,BRCA_LumA,-26,,,,,,,,,,,,,,,,,,,,
TCGA-E2-A1L6,brca_tcga_pan_can_atlas_2018,44,STAGE IIA,6TH,-37,BRCA,1648,-16403,0,54.18022816,0:DiseaseFree,54.18022816,0:ALIVE OR DEAD TUMOR FREE,Not Hispanic Or Latino,6/7/11,EUR,No,C50.9,8500/3,C50.9,Yes,Yes,No,54.18022816,0:LIVING,2e32f31f-9817-4935-b259-96c59936ee33,M0,N1MI,T1C,Tumor Free,54.18022816,0:CENSORED,Yes,No,White,No,-10,1,Female,BRCA_LumA,-34,,,,,,,,,,,,,,,,,,,,
TCGA-E2-A1L7,brca_tcga_pan_can_atlas_2018,40,STAGE IIIA,6TH,3,BRCA,1836,-14854,0,53.22681395,1:Recurred/Progressed,60.36098235,0:ALIVE OR DEAD TUMOR FREE,Not Hispanic Or Latino,6/1/11,EUR,No,C50.9,8500/3,C50.9,Yes,Yes,Yes,60.36098235,0:LIVING,791c5768-f0f5-4ab6-86eb-998e5c4b49e3,M0,N2,T2,Tumor Free,53.22681395,1:PROGRESSION,Yes,No,White,Yes,16,1,Female,BRCA_LumB,2,,,,,,,,,,,,,,,,,,,,
TCGA-E2-A1L8,brca_tcga_pan_can_atlas_2018,52,STAGE IIB,6TH,-33,BRCA,2240,-19187,0,73.64302857,0:DiseaseFree,73.64302857,0:ALIVE OR DEAD TUMOR FREE,Not Hispanic Or Latino,6/7/11,AFR,No,C50.9,8520/3,C50.9,Yes,Yes,No,73.64302857,0:LIVING,eebad74f-5961-4e91-b0eb-157a2f6f952b,M0,N1A,T2,Tumor Free,73.64302857,0:CENSORED,Yes,Yes,Black or African American,Yes,-10,1,Female,BRCA_LumA,-22,,,,,,,,,,,,,,,,,,,,
TCGA-E2-A1L9,brca_tcga_pan_can_atlas_2018,40,STAGE IIA,6TH,-21,BRCA,598,-14868,0,19.66005852,0:DiseaseFree,19.66005852,0:ALIVE OR DEAD TUMOR FREE,Not Hispanic Or Latino,6/7/11,EUR,No,C50.9,8500/3,C50.9,Yes,Yes,No,19.66005852,0:LIVING,5ea18514-51ad-4844-abea-15e82f0b10c9,M0,N1MI,T1C,Tumor Free,19.66005852,0:CENSORED,Yes,No,White,Yes,-6,1,Female,BRCA_LumA,0,,,,,,,,,,,,,,,,,,,,
TCGA-E2-A1LA,brca_tcga_pan_can_atlas_2018,59,STAGE IIA,6TH,-11,BRCA,748,-21773,0,24.59151133,0:DiseaseFree,24.59151133,0:ALIVE OR DEAD TUMOR FREE,Not Hispanic Or Latino,6/1/11,,No,C50.9,8500/3,C50.9,Yes,Yes,No,24.59151133,0:LIVING,ce9e0309-9756-42d2-ae94-d91264a79498,M0,N1A,T1C,Tumor Free,24.59151133,0:CENSORED,Yes,No,,No,10,1,Female,BRCA_LumA,-14,,,,,,,,,,,,,,,,,,,,
TCGA-E2-A1LB,brca_tcga_pan_can_atlas_2018,41,STAGE IIB,6TH,-7,BRCA,2306,-15283,0,75.8128678,0:DiseaseFree,75.8128678,0:ALIVE OR DEAD TUMOR FREE,Not Hispanic Or Latino,6/7/11,,No,C50.9,8500/3,C50.9,Yes,Yes,No,75.8128678,0:LIVING,fa176764-a76f-44c7-b97a-cd6d21e052be,M0,N1,T2,Tumor Free,75.8128678,0:CENSORED,Yes,No,Black or African American,Yes,2,1,Female,BRCA_Her2,-16,,,,,,,,,,,,,,,,,,,,
TCGA-E2-A1LE,brca_tcga_pan_can_atlas_2018,71,STAGE IIIC,6TH,-7,BRCA,,-26239,0,11.86836309,1:Recurred/Progressed,28.89831344,1:DEAD WITH TUMOR,Not Hispanic Or Latino,6/7/11,EUR,No,C50.9,8500/3,C50.9,Yes,No,Yes,28.89831344,1:DECEASED,7317E605-93BA-49A9-8743-20613B02767A,M0,N3A,T2,With Tumor,11.86836309,1:PROGRESSION,Yes,No,White,Yes,4,1,Female,,-12,,,,,,,,,,,,,,,,,,,,
TCGA-E2-A1LG,brca_tcga_pan_can_atlas_2018,50,STAGE IIA,7TH,-5,BRCA,1523,-18492,0,50.07068416,0:DiseaseFree,50.07068416,0:ALIVE OR DEAD TUMOR FREE,Not Hispanic Or Latino,6/3/11,,No,C50.9,8520/3,C50.9,Yes,Yes,No,50.07068416,0:LIVING,ef4cbd38-bc79-4d60-a715-647edd2ebe9e,M0,N0,T2,Tumor Free,50.07068416,0:CENSORED,Yes,Yes,Black or African American,No,14,1,Female,BRCA_Basal,-6,,,,,,,,,,,,,,,,,,,,
TCGA-E2-A1LH,brca_tcga_pan_can_atlas_2018,59,STAGE I,5TH,5,BRCA,3247,-21628,0,106.7495151,0:DiseaseFree,106.7495151,0:ALIVE OR DEAD TUMOR FREE,Not Hispanic Or Latino,6/3/11,EUR,No,C50.9,8500/3,C50.9,Yes,Yes,No,106.7495151,0:LIVING,d8ecba6a-9fff-4993-a799-9a8d2aea524e,M0,N0,T1C,Tumor Free,106.7495151,0:CENSORED,Yes,No,White,Yes,8,1,Female,BRCA_Basal,4,,,,,,,,,,,,,,,,,,,,
TCGA-E2-A1LI,brca_tcga_pan_can_atlas_2018,57,STAGE IIB,6TH,9,BRCA,3121,-21064,0,,,102.6070947,0:ALIVE OR DEAD TUMOR FREE,Not Hispanic Or Latino,6/3/11,EUR,No,C50.9,8500/3,C50.9,Yes,Yes,No,102.6070947,0:LIVING,3558dec7-eae3-4a41-a217-266c6a4535fb,M0,N1,T2,Tumor Free,102.6070947,0:CENSORED,Yes,No,White,Yes,8,1,Female,BRCA_Basal,-20,,,,,,,,,,,,,,,,,,,,
TCGA-E2-A1LK,brca_tcga_pan_can_atlas_2018,84,STAGE IIIC,6TH,29,BRCA,,-30757,0,5.095834566,1:Recurred/Progressed,8.745109643,1:DEAD WITH TUMOR,Not Hispanic Or Latino,6/3/11,,No,C50.9,8500/3,C50.9,Yes,Yes,Yes,8.745109643,1:DECEASED,1d27253f-b036-44e7-a04d-8da5bbf57419,M0,N3A,T4B,With Tumor,5.095834566,1:PROGRESSION,Yes,No,Black or African American,No,16,1,Female,BRCA_Basal,18,,,,,,,,,,,,,,,,,,,,
TCGA-E2-A1LL,brca_tcga_pan_can_atlas_2018,73,STAGE IIIA,6TH,39,BRCA,1309,-27028,0,42.83788671,1:Recurred/Progressed,43.03514482,0:ALIVE OR DEAD TUMOR FREE,Not Hispanic Or Latino,6/3/11,,No,C50.9,8500/3,C50.9,Yes,Yes,Yes,43.03514482,0:LIVING,2a84997d-ccee-4f46-bea2-752534f26416,MX,N2A,T3,Tumor Free,42.83788671,1:PROGRESSION,Yes,No,Black or African American,Yes,18,1,Female,BRCA_Basal,64,,,,,,,,,,,,,,,,,,,,
TCGA-E2-A1LS,brca_tcga_pan_can_atlas_2018,46,STAGE IA,7TH,-23,BRCA,1604,-16887,0,52.73366867,0:DiseaseFree,52.73366867,0:ALIVE OR DEAD TUMOR FREE,,6/3/11,EUR,No,C50.9,8500/3,C50.9,Yes,No,No,52.73366867,0:LIVING,91a2f2af-e4b1-4a0b-ab20-6a36ce63c533,M0,N0,T1C,Tumor Free,52.73366867,0:CENSORED,Yes,No,White,No,-6,1,Female,,-44,,,,,,,,,,,,,,,,,,,,
TCGA-E2-A2P5,brca_tcga_pan_can_atlas_2018,78,STAGE IIIC,7TH,-1,BRCA,515,-28621,0,19.62718217,1:Recurred/Progressed,26.99148503,1:DEAD WITH TUMOR,Not Hispanic Or Latino,12/19/11,ADMIX,No,C50.9,8520/3,C50.9,Yes,No,Yes,26.99148503,1:DECEASED,F0DE67FF-8967-4FCE-9C12-0E07193285CD,M0,N3,T2,Tumor Free,19.62718217,1:PROGRESSION,Yes,Yes,Black or African American,Yes,8,1,Female,,8,,,,,,,,,,,,,,,,,,,,
TCGA-E2-A2P6,brca_tcga_pan_can_atlas_2018,77,STAGE IIB,7TH,-23,BRCA,1051,-28411,0,34.55304599,0:DiseaseFree,34.55304599,0:ALIVE OR DEAD TUMOR FREE,Hispanic Or Latino,12/19/11,AMR,No,C50.9,8520/3,C50.9,Yes,Yes,No,34.55304599,0:LIVING,F83B866B-0B2E-4BBA-9367-BE6DCCF56232,M0,N1,T2,Tumor Free,34.55304599,0:CENSORED,Yes,No,,No,6,1,Female,BRCA_LumA,-16,,,,,,,,,,,,,,,,,,,,
TCGA-E2-A3DX,brca_tcga_pan_can_atlas_2018,43,STAGE IIIC,7TH,-43,BRCA,1325,-15969,0,,,43.56116645,0:ALIVE OR DEAD TUMOR FREE,Not Hispanic Or Latino,1/17/12,EUR,No,C50.9,8520/3,C50.9,Yes,No,No,43.56116645,0:LIVING,31427699-E27A-4035-8925-6D8D6900D097,M0,N3,T2,Tumor Free,43.56116645,0:CENSORED,Yes,No,White,Yes,-18,1,Female,,-46,,,,,,,,,,,,,,,,,,,,
TCGA-E2-A56Z,brca_tcga_pan_can_atlas_2018,69,STAGE IIB,7TH,-13,BRCA,252,-25282,0,8.284840714,0:DiseaseFree,8.284840714,0:ALIVE OR DEAD TUMOR FREE,Not Hispanic Or Latino,6/20/13,,No,C50.9,8500/3,C50.9,Yes,Yes,,8.284840714,0:LIVING,45C3975C-D333-4237-93F7-E12DC2451C38,M0,N1A,T2,Tumor Free,8.284840714,0:CENSORED,Yes,No,Black or African American,Yes,-2,1,Female,BRCA_LumB,-20,,,,,,,,,,,,,,,,,,,,
TCGA-E2-A570,brca_tcga_pan_can_atlas_2018,47,STAGE IB,7TH,-9,BRCA,931,-17456,0,30.60788375,0:DiseaseFree,30.60788375,0:ALIVE OR DEAD TUMOR FREE,Not Hispanic Or Latino,6/21/13,,No,C50.9,8500/3,C50.9,Yes,Yes,No,30.60788375,0:LIVING,CDD8C046-FD97-482A-A11F-2217B321C4D1,M0,N1MI,T1C,Tumor Free,30.60788375,0:CENSORED,Yes,No,Black or African American,No,-10,1,Female,BRCA_LumA,0,,,,,,,,,,,,,,,,,,,,
TCGA-E2-A573,brca_tcga_pan_can_atlas_2018,48,STAGE IA,7TH,39,BRCA,1062,-17689,0,34.91468587,0:DiseaseFree,34.91468587,0:ALIVE OR DEAD TUMOR FREE,Not Hispanic Or Latino,6/20/13,,No,C50.9,8500/3,C50.9,Yes,Yes,No,34.91468587,0:LIVING,6429C443-8AC3-407F-BB9C-66420B904BBF,M0,N0,T1C,Tumor Free,34.91468587,0:CENSORED,Yes,No,Black or African American,Yes,18,1,Female,BRCA_Basal,22,,,,,,,,,,,,,,,,,,,,
TCGA-E2-A574,brca_tcga_pan_can_atlas_2018,44,STAGE IIA,7TH,35,BRCA,1179,-16195,0,38.76121906,0:DiseaseFree,38.76121906,0:ALIVE OR DEAD TUMOR FREE,Not Hispanic Or Latino,6/20/13,,No,C50.9,8500/3,C50.9,Yes,Yes,No,38.76121906,0:LIVING,029CE650-5E5A-4100-8596-CD94300E7EF5,M0,N0,T2,Tumor Free,38.76121906,0:CENSORED,Yes,No,Black or African American,Yes,2,1,Female,BRCA_Basal,28,,,,,,,,,,,,,,,,,,,,
TCGA-E2-A576,brca_tcga_pan_can_atlas_2018,69,STAGE IA,7TH,-5,BRCA,1043,-25350,0,34.29003518,0:DiseaseFree,34.29003518,0:ALIVE OR DEAD TUMOR FREE,Not Hispanic Or Latino,9/10/13,,No,C50.9,8520/3,C50.9,Yes,Yes,No,34.29003518,0:LIVING,F04DCA9E-409B-4300-B11D-12243E5D361D,MX,N0,T1C,Tumor Free,34.29003518,0:CENSORED,Yes,No,Black or African American,Yes,6,1,Female,BRCA_LumA,4,,,,,,,,,,,,,,,,,,,,
TCGA-E2-A9RU,brca_tcga_pan_can_atlas_2018,90,STAGE IIIC,7TH,39,BRCA,538,-32873,0,17.6874774,0:DiseaseFree,17.6874774,0:ALIVE OR DEAD TUMOR FREE,Not Hispanic Or Latino,6/16/14,,No,C50.9,8500/3,C50.9,Yes,Yes,No,17.6874774,0:LIVING,6F18F96E-C0C9-4CC4-9FB2-CBA8949D5402,MX,N3A,T2,Tumor Free,17.6874774,0:CENSORED,Yes,No,Black or African American,Yes,22,1,Female,BRCA_LumB,24,,,,,,,,,,,,,,,,,,,,
TCGA-E9-A1N3,brca_tcga_pan_can_atlas_2018,70,STAGE IIIA,7TH,-23,BRCA,1059,-25714,0,34.81605681,0:DiseaseFree,34.81605681,0:ALIVE OR DEAD TUMOR FREE,Not Hispanic Or Latino,5/26/11,EUR,No,C50.9,8522/3,C50.9,Yes,Yes,No,34.81605681,0:LIVING,03c143e0-d8a1-4d60-a4a3-df0501fc6b6e,M0,N2,T1C,Tumor Free,34.81605681,0:CENSORED,Yes,No,White,No,-10,1,Female,BRCA_LumA,-38,,,,,,,,,,,,,,,,,,,,
TCGA-E9-A1N4,brca_tcga_pan_can_atlas_2018,41,STAGE IIIA,7TH,-19,BRCA,1000,-15055,0,32.87635204,0:DiseaseFree,32.87635204,0:ALIVE OR DEAD TUMOR FREE,Not Hispanic Or Latino,5/26/11,EUR,No,C50.9,8520/3,C50.9,Yes,Yes,No,32.87635204,0:LIVING,69a68fbc-e43d-4652-85ee-693211bded47,M0,N2,T2,Tumor Free,32.87635204,0:CENSORED,Yes,No,White,Yes,0,1,Female,BRCA_LumA,-32,,,,,,,,,,,,,,,,,,,,
TCGA-E9-A1N5,brca_tcga_pan_can_atlas_2018,45,STAGE IIB,7TH,-21,BRCA,1120,-16736,0,36.82151429,0:DiseaseFree,36.82151429,0:ALIVE OR DEAD TUMOR FREE,Not Hispanic Or Latino,6/23/11,EUR,No,C50.9,8522/3,C50.9,Yes,Yes,No,36.82151429,0:LIVING,f954de05-1b44-4087-8933-6cc72d81028d,M0,N1,T2,Tumor Free,36.82151429,0:CENSORED,Yes,No,White,No,12,1,Female,BRCA_LumA,-30,,,,,,,,,,,,,,,,,,,,
TCGA-E9-A1N6,brca_tcga_pan_can_atlas_2018,52,STAGE IIB,7TH,9,BRCA,410,-19327,0,14.56422395,1:Recurred/Progressed,22.29016668,1:DEAD WITH TUMOR,Not Hispanic Or Latino,6/23/11,EUR,No,C50.9,8500/3,C50.9,Yes,No,Yes,22.29016668,1:DECEASED,955d4263-61f7-42e8-8a6e-772a0d6c209d,M0,N1,T2,Tumor Free,14.56422395,1:PROGRESSION,Yes,No,White,Yes,22,1,Female,,4,,,,,,,,,,,,,,,,,,,,
TCGA-E9-A1N8,brca_tcga_pan_can_atlas_2018,48,STAGE IIA,7TH,9,BRCA,1039,-17652,0,34.15852977,0:DiseaseFree,34.15852977,0:ALIVE OR DEAD TUMOR FREE,Not Hispanic Or Latino,6/23/11,EUR,No,C50.9,8500/3,C50.9,Yes,Yes,No,34.15852977,0:LIVING,ac075bc0-1b59-4557-beea-541694faee03,M0,N0,T2,Tumor Free,34.15852977,0:CENSORED,Yes,No,White,No,14,1,Female,BRCA_Basal,-4,,,,,,,,,,,,,,,,,,,,
TCGA-E9-A1N9,brca_tcga_pan_can_atlas_2018,58,STAGE IIA,7TH,-7,BRCA,1101,-21228,0,36.1968636,0:DiseaseFree,36.1968636,0:ALIVE OR DEAD TUMOR FREE,Not Hispanic Or Latino,6/23/11,EUR,No,C50.9,8522/3,C50.9,Yes,Yes,No,36.1968636,0:LIVING,994ca1f5-ad10-44ec-aa21-71fc2940653b,M0,N0,T2,Tumor Free,36.1968636,0:CENSORED,Yes,No,White,No,12,1,Female,BRCA_Basal,-20,,,,,,,,,,,,,,,,,,,,
TCGA-E9-A1NA,brca_tcga_pan_can_atlas_2018,58,STAGE IIA,7TH,-1,BRCA,1112,-21397,0,36.55850347,0:DiseaseFree,36.55850347,0:ALIVE OR DEAD TUMOR FREE,Not Hispanic Or Latino,6/23/11,EUR,No,C50.9,8522/3,C50.9,Yes,Yes,No,36.55850347,0:LIVING,af577366-0258-49e7-b6af-e70056c081a4,M0,N0,T2,Tumor Free,36.55850347,0:CENSORED,Yes,No,White,Yes,6,1,Female,BRCA_LumB,-10,,,,,,,,,,,,,,,,,,,,
TCGA-E9-A1NC,brca_tcga_pan_can_atlas_2018,61,STAGE IIB,7TH,43,BRCA,1203,-22355,0,39.5502515,0:DiseaseFree,39.5502515,0:ALIVE OR DEAD TUMOR FREE,Not Hispanic Or Latino,6/23/11,EUR,No,C50.9,8522/3,C50.9,Yes,Yes,No,39.5502515,0:LIVING,e74aea7c-ca14-49df-b5cf-dacb839ac27a,M0,N1,T2,Tumor Free,39.5502515,0:CENSORED,Yes,No,White,No,14,1,Female,BRCA_Basal,48,,,,,,,,,,,,,,,,,,,,
TCGA-E9-A1ND,brca_tcga_pan_can_atlas_2018,75,STAGE IIB,7TH,23,BRCA,1266,-27400,0,41.62146168,0:DiseaseFree,41.62146168,0:ALIVE OR DEAD TUMOR FREE,Not Hispanic Or Latino,6/23/11,EUR,No,C50.9,8500/3,C50.9,Yes,Yes,No,41.62146168,0:LIVING,f06f09f3-8133-4a92-ac86-fbe64295e0d8,M0,N1,T2,Tumor Free,41.62146168,0:CENSORED,Yes,No,White,No,16,1,Female,BRCA_Basal,26,,,,,,,,,,,,,,,,,,,,
TCGA-E9-A1NE,brca_tcga_pan_can_atlas_2018,28,STAGE IIB,7TH,-27,BRCA,1088,-10564,0,35.76947102,0:DiseaseFree,35.76947102,0:ALIVE OR DEAD TUMOR FREE,Not Hispanic Or Latino,6/23/11,EUR,No,C50.9,8522/3,C50.9,Yes,Yes,No,35.76947102,0:LIVING,3d676bba-154b-4d22-ab59-d4d4da051b94,M0,N1,T2,Tumor Free,35.76947102,0:CENSORED,Yes,No,White,Yes,2,1,Female,BRCA_LumA,-32,,,,,,,,,,,,,,,,,,,,
TCGA-E9-A1NF,brca_tcga_pan_can_atlas_2018,60,STAGE IIA,7TH,15,BRCA,610,-21981,0,2.958871684,1:Recurred/Progressed,35.24344939,1:DEAD WITH TUMOR,Not Hispanic Or Latino,6/23/11,EUR,No,C50.9,8522/3,C50.9,Yes,Yes,No,35.24344939,1:DECEASED,a8b1f6e7-2bcf-460d-b1c6-1792a9801119,M0,N0,T2,Tumor Free,2.958871684,1:PROGRESSION,Yes,No,White,No,-2,1,Female,BRCA_LumB,18,,,,,,,,,,,,,,,,,,,,
TCGA-E9-A1NG,brca_tcga_pan_can_atlas_2018,62,STAGE IIA,7TH,-7,BRCA,656,-22896,0,25.8408127,0:DiseaseFree,25.8408127,0:ALIVE OR DEAD TUMOR FREE,Not Hispanic Or Latino,6/23/11,EUR,No,C50.9,8500/3,C50.9,Yes,Yes,No,25.8408127,1:DECEASED,659b0170-e914-45ff-aa55-fcb8d3dc7b8a,M0,N0,T2,Tumor Free,25.8408127,0:CENSORED,Yes,No,White,No,-6,1,Female,BRCA_LumA,-4,,,,,,,,,,,,,,,,,,,,
TCGA-E9-A1NH,brca_tcga_pan_can_atlas_2018,71,STAGE IIB,7TH,-37,BRCA,576,-26221,0,18.93677878,0:DiseaseFree,18.93677878,0:ALIVE OR DEAD TUMOR FREE,Not Hispanic Or Latino,6/23/11,EUR,No,C50.9,8500/3,C50.9,Yes,Yes,No,18.93677878,0:LIVING,b2aac45b-2073-4c7a-adb9-769a4fdcc111,M0,N1,T2,Tumor Free,18.93677878,0:CENSORED,Yes,No,White,No,-16,1,Female,BRCA_LumA,-10,,,,,,,,,,,,,,,,,,,,
TCGA-E9-A1NI,brca_tcga_pan_can_atlas_2018,51,STAGE IIA,7TH,9,BRCA,300,-18985,0,9.862905612,0:DiseaseFree,9.862905612,0:ALIVE OR DEAD TUMOR FREE,Not Hispanic Or Latino,6/23/11,EUR,No,C50.9,8522/3,C50.9,Yes,Yes,No,9.862905612,0:LIVING,c65b835a-2d38-4250-a173-0780d2c2cf58,M0,N0,T2,Tumor Free,9.862905612,0:CENSORED,Yes,No,White,No,20,1,Female,BRCA_LumB,10,,,,,,,,,,,,,,,,,,,,
TCGA-E9-A1QZ,brca_tcga_pan_can_atlas_2018,61,STAGE IIA,7TH,-19,BRCA,755,-22397,0,24.82164579,0:DiseaseFree,24.82164579,0:ALIVE OR DEAD TUMOR FREE,Not Hispanic Or Latino,7/28/11,EUR,No,C50.9,8500/3,C50.9,Yes,Yes,No,24.82164579,0:LIVING,b6b932ce-6856-4d94-9e6c-16dfbe51906f,M0,N0,T2,Tumor Free,24.82164579,0:CENSORED,Yes,No,White,No,8,1,Female,BRCA_LumA,-14,,,,,,,,,,,,,,,,,,,,
TCGA-E9-A1R0,brca_tcga_pan_can_atlas_2018,58,STAGE IIA,7TH,-23,BRCA,860,-21394,0,,,28.27366275,0:ALIVE OR DEAD TUMOR FREE,Not Hispanic Or Latino,7/28/11,EUR,No,C50.9,8500/3,C50.9,Yes,Yes,No,28.27366275,0:LIVING,f2da1d3f-f226-4c99-a97e-9b26f67d7a5d,M0,N1,T1C,Tumor Free,28.27366275,0:CENSORED,Yes,No,White,No,-6,1,Female,BRCA_LumA,-22,,,,,,,,,,,,,,,,,,,,
TCGA-E9-A1R2,brca_tcga_pan_can_atlas_2018,51,STAGE IIIC,7TH,-17,BRCA,1063,-18936,0,,,34.94756222,0:ALIVE OR DEAD TUMOR FREE,Not Hispanic Or Latino,7/28/11,EUR,No,C50.9,8500/3,C50.9,Yes,Yes,No,34.94756222,0:LIVING,8631969d-4ac6-4fe1-9db3-d47db604494a,MX,N3,T2,Tumor Free,34.94756222,0:CENSORED,Yes,No,White,Yes,-4,1,Female,BRCA_LumA,-26,,,,,,,,,,,,,,,,,,,,
TCGA-E9-A1R3,brca_tcga_pan_can_atlas_2018,70,STAGE IIIC,7TH,-29,BRCA,78,-25693,0,2.564355459,0:DiseaseFree,2.564355459,0:ALIVE OR DEAD TUMOR FREE,Not Hispanic Or Latino,7/28/11,EUR,No,C50.9,8500/3,C50.9,Yes,Yes,No,2.564355459,0:LIVING,4922cddc-575c-4b8a-8245-ce5f6876760c,M0,N3,T2,Tumor Free,2.564355459,0:CENSORED,Yes,No,White,Yes,-18,1,Female,BRCA_LumA,-14,,,,,,,,,,,,,,,,,,,,
TCGA-E9-A1R4,brca_tcga_pan_can_atlas_2018,66,STAGE IA,7TH,-19,BRCA,186,-24181,0,6.115001479,0:DiseaseFree,6.115001479,0:ALIVE OR DEAD TUMOR FREE,Not Hispanic Or Latino,7/28/11,EUR,No,C50.9,8500/3,C50.9,Yes,Yes,No,6.115001479,0:LIVING,b7a4df9a-4e25-4550-9c10-338ca1921c2f,M0,N0,T1C,Tumor Free,6.115001479,0:CENSORED,Yes,No,White,Yes,-2,1,Female,BRCA_LumB,-32,,,,,,,,,,,,,,,,,,,,
TCGA-E9-A1R5,brca_tcga_pan_can_atlas_2018,63,STAGE IA,7TH,-29,BRCA,92,-23116,0,3.024624388,0:DiseaseFree,3.024624388,0:ALIVE OR DEAD TUMOR FREE,Not Hispanic Or Latino,7/28/11,EUR,No,C50.9,8500/3,C50.9,Yes,Yes,No,3.024624388,0:LIVING,23c21dea-3713-408f-ba56-f7c586e9f206,M0,N0,T1C,Tumor Free,3.024624388,0:CENSORED,Yes,No,White,Yes,0,1,Female,BRCA_LumA,-24,,,,,,,,,,,,,,,,,,,,
TCGA-E9-A1R6,brca_tcga_pan_can_atlas_2018,63,STAGE IIA,7TH,-3,BRCA,339,-23347,0,11.14508334,0:DiseaseFree,11.14508334,0:ALIVE OR DEAD TUMOR FREE,Not Hispanic Or Latino,7/28/11,EUR,No,C50.9,8500/3,C50.9,Yes,Yes,No,11.14508334,0:LIVING,4842bac3-abaa-4900-871f-f2c3ba6457f5,M0,N0,T2,Tumor Free,11.14508334,0:CENSORED,Yes,No,White,Yes,10,1,Female,BRCA_LumA,-20,,,,,,,,,,,,,,,,,,,,
TCGA-E9-A1R7,brca_tcga_pan_can_atlas_2018,64,STAGE IIA,7TH,-21,BRCA,1467,-23397,0,48.22960844,0:DiseaseFree,48.22960844,0:ALIVE OR DEAD TUMOR FREE,Not Hispanic Or Latino,7/28/11,EUR,No,C50.9,8500/3,C50.9,Yes,Yes,No,48.22960844,0:LIVING,2680da86-c977-4611-b75f-df015283c023,M0,N0,T2,Tumor Free,48.22960844,0:CENSORED,Yes,No,White,Yes,0,1,Female,BRCA_LumB,-36,,,,,,,,,,,,,,,,,,,,
TCGA-E9-A1RA,brca_tcga_pan_can_atlas_2018,48,STAGE IA,7TH,-27,BRCA,1369,-17699,0,45.00772594,0:DiseaseFree,45.00772594,0:ALIVE OR DEAD TUMOR FREE,Not Hispanic Or Latino,7/28/11,EUR,No,C50.9,8500/3,C50.9,Yes,Yes,No,45.00772594,0:LIVING,4b4e4ea8-6eb9-49ad-b880-c5065fe6517f,M0,N0,T1C,Tumor Free,45.00772594,0:CENSORED,Yes,No,White,Yes,-4,1,Female,BRCA_LumA,-4,,,,,,,,,,,,,,,,,,,,
TCGA-E9-A1RB,brca_tcga_pan_can_atlas_2018,40,STAGE IIA,7TH,25,BRCA,633,-14755,0,32.08731959,0:DiseaseFree,32.08731959,0:ALIVE OR DEAD TUMOR FREE,Not Hispanic Or Latino,7/28/11,EUR,No,C50.9,8500/3,C50.9,Yes,Yes,No,32.08731959,1:DECEASED,94b95984-b2fb-4e42-8887-45e7086c3179,M0,N0,T2,Tumor Free,32.08731959,0:CENSORED,Yes,No,White,No,26,1,Female,BRCA_LumB,20,,,,,,,,,,,,,,,,,,,,
TCGA-E9-A1RC,brca_tcga_pan_can_atlas_2018,56,STAGE IIIC,7TH,11,BRCA,1224,-20795,0,40.2406549,0:DiseaseFree,40.2406549,0:ALIVE OR DEAD TUMOR FREE,Not Hispanic Or Latino,7/28/11,EUR,No,C50.9,8522/3,C50.9,Yes,Yes,No,40.2406549,0:LIVING,5cdae21d-eee5-478f-932a-0f51fcf5f031,M0,N3,T4B,Tumor Free,40.2406549,0:CENSORED,Yes,No,White,No,16,1,Female,BRCA_LumA,16,,,,,,,,,,,,,,,,,,,,
TCGA-E9-A1RD,brca_tcga_pan_can_atlas_2018,67,STAGE IIA,7TH,-33,BRCA,34,-24719,0,1.117795969,0:DiseaseFree,1.117795969,0:ALIVE OR DEAD TUMOR FREE,Not Hispanic Or Latino,7/28/11,EUR,No,C50.9,8500/3,C50.9,Yes,Yes,No,1.117795969,0:LIVING,5fe3c51f-65e2-4da6-8924-a6fae17c022d,M0,N0,T2,Tumor Free,1.117795969,0:CENSORED,Yes,No,White,No,-12,1,Female,BRCA_LumA,-38,,,,,,,,,,,,,,,,,,,,
TCGA-E9-A1RE,brca_tcga_pan_can_atlas_2018,74,STAGE IIIA,7TH,-7,BRCA,1419,-27392,0,46.65154355,0:DiseaseFree,46.65154355,0:ALIVE OR DEAD TUMOR FREE,Not Hispanic Or Latino,7/28/11,EUR,No,C50.9,8500/3,C50.9,Yes,Yes,No,46.65154355,0:LIVING,24046547-d038-4616-b190-52ac93f4965f,M0,N2,T2,Tumor Free,46.65154355,0:CENSORED,Yes,No,White,Yes,4,1,Female,BRCA_LumB,-4,,,,,,,,,,,,,,,,,,,,
TCGA-E9-A1RF,brca_tcga_pan_can_atlas_2018,68,STAGE IIIA,7TH,-1,BRCA,200,-25119,0,6.575270408,0:DiseaseFree,6.575270408,0:ALIVE OR DEAD TUMOR FREE,Not Hispanic Or Latino,8/2/11,EUR,No,C50.9,8500/3,C50.9,Yes,Yes,,6.575270408,0:LIVING,c694615c-b1c6-499c-8058-995633ebf948,M0,N2,T2,Tumor Free,6.575270408,0:CENSORED,Yes,No,White,Yes,14,1,Female,BRCA_LumA,8,,,,,,,,,,,,,,,,,,,,
TCGA-E9-A1RG,brca_tcga_pan_can_atlas_2018,62,STAGE IIIA,7TH,21,BRCA,647,-22788,0,21.27099977,0:DiseaseFree,21.27099977,0:ALIVE OR DEAD TUMOR FREE,Not Hispanic Or Latino,8/2/11,EUR,No,C50.9,8500/3,C50.9,Yes,Yes,No,21.27099977,0:LIVING,8744733a-7b46-43aa-bdef-64876816adbb,M0,N2,T1C,Tumor Free,21.27099977,0:CENSORED,Yes,No,White,Yes,16,1,Female,BRCA_LumB,32,,,,,,,,,,,,,,,,,,,,
TCGA-E9-A1RH,brca_tcga_pan_can_atlas_2018,63,STAGE IIA,7TH,31,BRCA,1417,-23224,0,46.58579084,0:DiseaseFree,46.58579084,0:ALIVE OR DEAD TUMOR FREE,Not Hispanic Or Latino,8/2/11,EUR,No,C50.9,8500/3,C50.9,Yes,Yes,No,46.58579084,0:LIVING,408cb583-6dc3-4698-8bd2-e284042bd5ef,M0,N0,T2,Tumor Free,46.58579084,0:CENSORED,Yes,No,White,Yes,22,1,Female,BRCA_Her2,22,,,,,,,,,,,,,,,,,,,,
TCGA-E9-A1RI,brca_tcga_pan_can_atlas_2018,43,STAGE IIIA,7TH,-35,BRCA,1449,-15942,0,47.63783411,0:DiseaseFree,47.63783411,0:ALIVE OR DEAD TUMOR FREE,Not Hispanic Or Latino,7/28/11,EUR,No,C50.9,8522/3,C50.9,Yes,Yes,No,47.63783411,0:LIVING,dd3bfb26-b534-4917-9c4d-9fe7b6477762,M0,N2,T1C,Tumor Free,47.63783411,0:CENSORED,Yes,No,White,Yes,-8,1,Female,BRCA_LumA,-20,,,,,,,,,,,,,,,,,,,,
TCGA-E9-A226,brca_tcga_pan_can_atlas_2018,45,STAGE IIIA,7TH,-25,BRCA,1038,-16511,0,25.97231811,1:Recurred/Progressed,34.45441694,1:DEAD WITH TUMOR,Not Hispanic Or Latino,8/3/11,EUR,No,C50.9,8500/3,C50.9,Yes,Yes,No,34.45441694,1:DECEASED,dd67408e-46ba-4573-9415-d4814e9f84de,M0,N2,T2,Tumor Free,25.97231811,1:PROGRESSION,Yes,No,White,Yes,10,1,Female,BRCA_LumB,-28,,,,,,,,,,,,,,,,,,,,
TCGA-E9-A227,brca_tcga_pan_can_atlas_2018,42,STAGE IIB,7TH,-33,BRCA,975,-15602,0,32.05444324,0:DiseaseFree,32.05444324,0:ALIVE OR DEAD TUMOR FREE,Not Hispanic Or Latino,7/28/11,EUR,No,C50.9,8500/3,C50.9,Yes,Yes,No,32.05444324,0:LIVING,89a8da07-4487-47c6-8d3c-442a87e4f632,M0,N1,T2,With Tumor,32.05444324,0:CENSORED,Yes,No,White,Yes,-6,1,Female,BRCA_LumA,-26,,,,,,,,,,,,,,,,,,,,
TCGA-E9-A228,brca_tcga_pan_can_atlas_2018,58,STAGE IIB,7TH,-17,BRCA,1285,-21294,0,42.24611237,0:DiseaseFree,42.24611237,0:ALIVE OR DEAD TUMOR FREE,Not Hispanic Or Latino,8/2/11,EUR,No,C50.9,8500/3,C50.9,Yes,Yes,No,42.24611237,0:LIVING,b95eef8a-205f-4cf8-9d3c-ae51d406e1e0,M0,N1,T2,Tumor Free,42.24611237,0:CENSORED,Yes,No,White,No,10,1,Female,BRCA_LumB,-18,,,,,,,,,,,,,,,,,,,,
TCGA-E9-A229,brca_tcga_pan_can_atlas_2018,37,STAGE IA,7TH,-31,BRCA,1148,-13817,0,37.74205214,0:DiseaseFree,37.74205214,0:ALIVE OR DEAD TUMOR FREE,Not Hispanic Or Latino,8/2/11,EUR,No,C50.9,8500/3,C50.9,Yes,Yes,No,37.74205214,0:LIVING,cea9d8f9-e18c-4947-a461-5f712e3c1e6d,M0,N0,T1C,Tumor Free,37.74205214,0:CENSORED,Yes,No,White,Yes,6,1,Female,BRCA_LumA,-20,,,,,,,,,,,,,,,,,,,,
TCGA-E9-A22A,brca_tcga_pan_can_atlas_2018,74,STAGE IIA,7TH,11,BRCA,1189,-27288,0,39.08998258,0:DiseaseFree,39.08998258,0:ALIVE OR DEAD TUMOR FREE,Not Hispanic Or Latino,8/2/11,EUR,No,C50.9,8500/3,C50.9,Yes,Yes,No,39.08998258,0:LIVING,4aacbc42-5ac5-4339-b9fa-c6e812084837,M0,N0,T2,Tumor Free,39.08998258,0:CENSORED,Yes,No,White,No,16,1,Female,BRCA_LumB,6,,,,,,,,,,,,,,,,,,,,
TCGA-E9-A22B,brca_tcga_pan_can_atlas_2018,71,STAGE IA,7TH,5,BRCA,1167,-26278,0,38.36670283,0:DiseaseFree,38.36670283,0:ALIVE OR DEAD TUMOR FREE,Not Hispanic Or Latino,8/2/11,EUR,No,C50.9,8522/3,C50.9,Yes,Yes,No,38.36670283,0:LIVING,b956df1b-bc77-4bdb-a5bd-5dda7b4c8da7,M0,N0,T1C,Tumor Free,38.36670283,0:CENSORED,Yes,No,White,No,2,1,Female,BRCA_LumA,-12,,,,,,,,,,,,,,,,,,,,
TCGA-E9-A22D,brca_tcga_pan_can_atlas_2018,38,STAGE IIA,7TH,3,BRCA,1248,-14115,0,41.02968735,0:DiseaseFree,41.02968735,0:ALIVE OR DEAD TUMOR FREE,Not Hispanic Or Latino,8/2/11,EUR,No,C50.9,8500/3,C50.9,Yes,Yes,No,41.02968735,0:LIVING,cf0a3f38-5850-44e1-8574-808bd37d84a3,M0,N0,T2,Tumor Free,41.02968735,0:CENSORED,Yes,No,White,No,18,1,Female,BRCA_LumB,8,,,,,,,,,,,,,,,,,,,,
TCGA-E9-A22E,brca_tcga_pan_can_atlas_2018,56,STAGE IIIA,7TH,5,BRCA,1269,-20574,0,41.72009074,0:DiseaseFree,41.72009074,0:ALIVE OR DEAD TUMOR FREE,Not Hispanic Or Latino,8/2/11,EUR,No,C50.9,8500/3,C50.9,Yes,Yes,No,41.72009074,0:LIVING,64d4dfae-8d91-464b-adc3-80ba7caf54ae,M0,N2,T2,Tumor Free,41.72009074,0:CENSORED,Yes,No,White,Yes,-8,1,Female,BRCA_LumB,2,,,,,,,,,,,,,,,,,,,,
TCGA-E9-A22G,brca_tcga_pan_can_atlas_2018,47,STAGE IIA,7TH,19,BRCA,1239,-17300,0,40.73380018,0:DiseaseFree,40.73380018,0:ALIVE OR DEAD TUMOR FREE,Not Hispanic Or Latino,8/2/11,EUR,No,C50.9,8500/3,C50.9,Yes,Yes,No,40.73380018,0:LIVING,56033839-35d5-4d72-8b8c-400cb345263d,M0,N0,T2,Tumor Free,40.73380018,0:CENSORED,Yes,No,White,No,10,1,Female,BRCA_Basal,-8,,,,,,,,,,,,,,,,,,,,
TCGA-E9-A22H,brca_tcga_pan_can_atlas_2018,42,STAGE IIB,7TH,-19,BRCA,1232,-15504,0,40.50366571,0:DiseaseFree,40.50366571,0:ALIVE OR DEAD TUMOR FREE,Not Hispanic Or Latino,8/2/11,EUR_ADMIX,No,C50.9,8500/3,C50.9,Yes,Yes,No,40.50366571,0:LIVING,161917b8-88ad-407b-ade6-d6b98478b359,M0,N1,T2,Tumor Free,40.50366571,0:CENSORED,Yes,No,White,Yes,8,1,Female,BRCA_LumB,-18,,,,,,,,,,,,,,,,,,,,
TCGA-E9-A243,brca_tcga_pan_can_atlas_2018,52,STAGE IIA,7TH,-11,BRCA,612,-19035,0,10.02728737,1:Recurred/Progressed,20.12032745,0:ALIVE OR DEAD TUMOR FREE,Not Hispanic Or Latino,8/17/11,EUR,No,C50.9,8500/3,C50.9,Yes,Yes,Yes,20.12032745,0:LIVING,d4a1ecdc-399c-4f82-aa7a-68a0c82ded3f,M0,N0 (I-),T2,Tumor Free,10.02728737,1:PROGRESSION,Yes,No,White,Yes,12,1,Female,BRCA_Basal,-22,,,,,,,,,,,,,,,,,,,,
TCGA-E9-A244,brca_tcga_pan_can_atlas_2018,54,STAGE IIA,7TH,23,BRCA,21,-19778,0,0.690403393,0:DiseaseFree,0.690403393,0:ALIVE OR DEAD TUMOR FREE,Not Hispanic Or Latino,3/15/11,EUR,No,C50.9,8500/3,C50.9,Yes,Yes,No,0.690403393,0:LIVING,a4c59287-1ad5-46a5-8040-e591e6ce064f,M0,N0 (I-),T2,Tumor Free,0.690403393,0:CENSORED,Yes,No,White,No,14,1,Female,BRCA_Basal,24,,,,,,,,,,,,,,,,,,,,
TCGA-E9-A245,brca_tcga_pan_can_atlas_2018,47,STAGE IIB,7TH,-19,BRCA,26,-17363,0,0.854785153,0:DiseaseFree,0.854785153,0:ALIVE OR DEAD TUMOR FREE,Not Hispanic Or Latino,3/16/11,EUR,No,C50.9,8500/3,C50.9,Yes,Yes,No,0.854785153,0:LIVING,8218119a-f68b-4ea7-9ee4-5e2edc2ae342,M0,N1,T2,Tumor Free,0.854785153,0:CENSORED,Yes,No,White,No,-8,1,Female,BRCA_LumA,-6,,,,,,,,,,,,,,,,,,,,
TCGA-E9-A247,brca_tcga_pan_can_atlas_2018,59,STAGE IA,7TH,1,BRCA,1186,-21562,0,38.99135352,0:DiseaseFree,38.99135352,0:ALIVE OR DEAD TUMOR FREE,Not Hispanic Or Latino,8/18/11,EUR,No,C50.9,8500/3,C50.9,Yes,Yes,No,38.99135352,0:LIVING,636b0a90-c8c2-4ad6-a77d-6cd428a826d1,M0,N0 (I-),T1C,Tumor Free,38.99135352,0:CENSORED,Yes,No,White,Yes,12,1,Female,BRCA_LumA,4,,,,,,,,,,,,,,,,,,,,
TCGA-E9-A248,brca_tcga_pan_can_atlas_2018,51,STAGE IIA,7TH,-11,BRCA,59,-18684,0,1.93970477,0:DiseaseFree,1.93970477,0:ALIVE OR DEAD TUMOR FREE,Not Hispanic Or Latino,3/22/11,EUR,No,C50.9,8500/3,C50.9,Yes,Yes,No,1.93970477,0:LIVING,539bbbed-43fb-4fef-9c67-6406f58b186a,M0,N0 (I-),T2,Tumor Free,1.93970477,0:CENSORED,Yes,No,White,No,18,1,Female,BRCA_Her2,-20,,,,,,,,,,,,,,,,,,,,
TCGA-E9-A249,brca_tcga_pan_can_atlas_2018,45,STAGE IIA,7TH,-27,BRCA,217,-16689,0,7.134168393,0:DiseaseFree,7.134168393,0:ALIVE OR DEAD TUMOR FREE,Not Hispanic Or Latino,3/22/11,EUR,No,C50.9,8500/3,C50.9,Yes,Yes,No,7.134168393,0:LIVING,fb3607eb-858e-4ecd-8477-95140658c6d2,M0,N0 (I-),T2,Tumor Free,7.134168393,0:CENSORED,Yes,No,White,Yes,2,1,Female,BRCA_LumB,-12,,,,,,,,,,,,,,,,,,,,
TCGA-E9-A24A,brca_tcga_pan_can_atlas_2018,69,STAGE IIA,7TH,-29,BRCA,747,-25370,0,24.55863497,0:DiseaseFree,24.55863497,0:ALIVE OR DEAD TUMOR FREE,Not Hispanic Or Latino,3/22/11,EUR,No,C50.9,8500/3,C50.9,Yes,Yes,No,24.55863497,0:LIVING,9f3cc92b-fa22-478e-a2e4-6b4c8afb93d6,M0,N1,T1C,Tumor Free,24.55863497,0:CENSORED,Yes,No,White,Yes,-12,1,Female,BRCA_LumA,-34,,,,,,,,,,,,,,,,,,,,
TCGA-E9-A295,brca_tcga_pan_can_atlas_2018,71,STAGE IIA,7TH,-19,BRCA,375,-25957,0,12.32863202,0:DiseaseFree,12.32863202,0:ALIVE OR DEAD TUMOR FREE,Not Hispanic Or Latino,9/12/11,EUR,No,C50.9,8520/3,C50.9,Yes,Yes,No,12.32863202,0:LIVING,fec0da58-1047-44d2-b6d1-c18cceed43dc,M0,N0 (I-),T2,Tumor Free,12.32863202,0:CENSORED,Yes,No,White,Yes,-4,1,Female,BRCA_LumA,0,,,,,,,,,,,,,,,,,,,,
TCGA-E9-A2JS,brca_tcga_pan_can_atlas_2018,72,STAGE IIB,7TH,7,BRCA,540,-26407,0,17.22720847,1:Recurred/Progressed,29.72022224,1:DEAD WITH TUMOR,Not Hispanic Or Latino,12/20/11,EUR,No,C50.9,8520/3,C50.9,Yes,Yes,Yes,29.72022224,1:DECEASED,4A831893-F4CA-4357-A756-B5E954E35DD7,M0,N1,T2,Tumor Free,17.22720847,1:PROGRESSION,Yes,No,White,Yes,16,1,Female,BRCA_LumB,0,,,,,,,,,,,,,,,,,,,,
TCGA-E9-A2JT,brca_tcga_pan_can_atlas_2018,63,STAGE IIA,7TH,-43,BRCA,288,-23318,0,9.468389388,0:DiseaseFree,9.468389388,0:ALIVE OR DEAD TUMOR FREE,Not Hispanic Or Latino,12/20/11,EUR,No,C50.9,8520/3,C50.9,Yes,Yes,No,9.468389388,0:LIVING,B35FBE19-0E6D-427E-B9BE-EE3527B5FCA6,M0,N0 (I-),T2,Tumor Free,9.468389388,0:CENSORED,Yes,No,White,Yes,-4,1,Female,BRCA_LumA,-72,,,,,,,,,,,,,,,,,,,,
TCGA-E9-A3HO,brca_tcga_pan_can_atlas_2018,49,STAGE IIA,7TH,-19,BRCA,1158,-18046,0,38.07081566,0:DiseaseFree,38.07081566,0:ALIVE OR DEAD TUMOR FREE,Not Hispanic Or Latino,2/20/12,EUR,No,C50.9,8520/3,C50.9,Yes,Yes,No,38.07081566,0:LIVING,807B62ED-D3F7-4211-83BE-754386FF2C96,M0,N0 (I-),T2,Tumor Free,38.07081566,0:CENSORED,Yes,No,White,No,6,1,Female,BRCA_LumB,-24,,,,,,,,,,,,,,,,,,,,
TCGA-E9-A3Q9,brca_tcga_pan_can_atlas_2018,78,STAGE IIIC,7TH,-39,BRCA,1001,-28715,0,32.90922839,0:DiseaseFree,32.90922839,0:ALIVE OR DEAD TUMOR FREE,Not Hispanic Or Latino,4/30/12,EUR,No,C50.9,8520/3,C50.9,Yes,No,No,32.90922839,0:LIVING,E36E985D-2C44-4E14-854A-7DBCA4BB0304,M0,N3,T3,Tumor Free,32.90922839,0:CENSORED,Yes,No,White,No,-18,1,Female,,-42,,,,,,,,,,,,,,,,,,,,
TCGA-E9-A3QA,brca_tcga_pan_can_atlas_2018,33,STAGE IIA,7TH,17,BRCA,918,-12142,0,30.18049117,0:DiseaseFree,30.18049117,0:ALIVE OR DEAD TUMOR FREE,Not Hispanic Or Latino,4/30/12,EUR,No,C50.9,8510/3,C50.9,Yes,Yes,No,30.18049117,0:LIVING,F3CB557D-23E4-4FD1-81CA-DB1A3F56D56E,M0,N0 (I-),T2,Tumor Free,30.18049117,0:CENSORED,Yes,No,White,No,12,1,Female,BRCA_Basal,-2,,,,,,,,,,,,,,,,,,,,
TCGA-E9-A3X8,brca_tcga_pan_can_atlas_2018,48,STAGE IIB,7TH,-3,BRCA,926,-17588,0,30.44350199,0:DiseaseFree,30.44350199,0:ALIVE OR DEAD TUMOR FREE,Not Hispanic Or Latino,8/24/12,EUR,No,C50.9,8520/3,C50.9,Yes,Yes,No,30.44350199,0:LIVING,95873E61-AFDB-496C-9F77-3F9BEB008CDA,M0,N1,T2,Tumor Free,30.44350199,0:CENSORED,Yes,No,White,Yes,-14,1,Female,BRCA_LumA,-2,,,,,,,,,,,,,,,,,,,,
TCGA-E9-A54X,brca_tcga_pan_can_atlas_2018,85,STAGE IA,7TH,23,BRCA,727,-31173,0,23.90110793,0:DiseaseFree,23.90110793,0:ALIVE OR DEAD TUMOR FREE,Not Hispanic Or Latino,6/21/13,EUR,No,C50.9,8480/3,C50.9,Yes,No,No,23.90110793,0:LIVING,3DBC8D60-3A97-47B2-91D0-C18FB46B4365,M0,N0 (I-),T1B,Tumor Free,23.90110793,0:CENSORED,Yes,No,White,No,4,1,Female,,0,,,,,,,,,,,,,,,,,,,,
TCGA-E9-A54Y,brca_tcga_pan_can_atlas_2018,63,STAGE IIIA,7TH,-13,BRCA,725,-23057,0,23.83535523,0:DiseaseFree,23.83535523,0:ALIVE OR DEAD TUMOR FREE,Not Hispanic Or Latino,6/21/13,EUR,No,C50.9,8520/3,C50.9,Yes,Yes,No,23.83535523,0:LIVING,182C4BDF-2C58-4303-B034-459DA86B9D90,M0,N2,T2,Tumor Free,23.83535523,0:CENSORED,Yes,No,White,No,8,1,Female,BRCA_LumB,-2,,,,,,,,,,,,,,,,,,,,
TCGA-E9-A5FK,brca_tcga_pan_can_atlas_2018,60,STAGE IIIC,7TH,-15,BRCA,812,-22199,0,26.69559786,0:DiseaseFree,26.69559786,0:ALIVE OR DEAD TUMOR FREE,Not Hispanic Or Latino,5/22/13,EUR,No,C50.9,8520/3,C50.9,Yes,Yes,No,26.69559786,0:LIVING,B304302A-F2B9-4CD7-AB14-C21EDF7778EA,M0,N3,T2,Tumor Free,26.69559786,0:CENSORED,Yes,No,White,Yes,-18,1,Female,BRCA_LumA,-16,,,,,,,,,,,,,,,,,,,,
TCGA-E9-A5FL,brca_tcga_pan_can_atlas_2018,65,STAGE IIB,7TH,31,BRCA,24,-24053,0,0.789032449,0:DiseaseFree,0.789032449,0:ALIVE OR DEAD TUMOR FREE,Not Hispanic Or Latino,5/22/13,EUR,No,C50.9,8575/3,C50.9,Yes,Yes,No,0.789032449,0:LIVING,E3935CE4-64D3-4A66-BA11-D308B844B410,M0,N0,T3,Tumor Free,0.789032449,0:CENSORED,Yes,No,White,No,16,1,Female,BRCA_Basal,52,,,,,,,,,,,,,,,,,,,,
TCGA-E9-A5UO,brca_tcga_pan_can_atlas_2018,41,STAGE IIA,7TH,-39,BRCA,785,-15050,0,25.80793635,0:DiseaseFree,25.80793635,0:ALIVE OR DEAD TUMOR FREE,Not Hispanic Or Latino,5/23/13,EUR,No,C50.9,8480/3,C50.9,Yes,Yes,No,25.80793635,0:LIVING,ED2617C3-5D3B-4688-9283-0F8A10E0B10D,M0,N0,T2,Tumor Free,25.80793635,0:CENSORED,Yes,No,White,No,4,1,Female,BRCA_LumB,-42,,,,,,,,,,,,,,,,,,,,
TCGA-E9-A5UP,brca_tcga_pan_can_atlas_2018,63,STAGE IIA,7TH,-25,BRCA,803,-23371,0,26.39971069,0:DiseaseFree,26.39971069,0:ALIVE OR DEAD TUMOR FREE,Not Hispanic Or Latino,5/23/13,EUR,No,C50.9,8503/3,C50.9,Yes,No,No,26.39971069,0:LIVING,A412B374-4D25-491F-B76F-DDAA989ACF59,M0,N0,T2,Tumor Free,26.39971069,0:CENSORED,Yes,No,White,Yes,-14,1,Female,,-26,,,,,,,,,,,,,,,,,,,,
TCGA-E9-A6HE,brca_tcga_pan_can_atlas_2018,45,STAGE IIIC,7TH,11,BRCA,847,-16697,0,27.84627018,0:DiseaseFree,27.84627018,0:ALIVE OR DEAD TUMOR FREE,Not Hispanic Or Latino,10/16/13,EUR,No,C50.9,8520/3,C50.9,Yes,Yes,No,27.84627018,0:LIVING,7E9C8D3C-790C-46AD-8F31-B557B7C26F69,MX,N3,T3,,27.84627018,0:CENSORED,Yes,No,White,Yes,8,1,Female,BRCA_LumA,20,,,,,,,,,,,,,,,,,,,,
TCGA-EW-A1IW,brca_tcga_pan_can_atlas_2018,80,STAGE IIB,7TH,-11,BRCA,371,-29529,0,12.19712661,0:DiseaseFree,12.19712661,0:ALIVE OR DEAD TUMOR FREE,Hispanic Or Latino,5/27/11,EUR,No,C50.9,8520/3,C50.9,Yes,Yes,No,12.19712661,0:LIVING,5e2cbc56-97f9-4b94-ade2-a3f739bcc7be,MX,N1A,T2,Tumor Free,12.19712661,0:CENSORED,Yes,No,White,No,20,1,Female,BRCA_LumA,-8,,,,,,,,,,,,,,,,,,,,
TCGA-EW-A1IX,brca_tcga_pan_can_atlas_2018,48,STAGE IIA,6TH,-43,BRCA,1208,-17597,0,39.71463326,0:DiseaseFree,39.71463326,0:ALIVE OR DEAD TUMOR FREE,Hispanic Or Latino,6/10/11,,No,C50.9,8524/3,C50.9,Yes,Yes,No,39.71463326,0:LIVING,e8614b7d-132e-4b4e-b1ae-df8bb4f2d4d4,MX,N1A,T1B,Tumor Free,39.71463326,0:CENSORED,Yes,No,Asian,No,-18,1,Female,BRCA_LumA,-30,,,,,,,,,,,,,,,,,,,,
TCGA-EW-A1IY,brca_tcga_pan_can_atlas_2018,38,STAGE I,6TH,-15,BRCA,258,-14122,0,8.482098826,0:DiseaseFree,8.482098826,0:ALIVE OR DEAD TUMOR FREE,Not Hispanic Or Latino,5/10/11,,No,C50.9,8500/3,C50.9,Yes,Yes,No,8.482098826,0:LIVING,5ff12cbe-a3e0-4ce6-8452-12b984a1baaf,MX,N0,T1C,Tumor Free,8.482098826,0:CENSORED,Yes,No,Asian,No,2,1,Female,BRCA_LumB,-18,,,,,,,,,,,,,,,,,,,,
TCGA-EW-A1IZ,brca_tcga_pan_can_atlas_2018,53,STAGE IIIA,7TH,-13,BRCA,554,-19706,0,18.21349903,0:DiseaseFree,18.21349903,0:ALIVE OR DEAD TUMOR FREE,Not Hispanic Or Latino,5/11/11,,No,C50.9,8500/3,C50.9,Yes,Yes,No,18.21349903,0:LIVING,c0f88fc5-56b0-4255-bbd1-9a21ced8b37b,MX,N2A,T2,Tumor Free,18.21349903,0:CENSORED,Yes,No,White,Yes,6,1,Female,BRCA_LumA,-34,,,,,,,,,,,,,,,,,,,,
TCGA-EW-A1J1,brca_tcga_pan_can_atlas_2018,38,STAGE IIB,7TH,-23,BRCA,575,-14122,0,18.90390242,0:DiseaseFree,18.90390242,0:ALIVE OR DEAD TUMOR FREE,Hispanic Or Latino,5/11/11,,No,C50.9,8500/3,C50.9,Yes,Yes,No,18.90390242,0:LIVING,ed6cef77-1bd9-4e3b-b576-550a91e4253a,M0,N1A,T2,Tumor Free,18.90390242,0:CENSORED,Yes,No,White,Yes,-14,1,Female,BRCA_LumA,-16,,,,,,,,,,,,,,,,,,,,
TCGA-EW-A1J2,brca_tcga_pan_can_atlas_2018,50,STAGE IIB,7TH,-43,BRCA,403,-18558,0,13.24916987,0:DiseaseFree,13.24916987,0:ALIVE OR DEAD TUMOR FREE,Not Hispanic Or Latino,5/27/11,SAS,No,C50.9,8520/3,C50.9,Yes,Yes,No,13.24916987,0:LIVING,a381275f-8858-4793-a8a2-0ca9db7274c8,MX,N1MI,T1C,Tumor Free,13.24916987,0:CENSORED,Yes,No,Black or African American,No,-16,1,Female,BRCA_LumA,-32,,,,,,,,,,,,,,,,,,,,
TCGA-EW-A1J3,brca_tcga_pan_can_atlas_2018,61,STAGE IA,7TH,-11,BRCA,504,-22332,0,16.56968143,0:DiseaseFree,16.56968143,0:ALIVE OR DEAD TUMOR FREE,Hispanic Or Latino,5/18/11,EUR,No,C50.9,8520/3,C50.9,Yes,Yes,No,16.56968143,0:LIVING,bb1de798-0c02-437e-b539-33cb556d3993,M0,N0,T1C,Tumor Free,16.56968143,0:CENSORED,Yes,No,White,No,8,1,Female,BRCA_LumA,-6,,,,,,,,,,,,,,,,,,,,
TCGA-EW-A1J5,brca_tcga_pan_can_atlas_2018,59,STAGE IIB,7TH,-33,BRCA,477,-21559,0,15.68201992,0:DiseaseFree,15.68201992,0:ALIVE OR DEAD TUMOR FREE,Not Hispanic Or Latino,6/10/11,EUR,No,C50.9,8520/3,C50.9,Yes,Yes,No,15.68201992,0:LIVING,5d8ed961-a012-4b6b-bffb-9468d3953646,M0,N0 (I-),T3,Tumor Free,15.68201992,0:CENSORED,Yes,No,White,No,10,1,Female,BRCA_LumA,-32,,,,,,,,,,,,,,,,,,,,
TCGA-EW-A1J6,brca_tcga_pan_can_atlas_2018,70,STAGE I,6TH,-7,BRCA,875,-25830,0,28.76680804,0:DiseaseFree,28.76680804,0:ALIVE OR DEAD TUMOR FREE,Hispanic Or Latino,5/11/11,,No,C50.9,8500/3,C50.9,Yes,Yes,No,28.76680804,0:LIVING,87281a89-91d2-44f7-9f80-668567ad5c72,M0,N0 (I-),T1C,Tumor Free,28.76680804,0:CENSORED,Yes,No,White,No,2,1,Female,BRCA_LumB,-8,,,,,,,,,,,,,,,,,,,,
TCGA-EW-A1OV,brca_tcga_pan_can_atlas_2018,56,STAGE IIB,6TH,-9,BRCA,789,-20764,0,25.93944176,0:DiseaseFree,25.93944176,0:ALIVE OR DEAD TUMOR FREE,Hispanic Or Latino,5/27/11,EUR,No,C50.9,8500/3,C50.9,Yes,Yes,No,25.93944176,0:LIVING,ac68d219-5670-4ddd-8df6-8aa7ad59e5c7,MX,N1MI,T2,Tumor Free,25.93944176,0:CENSORED,Yes,No,White,No,18,1,Female,BRCA_Her2,-24,,,,,,,,,,,,,,,,,,,,
TCGA-EW-A1OW,brca_tcga_pan_can_atlas_2018,58,STAGE IIA,6TH,21,BRCA,694,-21465,0,22.81618832,0:DiseaseFree,22.81618832,0:ALIVE OR DEAD TUMOR FREE,Not Hispanic Or Latino,5/18/11,AFR,No,C50.9,8090/3,C50.9,Yes,No,No,22.81618832,0:LIVING,f55dd73d-8c36-440b-84e5-9aae53107775,MX,N0,T2,Tumor Free,22.81618832,0:CENSORED,Yes,No,Black or African American,Yes,14,1,Female,,20,,,,,,,,,,,,,,,,,,,,
TCGA-EW-A1OX,brca_tcga_pan_can_atlas_2018,43,STAGE IIA,6TH,-33,BRCA,911,-15837,0,29.95035671,0:DiseaseFree,29.95035671,0:ALIVE OR DEAD TUMOR FREE,Hispanic Or Latino,5/18/11,AFR_ADMIX,No,C50.9,8523/3,C50.9,Yes,Yes,No,29.95035671,0:LIVING,5fc7ff35-d3f7-4687-8759-3542bd58e988,MX,N0,T2,Tumor Free,29.95035671,0:CENSORED,Yes,No,White,Yes,-10,1,Female,BRCA_LumB,-48,,,,,,,,,,,,,,,,,,,,
TCGA-EW-A1OY,brca_tcga_pan_can_atlas_2018,63,STAGE IIA,6TH,15,BRCA,908,-23266,0,29.85172765,0:DiseaseFree,29.85172765,0:ALIVE OR DEAD TUMOR FREE,Hispanic Or Latino,6/10/11,,No,C50.9,8500/3,C50.9,Yes,Yes,No,29.85172765,0:LIVING,53ff5893-7d5e-4bcb-be9c-665fa34b7824,MX,N0,T2,Tumor Free,29.85172765,0:CENSORED,Yes,No,White,Yes,10,1,Female,BRCA_LumB,10,,,,,,,,,,,,,,,,,,,,
TCGA-EW-A1OZ,brca_tcga_pan_can_atlas_2018,56,STAGE IIA,6TH,7,BRCA,1229,-20664,0,40.40503666,0:DiseaseFree,40.40503666,0:ALIVE OR DEAD TUMOR FREE,Not Hispanic Or Latino,5/11/11,,No,C50.9,8500/3,C50.9,Yes,Yes,No,40.40503666,0:LIVING,8f912a40-3251-4e1f-ae65-1f93d71f9881,M0,N0 (I-),T2,Tumor Free,40.40503666,0:CENSORED,Yes,No,Black or African American,No,22,1,Female,BRCA_LumB,24,,,,,,,,,,,,,,,,,,,,
TCGA-EW-A1P0,brca_tcga_pan_can_atlas_2018,55,STAGE IIB,6TH,-27,BRCA,1251,-20107,0,35.96672913,1:Recurred/Progressed,41.1283164,0:ALIVE OR DEAD TUMOR FREE,Not Hispanic Or Latino,5/10/11,EUR,No,C50.9,8523/3,C50.9,Yes,Yes,Yes,41.1283164,0:LIVING,81e32f39-3aa0-468b-87ed-dd2eb6165ddf,MX,N1B,T2,With Tumor,35.96672913,1:PROGRESSION,Yes,No,White,Yes,2,1,Female,BRCA_LumB,-36,,,,,,,,,,,,,,,,,,,,
TCGA-EW-A1P1,brca_tcga_pan_can_atlas_2018,68,STAGE IIIC,6TH,-15,BRCA,1210,-24923,0,33.33662097,1:Recurred/Progressed,39.78038597,0:ALIVE OR DEAD TUMOR FREE,Hispanic Or Latino,5/27/11,EUR,No,C50.9,8500/3,C50.9,Yes,Yes,Yes,39.78038597,0:LIVING,f2e28af9-c40e-41c4-9e82-205cca38f26a,MX,N3B,T2,With Tumor,33.33662097,1:PROGRESSION,Yes,No,White,Yes,-10,1,Female,BRCA_Normal,-8,,,,,,,,,,,,,,,,,,,,
TCGA-EW-A1P3,brca_tcga_pan_can_atlas_2018,48,STAGE IIA,6TH,-9,BRCA,1611,-17637,0,52.96380314,0:DiseaseFree,52.96380314,0:ALIVE OR DEAD TUMOR FREE,Not Hispanic Or Latino,6/10/11,EUR,No,C50.9,8500/3,C50.9,Yes,Yes,No,52.96380314,0:LIVING,1ff85ada-3cdd-4afb-b311-2c7befb52702,MX,N0,T2,Tumor Free,52.96380314,0:CENSORED,Yes,Yes,White,No,8,1,Female,BRCA_LumA,-6,,,,,,,,,,,,,,,,,,,,
TCGA-EW-A1P4,brca_tcga_pan_can_atlas_2018,43,STAGE IIA,6TH,39,BRCA,907,-15989,0,29.8188513,0:DiseaseFree,29.8188513,0:ALIVE OR DEAD TUMOR FREE,Hispanic Or Latino,5/11/11,,No,C50.9,8510/3,C50.9,Yes,Yes,No,29.8188513,0:LIVING,521e2140-ae5b-456f-8699-97398d009687,M0,N0 (I-),T2,Tumor Free,29.8188513,0:CENSORED,Yes,No,White,Yes,20,1,Female,BRCA_Basal,30,,,,,,,,,,,,,,,,,,,,
TCGA-EW-A1P5,brca_tcga_pan_can_atlas_2018,77,STAGE IIB,7TH,-25,BRCA,703,-28177,0,23.11207548,0:DiseaseFree,23.11207548,0:ALIVE OR DEAD TUMOR FREE,Not Hispanic Or Latino,5/11/11,,No,C50.9,8500/3,C50.9,Yes,Yes,No,23.11207548,0:LIVING,53d0af48-d7ea-42c9-8695-c614b89b415b,M0,N1A,T2,Tumor Free,23.11207548,0:CENSORED,Yes,No,White,Yes,-10,1,Female,BRCA_LumA,-24,,,,,,,,,,,,,,,,,,,,
TCGA-EW-A1P6,brca_tcga_pan_can_atlas_2018,64,STAGE IIB,7TH,-21,BRCA,562,-23485,0,,,18.47650985,0:ALIVE OR DEAD TUMOR FREE,Hispanic Or Latino,5/19/11,EUR,No,C50.9,8500/3,C50.9,Yes,Yes,No,18.47650985,0:LIVING,ee5744c0-a8dc-43f2-abdd-0b5529a3e9fb,M0,N1A,T2,Tumor Free,18.47650985,0:CENSORED,Yes,No,White,Yes,4,1,Female,BRCA_LumA,-10,,,,,,,,,,,,,,,,,,,,
TCGA-EW-A1P7,brca_tcga_pan_can_atlas_2018,59,STAGE IIA,6TH,-33,BRCA,915,-21750,0,23.96686064,1:Recurred/Progressed,30.08186212,0:ALIVE OR DEAD TUMOR FREE,Hispanic Or Latino,5/18/11,,No,C50.9,8500/3,C50.9,Yes,Yes,Yes,30.08186212,0:LIVING,01674b2c-5cf2-478f-84a1-f69c39f47bd4,M0,N0 (I-),T2,Tumor Free,23.96686064,1:PROGRESSION,Yes,No,White,No,-16,1,Female,BRCA_Normal,-30,,,,,,,,,,,,,,,,,,,,
TCGA-EW-A1P8,brca_tcga_pan_can_atlas_2018,58,STAGE IIIC,7TH,23,BRCA,,-21501,0,6.805404872,1:Recurred/Progressed,7.857448138,1:DEAD WITH TUMOR,Not Hispanic Or Latino,5/27/11,EUR,No,C50.9,8500/3,C50.9,Yes,Yes,Yes,7.857448138,1:DECEASED,359f12f9-5c41-48a4-85bc-fd7e307bf7d8,M0,N3B,T2,With Tumor,6.805404872,1:PROGRESSION,Yes,No,White,No,12,1,Female,BRCA_Basal,-2,,,,,,,,,,,,,,,,,,,,
TCGA-EW-A1PA,brca_tcga_pan_can_atlas_2018,59,STAGE IIB,7TH,-5,BRCA,575,-21837,0,18.90390242,0:DiseaseFree,18.90390242,0:ALIVE OR DEAD TUMOR FREE,Hispanic Or Latino,5/11/11,EUR,No,C50.9,8500/3,C50.9,Yes,Yes,No,18.90390242,0:LIVING,4cfef7f9-f1ee-401c-a2a3-c225d4adc3b6,M0,N1A,T2,Tumor Free,18.90390242,0:CENSORED,Yes,No,White,Yes,10,1,Female,BRCA_LumA,-8,,,,,,,,,,,,,,,,,,,,
TCGA-EW-A1PB,brca_tcga_pan_can_atlas_2018,70,STAGE IIIA,6TH,21,BRCA,608,-25770,0,19.98882204,0:DiseaseFree,19.98882204,0:ALIVE OR DEAD TUMOR FREE,Not Hispanic Or Latino,5/18/11,,No,C50.9,8500/3,C50.9,Yes,Yes,No,19.98882204,0:LIVING,88db1340-e4bf-451a-87c0-6e9168296f5e,MX,N1A,T3,Tumor Free,19.98882204,0:CENSORED,Yes,No,Black or African American,No,4,1,Female,BRCA_Basal,2,,,,,,,,,,,,,,,,,,,,
TCGA-EW-A1PC,brca_tcga_pan_can_atlas_2018,66,STAGE IIB,7TH,1,BRCA,187,-24434,0,6.147877832,0:DiseaseFree,6.147877832,0:ALIVE OR DEAD TUMOR FREE,Not Hispanic Or Latino,9/28/11,,No,C50.9,8500/3,C50.9,Yes,No,No,6.147877832,0:LIVING,F45210D3-9E66-4F5E-BEF1-5EE5547CC893,MX,N0 (I-),T3,Tumor Free,6.147877832,0:CENSORED,Yes,No,Black or African American,No,16,1,Female,,8,,,,,,,,,,,,,,,,,,,,
TCGA-EW-A1PD,brca_tcga_pan_can_atlas_2018,61,STAGE IIA,7TH,-17,BRCA,424,-22536,0,13.93957327,0:DiseaseFree,13.93957327,0:ALIVE OR DEAD TUMOR FREE,Hispanic Or Latino,5/18/11,EUR,No,C50.9,8500/3,C50.9,Yes,No,No,13.93957327,0:LIVING,4dfc233b-ed03-4825-8089-e04cdee99996,M0,N1A,T1C,Tumor Free,13.93957327,0:CENSORED,Yes,No,White,No,10,1,Male,,-14,,,,,,,,,,,,,,,,,,,,
TCGA-EW-A1PE,brca_tcga_pan_can_atlas_2018,56,STAGE IIA,7TH,-35,BRCA,320,-20694,0,10.52043265,0:DiseaseFree,10.52043265,0:ALIVE OR DEAD TUMOR FREE,Hispanic Or Latino,5/27/11,,No,C50.9,8507/3,C50.9,Yes,Yes,No,10.52043265,0:LIVING,f3b86c02-09a5-4e97-aa7a-86f13f7cda4b,M0,N1A,T1C,Tumor Free,10.52043265,0:CENSORED,Yes,No,White,Yes,-6,1,Female,BRCA_LumA,-40,,,,,,,,,,,,,,,,,,,,
TCGA-EW-A1PF,brca_tcga_pan_can_atlas_2018,50,STAGE IA,7TH,-37,BRCA,439,-18384,0,14.43271855,0:DiseaseFree,14.43271855,0:ALIVE OR DEAD TUMOR FREE,Hispanic Or Latino,5/27/11,,No,C50.9,8500/3,C50.9,Yes,No,No,14.43271855,0:LIVING,848773a3-2f4a-4186-ab3f-de667129accf,M0,N0,T1C,Tumor Free,14.43271855,0:CENSORED,Yes,No,White,No,-6,1,Female,,-24,,,,,,,,,,,,,,,,,,,,
TCGA-EW-A1PG,brca_tcga_pan_can_atlas_2018,53,STAGE IIB,6TH,-11,BRCA,1051,-19464,0,34.55304599,0:DiseaseFree,34.55304599,0:ALIVE OR DEAD TUMOR FREE,Hispanic Or Latino,5/18/11,EUR,No,C50.9,8520/3,C50.9,Yes,Yes,No,34.55304599,0:LIVING,da286247-e8bb-4941-a2af-2453fe61cd02,MX,N1A,T2,Tumor Free,34.55304599,0:CENSORED,Yes,No,White,No,-10,1,Female,BRCA_Normal,14,,,,,,,,,,,,,,,,,,,,
TCGA-EW-A1PH,brca_tcga_pan_can_atlas_2018,52,STAGE IIA,7TH,25,BRCA,607,-19073,0,19.95594569,0:DiseaseFree,19.95594569,0:ALIVE OR DEAD TUMOR FREE,Hispanic Or Latino,5/27/11,EUR,No,C50.9,8500/3,C50.9,Yes,Yes,No,19.95594569,0:LIVING,4da999a0-ef41-4a0b-b1d1-446b39cc855a,M0,N1A,T1C,Tumor Free,19.95594569,0:CENSORED,Yes,No,White,Yes,14,1,Female,BRCA_Basal,18,,,,,,,,,,,,,,,,,,,,
TCGA-EW-A2FR,brca_tcga_pan_can_atlas_2018,59,STAGE IIIC,6TH,5,BRCA,1673,-21628,0,55.00213696,0:DiseaseFree,55.00213696,0:ALIVE OR DEAD TUMOR FREE,Not Hispanic Or Latino,10/12/11,SAS,No,C50.9,8500/3,C50.9,Yes,Yes,No,55.00213696,0:LIVING,AF97E043-88CB-4F99-8F8B-9BCBCCCDF842,MX,N3A,T1B,Tumor Free,55.00213696,0:CENSORED,Yes,No,Black or African American,Yes,14,1,Female,BRCA_Her2,16,,,,,,,,,,,,,,,,,,,,
TCGA-EW-A2FS,brca_tcga_pan_can_atlas_2018,41,STAGE IIB,6TH,-11,BRCA,1604,-15302,0,52.73366867,0:DiseaseFree,52.73366867,0:ALIVE OR DEAD TUMOR FREE,Not Hispanic Or Latino,10/12/11,,No,C50.9,8500/3,C50.9,Yes,Yes,No,52.73366867,0:LIVING,D34471A1-B367-4F8A-B35A-C5901C4F5503,MX,N1MI,T2,Tumor Free,52.73366867,0:CENSORED,Yes,No,Black or African American,Yes,2,1,Female,BRCA_LumA,-10,,,,,,,,,,,,,,,,,,,,
TCGA-EW-A2FV,brca_tcga_pan_can_atlas_2018,39,STAGE IIIC,7TH,1,BRCA,788,-14316,0,25.90656541,0:DiseaseFree,25.90656541,0:ALIVE OR DEAD TUMOR FREE,Hispanic Or Latino,10/5/11,EUR,No,C50.9,8507/3,C50.9,Yes,Yes,No,25.90656541,0:LIVING,F45AA0B2-F3DE-4DB5-9730-E5C6C4E2ED3A,MX,N3A,T3,Tumor Free,25.90656541,0:CENSORED,No,No,White,Yes,16,1,Female,BRCA_LumA,-4,,,,,,,,,,,,,,,,,,,,
TCGA-EW-A2FW,brca_tcga_pan_can_atlas_2018,52,STAGE IIA,7TH,-9,BRCA,672,-19085,0,22.09290857,0:DiseaseFree,22.09290857,0:ALIVE OR DEAD TUMOR FREE,Hispanic Or Latino,10/5/11,,No,C50.9,8503/3,C50.9,Yes,Yes,No,22.09290857,0:LIVING,E6F527A2-38EB-457E-BB39-3C5B9C0BCBEC,MX,N0 (I-),T2,Tumor Free,22.09290857,0:CENSORED,Yes,No,White,Yes,8,1,Female,BRCA_LumB,0,,,,,,,,,,,,,,,,,,,,
TCGA-EW-A3E8,brca_tcga_pan_can_atlas_2018,60,STAGE IIB,7TH,-29,BRCA,1035,-21922,0,34.02702436,0:DiseaseFree,34.02702436,0:ALIVE OR DEAD TUMOR FREE,Hispanic Or Latino,2/8/13,EUR,No,C50.9,8520/3,C50.9,Yes,No,No,34.02702436,0:LIVING,C0B7B798-3383-4A45-A455-9ECA5810739E,MX,N0,T3,Tumor Free,34.02702436,0:CENSORED,Yes,No,White,Yes,-4,1,Female,,-32,,,,,,,,,,,,,,,,,,,,
TCGA-EW-A3U0,brca_tcga_pan_can_atlas_2018,61,STAGE IIIA,7TH,-17,BRCA,532,-22520,0,17.49021929,0:DiseaseFree,17.49021929,0:ALIVE OR DEAD TUMOR FREE,Not Hispanic Or Latino,5/24/12,,No,C50.9,8500/3,C50.9,Yes,No,No,17.49021929,0:LIVING,D9DC3B59-613D-469E-8B4F-6C5A557EB26A,M0,N1A,T3,Tumor Free,17.49021929,0:CENSORED,Yes,No,Black or African American,Yes,6,1,Female,,-26,,,,,,,,,,,,,,,,,,,,
TCGA-EW-A423,brca_tcga_pan_can_atlas_2018,75,STAGE IIA,7TH,-27,BRCA,533,-27627,0,17.52309564,0:DiseaseFree,17.52309564,0:ALIVE OR DEAD TUMOR FREE,Hispanic Or Latino,1/4/13,,No,C50.9,8520/3,C50.9,Yes,Yes,No,17.52309564,0:LIVING,BDD08EC8-8892-4273-8F21-6FDE0F23C52D,MX,N0,T2,Tumor Free,17.52309564,0:CENSORED,Yes,No,White,,-6,1,Female,BRCA_LumA,-26,,,,,,,,,,,,,,,,,,,,
TCGA-EW-A424,brca_tcga_pan_can_atlas_2018,51,STAGE IIIA,7TH,-25,BRCA,715,-18850,0,23.50659171,0:DiseaseFree,23.50659171,0:ALIVE OR DEAD TUMOR FREE,Hispanic Or Latino,3/26/13,,No,C50.9,8520/3,C50.9,Yes,No,No,23.50659171,0:LIVING,A6502F17-6BEE-4D5A-8520-06364593D39C,MX,N1,T3,Tumor Free,23.50659171,0:CENSORED,Yes,No,White,Yes,0,1,Female,,-40,,,,,,,,,,,,,,,,,,,,
TCGA-EW-A6S9,brca_tcga_pan_can_atlas_2018,34,STAGE IIA,7TH,-7,BRCA,463,-12755,0,,,15.221751,0:ALIVE OR DEAD TUMOR FREE,Not Hispanic Or Latino,3/13/15,AFR_ADMIX,No,C50.9,8500/3,C50.9,Yes,Yes,No,15.221751,0:LIVING,9676E46B-8F29-43CD-AB65-EB6A535CCED4,M0,N1,T1C,Tumor Free,15.221751,0:CENSORED,Yes,No,Black or African American,No,12,1,Female,BRCA_LumA,22,,,,,,,,,,,,,,,,,,,,
TCGA-EW-A6SA,brca_tcga_pan_can_atlas_2018,59,STAGE II,7TH,-3,BRCA,510,-21623,0,16.76693954,0:DiseaseFree,16.76693954,0:ALIVE OR DEAD TUMOR FREE,Not Hispanic Or Latino,2/27/15,AFR,No,C50.9,8500/3,C50.9,Yes,No,No,16.76693954,0:LIVING,ABA5F46A-E67A-4CD2-9C52-C0686968FF04,MX,N0 (I+),T2,Tumor Free,16.76693954,0:CENSORED,Yes,No,Black or African American,No,8,1,Male,,-14,,,,,,,,,,,,,,,,,,,,
TCGA-EW-A6SB,brca_tcga_pan_can_atlas_2018,62,STAGE II,7TH,11,BRCA,760,-22844,0,24.98602755,0:DiseaseFree,24.98602755,0:ALIVE OR DEAD TUMOR FREE,Not Hispanic Or Latino,3/12/15,AFR,No,C50.9,8500/3,C50.9,Yes,Yes,No,24.98602755,0:LIVING,5C59028F-B8FA-4811-8314-BE3EAED5F364,M0,N0,T2,Tumor Free,24.98602755,0:CENSORED,Yes,No,Black or African American,Yes,12,1,Female,BRCA_Basal,-18,,,,,,,,,,,,,,,,,,,,
TCGA-EW-A6SC,brca_tcga_pan_can_atlas_2018,60,STAGE IIA,7TH,-23,BRCA,952,-21918,0,31.29828714,0:DiseaseFree,31.29828714,0:ALIVE OR DEAD TUMOR FREE,Not Hispanic Or Latino,3/12/15,AFR,No,C50.9,8520/3,C50.9,Yes,Yes,No,31.29828714,0:LIVING,97862B8E-9F76-4B19-A865-156A9C00FB1E,M0,N0,T2,Tumor Free,31.29828714,0:CENSORED,Yes,No,Black or African American,Yes,6,1,Female,BRCA_LumA,-22,,,,,,,,,,,,,,,,,,,,
TCGA-EW-A6SD,brca_tcga_pan_can_atlas_2018,32,STAGE IIB,7TH,9,BRCA,1010,-12006,0,33.20511556,0:DiseaseFree,33.20511556,0:ALIVE OR DEAD TUMOR FREE,Hispanic Or Latino,3/14/15,,No,C50.9,8500/3,C50.9,Yes,Yes,No,33.20511556,0:LIVING,42378DBC-A123-4CF9-8502-165E89FDA271,M0,N1A,T2,Tumor Free,33.20511556,0:CENSORED,Yes,No,Black or African American,Yes,18,1,Female,BRCA_Her2,-4,,,,,,,,,,,,,,,,,,,,
TCGA-GI-A2C8,brca_tcga_pan_can_atlas_2018,63,STAGE IIIB,6TH,-29,BRCA,225,-23103,0,7.397179209,0:DiseaseFree,7.397179209,0:ALIVE OR DEAD TUMOR FREE,Not Hispanic Or Latino,10/21/11,EUR,Yes,C50.9,8500/3,C50.9,Yes,Yes,No,7.397179209,0:LIVING,33fe5833-d7a0-43d7-a03d-56985ea448a6,MX,N0,T4B,,7.397179209,0:CENSORED,Yes,No,White,Yes,-18,1,Female,BRCA_LumA,-20,,,,,,,,,,,,,,,,,,,,
TCGA-GI-A2C9,brca_tcga_pan_can_atlas_2018,58,STAGE IIB,6TH,3,BRCA,3342,-21534,0,109.8727685,0:DiseaseFree,109.8727685,0:ALIVE OR DEAD TUMOR FREE,Not Hispanic Or Latino,10/21/11,,No,C50.9,8500/3,C50.9,Yes,No,No,109.8727685,0:LIVING,9F6BE944-83DE-42AB-8738-F0022F475E61,MX,N0,T3,Tumor Free,109.8727685,0:CENSORED,Yes,No,Black or African American,Yes,-4,1,Female,,-2,,,,,,,,,,,,,,,,,,,,
TCGA-GM-A2D9,brca_tcga_pan_can_atlas_2018,69,STAGE I,6TH,-23,BRCA,,-25490,0,17.62172469,1:Recurred/Progressed,59.5719499,1:DEAD WITH TUMOR,Not Hispanic Or Latino,9/28/11,EUR,No,C50.9,8500/3,C50.9,Yes,Yes,Yes,59.5719499,1:DECEASED,1133B8A9-6B11-4511-B70A-F200E3B8B5DB,M0,N0 (I-),T1C,With Tumor,17.62172469,1:PROGRESSION,Yes,No,White,Yes,-18,1,Female,BRCA_LumA,-22,,,,,,,,,,,,,,,,,,,,
TCGA-GM-A2DA,brca_tcga_pan_can_atlas_2018,46,STAGE IIB,4TH,-25,BRCA,5909,-16854,0,99.08932505,1:Recurred/Progressed,216.753789,1:DEAD WITH TUMOR,Not Hispanic Or Latino,9/28/11,EUR,No,C50.9,8500/3,C50.9,Yes,Yes,Yes,216.753789,1:DECEASED,C07B122E-AC50-4DB2-ADD2-5617A5D0E976,M0,N1B,T2,With Tumor,99.08932505,1:PROGRESSION,Yes,No,White,Yes,-6,1,Female,BRCA_LumA,-18,,,,,,,,,,,,,,,,,,,,
TCGA-GM-A2DB,brca_tcga_pan_can_atlas_2018,62,STAGE IIA,6TH,31,BRCA,2406,-22883,0,79.10050301,0:DiseaseFree,79.10050301,0:ALIVE OR DEAD TUMOR FREE,Not Hispanic Or Latino,9/28/11,EUR,No,C50.9,8500/3,C50.9,Yes,Yes,No,79.10050301,0:LIVING,6E6B7742-A562-490B-BB72-04A5653852E4,M0,N0 (I-),T2,Tumor Free,79.10050301,0:CENSORED,Yes,No,White,Yes,18,1,Female,BRCA_Her2,50,,,,,,,,,,,,,,,,,,,,
TCGA-GM-A2DC,brca_tcga_pan_can_atlas_2018,57,STAGE IIA,6TH,-19,BRCA,2535,-21122,0,83.34155242,0:DiseaseFree,83.34155242,0:ALIVE OR DEAD TUMOR FREE,Not Hispanic Or Latino,9/29/11,EUR,No,C50.9,8500/3,C50.9,Yes,Yes,No,83.34155242,0:LIVING,DD43FFD9-DA18-4AD3-ABE7-6F443C76A717,M0,N1A,T1C,Tumor Free,83.34155242,0:CENSORED,Yes,No,White,Yes,-20,1,Female,BRCA_LumA,-38,,,,,,,,,,,,,,,,,,,,
TCGA-GM-A2DD,brca_tcga_pan_can_atlas_2018,53,STAGE I,6TH,27,BRCA,2282,-19415,0,75.02383536,0:DiseaseFree,75.02383536,0:ALIVE OR DEAD TUMOR FREE,Not Hispanic Or Latino,9/29/11,EUR,No,C50.9,8500/3,C50.9,Yes,Yes,No,75.02383536,0:LIVING,B343BFE0-7C23-4C6A-8C84-9EE39DB2ECDA,M0,N0 (I-),T1C,Tumor Free,75.02383536,0:CENSORED,Yes,Yes,White,No,10,1,Female,BRCA_Normal,12,,,,,,,,,,,,,,,,,,,,
TCGA-GM-A2DF,brca_tcga_pan_can_atlas_2018,53,STAGE IIA,6TH,21,BRCA,2155,-19614,0,70.84853865,0:DiseaseFree,70.84853865,0:ALIVE OR DEAD TUMOR FREE,Not Hispanic Or Latino,9/29/11,,No,C50.9,8500/3,C50.9,Yes,Yes,No,70.84853865,0:LIVING,D6F7AFC0-1558-43AD-ACB1-2B5311ED2264,M0,N1A,T1C,Tumor Free,70.84853865,0:CENSORED,Yes,No,Black or African American,Yes,16,1,Female,BRCA_Basal,6,,,,,,,,,,,,,,,,,,,,
TCGA-GM-A2DH,brca_tcga_pan_can_atlas_2018,58,STAGE I,6TH,-1,BRCA,2193,-21344,0,72.09784002,0:DiseaseFree,72.09784002,0:ALIVE OR DEAD TUMOR FREE,Not Hispanic Or Latino,9/29/11,EUR,No,C50.9,8500/3,C50.9,Yes,Yes,No,72.09784002,0:LIVING,5700C1B3-922A-4401-8AB8-89028908D696,M0,N0 (I+),T1C,Tumor Free,72.09784002,0:CENSORED,Yes,No,White,No,10,1,Female,BRCA_Her2,-22,,,,,,,,,,,,,,,,,,,,
TCGA-GM-A2DI,brca_tcga_pan_can_atlas_2018,52,STAGE I,6TH,-33,BRCA,2590,-19030,0,85.14975178,0:DiseaseFree,85.14975178,0:ALIVE OR DEAD TUMOR FREE,Not Hispanic Or Latino,9/29/11,EUR,No,C50.9,8500/3,C50.9,Yes,Yes,No,85.14975178,0:LIVING,66FA504C-4AE4-49AC-9355-1E063776DC0D,M0,N0 (I+),T1C,Tumor Free,85.14975178,0:CENSORED,Yes,No,White,No,-14,1,Female,BRCA_LumA,-46,,,,,,,,,,,,,,,,,,,,
TCGA-GM-A2DK,brca_tcga_pan_can_atlas_2018,58,STAGE I,6TH,-17,BRCA,2645,-21198,0,86.95795115,0:DiseaseFree,86.95795115,0:ALIVE OR DEAD TUMOR FREE,Not Hispanic Or Latino,9/29/11,EUR,No,C50.9,8500/3,C50.9,Yes,Yes,No,86.95795115,0:LIVING,3A0775A0-61AE-43F2-B5F6-629A44355C2F,M0,N0 (I-),T1C,Tumor Free,86.95795115,0:CENSORED,Yes,No,White,Yes,-2,1,Female,BRCA_LumA,-2,,,,,,,,,,,,,,,,,,,,
TCGA-GM-A2DL,brca_tcga_pan_can_atlas_2018,50,STAGE I,6TH,9,BRCA,3519,-18475,0,115.6918828,0:DiseaseFree,115.6918828,0:ALIVE OR DEAD TUMOR FREE,Not Hispanic Or Latino,9/29/11,EUR,No,C50.9,8500/3,C50.9,Yes,Yes,No,115.6918828,0:LIVING,A76774FE-7298-4D68-A2B2-C1BAD93F0C31,M0,N0 (I-),T1C,Tumor Free,115.6918828,0:CENSORED,Yes,No,White,Yes,20,1,Female,BRCA_LumA,6,,,,,,,,,,,,,,,,,,,,
TCGA-GM-A2DM,brca_tcga_pan_can_atlas_2018,57,STAGE IIA,6TH,-23,BRCA,3226,-21160,0,106.0591117,0:DiseaseFree,106.0591117,0:ALIVE OR DEAD TUMOR FREE,Hispanic Or Latino,9/30/11,,No,C50.9,8500/3,C50.9,Yes,Yes,No,106.0591117,0:LIVING,753D5D49-3B40-4737-9D4C-B1EC29CC2692,M0,N0 (I-),T2,Tumor Free,106.0591117,0:CENSORED,Yes,No,White,Yes,-14,1,Female,BRCA_LumA,-28,,,,,,,,,,,,,,,,,,,,
TCGA-GM-A2DN,brca_tcga_pan_can_atlas_2018,58,STAGE IIA,6TH,-35,BRCA,3091,-21288,0,101.6208042,0:DiseaseFree,101.6208042,0:ALIVE OR DEAD TUMOR FREE,Not Hispanic Or Latino,9/30/11,EUR,No,C50.9,8500/3,C50.9,Yes,Yes,No,101.6208042,0:LIVING,56BBD282-B88D-4730-9242-AB97D08DC83A,M0,N0 (I-),T2,Tumor Free,101.6208042,0:CENSORED,Yes,No,White,No,6,1,Female,BRCA_LumA,-30,,,,,,,,,,,,,,,,,,,,
TCGA-GM-A2DO,brca_tcga_pan_can_atlas_2018,54,STAGE I,6TH,-23,BRCA,2596,-19842,0,85.3470099,0:DiseaseFree,85.3470099,0:ALIVE OR DEAD TUMOR FREE,Not Hispanic Or Latino,9/30/11,,No,C50.9,8520/3,C50.9,Yes,Yes,No,85.3470099,0:LIVING,5FD37868-4762-4109-9DCF-6FDBAB5B645D,M0,N0 (I-),T1C,Tumor Free,85.3470099,0:CENSORED,Yes,No,Black or African American,Yes,4,1,Female,BRCA_LumB,-40,,,,,,,,,,,,,,,,,,,,
TCGA-GM-A3NW,brca_tcga_pan_can_atlas_2018,63,STAGE IIA,6TH,-35,BRCA,3361,-23041,0,110.4974192,0:DiseaseFree,110.4974192,0:ALIVE OR DEAD TUMOR FREE,Not Hispanic Or Latino,1/3/12,EUR,No,C50.9,8520/3,C50.9,Yes,Yes,No,110.4974192,0:LIVING,6DDAEE34-46EB-490C-BD13-F0AB963C4322,M0,N0 (I-),T2,Tumor Free,110.4974192,0:CENSORED,Yes,No,White,No,-14,1,Female,BRCA_LumA,-30,,,,,,,,,,,,,,,,,,,,
TCGA-GM-A3NY,brca_tcga_pan_can_atlas_2018,72,STAGE IIB,6TH,-29,BRCA,1162,-26642,0,38.20232107,0:DiseaseFree,38.20232107,0:ALIVE OR DEAD TUMOR FREE,Not Hispanic Or Latino,1/3/12,EUR,No,C50.9,8520/3,C50.9,Yes,No,No,38.20232107,0:LIVING,BD5374C9-7F36-457F-B66B-7CC7FF64224E,M0,N1A,T2,Tumor Free,38.20232107,0:CENSORED,Yes,No,White,Yes,-6,1,Female,,-8,,,,,,,,,,,,,,,,,,,,
TCGA-GM-A3XG,brca_tcga_pan_can_atlas_2018,46,STAGE IIIA,6TH,-17,BRCA,1330,-16948,0,43.72554821,0:DiseaseFree,43.72554821,0:ALIVE OR DEAD TUMOR FREE,Not Hispanic Or Latino,10/1/12,EUR,No,C50.9,8520/3,C50.9,Yes,No,No,43.72554821,0:LIVING,6F0FD68F-ED6A-4C9E-BE02-C97BA4950F76,M0,N1A,T3,Tumor Free,43.72554821,0:CENSORED,Yes,No,White,Yes,-16,1,Female,,-22,,,,,,,,,,,,,,,,,,,,
TCGA-GM-A3XL,brca_tcga_pan_can_atlas_2018,49,STAGE IIA,6TH,31,BRCA,2108,-18171,0,69.3033501,0:DiseaseFree,69.3033501,0:ALIVE OR DEAD TUMOR FREE,Not Hispanic Or Latino,10/1/12,,No,C50.9,8500/3,C50.9,Yes,Yes,No,69.3033501,0:LIVING,65CAC997-4D39-4501-85EC-4FCB328A8EB5,M0,N0 (I-),T2,Tumor Free,69.3033501,0:CENSORED,Yes,No,Black or African American,Yes,20,1,Female,BRCA_Basal,26,,,,,,,,,,,,,,,,,,,,
TCGA-GM-A3XN,brca_tcga_pan_can_atlas_2018,44,STAGE IIIA,6TH,-29,BRCA,2019,-16109,0,66.37735477,0:DiseaseFree,66.37735477,0:ALIVE OR DEAD TUMOR FREE,Not Hispanic Or Latino,10/1/12,EUR,No,C50.9,8520/3,C50.9,Yes,No,No,66.37735477,0:LIVING,0930E97A-72EA-4BD5-B2F0-50C76AF695F3,M0,N2A,T1C,Tumor Free,66.37735477,0:CENSORED,Yes,No,White,Yes,-16,1,Female,,-18,,,,,,,,,,,,,,,,,,,,
TCGA-GM-A4E0,brca_tcga_pan_can_atlas_2018,67,STAGE IIIC,6TH,-33,BRCA,2191,-24788,0,72.03208732,0:DiseaseFree,72.03208732,0:ALIVE OR DEAD TUMOR FREE,Not Hispanic Or Latino,11/26/12,EUR,No,C50.9,8520/3,C50.9,Yes,Yes,No,72.03208732,0:LIVING,6397D7BC-9CB1-4A84-81AD-76954E0A8CEE,M0,N3A,T3,Tumor Free,72.03208732,0:CENSORED,Yes,No,White,Yes,-14,1,Female,BRCA_LumA,-52,,,,,,,,,,,,,,,,,,,,
TCGA-GM-A5PV,brca_tcga_pan_can_atlas_2018,63,STAGE IIB,7TH,-19,BRCA,412,-23215,0,13.54505704,0:DiseaseFree,13.54505704,0:ALIVE OR DEAD TUMOR FREE,Not Hispanic Or Latino,4/12/13,EUR,No,C50.9,8520/3,C50.9,Yes,Yes,No,13.54505704,0:LIVING,67C8DC41-EDCB-4563-96B3-3F93F9EDCBE9,M0,N1A,T2,Tumor Free,13.54505704,0:CENSORED,Yes,No,White,No,-16,1,Female,BRCA_LumA,-22,,,,,,,,,,,,,,,,,,,,
TCGA-GM-A5PX,brca_tcga_pan_can_atlas_2018,65,STAGE IIB,7TH,-27,BRCA,551,-23753,0,18.11486997,0:DiseaseFree,18.11486997,0:ALIVE OR DEAD TUMOR FREE,Not Hispanic Or Latino,4/12/13,EUR,No,C50.9,8520/3,C50.9,Yes,Yes,No,18.11486997,0:LIVING,F7064D01-29D8-49A2-AD60-1E0C5F148F3E,M0,N1MI,T2,Tumor Free,18.11486997,0:CENSORED,Yes,No,White,No,-22,1,Female,BRCA_LumA,-32,,,,,,,,,,,,,,,,,,,,
TCGA-HN-A2NL,brca_tcga_pan_can_atlas_2018,56,STAGE IIA,6TH,-5,BRCA,79,-20483,0,2.597231811,0:DiseaseFree,2.597231811,0:ALIVE OR DEAD TUMOR FREE,,5/30/14,EUR,No,C50.9,8520/3,C50.9,Yes,Yes,No,2.597231811,0:LIVING,124B693C-77DC-4FA8-B703-54E8B5054A92,M0,N0,T2,Tumor Free,2.597231811,0:CENSORED,Yes,No,,,12,1,Female,BRCA_Basal,-12,,,,,,,,,,,,,,,,,,,,
TCGA-HN-A2OB,brca_tcga_pan_can_atlas_2018,45,STAGE IIB,6TH,-39,BRCA,1883,-16672,0,50.7282112,1:Recurred/Progressed,62.46506888,1:DEAD WITH TUMOR,,9/26/13,EUR,No,C50.9,8520/3,C50.9,Yes,Yes,Yes,62.46506888,1:DECEASED,61204CDF-3B1C-44A1-BDA6-0FEF1AC4A333,M0,N1,T2,With Tumor,50.7282112,1:PROGRESSION,Yes,No,,Yes,-18,1,Female,BRCA_LumA,-36,,,,,,,,,,,,,,,,,,,,
TCGA-JL-A3YW,brca_tcga_pan_can_atlas_2018,49,STAGE IIB,7TH,43,BRCA,360,,0,11.83548673,0:DiseaseFree,11.83548673,0:ALIVE OR DEAD TUMOR FREE,Not Hispanic Or Latino,11/8/12,SAS,No,C50.9,8520/3,C50.9,Yes,No,No,11.83548673,0:LIVING,A2434F47-2168-47D0-9BBB-981071597843,M0,N1,T2,,11.83548673,0:CENSORED,Yes,No,Asian,No,10,1,Female,,44,,,,,,,,,,,,,,,,,,,,
TCGA-JL-A3YX,brca_tcga_pan_can_atlas_2018,46,STAGE IIA,7TH,17,BRCA,352,,0,11.57247592,0:DiseaseFree,11.57247592,0:ALIVE OR DEAD TUMOR FREE,Not Hispanic Or Latino,11/8/12,SAS_ADMIX,No,C50.9,8520/3,C50.9,Yes,Yes,No,11.57247592,0:LIVING,75F6E476-233A-409C-A3EF-0240BE569813,M0,N0,T2,,11.57247592,0:CENSORED,Yes,No,Asian,No,16,1,Female,BRCA_LumA,16,,,,,,,,,,,,,,,,,,,,
TCGA-LD-A66U,brca_tcga_pan_can_atlas_2018,44,STAGE IIB,7TH,-15,BRCA,646,-16101,0,21.23812342,0:DiseaseFree,21.23812342,0:ALIVE OR DEAD TUMOR FREE,Not Hispanic Or Latino,6/27/13,EUR,No,C50.9,8520/3,C50.9,Yes,Yes,No,21.23812342,0:LIVING,38DC3E09-0B0E-4A29-B318-CC0352013DAE,MX,N1MI,T2,Tumor Free,21.23812342,0:CENSORED,Yes,No,White,Yes,-14,1,Female,BRCA_LumA,-4,,,,,,,,,,,,,,,,,,,,
TCGA-LD-A74U,brca_tcga_pan_can_atlas_2018,79,STAGE IIIC,7TH,-21,BRCA,402,-28981,0,13.21629352,0:DiseaseFree,13.21629352,0:ALIVE OR DEAD TUMOR FREE,Not Hispanic Or Latino,12/30/13,EUR,No,C50.9,8524/3,C50.9,Yes,Yes,No,13.21629352,0:LIVING,38A4E9BD-93E9-432D-A756-3B1055B823BD,M0,N3A,T3,With Tumor,13.21629352,0:CENSORED,Yes,Yes,White,No,-6,1,Female,BRCA_LumA,-18,,,,,,,,,,,,,,,,,,,,
TCGA-LD-A7W5,brca_tcga_pan_can_atlas_2018,52,STAGE IIIC,7TH,-31,BRCA,216,-19169,0,,,7.101292041,0:ALIVE OR DEAD TUMOR FREE,Not Hispanic Or Latino,2/3/14,AFR,No,C50.9,8500/3,C50.9,Yes,Yes,No,7.101292041,0:LIVING,A06FF6AE-B0DD-4516-A75C-0DB71694B46B,M0,N3A,T2,With Tumor,7.101292041,0:CENSORED,Yes,No,Black or African American,No,-18,1,Female,BRCA_LumA,-20,,,,,,,,,,,,,,,,,,,,
TCGA-LD-A7W6,brca_tcga_pan_can_atlas_2018,54,STAGE IIB,7TH,-39,BRCA,404,-20077,0,13.28204622,0:DiseaseFree,13.28204622,0:ALIVE OR DEAD TUMOR FREE,Not Hispanic Or Latino,2/3/14,EUR,No,C50.2,8524/3,C50.2,Yes,Yes,No,13.28204622,0:LIVING,0B0F9938-CE1E-4814-8821-0132D137EB9E,M0,N1A,T2,Tumor Free,13.28204622,0:CENSORED,Yes,No,White,No,-6,1,Female,BRCA_LumA,-50,,,,,,,,,,,,,,,,,,,,
TCGA-LD-A9QF,brca_tcga_pan_can_atlas_2018,73,STAGE IA,7TH,-11,BRCA,323,-26869,0,10.61906171,0:DiseaseFree,10.61906171,0:ALIVE OR DEAD TUMOR FREE,Not Hispanic Or Latino,5/7/14,AFR_ADMIX,No,C50.9,8500/3,C50.9,Yes,Yes,No,10.61906171,0:LIVING,95C53ECF-D8F1-4BCB-9B1A-C9A0542939F0,M0,N0,T1C,Tumor Free,10.61906171,0:CENSORED,Yes,No,Black or African American,No,-2,1,Female,BRCA_Normal,-16,,,,,,,,,,,,,,,,,,,,
TCGA-LL-A440,brca_tcga_pan_can_atlas_2018,61,STAGE IA,7TH,-35,BRCA,759,-22497,0,24.9531512,0:DiseaseFree,24.9531512,0:ALIVE OR DEAD TUMOR FREE,Not Hispanic Or Latino,10/26/12,EUR,No,C50.9,8520/3,C50.9,Yes,Yes,No,24.9531512,0:LIVING,00B11CA8-8540-4A3D-B602-EC754B00230B,MX,N0 (I-),T1C,Tumor Free,24.9531512,0:CENSORED,Yes,Yes,White,No,-12,1,Female,BRCA_LumA,-34,,,,,,,,,,,,,,,,,,,,
TCGA-LL-A441,brca_tcga_pan_can_atlas_2018,62,STAGE IA,7TH,-25,BRCA,996,-22772,0,32.74484663,0:DiseaseFree,32.74484663,0:ALIVE OR DEAD TUMOR FREE,Not Hispanic Or Latino,11/5/12,,No,C50.9,8500/3,C50.9,Yes,No,No,32.74484663,0:LIVING,69FC24FC-CFE2-487A-935F-1A954B30B709,MX,N0,T1C,Tumor Free,32.74484663,0:CENSORED,Yes,No,Black or African American,Yes,4,1,Female,,-42,,,,,,,,,,,,,,,,,,,,
TCGA-LL-A442,brca_tcga_pan_can_atlas_2018,56,STAGE IIA,7TH,-37,BRCA,889,-20495,0,29.22707696,0:DiseaseFree,29.22707696,0:ALIVE OR DEAD TUMOR FREE,Not Hispanic Or Latino,10/26/12,AFR,No,C50.9,8500/3,C50.9,Yes,No,No,29.22707696,0:LIVING,3F56D67F-5A9C-4353-9408-E7F60EB6477B,MX,N0 (I-),T2,Tumor Free,29.22707696,0:CENSORED,Yes,Yes,Black or African American,No,-12,1,Female,,-36,,,,,,,,,,,,,,,,,,,,
TCGA-LL-A50Y,brca_tcga_pan_can_atlas_2018,84,STAGE IIA,7TH,-21,BRCA,762,-30934,0,25.05178025,0:DiseaseFree,25.05178025,0:ALIVE OR DEAD TUMOR FREE,Not Hispanic Or Latino,3/8/13,EUR,No,C50.9,8520/3,C50.9,Yes,Yes,No,25.05178025,0:LIVING,91DA548B-5C64-49C3-A44A-1EF115F53311,MX,N0,T2,Tumor Free,25.05178025,0:CENSORED,Yes,Yes,White,No,-18,1,Female,BRCA_LumA,-12,,,,,,,,,,,,,,,,,,,,
TCGA-LL-A5YL,brca_tcga_pan_can_atlas_2018,64,STAGE IIB,7TH,-5,BRCA,519,-23395,0,17.06282671,0:DiseaseFree,17.06282671,0:ALIVE OR DEAD TUMOR FREE,Not Hispanic Or Latino,6/3/13,EUR,No,C50.9,8520/3,C50.9,Yes,Yes,No,17.06282671,0:LIVING,1D75E89D-4B01-443C-BE54-749C7A667BF4,MX,N1A,T2,,17.06282671,0:CENSORED,Yes,No,White,Yes,2,1,Female,BRCA_LumA,6,,,,,,,,,,,,,,,,,,,,
TCGA-LL-A5YM,brca_tcga_pan_can_atlas_2018,88,STAGE IIIB,7TH,1,BRCA,466,-32478,0,8.482098826,1:Recurred/Progressed,15.32038005,0:ALIVE OR DEAD TUMOR FREE,Not Hispanic Or Latino,6/3/13,,No,C50.9,8541/3,C50.9,Yes,Yes,Yes,15.32038005,0:LIVING,E9A12DF9-024E-4CBC-B6BF-E4E87485FA90,M0,NX,T4B,With Tumor,8.482098826,1:PROGRESSION,No,No,Black or African American,No,-4,1,Female,BRCA_LumB,-8,,,,,,,,,,,,,,,,,,,,
TCGA-LL-A5YN,brca_tcga_pan_can_atlas_2018,46,STAGE IIA,7TH,-5,BRCA,447,-16884,0,14.69572936,0:DiseaseFree,14.69572936,0:ALIVE OR DEAD TUMOR FREE,Not Hispanic Or Latino,5/20/13,,No,C50.9,8500/3,C50.9,Yes,Yes,No,14.69572936,0:LIVING,EF1B3332-CD7F-41BB-A2D3-2538E7BECC5C,M0,N0 (I-),T2,,14.69572936,0:CENSORED,Yes,No,Black or African American,Yes,-8,1,Female,BRCA_LumA,-12,,,,,,,,,,,,,,,,,,,,
TCGA-LL-A5YO,brca_tcga_pan_can_atlas_2018,50,STAGE IA,7TH,11,BRCA,440,-18354,0,14.4655949,0:DiseaseFree,14.4655949,0:ALIVE OR DEAD TUMOR FREE,Not Hispanic Or Latino,5/8/13,,No,C50.9,8500/3,C50.9,Yes,Yes,No,14.4655949,0:LIVING,B8AEFC48-4A6E-4254-A57F-5F688399B582,MX,N0,T1B,Tumor Free,14.4655949,0:CENSORED,Yes,No,Black or African American,Yes,12,1,Female,BRCA_Her2,-12,,,,,,,,,,,,,,,,,,,,
TCGA-LL-A5YP,brca_tcga_pan_can_atlas_2018,49,STAGE IIB,7TH,9,BRCA,450,-18041,0,14.79435842,0:DiseaseFree,14.79435842,0:ALIVE OR DEAD TUMOR FREE,Not Hispanic Or Latino,5/20/13,,No,C50.9,8500/3,C50.9,Yes,Yes,No,14.79435842,0:LIVING,6D24E675-2FA4-4102-861F-7516650B3049,M0,N1A,T2,,14.79435842,0:CENSORED,Yes,Yes,Black or African American,Yes,12,1,Female,BRCA_Basal,4,,,,,,,,,,,,,,,,,,,,
TCGA-LL-A6FP,brca_tcga_pan_can_atlas_2018,90,STAGE IIA,7TH,-17,BRCA,677,-32873,0,22.25729033,0:DiseaseFree,22.25729033,0:ALIVE OR DEAD TUMOR FREE,Not Hispanic Or Latino,9/3/13,EUR,Yes,C50.9,8520/3,C50.9,Yes,Yes,No,22.25729033,0:LIVING,5C9D8163-A68E-43CE-9CBA-EFFB7405761E,MX,NX,T2,Tumor Free,22.25729033,0:CENSORED,No,No,White,No,-16,1,Female,BRCA_LumA,-6,,,,,,,,,,,,,,,,,,,,
TCGA-LL-A6FQ,brca_tcga_pan_can_atlas_2018,77,STAGE IIIA,7TH,1,BRCA,80,-28375,0,2.630108163,0:DiseaseFree,2.630108163,0:ALIVE OR DEAD TUMOR FREE,Not Hispanic Or Latino,8/30/13,,No,C50.9,8500/3,C50.9,Yes,Yes,,2.630108163,0:LIVING,92B842C5-F71B-4EF7-BA86-358D28E0966F,MX,N2A,T2,,2.630108163,0:CENSORED,Yes,No,Black or African American,,-4,1,Female,BRCA_LumA,2,,,,,,,,,,,,,,,,,,,,
TCGA-LL-A6FR,brca_tcga_pan_can_atlas_2018,50,STAGE IIA,7TH,37,BRCA,489,-18520,0,16.07653615,0:DiseaseFree,16.07653615,0:ALIVE OR DEAD TUMOR FREE,Not Hispanic Or Latino,8/30/13,,No,C50.9,8500/3,C50.9,Yes,Yes,No,16.07653615,0:LIVING,1347C23D-8D6E-4C15-9461-640249838C96,MX,N0 (I-),T2,Tumor Free,16.07653615,0:CENSORED,Yes,No,Black or African American,Yes,8,1,Female,BRCA_Basal,36,,,,,,,,,,,,,,,,,,,,
TCGA-LL-A73Y,brca_tcga_pan_can_atlas_2018,67,STAGE IA,7TH,-19,BRCA,477,-24647,0,15.68201992,0:DiseaseFree,15.68201992,0:ALIVE OR DEAD TUMOR FREE,Not Hispanic Or Latino,11/12/13,,No,C50.9,8500/3,C50.9,Yes,Yes,No,15.68201992,0:LIVING,EA645243-DF49-4466-A255-9F3D4321E357,MX,N0,T1C,Tumor Free,15.68201992,0:CENSORED,Yes,No,Black or African American,No,-6,1,Female,BRCA_Basal,-26,,,,,,,,,,,,,,,,,,,,
TCGA-LL-A73Z,brca_tcga_pan_can_atlas_2018,55,STAGE IV,7TH,5,BRCA,137,-20118,0,,,7.462931913,1:DEAD WITH TUMOR,Not Hispanic Or Latino,11/15/13,AFR,No,C50.9,8500/3,C50.9,Yes,Yes,Yes,7.462931913,1:DECEASED,3E637872-F5E5-49D3-BB0D-9C16B8713382,M1,NX,T1C,With Tumor,6.312259592,1:PROGRESSION,No,No,Black or African American,Yes,-10,1,Female,BRCA_Normal,-4,,,,,,,,,,,,,,,,,,,,
TCGA-LL-A740,brca_tcga_pan_can_atlas_2018,61,STAGE IA,7TH,-1,BRCA,441,-22416,0,14.49847125,0:DiseaseFree,14.49847125,0:ALIVE OR DEAD TUMOR FREE,Not Hispanic Or Latino,11/12/13,AFR,No,C50.9,8500/3,C50.9,Yes,Yes,No,14.49847125,0:LIVING,AA60FA8D-C374-40E0-AF2D-B007701E67E3,MX,N0 (I-),T1C,Tumor Free,14.49847125,0:CENSORED,Yes,No,Black or African American,No,0,1,Female,BRCA_LumA,6,,,,,,,,,,,,,,,,,,,,
TCGA-LL-A7SZ,brca_tcga_pan_can_atlas_2018,49,STAGE IIB,7TH,25,BRCA,594,-18161,0,19.52855311,0:DiseaseFree,19.52855311,0:ALIVE OR DEAD TUMOR FREE,Not Hispanic Or Latino,1/7/14,AFR,No,C50.9,8500/3,C50.9,Yes,Yes,No,19.52855311,0:LIVING,09A5E9FD-D816-4F8C-BAA9-0E40BA607B16,MX,N1A,T2,Tumor Free,19.52855311,0:CENSORED,Yes,No,Black or African American,Yes,18,1,Female,BRCA_LumA,2,,,,,,,,,,,,,,,,,,,,
TCGA-LL-A7T0,brca_tcga_pan_can_atlas_2018,70,STAGE IIB,7TH,5,BRCA,376,-25867,0,12.36150837,0:DiseaseFree,12.36150837,0:ALIVE OR DEAD TUMOR FREE,Not Hispanic Or Latino,1/3/14,AFR,No,C50.9,8500/3,C50.9,Yes,Yes,No,12.36150837,0:LIVING,D8F8064F-02EF-4FED-942B-714CBE5E8455,M0,N1A,T2,,12.36150837,0:CENSORED,Yes,No,Black or African American,No,12,1,Female,BRCA_LumB,6,,,,,,,,,,,,,,,,,,,,
TCGA-LL-A8F5,brca_tcga_pan_can_atlas_2018,61,STAGE IIA,7TH,43,BRCA,596,-22544,0,19.59430582,0:DiseaseFree,19.59430582,0:ALIVE OR DEAD TUMOR FREE,Not Hispanic Or Latino,2/19/14,AFR,No,C50.9,8500/3,C50.9,Yes,Yes,No,19.59430582,0:LIVING,E1786E78-AC46-46FD-8CE0-8F7456E46082,MX,N0 (I-),T2,,19.59430582,0:CENSORED,Yes,No,Black or African American,Yes,18,1,Female,BRCA_Basal,36,,,,,,,,,,,,,,,,,,,,
TCGA-LL-A9Q3,brca_tcga_pan_can_atlas_2018,69,STAGE IIIC,7TH,-13,BRCA,532,-25477,0,17.49021929,0:DiseaseFree,17.49021929,0:ALIVE OR DEAD TUMOR FREE,Not Hispanic Or Latino,5/21/14,EUR,No,C50.9,8520/3,C50.9,Yes,Yes,No,17.49021929,0:LIVING,6AF6D256-A753-46D2-B611-E4094FF265AA,MX,N3A,T3,,17.49021929,0:CENSORED,Yes,No,White,Yes,-18,1,Female,BRCA_LumA,-8,,,,,,,,,,,,,,,,,,,,
TCGA-LQ-A4E4,brca_tcga_pan_can_atlas_2018,73,STAGE IIIA,7TH,-23,BRCA,849,-26883,0,,,27.91202288,0:ALIVE OR DEAD TUMOR FREE,Not Hispanic Or Latino,12/5/12,EUR,No,C50.9,8520/3,C50.9,Yes,No,Yes,27.91202288,0:LIVING,4F321D41-3255-46A4-AE0D-1CF39699E624,MX,N1A,T3,Tumor Free,22.38879574,1:PROGRESSION,Yes,No,White,Yes,4,1,Female,,-10,,,,,,,,,,,,,,,,,,,,
TCGA-MS-A51U,brca_tcga_pan_can_atlas_2018,44,STAGE IIB,7TH,-41,BRCA,681,-16213,0,22.38879574,0:DiseaseFree,22.38879574,0:ALIVE OR DEAD TUMOR FREE,Not Hispanic Or Latino,9/12/12,EUR,No,C50.9,8520/3,C50.9,Yes,No,No,22.38879574,0:LIVING,910655DA-2C12-4572-96B7-DED616E69B4B,M0,N1,T2,With Tumor,22.38879574,0:CENSORED,Yes,No,White,Yes,-20,1,Female,,-44,,,,,,,,,,,,,,,,,,,,
TCGA-OK-A5Q2,brca_tcga_pan_can_atlas_2018,59,STAGE II,7TH,-21,BRCA,64,-21555,0,2.104086531,0:DiseaseFree,2.104086531,0:ALIVE OR DEAD TUMOR FREE,,1/22/13,,No,C50.9,8520/3,C50.9,Yes,Yes,No,2.104086531,0:LIVING,CD7FB75E-1C2E-4201-86D3-B3BA21F476BF,MX,N1A,T2,,2.104086531,0:CENSORED,Yes,No,,,12,1,Female,BRCA_LumA,-16,,,,,,,,,,,,,,,,,,,,
TCGA-OL-A5D6,brca_tcga_pan_can_atlas_2018,71,STAGE IIA,6TH,-5,BRCA,385,-26052,0,36.29549265,0:DiseaseFree,36.29549265,0:ALIVE OR DEAD TUMOR FREE,Not Hispanic Or Latino,4/19/13,,No,C50.9,8500/3,C50.9,Yes,Yes,No,36.29549265,1:DECEASED,C3A981C7-F148-4252-BD50-AF8A49EC0DF8,MX,N0,T2,Tumor Free,36.29549265,0:CENSORED,Yes,No,Black or African American,No,-10,1,Female,BRCA_Normal,-4,,,,,,,,,,,,,,,,,,,,
TCGA-OL-A5D7,brca_tcga_pan_can_atlas_2018,70,STAGE IIA,6TH,21,BRCA,1780,-25643,0,58.51990663,0:DiseaseFree,58.51990663,0:ALIVE OR DEAD TUMOR FREE,Not Hispanic Or Latino,4/19/13,,No,C50.9,8500/3,C50.9,Yes,Yes,No,58.51990663,0:LIVING,C8F39325-5382-447C-9291-A6915FC978B8,MX,N0,T2,Tumor Free,58.51990663,0:CENSORED,Yes,No,Black or African American,Yes,14,1,Female,BRCA_Basal,-14,,,,,,,,,,,,,,,,,,,,
TCGA-OL-A5D8,brca_tcga_pan_can_atlas_2018,40,STAGE IIB,6TH,-27,BRCA,973,-14853,0,,,31.98869054,0:ALIVE OR DEAD TUMOR FREE,Not Hispanic Or Latino,4/19/13,,No,C50.9,8500/3,C50.9,Yes,Yes,No,31.98869054,0:LIVING,6D4860B2-21C6-4B7B-9093-2F32700D0612,MX,N0,T3,Tumor Free,31.98869054,0:CENSORED,Yes,No,Black or African American,Yes,-4,1,Female,BRCA_LumA,-32,,,,,,,,,,,,,,,,,,,,
TCGA-OL-A5DA,brca_tcga_pan_can_atlas_2018,61,STAGE IIA,6TH,-29,BRCA,1783,-22411,0,58.61853569,0:DiseaseFree,58.61853569,0:ALIVE OR DEAD TUMOR FREE,Not Hispanic Or Latino,4/23/13,EUR,No,C50.9,8520/3,C50.9,Yes,Yes,No,58.61853569,0:LIVING,4E509F73-99C7-48EB-A3A4-D34E3BFACE33,MX,N0,T2,Tumor Free,58.61853569,0:CENSORED,Yes,No,White,No,-14,1,Female,BRCA_LumA,-26,,,,,,,,,,,,,,,,,,,,
TCGA-OL-A5RU,brca_tcga_pan_can_atlas_2018,63,STAGE IIA,7TH,-31,BRCA,1219,-23108,0,40.07627314,0:DiseaseFree,40.07627314,0:ALIVE OR DEAD TUMOR FREE,,5/16/13,AFR,No,C50.9,8500/3,C50.9,Yes,Yes,No,40.07627314,0:LIVING,B8A44FDF-9CB9-4123-9AB0-4BC198921FEE,MX,N1,T1C,Tumor Free,40.07627314,0:CENSORED,Yes,No,Black or African American,Yes,-16,1,Female,BRCA_LumA,-46,,,,,,,,,,,,,,,,,,,,
TCGA-OL-A5RV,brca_tcga_pan_can_atlas_2018,43,STAGE IIIC,7TH,-39,BRCA,1062,-15820,0,34.91468587,0:DiseaseFree,34.91468587,0:ALIVE OR DEAD TUMOR FREE,,5/16/13,,No,C50.9,8500/3,C50.9,Yes,Yes,No,34.91468587,0:LIVING,1D38D356-D126-4476-94D0-26616B9375B1,MX,N3,T2,Tumor Free,34.91468587,0:CENSORED,Yes,No,Black or African American,Yes,-14,1,Female,BRCA_LumA,-32,,,,,,,,,,,,,,,,,,,,
TCGA-OL-A5RW,brca_tcga_pan_can_atlas_2018,40,STAGE IIA,7TH,35,BRCA,1106,-14638,0,36.36124536,0:DiseaseFree,36.36124536,0:ALIVE OR DEAD TUMOR FREE,,5/16/13,,No,C50.9,8500/3,C50.9,Yes,Yes,No,36.36124536,0:LIVING,A82D0A57-4383-473D-B334-D13B278404B1,MX,N1,T1C,Tumor Free,36.36124536,0:CENSORED,Yes,No,Black or African American,Yes,4,1,Female,BRCA_Basal,32,,,,,,,,,,,,,,,,,,,,
TCGA-OL-A5RX,brca_tcga_pan_can_atlas_2018,51,STAGE IA,7TH,-37,BRCA,878,-18942,0,28.86543709,0:DiseaseFree,28.86543709,0:ALIVE OR DEAD TUMOR FREE,,5/16/13,,No,C50.9,8500/3,C50.9,Yes,Yes,No,28.86543709,0:LIVING,43C0BEC6-6FAC-47B1-83CB-200A15A932BE,MX,N0,T1C,Tumor Free,28.86543709,0:CENSORED,Yes,No,Black or African American,No,-16,1,Female,BRCA_LumA,-30,,,,,,,,,,,,,,,,,,,,
TCGA-OL-A5RY,brca_tcga_pan_can_atlas_2018,52,STAGE IIA,7TH,11,BRCA,752,-19216,0,24.72301673,0:DiseaseFree,24.72301673,0:ALIVE OR DEAD TUMOR FREE,,5/16/13,,No,C50.9,8500/3,C50.9,Yes,Yes,No,24.72301673,0:LIVING,8360CEC6-DAF6-41C9-9A4F-7FC03C958DCC,MX,N1,T1C,With Tumor,24.72301673,0:CENSORED,Yes,No,Black or African American,Yes,18,1,Female,BRCA_Normal,6,,,,,,,,,,,,,,,,,,,,
TCGA-OL-A5RZ,brca_tcga_pan_can_atlas_2018,57,STAGE IA,7TH,3,BRCA,679,-21038,0,22.32304304,0:DiseaseFree,22.32304304,0:ALIVE OR DEAD TUMOR FREE,,5/16/13,,No,C50.9,8500/3,C50.9,Yes,Yes,No,22.32304304,0:LIVING,7E8713BD-0B17-4F09-9696-BC29707D862B,MX,N0,T1B,Tumor Free,22.32304304,0:CENSORED,Yes,No,Black or African American,No,14,1,Female,BRCA_Her2,2,,,,,,,,,,,,,,,,,,,,
TCGA-OL-A5S0,brca_tcga_pan_can_atlas_2018,66,STAGE IIB,7TH,43,BRCA,620,-24139,0,20.38333827,0:DiseaseFree,20.38333827,0:ALIVE OR DEAD TUMOR FREE,,5/16/13,,No,C50.9,8500/3,C50.9,Yes,Yes,No,20.38333827,0:LIVING,43B3BF47-7313-4DFB-952A-EC0B9D48E16C,MX,N1A,T2,Tumor Free,20.38333827,0:CENSORED,Yes,No,Black or African American,Yes,24,1,Female,BRCA_Basal,28,,,,,,,,,,,,,,,,,,,,
TCGA-OL-A66H,brca_tcga_pan_can_atlas_2018,74,STAGE IB,7TH,-13,BRCA,812,-27280,0,,0:DiseaseFree,,0:ALIVE OR DEAD TUMOR FREE,Not Hispanic Or Latino,6/11/13,,No,C50.9,8480/3,C50.9,Yes,Yes,No,26.68419323,0:LIVING,76BD9BB9-9A8B-4A90-BB7C-EAFE76472EE4,MX,N1MI,T1C,Tumor Free,,0:CENSORED,Yes,No,Black or African American,Yes,-20,1,Female,BRCA_LumA,-28,,,,,,,,,,,,,,,,,,,,
TCGA-OL-A66I,brca_tcga_pan_can_atlas_2018,36,STAGE IIA,6TH,15,BRCA,714,-13458,0,23.47371536,0:DiseaseFree,23.47371536,0:ALIVE OR DEAD TUMOR FREE,Not Hispanic Or Latino,6/11/13,,No,C50.9,8500/3,C50.9,Yes,Yes,No,23.47371536,0:LIVING,35BD694D-1DD2-466F-AB27-03320614B40E,MX,N1MI,T1C,Tumor Free,23.47371536,0:CENSORED,Yes,No,Black or African American,Yes,8,1,Female,BRCA_Basal,-10,,,,,,,,,,,,,,,,,,,,
TCGA-OL-A66J,brca_tcga_pan_can_atlas_2018,80,STAGE I,6TH,-25,BRCA,1996,-29345,0,65.62119867,0:DiseaseFree,65.62119867,0:ALIVE OR DEAD TUMOR FREE,Not Hispanic Or Latino,6/11/13,EUR,No,C50.9,8520/3,C50.9,Yes,Yes,No,65.62119867,0:LIVING,96E1FC6D-693F-4F4F-B5F7-8D6E1C6C43F8,MX,N0,T1C,Tumor Free,65.62119867,0:CENSORED,Yes,No,White,Yes,-14,1,Female,BRCA_LumA,-6,,,,,,,,,,,,,,,,,,,,
TCGA-OL-A66K,brca_tcga_pan_can_atlas_2018,72,STAGE IIA,7TH,-25,BRCA,1021,-26299,0,41.91734885,0:DiseaseFree,41.91734885,0:ALIVE OR DEAD TUMOR FREE,Not Hispanic Or Latino,6/11/13,EUR,No,C50.9,8520/3,C50.9,Yes,Yes,No,41.91734885,1:DECEASED,2AB1B35B-9E56-475C-AC9B-15ED0A422683,MX,N0,T2,Tumor Free,41.91734885,0:CENSORED,Yes,No,White,No,-16,1,Female,BRCA_LumA,-26,,,,,,,,,,,,,,,,,,,,
TCGA-OL-A66L,brca_tcga_pan_can_atlas_2018,71,STAGE IA,7TH,-13,BRCA,1301,-26186,0,42.772134,0:DiseaseFree,42.772134,0:ALIVE OR DEAD TUMOR FREE,Not Hispanic Or Latino,6/11/13,,No,C50.9,8500/3,C50.9,Yes,Yes,No,42.772134,0:LIVING,AF0ACAA9-A61C-4E57-BC0D-453AD5BF193A,MX,N0,T1C,Tumor Free,42.772134,0:CENSORED,Yes,No,Black or African American,Yes,-12,1,Female,BRCA_LumA,0,,,,,,,,,,,,,,,,,,,,
TCGA-OL-A66N,brca_tcga_pan_can_atlas_2018,59,STAGE IIIC,7TH,-17,BRCA,792,-21608,0,26.03807082,0:DiseaseFree,26.03807082,0:ALIVE OR DEAD TUMOR FREE,Not Hispanic Or Latino,6/11/13,EUR,No,C50.9,8520/3,C50.9,Yes,Yes,No,26.03807082,0:LIVING,E9002F4E-BA0B-4738-9368-DD9614A5DA8A,MX,N3,T3,Tumor Free,26.03807082,0:CENSORED,Yes,No,White,Yes,-12,1,Female,BRCA_LumA,-16,,,,,,,,,,,,,,,,,,,,
TCGA-OL-A66O,brca_tcga_pan_can_atlas_2018,39,STAGE IIB,7TH,5,BRCA,528,-14272,0,17.35871388,0:DiseaseFree,17.35871388,0:ALIVE OR DEAD TUMOR FREE,Not Hispanic Or Latino,6/11/13,,No,C50.9,8500/3,C50.9,Yes,Yes,No,17.35871388,0:LIVING,A45833E1-7CC9-4273-B408-620F74679A12,MX,N1A,T2,Tumor Free,17.35871388,0:CENSORED,Yes,No,Black or African American,Yes,14,1,Female,BRCA_LumA,-4,,,,,,,,,,,,,,,,,,,,
TCGA-OL-A66P,brca_tcga_pan_can_atlas_2018,75,STAGE IIA,7TH,15,BRCA,428,-27489,0,14.07107867,0:DiseaseFree,14.07107867,0:ALIVE OR DEAD TUMOR FREE,Not Hispanic Or Latino,6/11/13,,No,C50.9,8500/3,C50.9,Yes,Yes,No,14.07107867,0:LIVING,F81AC8A2-4CE6-439E-B027-1C0BFC88CEAA,MX,N0,T2,,14.07107867,0:CENSORED,Yes,No,Black or African American,No,2,1,Female,BRCA_Her2,-6,,,,,,,,,,,,,,,,,,,,
TCGA-OL-A6VO,brca_tcga_pan_can_atlas_2018,43,STAGE IA,7TH,23,BRCA,858,-15780,0,28.20791005,0:DiseaseFree,28.20791005,0:ALIVE OR DEAD TUMOR FREE,Not Hispanic Or Latino,12/5/13,AFR_ADMIX,No,C50.9,8500/3,C50.9,Yes,Yes,No,28.20791005,0:LIVING,398FB71B-CA83-44E7-BF0D-B1CA464B0283,MX,N0,T1C,Tumor Free,28.20791005,0:CENSORED,Yes,No,Black or African American,Yes,14,1,Female,BRCA_Basal,12,,,,,,,,,,,,,,,,,,,,
TCGA-OL-A6VQ,brca_tcga_pan_can_atlas_2018,49,STAGE IIA,7TH,-35,BRCA,600,-18151,0,19.72581122,0:DiseaseFree,19.72581122,0:ALIVE OR DEAD TUMOR FREE,Not Hispanic Or Latino,2/20/14,,No,C50.9,8520/3,C50.9,Yes,Yes,No,19.72581122,0:LIVING,34126CD5-CC38-4198-8582-C14FB5DB7ACB,MX,N0,T2,Tumor Free,19.72581122,0:CENSORED,Yes,No,White,No,-22,1,Female,BRCA_LumA,-34,,,,,,,,,,,,,,,,,,,,
TCGA-OL-A6VR,brca_tcga_pan_can_atlas_2018,48,STAGE IA,7TH,-15,BRCA,1220,-17702,0,40.10914949,0:DiseaseFree,40.10914949,0:ALIVE OR DEAD TUMOR FREE,Not Hispanic Or Latino,12/5/13,,No,C50.9,8500/3,C50.9,Yes,Yes,No,40.10914949,0:LIVING,DB3E1CE8-4A05-4BFC-B5AE-13CF789369E1,MX,N0,T1B,Tumor Free,40.10914949,0:CENSORED,Yes,No,Black or African American,No,-12,1,Female,BRCA_LumA,-18,,,,,,,,,,,,,,,,,,,,
TCGA-OL-A97C,brca_tcga_pan_can_atlas_2018,67,STAGE IIB,7TH,9,BRCA,271,-24735,0,,,8.909491403,0:ALIVE OR DEAD TUMOR FREE,Not Hispanic Or Latino,3/18/14,AFR,No,C50.9,9020/3,C50.9,Yes,Yes,No,8.909491403,0:LIVING,6FFD1B8C-6F0B-456A-9160-E0C8021E5897,M0,N0,T3,Tumor Free,9.040996811,1:PROGRESSION,Yes,No,Black or African American,No,4,1,Female,BRCA_Normal,20,,,,,,,,,,,,,,,,,,,,
TCGA-PE-A5DC,brca_tcga_pan_can_atlas_2018,72,STAGE IIIA,6TH,-5,BRCA,,-26514,0,,,47.01318342,0:ALIVE OR DEAD TUMOR FREE,Not Hispanic Or Latino,4/30/13,EUR,No,C50.9,8520/3,C50.9,Yes,Yes,No,47.01318342,1:DECEASED,76099BEB-0ABE-4B56-8B4E-E4485E0402E6,M0,N2A,T2,Tumor Free,47.01318342,0:CENSORED,Yes,No,White,Yes,8,1,Female,BRCA_LumA,-4,,,,,,,,,,,,,,,,,,,,
TCGA-PE-A5DD,brca_tcga_pan_can_atlas_2018,64,STAGE IIA,6TH,-23,BRCA,1953,-23686,0,64.20751553,0:DiseaseFree,64.20751553,0:ALIVE OR DEAD TUMOR FREE,Not Hispanic Or Latino,5/6/13,EAS_ADMIX,No,C50.9,8520/3,C50.9,Yes,Yes,No,64.20751553,0:LIVING,B0700958-5F90-4546-B35F-635CD506889B,M0,N0,T2,Tumor Free,64.20751553,0:CENSORED,Yes,No,Asian,Yes,0,1,Female,BRCA_LumA,-10,,,,,,,,,,,,,,,,,,,,
TCGA-PE-A5DE,brca_tcga_pan_can_atlas_2018,41,STAGE IIA,6TH,-25,BRCA,2645,-15216,0,,,86.95795115,0:ALIVE OR DEAD TUMOR FREE,,4/24/13,EUR,No,C50.9,8520/3,C50.9,Yes,Yes,No,86.95795115,0:LIVING,89C128B9-1C6B-4C04-A4AF-7066772E783C,M0,N0,T2,Tumor Free,86.95795115,0:CENSORED,Yes,No,White,Yes,-2,1,Female,BRCA_LumA,-34,,,,,,,,,,,,,,,,,,,,
TCGA-PL-A8LV,brca_tcga_pan_can_atlas_2018,54,STAGE IIIB,7TH,13,BRCA,-7,-19746,0,,,0,0:ALIVE OR DEAD TUMOR FREE,Not Hispanic Or Latino,3/25/14,AFR,No,C50.9,8510/3,C50.9,Yes,Yes,,0,0:LIVING,389E5B18-8F89-41A9-9FA5-EFD4172836E2,M0,N0,T4,With Tumor,0,0:CENSORED,No,No,Black or African American,,14,1,Female,BRCA_Basal,10,,,,,,,,,,,,,,,,,,,,
TCGA-PL-A8LX,brca_tcga_pan_can_atlas_2018,35,STAGE IV,7TH,-27,BRCA,5,-12840,0,,,0.16438176,0:ALIVE OR DEAD TUMOR FREE,Not Hispanic Or Latino,3/25/14,AFR,No,C50.9,8500/3,C50.9,Yes,Yes,,0.16438176,0:LIVING,FE2CD610-AA52-4789-AC62-7683281BB22F,M1,N1A,T4,With Tumor,0.16438176,0:CENSORED,Yes,No,Black or African American,No,-20,1,Female,BRCA_LumA,-22,,,,,,,,,,,,,,,,,,,,
TCGA-PL-A8LY,brca_tcga_pan_can_atlas_2018,30,STAGE IIB,7TH,-25,BRCA,8,-11199,0,,,0.263010816,0:ALIVE OR DEAD TUMOR FREE,Not Hispanic Or Latino,3/26/14,AFR,No,C50.9,8500/3,C50.9,Yes,Yes,,0.263010816,0:LIVING,9BA11EA8-97D3-464A-90A4-EC1151BE9088,M0,N0,T3,With Tumor,0.263010816,0:CENSORED,No,No,Black or African American,No,-14,1,Female,BRCA_Normal,-14,,,,,,,,,,,,,,,,,,,,
TCGA-PL-A8LZ,brca_tcga_pan_can_atlas_2018,29,STAGE IIIB,7TH,-3,BRCA,302,-10869,0,,,9.928658316,0:ALIVE OR DEAD TUMOR FREE,Not Hispanic Or Latino,5/5/14,AFR,No,C50.9,8500/3,C50.9,Yes,Yes,No,9.928658316,0:LIVING,9087585F-E792-4F33-BAAA-56FFE0F745BE,M0,N2,T4B,Tumor Free,9.928658316,0:CENSORED,,No,Black or African American,No,4,1,Female,BRCA_Basal,-28,,,,,,,,,,,,,,,,,,,,
TCGA-S3-A6ZF,brca_tcga_pan_can_atlas_2018,64,STAGE IIA,7TH,-13,BRCA,572,-23650,0,18.80527337,0:DiseaseFree,18.80527337,0:ALIVE OR DEAD TUMOR FREE,Not Hispanic Or Latino,11/12/13,AFR,No,C50.9,8500/3,C50.9,Yes,Yes,No,18.80527337,0:LIVING,FBEE40F1-D6D8-4156-8D42-36E09BB9F095,M0,N0,T2,Tumor Free,18.80527337,0:CENSORED,Yes,No,Black or African American,No,12,1,Female,BRCA_LumB,-16,,,,,,,,,,,,,,,,,,,,
TCGA-S3-A6ZG,brca_tcga_pan_can_atlas_2018,71,STAGE IIB,7TH,-29,BRCA,562,-26141,0,18.47650985,0:DiseaseFree,18.47650985,0:ALIVE OR DEAD TUMOR FREE,Not Hispanic Or Latino,11/12/13,AFR_ADMIX,No,C50.9,8520/3,C50.9,Yes,Yes,No,18.47650985,0:LIVING,1A679332-30A3-4495-A2E5-39D299E14333,M0,N1,T2,Tumor Free,18.47650985,0:CENSORED,Yes,No,Black or African American,Yes,6,1,Female,BRCA_LumA,-24,,,,,,,,,,,,,,,,,,,,
TCGA-S3-A6ZH,brca_tcga_pan_can_atlas_2018,29,STAGE IIIC,7TH,-13,BRCA,641,-10832,0,21.07374166,0:DiseaseFree,21.07374166,0:ALIVE OR DEAD TUMOR FREE,Not Hispanic Or Latino,11/12/13,AFR,No,C50.9,8500/3,C50.9,Yes,Yes,No,21.07374166,0:LIVING,EC461EAF-F5CB-4225-A9A0-59D8E6C17EA6,MX,N3A,T3,Tumor Free,21.07374166,0:CENSORED,Yes,No,Black or African American,Yes,12,1,Female,BRCA_LumA,0,,,,,,,,,,,,,,,,,,,,
TCGA-S3-AA0Z,brca_tcga_pan_can_atlas_2018,63,STAGE IIB,7TH,-15,BRCA,629,-23314,0,20.67922543,0:DiseaseFree,20.67922543,0:ALIVE OR DEAD TUMOR FREE,Not Hispanic Or Latino,4/18/14,AFR,No,C50.9,8500/3,C50.9,Yes,Yes,No,20.67922543,0:LIVING,CFFE832C-8A81-4CDB-8B25-DF7F35AFAFDC,M0,N1A,T2,Tumor Free,20.67922543,0:CENSORED,Yes,No,Black or African American,No,4,1,Female,BRCA_Basal,-22,,,,,,,,,,,,,,,,,,,,
TCGA-S3-AA10,brca_tcga_pan_can_atlas_2018,65,STAGE IIA,7TH,15,BRCA,586,-24075,0,19.2655423,0:DiseaseFree,19.2655423,0:ALIVE OR DEAD TUMOR FREE,Not Hispanic Or Latino,4/18/14,AFR,No,C50.9,8500/3,C50.9,Yes,Yes,No,19.2655423,0:LIVING,23C31C2E-336C-4878-A476-CF8D811B4875,M0,N0,T2,Tumor Free,19.2655423,0:CENSORED,Yes,No,Black or African American,No,12,1,Female,BRCA_Basal,10,,,,,,,,,,,,,,,,,,,,
TCGA-S3-AA11,brca_tcga_pan_can_atlas_2018,67,STAGE IIA,7TH,-29,BRCA,421,-24813,0,13.84094421,0:DiseaseFree,13.84094421,0:ALIVE OR DEAD TUMOR FREE,Not Hispanic Or Latino,4/18/14,AFR,No,C50.9,8500/3,C50.9,Yes,Yes,No,13.84094421,0:LIVING,0DD8DBC1-C48B-4E7C-B401-57101F724967,M0,N0,T2,Tumor Free,13.84094421,0:CENSORED,Yes,No,Black or African American,Yes,-6,1,Female,BRCA_LumA,-28,,,,,,,,,,,,,,,,,,,,
TCGA-S3-AA12,brca_tcga_pan_can_atlas_2018,82,STAGE IIIA,7TH,-13,BRCA,574,-30101,0,18.87102607,0:DiseaseFree,18.87102607,0:ALIVE OR DEAD TUMOR FREE,Not Hispanic Or Latino,4/18/14,AFR,No,C50.9,8500/3,C50.9,Yes,Yes,No,18.87102607,0:LIVING,2BCACFD1-6A45-4B96-9B80-2AD569B1AB45,MX,N1A,T3,Tumor Free,18.87102607,0:CENSORED,Yes,Yes,Black or African American,No,0,1,Female,BRCA_LumA,-20,,,,,,,,,,,,,,,,,,,,
TCGA-S3-AA14,brca_tcga_pan_can_atlas_2018,47,STAGE I,7TH,-29,BRCA,529,-17352,0,17.39159023,0:DiseaseFree,17.39159023,0:ALIVE OR DEAD TUMOR FREE,Not Hispanic Or Latino,4/18/14,AFR,No,C50.9,8500/3,C50.9,Yes,Yes,No,17.39159023,0:LIVING,929ACC67-B8BF-4F65-9110-380E44AB66B7,CM0 (I+),N0 (I+),T1,Tumor Free,17.39159023,0:CENSORED,Yes,No,Black or African American,Yes,2,1,Female,BRCA_LumA,-22,,,,,,,,,,,,,,,,,,,,
TCGA-S3-AA15,brca_tcga_pan_can_atlas_2018,51,STAGE IIB,7TH,-9,BRCA,525,-18659,0,17.26008482,0:DiseaseFree,17.26008482,0:ALIVE OR DEAD TUMOR FREE,Not Hispanic Or Latino,4/18/14,AFR,No,C50.9,8500/3,C50.9,Yes,Yes,No,17.26008482,0:LIVING,E783E518-C1E5-4EAC-8EAF-E2D65CCD9692,CM0 (I+),N1A,T2,Tumor Free,17.26008482,0:CENSORED,Yes,No,Black or African American,Yes,8,1,Female,BRCA_Basal,-10,,,,,,,,,,,,,,,,,,,,
TCGA-S3-AA17,brca_tcga_pan_can_atlas_2018,64,STAGE IIB,7TH,-13,BRCA,424,-23642,0,13.93957327,0:DiseaseFree,13.93957327,0:ALIVE OR DEAD TUMOR FREE,Not Hispanic Or Latino,4/21/14,AFR_ADMIX,No,C50.9,8500/3,C50.9,Yes,Yes,No,13.93957327,0:LIVING,49A2FD48-744D-4D88-B9B4-8C778D4F48FD,CM0 (I+),N1MI,T2,Tumor Free,13.93957327,0:CENSORED,Yes,Yes,Black or African American,Yes,12,1,Female,BRCA_LumB,-38,,,,,,,,,,,,,,,,,,,,
TCGA-UL-AAZ6,brca_tcga_pan_can_atlas_2018,73,STAGE IIA,7TH,21,BRCA,518,-26999,0,,,17.02995036,0:ALIVE OR DEAD TUMOR FREE,Not Hispanic Or Latino,8/28/14,AFR,No,C50.9,8500/3,C50.9,Yes,Yes,No,17.02995036,0:LIVING,4B54E06E-A280-4981-A4E1-9AEA154341B4,MX,N0,T2,Tumor Free,17.02995036,0:CENSORED,,No,Black or African American,No,18,1,Female,BRCA_LumA,14,,,,,,,,,,,,,,,,,,,,
TCGA-UU-A93S,brca_tcga_pan_can_atlas_2018,63,STAGE IV,7TH,15,BRCA,,-23278,0,,,3.813656837,1:DEAD WITH TUMOR,Not Hispanic Or Latino,11/11/14,AFR_ADMIX,No,C50.9,8500/3,C50.9,Yes,Yes,No,3.813656837,1:DECEASED,45013972-2DFD-4F82-A076-E3E4AF1B43B8,M1,N3B,T4D,With Tumor,3.813656837,1:PROGRESSION,No,No,Black or African American,No,10,1,Female,BRCA_Her2,14,,,,,,,,,,,,,,,,,,,,
TCGA-V7-A7HQ,brca_tcga_pan_can_atlas_2018,75,STAGE IIIA,6TH,7,BRCA,2033,-27684,0,66.8376237,0:DiseaseFree,66.8376237,0:ALIVE OR DEAD TUMOR FREE,Not Hispanic Or Latino,3/31/15,,No,C50.9,8500/3,C50.9,Yes,Yes,No,66.8376237,0:LIVING,1285EB55-415C-494A-AA58-936F0427CDD0,M0,N2A,T1C,Tumor Free,66.8376237,0:CENSORED,Yes,No,Black or African American,Yes,-6,1,Female,BRCA_LumA,10,,,,,,,,,,,,,,,,,,,,
TCGA-W8-A86G,brca_tcga_pan_can_atlas_2018,66,STAGE IIA,7TH,-31,BRCA,347,-24125,0,11.40809416,0:DiseaseFree,11.40809416,0:ALIVE OR DEAD TUMOR FREE,Not Hispanic Or Latino,1/29/14,EUR,No,C50.9,8520/3,C50.9,Yes,Yes,No,11.40809416,0:LIVING,90FF48C3-B14B-4A8B-94A1-98C0BAB0D27B,MX,N0 (I-),T2A,Tumor Free,11.40809416,0:CENSORED,Yes,Yes,White,No,-22,1,Female,BRCA_LumA,-24,,,,,,,,,,,,,,,,,,,,
TCGA-WT-AB41,brca_tcga_pan_can_atlas_2018,55,STAGE IIB,7TH,-19,BRCA,1611,,0,52.96380314,0:DiseaseFree,52.96380314,0:ALIVE OR DEAD TUMOR FREE,Not Hispanic Or Latino,7/16/14,AFR,No,C50.9,8500/3,C50.9,Yes,Yes,No,52.96380314,0:LIVING,E7DB08A7-B439-4230-8DC4-1B54AF4736C4,MX,N1MI,T2,Tumor Free,52.96380314,0:CENSORED,Yes,Yes,Black or African American,No,-12,1,Female,BRCA_LumA,-24,,,,,,,,,,,,,,,,,,,,
TCGA-WT-AB44,brca_tcga_pan_can_atlas_2018,77,STAGE IA,7TH,-21,BRCA,883,,0,29.02981885,0:DiseaseFree,29.02981885,0:ALIVE OR DEAD TUMOR FREE,Not Hispanic Or Latino,7/16/14,EUR,No,C50.9,8520/3,C50.9,Yes,Yes,No,29.02981885,0:LIVING,5CD79093-1571-4F71-8136-0D84CCABDCAC,MX,N0 (I-),T1C,Tumor Free,29.02981885,0:CENSORED,Yes,No,White,Yes,-12,1,Female,BRCA_LumA,-8,,,,,,,,,,,,,,,,,,,,
TCGA-XX-A899,brca_tcga_pan_can_atlas_2018,46,STAGE IIIA,7TH,-37,BRCA,467,-17022,0,15.3532564,0:DiseaseFree,15.3532564,0:ALIVE OR DEAD TUMOR FREE,Not Hispanic Or Latino,2/21/14,EUR,No,C50.9,8520/3,C50.9,Yes,Yes,No,15.3532564,0:LIVING,F89588E9-CA73-4465-A7FB-7246EDB45E3A,MX,N2A,T1C,Tumor Free,15.3532564,0:CENSORED,Yes,No,White,Yes,-8,1,Female,BRCA_LumA,-38,,,,,,,,,,,,,,,,,,,,
TCGA-XX-A89A,brca_tcga_pan_can_atlas_2018,68,STAGE IIB,7TH,-31,BRCA,488,-25000,0,16.0436598,0:DiseaseFree,16.0436598,0:ALIVE OR DEAD TUMOR FREE,Not Hispanic Or Latino,2/21/14,EUR,No,C50.9,8520/3,C50.9,Yes,Yes,No,16.0436598,0:LIVING,CA20249F-B7EA-4FD9-9ECB-34F74755AE35,MX,N0,T3,Tumor Free,16.0436598,0:CENSORED,Yes,No,White,Yes,-10,1,Female,BRCA_LumA,-28,,,,,,,,,,,,,,,,,,,,
TCGA-Z7-A8R5,brca_tcga_pan_can_atlas_2018,61,STAGE IIIA,6TH,-13,BRCA,3287,-22280,0,,,108.0645692,0:ALIVE OR DEAD TUMOR FREE,Not Hispanic Or Latino,7/9/14,EUR,No,C50.9,8520/3,C50.9,Yes,Yes,Yes,108.0645692,0:LIVING,23F438BD-1DBB-4D46-972F-1E8E74DDBD37,MX,N1A,T3,Tumor Free,5.950619719,1:PROGRESSION,Yes,Yes,White,No,-16,1,Female,BRCA_LumA,-12,,,,,,,,,,,,,,,,,,,,
TCGA-Z7-A8R6,brca_tcga_pan_can_atlas_2018,46,STAGE I,6TH,21,BRCA,3256,-16955,0,107.0454022,0:DiseaseFree,107.0454022,0:ALIVE OR DEAD TUMOR FREE,Not Hispanic Or Latino,7/9/14,EUR,No,C50.8,8022/3,C50.8,Yes,Yes,No,107.0454022,0:LIVING,B1D44C81-747D-471F-9093-AEB262A17975,M0,N0,T1C,Tumor Free,107.0454022,0:CENSORED,Yes,No,White,No,26,1,Female,BRCA_LumB,34,,,,,,,,,,,,,,,,,,,,
MB-0000,brca_metabric,,,,,,,,,,,,,,,,,,,,,,,140.5,0:LIVING,,,,,,,,,,,,,1,Female,,,75.65,MASTECTOMY,,NO,claudin-low,1,Positve,NEUTRAL,Ductal/NST,YES,Post,4ER+,Right,10,6.044,YES,140.5,0:Not Recurred,ER-/HER2-,Living
MB-0002,brca_metabric,,,,,,,,,,,,,,,,,,,,,,,84.6333333333333,0:LIVING,,,,,,,,,,,,,1,Female,,,43.19,BREAST CONSERVING,High,NO,LumA,1,Positve,NEUTRAL,Ductal/NST,YES,Pre,4ER+,Right,0,4.02,YES,84.6333333333333,0:Not Recurred,ER+/HER2- High Prolif,Living
MB-0005,brca_metabric,,,,,,,,,,,,,,,,,,,,,,,163.7,1:DECEASED,,,,,,,,,,,,,1,Female,,,48.87,MASTECTOMY,High,YES,LumB,1,Positve,NEUTRAL,Ductal/NST,YES,Pre,3,Right,1,4.03,NO,153.3,1:Recurred,,Died of Disease
MB-0006,brca_metabric,,,,,,,,,,,,,,,,,,,,,,,164.933333333333,0:LIVING,,,,,,,,,,,,,1,Female,,,47.68,MASTECTOMY,Moderate,YES,LumB,1,Positve,NEUTRAL,Mixed,YES,Pre,9,Right,3,4.05,YES,164.933333333333,0:Not Recurred,,Living
MB-0008,brca_metabric,,,,,,,,,,,,,,,,,,,,,,,41.3666666666667,1:DECEASED,,,,,,,,,,,,,1,Female,,,76.97,MASTECTOMY,High,YES,LumB,1,Positve,NEUTRAL,Mixed,YES,Post,9,Right,8,6.08,YES,18.8,1:Recurred,ER+/HER2- High Prolif,Died of Disease
MB-0010,brca_metabric,,,,,,,,,,,,,,,,,,,,,,,7.8,1:DECEASED,,,,,,,,,,,,,1,Female,,,78.77,MASTECTOMY,Moderate,NO,LumB,1,Positve,NEUTRAL,Ductal/NST,YES,Post,7,Left,0,4.062,YES,2.93333333333333,1:Recurred,ER+/HER2- High Prolif,Died of Disease
MB-0014,brca_metabric,,,,,,,,,,,,,,,,,,,,,,,164.333333333333,0:LIVING,,,,,,,,,,,,,1,Female,,,56.45,BREAST CONSERVING,Moderate,YES,LumB,1,Positve,LOSS,Ductal/NST,YES,Post,3,Right,1,4.02,YES,164.333333333333,0:Not Recurred,,Living
MB-0020,brca_metabric,,,,,,,,,,,,,,,,,,,,,,,22.4,1:DECEASED,,,,,,,,,,,,,1,Female,,,70,MASTECTOMY,High,YES,Normal,1,Negative,NEUTRAL,Lobular,NO,Post,4ER-,Left,,6.13,YES,11.9,1:Recurred,ER-/HER2-,Died of Disease
MB-0022,brca_metabric,,,,,,,,,,,,,,,,,,,,,,,99.5333333333333,1:DECEASED,,,,,,,,,,,,,1,Female,,,89.08,BREAST CONSERVING,Moderate,NO,claudin-low,1,Positve,NEUTRAL,Mixed,YES,Post,3,Left,1,4.058,YES,99.5333333333333,0:Not Recurred,,Died of Other Causes
MB-0025,brca_metabric,,,,,,,,,,,,,,,,,,,,,,,,,,,,,,,,,,,,,1,Female,,,76.24,,,,,1,Positve,,Ductal/NST,,,,,11,6.68,,128,1:Recurred,,
MB-0028,brca_metabric,,,,,,,,,,,,,,,,,,,,,,,36.5666666666667,1:DECEASED,,,,,,,,,,,,,1,Female,,,86.41,BREAST CONSERVING,Moderate,NO,LumB,1,Positve,GAIN,Ductal/NST,YES,Post,9,Right,1,5.032,YES,36.5666666666667,0:Not Recurred,ER+/HER2- High Prolif,Died of Other Causes
MB-0035,brca_metabric,,,,,,,,,,,,,,,,,,,,,,,36.2666666666667,1:DECEASED,,,,,,,,,,,,,1,Female,,,84.22,MASTECTOMY,High,NO,Her2,1,Negative,LOSS,Lobular,NO,Post,3,Left,0,3.056,NO,36.2666666666667,1:Recurred,ER+/HER2- High Prolif,Died of Disease
MB-0036,brca_metabric,,,,,,,,,,,,,,,,,,,,,,,132.033333333333,1:DECEASED,,,,,,,,,,,,,1,Female,,,85.49,MASTECTOMY,Moderate,NO,LumA,1,Positve,NEUTRAL,Ductal/NST,YES,Post,3,Left,0,3.044,YES,124.966666666667,1:Recurred,ER+/HER2- Low Prolif,Died of Disease
MB-0039,brca_metabric,,,,,,,,,,,,,,,,,,,,,,,163.533333333333,0:LIVING,,,,,,,,,,,,,1,Female,,,70.91,BREAST CONSERVING,High,NO,LumB,1,Positve,GAIN,Ductal/NST,YES,Post,4ER+,Left,0,2.042,YES,163.533333333333,0:Not Recurred,,Living
MB-0045,brca_metabric,,,,,,,,,,,,,,,,,,,,,,,164.9,0:LIVING,,,,,,,,,,,,,1,Female,,,45.27,MASTECTOMY,High,YES,claudin-low,1,Negative,NEUTRAL,Ductal/NST,NO,Pre,4ER-,Right,3,5.038,YES,107.4,1:Recurred,,Living
MB-0046,brca_metabric,,,,,,,,,,,,,,,,,,,,,,,14.1333333333333,1:DECEASED,,,,,,,,,,,,,1,Female,,,83.02,MASTECTOMY,High,NO,LumA,1,Positve,GAIN,Ductal/NST,YES,Post,5,Left,24,6.072,YES,13.5333333333333,1:Recurred,,Died of Other Causes
MB-0048,brca_metabric,,,,,,,,,,,,,,,,,,,,,,,103.833333333333,0:LIVING,,,,,,,,,,,,,1,Female,,,51.46,BREAST CONSERVING,Low,YES,claudin-low,1,Positve,GAIN,Ductal/NST,YES,Post,4ER+,Left,1,4.05,YES,103.833333333333,0:Not Recurred,,Living
MB-0050,brca_metabric,,,,,,,,,,,,,,,,,,,,,,,75.3333333333333,0:LIVING,,,,,,,,,,,,,1,Female,,,44.64,BREAST CONSERVING,Moderate,YES,Normal,1,Positve,NEUTRAL,Mixed,YES,Pre,8,Right,3,4.066,YES,75.3333333333333,0:Not Recurred,ER+/HER2- Low Prolif,Living
MB-0053,brca_metabric,,,,,,,,,,,,,,,,,,,,,,,161.066666666667,0:LIVING,,,,,,,,,,,,,1,Female,,,70.02,BREAST CONSERVING,High,NO,LumB,1,Positve,NEUTRAL,Ductal/NST,YES,Post,7,Right,0,3.046,YES,161.066666666667,0:Not Recurred,,Living
MB-0054,brca_metabric,,,,,,,,,,,,,,,,,,,,,,,160.3,0:LIVING,,,,,,,,,,,,,1,Female,,,66.91,MASTECTOMY,Moderate,NO,LumB,1,Positve,GAIN,Ductal/NST,YES,Post,10,Right,0,4.072,YES,121.433333333333,1:Recurred,,Living
MB-0056,brca_metabric,,,,,,,,,,,,,,,,,,,,,,,62.8666666666667,0:LIVING,,,,,,,,,,,,,1,Female,,,62.62,MASTECTOMY,High,NO,LumB,1,Positve,NEUTRAL,Mixed,YES,Post,1,Right,0,3.058,NO,62.8666666666667,0:Not Recurred,,Living
MB-0059,brca_metabric,,,,,,,,,,,,,,,,,,,,,,,160.9,0:LIVING,,,,,,,,,,,,,1,Female,,,75.58,MASTECTOMY,High,NO,LumA,1,Positve,NEUTRAL,Ductal/NST,YES,Post,8,Left,,4.034,YES,160.9,0:Not Recurred,ER+/HER2- High Prolif,Living
MB-0060,brca_metabric,,,,,,,,,,,,,,,,,,,,,,,140.866666666667,0:LIVING,,,,,,,,,,,,,1,Female,,,45.43,BREAST CONSERVING,High,YES,LumB,1,Positve,NEUTRAL,Ductal/NST,YES,Pre,10,Right,0,4.046,YES,140.866666666667,0:Not Recurred,ER+/HER2- High Prolif,Living
MB-0062,brca_metabric,,,,,,,,,,,,,,,,,,,,,,,153.966666666667,0:LIVING,,,,,,,,,,,,,1,Female,,,52.14,MASTECTOMY,High,YES,Basal,1,Negative,NEUTRAL,Ductal/NST,NO,Post,10,Right,0,4.034,YES,153.966666666667,0:Not Recurred,,Living
MB-0064,brca_metabric,,,,,,,,,,,,,,,,,,,,,,,108.933333333333,0:LIVING,,,,,,,,,,,,,1,Female,,,69.13,BREAST CONSERVING,Moderate,NO,LumB,1,Positve,GAIN,Ductal/NST,YES,Post,3,Right,0,3.036,NO,108.933333333333,0:Not Recurred,,Living
MB-0066,brca_metabric,,,,,,,,,,,,,,,,,,,,,,,157.433333333333,0:LIVING,,,,,,,,,,,,,1,Female,,,61.49,BREAST CONSERVING,High,NO,LumB,1,Positve,NEUTRAL,Ductal/NST,YES,Post,7,Left,1,4.032,YES,157.433333333333,0:Not Recurred,ER+/HER2- High Prolif,Living
MB-0068,brca_metabric,,,,,,,,,,,,,,,,,,,,,,,103.133333333333,0:LIVING,,,,,,,,,,,,,1,Female,,,51.01,BREAST CONSERVING,High,NO,LumA,1,Positve,LOSS,Tubular/ cribriform,YES,Post,3,Left,1,3.024,YES,103.133333333333,0:Not Recurred,,Living
MB-0071,brca_metabric,,,,,,,,,,,,,,,,,,,,,,,131,1:DECEASED,,,,,,,,,,,,,1,Female,,,68.42,MASTECTOMY,High,NO,LumB,1,Positve,NEUTRAL,,YES,Post,8,,,4.1,YES,131,0:Not Recurred,,Died of Other Causes
MB-0079,brca_metabric,,,,,,,,,,,,,,,,,,,,,,,28.5,1:DECEASED,,,,,,,,,,,,,1,Female,,,50.42,MASTECTOMY,High,YES,Her2,1,Negative,NEUTRAL,Ductal/NST,NO,Post,10,Right,4,6.08,YES,26.6333333333333,1:Recurred,,Died of Disease
MB-0081,brca_metabric,,,,,,,,,,,,,,,,,,,,,,,69.5,0:LIVING,,,,,,,,,,,,,1,Female,,,49.61,BREAST CONSERVING,Moderate,NO,claudin-low,1,Positve,NEUTRAL,Ductal/NST,YES,Pre,3,Right,0,3.048,YES,69.5,0:Not Recurred,,Living
MB-0083,brca_metabric,,,,,,,,,,,,,,,,,,,,,,,86.0666666666667,1:DECEASED,,,,,,,,,,,,,1,Female,,,64.85,BREAST CONSERVING,Moderate,NO,LumB,1,Positve,NEUTRAL,Lobular,YES,Post,2,Right,0,3.026,YES,86.0666666666667,1:Recurred,,Died of Disease
MB-0093,brca_metabric,,,,,,,,,,,,,,,,,,,,,,,153.2,0:LIVING,,,,,,,,,,,,,1,Female,,,43.55,BREAST CONSERVING,High,NO,LumB,1,Positve,NEUTRAL,Mixed,YES,Pre,3,Left,1,5.028,YES,153.2,0:Not Recurred,,Living
MB-0095,brca_metabric,,,,,,,,,,,,,,,,,,,,,,,49.7666666666667,1:DECEASED,,,,,,,,,,,,,1,Female,,,80.5,MASTECTOMY,High,NO,LumB,1,Positve,NEUTRAL,Ductal/NST,YES,Post,8,Left,1,4.11,YES,49.7666666666667,0:Not Recurred,,Died of Other Causes
MB-0097,brca_metabric,,,,,,,,,,,,,,,,,,,,,,,98.7,0:LIVING,,,,,,,,,,,,,1,Female,,,78.19,MASTECTOMY,High,NO,LumA,1,Positve,NEUTRAL,Ductal/NST,YES,Post,8,Left,3,5.06,YES,98.7,0:Not Recurred,,Living
MB-0099,brca_metabric,,,,,,,,,,,,,,,,,,,,,,,132.1,1:DECEASED,,,,,,,,,,,,,1,Female,,,51.58,BREAST CONSERVING,Moderate,YES,LumB,1,Positve,LOSS,Ductal/NST,YES,Post,4ER+,Right,,3.042,YES,81.5,1:Recurred,,Died of Disease
MB-0100,brca_metabric,,,,,,,,,,,,,,,,,,,,,,,8.06666666666667,1:DECEASED,,,,,,,,,,,,,1,Female,,,68.68,MASTECTOMY,Low,YES,Basal,1,Negative,NEUTRAL,Ductal/NST,NO,Post,10,Right,0,4.078,YES,7.93333333333333,1:Recurred,ER-/HER2-,Died of Disease
MB-0101,brca_metabric,,,,,,,,,,,,,,,,,,,,,,,148.033333333333,0:LIVING,,,,,,,,,,,,,1,Female,,,46.89,MASTECTOMY,Moderate,NO,Normal,1,Positve,NEUTRAL,Lobular,YES,Pre,8,Right,0,3.068,YES,34.1666666666667,1:Recurred,ER+/HER2- Low Prolif,Living
MB-0102,brca_metabric,,,,,,,,,,,,,,,,,,,,,,,140.766666666667,1:DECEASED,,,,,,,,,,,,,1,Female,,,51.38,MASTECTOMY,High,YES,LumB,1,Positve,NEUTRAL,Lobular,YES,Post,3,Right,16,5.08,YES,102,1:Recurred,ER+/HER2- High Prolif,Died of Disease
MB-0106,brca_metabric,,,,,,,,,,,,,,,,,,,,,,,85.3333333333333,0:LIVING,,,,,,,,,,,,,1,Female,,,49.87,MASTECTOMY,Moderate,YES,LumA,1,Positve,NEUTRAL,Ductal/NST,YES,Pre,8,Left,5,4.14,YES,85.3333333333333,0:Not Recurred,ER+/HER2- Low Prolif,Living
MB-0107,brca_metabric,,,,,,,,,,,,,,,,,,,,,,,158.033333333333,0:LIVING,,,,,,,,,,,,,1,Female,,,65.59,MASTECTOMY,Moderate,NO,LumB,1,Positve,NEUTRAL,Ductal/NST,YES,Post,1,Right,0,4.036,NO,158.033333333333,0:Not Recurred,,Living
MB-0108,brca_metabric,,,,,,,,,,,,,,,,,,,,,,,42.7,1:DECEASED,,,,,,,,,,,,,1,Female,,,43.15,BREAST CONSERVING,Low,YES,claudin-low,1,Positve,NEUTRAL,Ductal/NST,YES,Pre,4ER+,Right,0,4.036,YES,23,1:Recurred,,Died of Disease
MB-0109,brca_metabric,,,,,,,,,,,,,,,,,,,,,,,112.4,1:DECEASED,,,,,,,,,,,,,1,Female,,,82.53,,High,NO,Basal,1,Positve,GAIN,Ductal/NST,NO,Post,9,,0,4.09,NO,112.4,0:Not Recurred,ER+/HER2- High Prolif,Died of Other Causes
MB-0110,brca_metabric,,,,,,,,,,,,,,,,,,,,,,,157.5,0:LIVING,,,,,,,,,,,,,1,Female,,,45.73,BREAST CONSERVING,Low,NO,claudin-low,1,,NEUTRAL,,NO,Pre,3,Left,,2.14,NO,12.3333333333333,1:Recurred,,Living
MB-0111,brca_metabric,,,,,,,,,,,,,,,,,,,,,,,127.1,0:LIVING,,,,,,,,,,,,,1,Female,,,54.23,MASTECTOMY,High,NO,LumA,1,Positve,NEUTRAL,Ductal/NST,YES,Post,3,Right,0,2.054,NO,127.1,0:Not Recurred,ER+/HER2- Low Prolif,Living
MB-0112,brca_metabric,,,,,,,,,,,,,,,,,,,,,,,39.1666666666667,1:DECEASED,,,,,,,,,,,,,1,Female,,,83.89,MASTECTOMY,High,NO,LumA,1,Positve,NEUTRAL,Lobular,YES,Post,3,Right,14,6.3,YES,25.4666666666667,1:Recurred,ER+/HER2- Low Prolif,Died of Disease
MB-0113,brca_metabric,,,,,,,,,,,,,,,,,,,,,,,43.1666666666667,0:LIVING,,,,,,,,,,,,,1,Female,,,36.96,MASTECTOMY,Low,YES,Her2,1,Positve,GAIN,Ductal/NST,YES,Pre,5,Right,3,5.034,YES,43.1666666666667,0:Not Recurred,HER2+,Living
MB-0114,brca_metabric,,,,,,,,,,,,,,,,,,,,,,,13.4,0:LIVING,,,,,,,,,,,,,1,Female,,,48.59,MASTECTOMY,Low,NO,LumA,1,Positve,NEUTRAL,Ductal/NST,YES,Pre,8,Left,0,3.06,NO,13.4,0:Not Recurred,ER+/HER2- High Prolif,Living
MB-0115,brca_metabric,,,,,,,,,,,,,,,,,,,,,,,66.7333333333333,1:DECEASED,,,,,,,,,,,,,1,Female,,,39.84,MASTECTOMY,Moderate,YES,Basal,1,Negative,NEUTRAL,Ductal/NST,NO,Pre,10,Left,0,4.05,YES,32.1666666666667,1:Recurred,ER-/HER2-,Died of Disease
MB-0116,brca_metabric,,,,,,,,,,,,,,,,,,,,,,,122.266666666667,0:LIVING,,,,,,,,,,,,,1,Female,,,42.55,MASTECTOMY,Moderate,YES,Normal,1,Positve,NEUTRAL,Lobular,YES,Pre,6,Right,1,4.12,YES,122.266666666667,0:Not Recurred,ER+/HER2- High Prolif,Living
MB-0117,brca_metabric,,,,,,,,,,,,,,,,,,,,,,,2.4,0:LIVING,,,,,,,,,,,,,1,Female,,,60.07,BREAST CONSERVING,Moderate,NO,LumA,1,Positve,NEUTRAL,Mixed,YES,Post,1,Right,1,4.046,YES,2.4,0:Not Recurred,ER+/HER2- Low Prolif,Living
MB-0119,brca_metabric,,,,,,,,,,,,,,,,,,,,,,,95.8666666666667,1:DECEASED,,,,,,,,,,,,,1,Female,,,82.73,MASTECTOMY,High,NO,LumB,1,Positve,GAIN,Ductal/NST,YES,Post,7,Left,1,4.046,YES,95.8666666666667,1:Recurred,ER+/HER2- High Prolif,Died of Disease
MB-0120,brca_metabric,,,,,,,,,,,,,,,,,,,,,,,29.0666666666667,1:DECEASED,,,,,,,,,,,,,1,Female,,,72.1,MASTECTOMY,Moderate,NO,LumB,1,Positve,GAIN,Ductal/NST,YES,Post,9,Left,1,5.052,YES,29.0666666666667,1:Recurred,ER+/HER2- High Prolif,Died of Disease
MB-0121,brca_metabric,,,,,,,,,,,,,,,,,,,,,,,152.2,0:LIVING,,,,,,,,,,,,,1,Female,,,78.73,MASTECTOMY,Moderate,NO,LumA,1,Positve,NEUTRAL,Ductal/NST,YES,Post,8,Left,6,5.06,YES,152.2,0:Not Recurred,ER+/HER2- Low Prolif,Living
MB-0122,brca_metabric,,,,,,,,,,,,,,,,,,,,,,,138.9,0:LIVING,,,,,,,,,,,,,1,Female,,,58.95,BREAST CONSERVING,Moderate,NO,LumA,1,Positve,NEUTRAL,Ductal/NST,YES,Post,8,Right,1,3.04,YES,138.9,0:Not Recurred,ER+/HER2- Low Prolif,Living
MB-0123,brca_metabric,,,,,,,,,,,,,,,,,,,,,,,114.233333333333,1:DECEASED,,,,,,,,,,,,,1,Female,,,76.89,MASTECTOMY,Moderate,NO,LumB,1,Positve,NEUTRAL,Ductal/NST,YES,Post,1,Right,0,4.05,NO,26.2,1:Recurred,ER+/HER2- High Prolif,Died of Other Causes
MB-0124,brca_metabric,,,,,,,,,,,,,,,,,,,,,,,118.2,0:LIVING,,,,,,,,,,,,,1,Female,,,43.46,BREAST CONSERVING,Low,YES,LumA,1,Positve,NEUTRAL,Mixed,YES,Pre,8,Left,2,4.1,YES,118.2,0:Not Recurred,ER+/HER2- Low Prolif,Living
MB-0125,brca_metabric,,,,,,,,,,,,,,,,,,,,,,,1.26666666666667,0:LIVING,,,,,,,,,,,,,1,Female,,,73.98,BREAST CONSERVING,Low,NO,LumB,1,Positve,NEUTRAL,Mixed,YES,Post,8,Right,0,2.018,NO,1.26666666666667,0:Not Recurred,ER+/HER2- Low Prolif,Living
MB-0126,brca_metabric,,,,,,,,,,,,,,,,,,,,,,,127.633333333333,0:LIVING,,,,,,,,,,,,,1,Female,,,61.95,MASTECTOMY,Moderate,NO,LumA,1,Positve,NEUTRAL,Ductal/NST,YES,Post,8,Right,0,3.07,YES,41.7333333333333,1:Recurred,ER+/HER2- Low Prolif,Living
MB-0127,brca_metabric,,,,,,,,,,,,,,,,,,,,,,,132.066666666667,0:LIVING,,,,,,,,,,,,,1,Female,,,52.11,BREAST CONSERVING,,YES,Normal,1,Positve,NEUTRAL,Ductal/NST,YES,Post,3,Right,1,4.026,YES,132.066666666667,0:Not Recurred,ER+/HER2- Low Prolif,Living
MB-0128,brca_metabric,,,,,,,,,,,,,,,,,,,,,,,137.8,0:LIVING,,,,,,,,,,,,,1,Female,,,57.4,BREAST CONSERVING,Low,NO,claudin-low,1,Positve,NEUTRAL,Ductal/NST,YES,Post,3,Left,0,3.028,YES,137.8,0:Not Recurred,ER+/HER2- Low Prolif,Living
MB-0129,brca_metabric,,,,,,,,,,,,,,,,,,,,,,,38.5666666666667,1:DECEASED,,,,,,,,,,,,,1,Female,,,63.53,MASTECTOMY,Low,YES,Her2,1,Negative,GAIN,Ductal/NST,NO,Post,5,Right,4,6.048,YES,38.5666666666667,0:Not Recurred,HER2+,Died of Other Causes
MB-0130,brca_metabric,,,,,,,,,,,,,,,,,,,,,,,153.566666666667,0:LIVING,,,,,,,,,,,,,1,Female,,,56.75,MASTECTOMY,Low,NO,LumA,1,Positve,GAIN,Ductal/NST,YES,Post,5,Left,0,2.034,NO,153.566666666667,0:Not Recurred,HER2+,Living
MB-0131,brca_metabric,,,,,,,,,,,,,,,,,,,,,,,66.6333333333333,1:DECEASED,,,,,,,,,,,,,1,Female,,,69.16,MASTECTOMY,Moderate,YES,LumA,1,Positve,NEUTRAL,Ductal/NST,YES,Post,8,Left,0,4.078,YES,64.4333333333333,1:Recurred,ER+/HER2- High Prolif,Died of Disease
MB-0133,brca_metabric,,,,,,,,,,,,,,,,,,,,,,,151,0:LIVING,,,,,,,,,,,,,1,Female,,,58.89,BREAST CONSERVING,Moderate,YES,LumA,1,Positve,NEUTRAL,Mixed,YES,Post,8,Left,1,3.16,YES,151,0:Not Recurred,ER+/HER2- Low Prolif,Living
MB-0134,brca_metabric,,,,,,,,,,,,,,,,,,,,,,,12.9333333333333,1:DECEASED,,,,,,,,,,,,,1,Female,,,73.11,MASTECTOMY,High,NO,LumB,1,Positve,NEUTRAL,Ductal/NST,YES,Post,8,Left,3,5.044,YES,11.8666666666667,1:Recurred,ER+/HER2- High Prolif,Died of Disease
MB-0135,brca_metabric,,,,,,,,,,,,,,,,,,,,,,,116.633333333333,0:LIVING,,,,,,,,,,,,,1,Female,,,74.09,MASTECTOMY,Moderate,NO,LumB,1,Positve,NEUTRAL,Ductal/NST,YES,Post,2,Left,1,5.07,YES,116.633333333333,0:Not Recurred,ER+/HER2- High Prolif,Living
MB-0136,brca_metabric,,,,,,,,,,,,,,,,,,,,,,,88.2,0:LIVING,,,,,,,,,,,,,1,Female,,,72.3,BREAST CONSERVING,High,NO,LumA,1,Positve,NEUTRAL,Ductal/NST,YES,Post,3,Right,0,3.026,NO,88.2,0:Not Recurred,ER+/HER2- Low Prolif,Living
MB-0138,brca_metabric,,,,,,,,,,,,,,,,,,,,,,,150.566666666667,0:LIVING,,,,,,,,,,,,,1,Female,,,51.33,BREAST CONSERVING,Moderate,NO,LumA,1,Positve,LOSS,Ductal/NST,YES,Post,3,Left,0,3.036,NO,150.566666666667,0:Not Recurred,ER+/HER2- Low Prolif,Living
MB-0139,brca_metabric,,,,,,,,,,,,,,,,,,,,,,,109.2,0:LIVING,,,,,,,,,,,,,1,Female,,,47.62,BREAST CONSERVING,Moderate,NO,LumA,1,Positve,NEUTRAL,Lobular,YES,Pre,3,Right,1,4.06,YES,109.2,0:Not Recurred,ER+/HER2- Low Prolif,Living
MB-0140,brca_metabric,,,,,,,,,,,,,,,,,,,,,,,147.933333333333,0:LIVING,,,,,,,,,,,,,1,Female,,,74.07,BREAST CONSERVING,High,NO,LumB,1,Positve,NEUTRAL,Ductal/NST,YES,Post,8,Right,1,4.054,YES,147.933333333333,0:Not Recurred,ER+/HER2- High Prolif,Living
MB-0142,brca_metabric,,,,,,,,,,,,,,,,,,,,,,,12.4,0:LIVING,,,,,,,,,,,,,1,Female,,,57.99,MASTECTOMY,Moderate,NO,LumA,1,Positve,LOSS,Mixed,NO,Post,1,Right,0,3.032,NO,12.4,0:Not Recurred,ER+/HER2- Low Prolif,Living
MB-0143,brca_metabric,,,,,,,,,,,,,,,,,,,,,,,54.3333333333333,1:DECEASED,,,,,,,,,,,,,1,Female,,,85.39,BREAST CONSERVING,High,NO,LumA,1,Positve,NEUTRAL,Ductal/NST,YES,Post,9,Right,2,5.044,YES,54.3333333333333,0:Not Recurred,ER+/HER2- High Prolif,Died of Other Causes
MB-0144,brca_metabric,,,,,,,,,,,,,,,,,,,,,,,152.066666666667,1:DECEASED,,,,,,,,,,,,,1,Female,,,79.73,BREAST CONSERVING,High,NO,LumB,1,Positve,NEUTRAL,Ductal/NST,YES,Post,8,Left,6,6.052,YES,117.933333333333,1:Recurred,ER+/HER2- Low Prolif,Died of Disease
MB-0145,brca_metabric,,,,,,,,,,,,,,,,,,,,,,,147.666666666667,0:LIVING,,,,,,,,,,,,,1,Female,,,62.4,BREAST CONSERVING,Moderate,NO,LumA,1,Positve,NEUTRAL,Lobular,YES,Post,3,Left,0,3.04,YES,147.666666666667,0:Not Recurred,ER+/HER2- Low Prolif,Living
MB-0146,brca_metabric,,,,,,,,,,,,,,,,,,,,,,,122.166666666667,1:DECEASED,,,,,,,,,,,,,1,Female,,,81,BREAST CONSERVING,High,NO,LumB,1,Positve,LOSS,Ductal/NST,YES,Post,1,Left,2,5.044,YES,122.166666666667,0:Not Recurred,ER+/HER2- High Prolif,Died of Other Causes
MB-0147,brca_metabric,,,,,,,,,,,,,,,,,,,,,,,51.7666666666667,1:DECEASED,,,,,,,,,,,,,1,Female,,,79.28,MASTECTOMY,High,NO,LumA,1,Positve,NEUTRAL,Lobular,YES,Post,2,Right,9,5.076,YES,51.2666666666667,1:Recurred,ER+/HER2- High Prolif,Died of Disease
MB-0148,brca_metabric,,,,,,,,,,,,,,,,,,,,,,,1.76666666666667,0:LIVING,,,,,,,,,,,,,1,Female,,,53.16,MASTECTOMY,High,NO,Her2,1,Negative,GAIN,Ductal/NST,NO,Post,5,Left,0,4.038,NO,1.76666666666667,0:Not Recurred,HER2+,Living
MB-0149,brca_metabric,,,,,,,,,,,,,,,,,,,,,,,51.7,1:DECEASED,,,,,,,,,,,,,1,Female,,,77.13,BREAST CONSERVING,Low,NO,Basal,1,Negative,LOSS,Ductal/NST,NO,Post,10,Right,0,4.078,YES,51.7,0:Not Recurred,ER-/HER2-,Died of Other Causes
MB-0150,brca_metabric,,,,,,,,,,,,,,,,,,,,,,,111.2,0:LIVING,,,,,,,,,,,,,1,Female,,,70.22,MASTECTOMY,High,NO,Basal,1,Positve,NEUTRAL,Ductal/NST,YES,Post,4ER+,Left,0,3.04,NO,111.2,0:Not Recurred,ER-/HER2-,Living
MB-0151,brca_metabric,,,,,,,,,,,,,,,,,,,,,,,49.2333333333333,1:DECEASED,,,,,,,,,,,,,1,Female,,,67.7,MASTECTOMY,Moderate,NO,LumB,1,Positve,NEUTRAL,Ductal/NST,YES,Post,2,Left,6,6.1,YES,48.6333333333333,1:Recurred,ER+/HER2- High Prolif,Died of Disease
MB-0152,brca_metabric,,,,,,,,,,,,,,,,,,,,,,,63.0333333333333,0:LIVING,,,,,,,,,,,,,1,Female,,,63.77,MASTECTOMY,High,NO,Her2,1,Negative,GAIN,Ductal/NST,NO,Post,4ER-,Right,0,4.024,NO,63.0333333333333,0:Not Recurred,HER2+,Living
MB-0153,brca_metabric,,,,,,,,,,,,,,,,,,,,,,,148.566666666667,0:LIVING,,,,,,,,,,,,,1,Female,,,67.12,MASTECTOMY,High,NO,claudin-low,1,,NEUTRAL,,NO,Post,4ER-,Left,,1.056,NO,148.566666666667,0:Not Recurred,ER-/HER2-,Living
MB-0154,brca_metabric,,,,,,,,,,,,,,,,,,,,,,,114.766666666667,0:LIVING,,,,,,,,,,,,,1,Female,,,62.46,MASTECTOMY,Moderate,NO,LumA,1,Positve,NEUTRAL,Ductal/NST,YES,Post,4ER+,Right,0,3.024,NO,114.766666666667,0:Not Recurred,ER+/HER2- Low Prolif,Living
MB-0155,brca_metabric,,,,,,,,,,,,,,,,,,,,,,,59.8,0:LIVING,,,,,,,,,,,,,1,Female,,,62.72,BREAST CONSERVING,Moderate,NO,claudin-low,1,Positve,NEUTRAL,Ductal/NST,YES,Post,4ER+,Left,0,2.018,YES,59.8,0:Not Recurred,ER+/HER2- Low Prolif,Living
MB-0156,brca_metabric,,,,,,,,,,,,,,,,,,,,,,,2.86666666666667,0:LIVING,,,,,,,,,,,,,1,Female,,,60.85,BREAST CONSERVING,Low,NO,claudin-low,1,,NEUTRAL,,NO,Post,4ER+,Left,,2.004,NO,2.86666666666667,0:Not Recurred,,Living
MB-0157,brca_metabric,,,,,,,,,,,,,,,,,,,,,,,114.766666666667,0:LIVING,,,,,,,,,,,,,1,Female,,,71.5,BREAST CONSERVING,Moderate,NO,claudin-low,1,Negative,NEUTRAL,Ductal/NST,NO,Post,4ER-,Left,0,4.06,YES,114.766666666667,0:Not Recurred,ER-/HER2-,Living
MB-0158,brca_metabric,,,,,,,,,,,,,,,,,,,,,,,192.3,0:LIVING,,,,,,,,,,,,,1,Female,,,50.43,MASTECTOMY,Moderate,YES,Basal,1,Negative,NEUTRAL,Ductal/NST,YES,Post,10,Left,,4.044,NO,40.7333333333333,1:Recurred,ER-/HER2-,Living
MB-0159,brca_metabric,,,,,,,,,,,,,,,,,,,,,,,75.3,0:LIVING,,,,,,,,,,,,,1,Female,,,51.04,MASTECTOMY,Low,NO,Basal,1,,GAIN,,NO,Post,5,Left,,2.046,NO,75.3,0:Not Recurred,HER2+,Living
MB-0160,brca_metabric,,,,,,,,,,,,,,,,,,,,,,,143.533333333333,0:LIVING,,,,,,,,,,,,,1,Female,,,36.66,BREAST CONSERVING,,NO,Normal,1,,NEUTRAL,,NO,Pre,4ER-,Right,,1.046,NO,143.533333333333,0:Not Recurred,,Living
MB-0162,brca_metabric,,,,,,,,,,,,,,,,,,,,,,,55.7666666666667,0:LIVING,,,,,,,,,,,,,1,Female,,,57.56,BREAST CONSERVING,High,NO,LumA,1,Positve,NEUTRAL,Mixed,YES,Post,7,Left,1,4.028,YES,55.7666666666667,0:Not Recurred,ER+/HER2- Low Prolif,Living
MB-0163,brca_metabric,,,,,,,,,,,,,,,,,,,,,,,98.1,1:DECEASED,,,,,,,,,,,,,1,Female,,,84.73,BREAST CONSERVING,High,NO,Basal,1,Negative,NEUTRAL,Ductal/NST,NO,Post,10,,1,5.054,NO,98.1,0:Not Recurred,,Died of Other Causes
MB-0164,brca_metabric,,,,,,,,,,,,,,,,,,,,,,,10.8333333333333,0:LIVING,,,,,,,,,,,,,1,Female,,,37.87,MASTECTOMY,High,YES,claudin-low,1,Negative,NEUTRAL,Ductal/NST,NO,Pre,10,Left,0,4.032,YES,10.8333333333333,0:Not Recurred,ER-/HER2-,Living
MB-0165,brca_metabric,,,,,,,,,,,,,,,,,,,,,,,47.6333333333333,1:DECEASED,,,,,,,,,,,,,1,Female,,,53.75,MASTECTOMY,Moderate,YES,LumA,1,Positve,GAIN,Ductal/NST,YES,Post,5,Left,22,6.104,YES,32.5666666666667,1:Recurred,HER2+,Died of Disease
MB-0166,brca_metabric,,,,,,,,,,,,,,,,,,,,,,,104.4,0:LIVING,,,,,,,,,,,,,1,Female,,,44.98,BREAST CONSERVING,Moderate,YES,LumA,1,Positve,NEUTRAL,Ductal/NST,YES,Pre,4ER+,Right,3,5.048,YES,104.4,0:Not Recurred,ER+/HER2- Low Prolif,Living
MB-0167,brca_metabric,,,,,,,,,,,,,,,,,,,,,,,43.1,1:DECEASED,,,,,,,,,,,,,1,Female,,,76.4,MASTECTOMY,High,NO,LumB,1,Positve,NEUTRAL,Ductal/NST,YES,Post,9,Right,2,5.076,YES,40.8333333333333,1:Recurred,ER+/HER2- High Prolif,Died of Disease
MB-0168,brca_metabric,,,,,,,,,,,,,,,,,,,,,,,122.766666666667,0:LIVING,,,,,,,,,,,,,1,Female,,,60.26,BREAST CONSERVING,Low,NO,claudin-low,1,Positve,NEUTRAL,Ductal/NST,YES,Post,4ER+,Left,0,4.034,YES,122.766666666667,0:Not Recurred,ER+/HER2- Low Prolif,Living
MB-0169,brca_metabric,,,,,,,,,,,,,,,,,,,,,,,145.433333333333,1:DECEASED,,,,,,,,,,,,,1,Female,,,79.28,BREAST CONSERVING,Low,NO,Normal,1,Positve,NEUTRAL,Lobular,YES,Post,4ER+,Left,,3.078,NO,145.433333333333,0:Not Recurred,ER+/HER2- Low Prolif,Died of Other Causes
MB-0170,brca_metabric,,,,,,,,,,,,,,,,,,,,,,,93.3666666666667,1:DECEASED,,,,,,,,,,,,,1,Female,,,83.35,MASTECTOMY,Low,NO,LumA,1,Positve,NEUTRAL,Tubular/ cribriform,YES,Post,3,Left,1,3.052,YES,93.3666666666667,0:Not Recurred,ER+/HER2- Low Prolif,Died of Other Causes
MB-0171,brca_metabric,,,,,,,,,,,,,,,,,,,,,,,5.43333333333333,0:LIVING,,,,,,,,,,,,,1,Female,,,64.57,MASTECTOMY,Moderate,NO,Normal,1,Positve,NEUTRAL,Mixed,YES,Post,4ER+,Right,0,4.054,YES,5.43333333333333,0:Not Recurred,ER+/HER2- Low Prolif,Living
MB-0172,brca_metabric,,,,,,,,,,,,,,,,,,,,,,,138.1,0:LIVING,,,,,,,,,,,,,1,Female,,,48.11,MASTECTOMY,Low,YES,LumA,1,Positve,NEUTRAL,Ductal/NST,YES,Pre,3,Right,1,4.04,YES,138.1,0:Not Recurred,ER+/HER2- Low Prolif,Living
MB-0173,brca_metabric,,,,,,,,,,,,,,,,,,,,,,,3.76666666666667,0:LIVING,,,,,,,,,,,,,1,Female,,,83.99,MASTECTOMY,High,NO,LumB,1,Positve,LOSS,Ductal/NST,YES,Post,7,Right,4,6.088,YES,3.76666666666667,0:Not Recurred,ER+/HER2- High Prolif,Living
MB-0174,brca_metabric,,,,,,,,,,,,,,,,,,,,,,,78.7666666666667,0:LIVING,,,,,,,,,,,,,1,Female,,,59.18,BREAST CONSERVING,Low,YES,claudin-low,1,Negative,NEUTRAL,Ductal/NST,NO,Post,4ER-,Left,0,4.048,YES,78.7666666666667,0:Not Recurred,ER-/HER2-,Living
MB-0175,brca_metabric,,,,,,,,,,,,,,,,,,,,,,,72.3666666666667,0:LIVING,,,,,,,,,,,,,1,Female,,,69.51,MASTECTOMY,,NO,LumA,1,Positve,LOSS,Tubular/ cribriform,YES,Post,6,Right,0,2.04,NO,72.3666666666667,0:Not Recurred,ER+/HER2- Low Prolif,Living
MB-0176,brca_metabric,,,,,,,,,,,,,,,,,,,,,,,113.433333333333,0:LIVING,,,,,,,,,,,,,1,Female,,,38.78,MASTECTOMY,Moderate,YES,LumA,1,Positve,NEUTRAL,Ductal/NST,YES,Pre,1,Right,7,6.072,YES,78.5666666666667,1:Recurred,ER+/HER2- High Prolif,Living
MB-0177,brca_metabric,,,,,,,,,,,,,,,,,,,,,,,45.6,1:DECEASED,,,,,,,,,,,,,1,Female,,,85.94,MASTECTOMY,Low,NO,LumA,1,Positve,NEUTRAL,Mixed,YES,Post,6,Left,2,4.088,YES,45.6,0:Not Recurred,ER+/HER2- Low Prolif,Died of Other Causes
MB-0178,brca_metabric,,,,,,,,,,,,,,,,,,,,,,,104.466666666667,1:DECEASED,,,,,,,,,,,,,1,Female,,,74.63,BREAST CONSERVING,High,NO,LumB,1,Positve,NEUTRAL,Ductal/NST,YES,Post,1,Left,0,4.042,YES,104.466666666667,1:Recurred,,Died of Disease
MB-0179,brca_metabric,,,,,,,,,,,,,,,,,,,,,,,17.9333333333333,1:DECEASED,,,,,,,,,,,,,1,Female,,,56.39,MASTECTOMY,Low,YES,claudin-low,1,Negative,GAIN,Ductal/NST,NO,Post,4ER-,Right,7,6.068,YES,17.9333333333333,1:Recurred,ER-/HER2-,Died of Disease
MB-0180,brca_metabric,,,,,,,,,,,,,,,,,,,,,,,62.3333333333333,0:LIVING,,,,,,,,,,,,,1,Female,,,51.69,BREAST CONSERVING,Moderate,NO,LumA,1,Positve,NEUTRAL,Ductal/NST,YES,Post,8,Right,0,3.036,YES,62.3333333333333,0:Not Recurred,ER+/HER2- Low Prolif,Living
MB-0181,brca_metabric,,,,,,,,,,,,,,,,,,,,,,,85.9666666666667,0:LIVING,,,,,,,,,,,,,1,Female,,,68.45,BREAST CONSERVING,Moderate,NO,LumA,1,Positve,NEUTRAL,Ductal/NST,YES,Post,7,Left,1,4.042,YES,85.9666666666667,0:Not Recurred,ER+/HER2- Low Prolif,Living
MB-0184,brca_metabric,,,,,,,,,,,,,,,,,,,,,,,109.033333333333,0:LIVING,,,,,,,,,,,,,1,Female,,,68.41,MASTECTOMY,Moderate,NO,LumA,1,Positve,NEUTRAL,Mucinous,YES,Post,4ER+,Left,0,3.05,NO,109.033333333333,0:Not Recurred,ER+/HER2- Low Prolif,Living
MB-0185,brca_metabric,,,,,,,,,,,,,,,,,,,,,,,43.8333333333333,1:DECEASED,,,,,,,,,,,,,1,Female,,,76.84,MASTECTOMY,Moderate,NO,LumB,1,Positve,GAIN,Ductal/NST,YES,Post,9,Right,,5.1,YES,36.2,1:Recurred,ER+/HER2- High Prolif,Died of Disease
MB-0188,brca_metabric,,,,,,,,,,,,,,,,,,,,,,,31.3,1:DECEASED,,,,,,,,,,,,,1,Female,,,82.65,MASTECTOMY,High,YES,Her2,1,Positve,NEUTRAL,Lobular,NO,Post,3,Right,2,4.09,YES,14,1:Recurred,,Died of Disease
MB-0189,brca_metabric,,,,,,,,,,,,,,,,,,,,,,,9.06666666666667,1:DECEASED,,,,,,,,,,,,,1,Female,,,57.79,MASTECTOMY,Moderate,YES,Normal,1,Positve,NEUTRAL,Ductal/NST,YES,Post,6,Right,6,6.096,YES,1.33333333333333,1:Recurred,ER+/HER2- Low Prolif,Died of Disease
MB-0191,brca_metabric,,,,,,,,,,,,,,,,,,,,,,,15.3,1:DECEASED,,,,,,,,,,,,,1,Female,,,81.02,BREAST CONSERVING,High,NO,Basal,1,Negative,NEUTRAL,Ductal/NST,NO,Post,10,Right,0,4.05,YES,15.3,0:Not Recurred,,Died of Other Causes
MB-0192,brca_metabric,,,,,,,,,,,,,,,,,,,,,,,144.633333333333,0:LIVING,,,,,,,,,,,,,1,Female,,,62.55,BREAST CONSERVING,Moderate,NO,claudin-low,1,Positve,NEUTRAL,Mixed,YES,Post,4ER+,Right,0,2.026,YES,144.633333333333,0:Not Recurred,ER+/HER2- Low Prolif,Living
MB-0193,brca_metabric,,,,,,,,,,,,,,,,,,,,,,,19,0:LIVING,,,,,,,,,,,,,1,Female,,,51.54,MASTECTOMY,High,NO,LumB,1,Positve,GAIN,Ductal/NST,NO,Post,3,Left,7,6.038,NO,19,0:Not Recurred,ER+/HER2- High Prolif,Living
MB-0194,brca_metabric,,,,,,,,,,,,,,,,,,,,,,,91.6,0:LIVING,,,,,,,,,,,,,1,Female,,,56.45,MASTECTOMY,High,YES,LumA,1,Positve,NEUTRAL,Ductal/NST,YES,Post,3,Right,6,5.042,YES,91.6,0:Not Recurred,ER+/HER2- Low Prolif,Living
MB-0195,brca_metabric,,,,,,,,,,,,,,,,,,,,,,,146,0:LIVING,,,,,,,,,,,,,1,Female,,,75.18,MASTECTOMY,High,NO,LumB,1,Positve,GAIN,Ductal/NST,YES,Post,6,Right,21,6.056,YES,93.6666666666667,1:Recurred,ER+/HER2- High Prolif,Living
MB-0197,brca_metabric,,,,,,,,,,,,,,,,,,,,,,,70.7333333333333,0:LIVING,,,,,,,,,,,,,1,Female,,,50.48,MASTECTOMY,High,YES,LumB,1,Positve,NEUTRAL,Ductal/NST,YES,Post,9,Left,2,5.048,YES,70.7333333333333,0:Not Recurred,ER+/HER2- High Prolif,Living
MB-0198,brca_metabric,,,,,,,,,,,,,,,,,,,,,,,144.766666666667,0:LIVING,,,,,,,,,,,,,1,Female,,,43.37,MASTECTOMY,High,YES,LumB,1,Positve,NEUTRAL,Ductal/NST,YES,Pre,8,Right,4,6.036,YES,144.766666666667,0:Not Recurred,ER+/HER2- High Prolif,Living
MB-0199,brca_metabric,,,,,,,,,,,,,,,,,,,,,,,144.4,0:LIVING,,,,,,,,,,,,,1,Female,,,57.56,BREAST CONSERVING,High,NO,LumA,1,Positve,NEUTRAL,Mixed,YES,Post,3,Right,1,5.038,YES,144.4,0:Not Recurred,ER+/HER2- Low Prolif,Living
MB-0200,brca_metabric,,,,,,,,,,,,,,,,,,,,,,,130.866666666667,1:DECEASED,,,,,,,,,,,,,1,Female,,,69.86,MASTECTOMY,Moderate,NO,Basal,1,Negative,NEUTRAL,Medullary,NO,Post,10,Right,0,4.076,YES,130.866666666667,1:Recurred,,Died of Disease
MB-0201,brca_metabric,,,,,,,,,,,,,,,,,,,,,,,125.7,0:LIVING,,,,,,,,,,,,,1,Female,,,49.5,MASTECTOMY,Moderate,YES,Basal,1,Negative,GAIN,Ductal/NST,NO,Pre,5,Left,0,4.04,YES,125.7,0:Not Recurred,HER2+,Living
MB-0202,brca_metabric,,,,,,,,,,,,,,,,,,,,,,,128.366666666667,0:LIVING,,,,,,,,,,,,,1,Female,,,46,MASTECTOMY,High,YES,LumA,1,Positve,NEUTRAL,Ductal/NST,YES,Pre,4ER+,Right,1,5.06,YES,128.366666666667,0:Not Recurred,ER+/HER2- High Prolif,Living
MB-0203,brca_metabric,,,,,,,,,,,,,,,,,,,,,,,58.7666666666667,1:DECEASED,,,,,,,,,,,,,1,Female,,,86.24,MASTECTOMY,High,YES,LumA,1,Positve,NEUTRAL,Ductal/NST,YES,Post,7,Right,1,5.05,YES,58.7666666666667,0:Not Recurred,ER+/HER2- High Prolif,Died of Other Causes
MB-0204,brca_metabric,,,,,,,,,,,,,,,,,,,,,,,24.3,1:DECEASED,,,,,,,,,,,,,1,Female,,,79.38,BREAST CONSERVING,Moderate,NO,LumA,1,Positve,NEUTRAL,Ductal/NST,YES,Post,3,Right,0,2.02,YES,24.2333333333333,1:Recurred,ER+/HER2- Low Prolif,Died of Disease
MB-0205,brca_metabric,,,,,,,,,,,,,,,,,,,,,,,144.466666666667,0:LIVING,,,,,,,,,,,,,1,Female,,,53.56,BREAST CONSERVING,Low,NO,Normal,1,Positve,NEUTRAL,Lobular,YES,Post,3,Left,0,3.052,YES,144.466666666667,0:Not Recurred,ER+/HER2- Low Prolif,Living
MB-0206,brca_metabric,,,,,,,,,,,,,,,,,,,,,,,141.166666666667,0:LIVING,,,,,,,,,,,,,1,Female,,,55.02,MASTECTOMY,High,YES,claudin-low,1,Negative,NEUTRAL,Medullary,NO,Post,10,Left,2,5.07,YES,141.166666666667,0:Not Recurred,ER-/HER2-,Living
MB-0207,brca_metabric,,,,,,,,,,,,,,,,,,,,,,,173.633333333333,0:LIVING,,,,,,,,,,,,,1,Female,,,48.13,MASTECTOMY,High,NO,LumA,1,Positve,GAIN,Mixed,YES,Pre,8,Left,2,4.056,NO,173.633333333333,0:Not Recurred,ER+/HER2- Low Prolif,Living
MB-0209,brca_metabric,,,,,,,,,,,,,,,,,,,,,,,82.3666666666667,0:LIVING,,,,,,,,,,,,,1,Female,,,67.17,MASTECTOMY,Moderate,NO,claudin-low,1,Positve,NEUTRAL,Ductal/NST,YES,Post,4ER+,Right,0,3.006,NO,82.3666666666667,0:Not Recurred,ER-/HER2-,Living
MB-0210,brca_metabric,,,,,,,,,,,,,,,,,,,,,,,144.933333333333,0:LIVING,,,,,,,,,,,,,1,Female,,,63.14,MASTECTOMY,,NO,claudin-low,1,Positve,NEUTRAL,,YES,Post,4ER+,Left,,5.01,YES,144.933333333333,0:Not Recurred,,Living
MB-0211,brca_metabric,,,,,,,,,,,,,,,,,,,,,,,44.8,1:DECEASED,,,,,,,,,,,,,1,Female,,,42.95,MASTECTOMY,Moderate,NO,claudin-low,1,Positve,NEUTRAL,Ductal/NST,NO,Pre,9,Left,13,6.08,NO,44.8,1:Recurred,ER+/HER2- Low Prolif,Died of Disease
MB-0214,brca_metabric,,,,,,,,,,,,,,,,,,,,,,,146.9,0:LIVING,,,,,,,,,,,,,1,Female,,,41.41,BREAST CONSERVING,High,YES,Basal,1,Positve,NEUTRAL,Ductal/NST,NO,Pre,10,Left,0,4.054,YES,146.9,0:Not Recurred,ER-/HER2-,Living
MB-0215,brca_metabric,,,,,,,,,,,,,,,,,,,,,,,122.2,0:LIVING,,,,,,,,,,,,,1,Female,,,75.63,MASTECTOMY,High,NO,LumB,1,Positve,NEUTRAL,Mixed,YES,Post,3,Right,0,3.08,YES,122.2,0:Not Recurred,ER+/HER2- High Prolif,Living
MB-0218,brca_metabric,,,,,,,,,,,,,,,,,,,,,,,131.066666666667,0:LIVING,,,,,,,,,,,,,1,Female,,,43.39,BREAST CONSERVING,High,YES,LumB,1,Positve,NEUTRAL,Ductal/NST,YES,Pre,1,Left,2,5.04,YES,131.066666666667,0:Not Recurred,ER+/HER2- High Prolif,Living
MB-0220,brca_metabric,,,,,,,,,,,,,,,,,,,,,,,39.8333333333333,1:DECEASED,,,,,,,,,,,,,1,Female,,,37.24,MASTECTOMY,High,NO,claudin-low,1,Positve,GAIN,Ductal/NST,NO,Pre,4ER+,Right,6,6.04,NO,39.8333333333333,1:Recurred,HER2+,Died of Disease
MB-0221,brca_metabric,,,,,,,,,,,,,,,,,,,,,,,20.2,1:DECEASED,,,,,,,,,,,,,1,Female,,,77.72,MASTECTOMY,Moderate,NO,Her2,1,Negative,GAIN,Ductal/NST,NO,Post,4ER-,Left,7,6.04,NO,20.2,1:Recurred,ER+/HER2- High Prolif,Died of Disease
MB-0222,brca_metabric,,,,,,,,,,,,,,,,,,,,,,,212.7,0:LIVING,,,,,,,,,,,,,1,Female,,,50.31,BREAST CONSERVING,High,YES,claudin-low,1,Positve,NEUTRAL,Lobular,YES,Post,4ER+,Right,0,2.04,YES,212.7,0:Not Recurred,ER+/HER2- Low Prolif,Living
MB-0223,brca_metabric,,,,,,,,,,,,,,,,,,,,,,,81.3333333333333,1:DECEASED,,,,,,,,,,,,,1,Female,,,50.45,MASTECTOMY,High,YES,LumA,1,Positve,GAIN,Ductal/NST,YES,Post,4ER+,Right,12,6.04,YES,43.8,1:Recurred,ER+/HER2- Low Prolif,Died of Disease
MB-0224,brca_metabric,,,,,,,,,,,,,,,,,,,,,,,176.766666666667,0:LIVING,,,,,,,,,,,,,1,Female,,,44.01,MASTECTOMY,Moderate,NO,LumA,1,Positve,NEUTRAL,Ductal/NST,YES,Pre,4ER+,Right,0,4.05,NO,176.766666666667,0:Not Recurred,ER+/HER2- Low Prolif,Living
MB-0225,brca_metabric,,,,,,,,,,,,,,,,,,,,,,,212.2,0:LIVING,,,,,,,,,,,,,1,Female,,,59.15,BREAST CONSERVING,Moderate,NO,LumB,1,Positve,GAIN,Ductal/NST,YES,Post,1,Left,0,3.038,NO,137.8,1:Recurred,HER2+,Living
MB-0226,brca_metabric,,,,,,,,,,,,,,,,,,,,,,,57.6333333333333,0:LIVING,,,,,,,,,,,,,1,Female,,,58.21,BREAST CONSERVING,Low,NO,LumA,1,Positve,NEUTRAL,Ductal/NST,YES,Post,8,Right,1,3.04,YES,57.6333333333333,0:Not Recurred,ER+/HER2- Low Prolif,Living
MB-0227,brca_metabric,,,,,,,,,,,,,,,,,,,,,,,111.866666666667,0:LIVING,,,,,,,,,,,,,1,Female,,,52.95,BREAST CONSERVING,,NO,LumA,1,Positve,NEUTRAL,Ductal/NST,YES,Post,8,Left,0,3.048,NO,111.866666666667,0:Not Recurred,ER+/HER2- Low Prolif,Living
MB-0228,brca_metabric,,,,,,,,,,,,,,,,,,,,,,,10.8333333333333,1:DECEASED,,,,,,,,,,,,,1,Female,,,63.35,MASTECTOMY,Low,NO,Normal,1,Positve,NEUTRAL,Lobular,NO,Post,4ER+,Left,1,3.034,NO,10.8333333333333,1:Recurred,ER+/HER2- Low Prolif,Died of Disease
MB-0229,brca_metabric,,,,,,,,,,,,,,,,,,,,,,,71.5,0:LIVING,,,,,,,,,,,,,1,Female,,,45.5,BREAST CONSERVING,High,NO,LumA,1,Positve,NEUTRAL,Mixed,YES,Pre,7,Right,0,3.038,YES,71.5,0:Not Recurred,ER+/HER2- Low Prolif,Living
MB-0230,brca_metabric,,,,,,,,,,,,,,,,,,,,,,,200.333333333333,0:LIVING,,,,,,,,,,,,,1,Female,,,41.98,MASTECTOMY,,NO,Her2,1,,GAIN,Ductal/NST,NO,Pre,5,Left,0,1.07,NO,200.333333333333,0:Not Recurred,HER2+,Living
MB-0231,brca_metabric,,,,,,,,,,,,,,,,,,,,,,,19.6,0:LIVING,,,,,,,,,,,,,1,Female,,,71.57,BREAST CONSERVING,Low,NO,LumA,1,,GAIN,Mucinous,NO,Post,3,Left,0,1.06,NO,19.6,0:Not Recurred,ER+/HER2- Low Prolif,Living
MB-0232,brca_metabric,,,,,,,,,,,,,,,,,,,,,,,207.633333333333,0:LIVING,,,,,,,,,,,,,1,Female,,,44.73,BREAST CONSERVING,High,NO,LumA,1,Positve,NEUTRAL,Ductal/NST,NO,Pre,8,Right,0,3.028,NO,207.633333333333,0:Not Recurred,ER+/HER2- Low Prolif,Living
MB-0233,brca_metabric,,,,,,,,,,,,,,,,,,,,,,,72.4333333333333,1:DECEASED,,,,,,,,,,,,,1,Female,,,77.77,BREAST CONSERVING,Moderate,NO,LumA,1,,GAIN,Ductal/NST,YES,Post,2,Left,0,3.034,NO,72.4333333333333,0:Not Recurred,ER+/HER2- Low Prolif,Died of Other Causes
MB-0234,brca_metabric,,,,,,,,,,,,,,,,,,,,,,,94.2333333333333,1:DECEASED,,,,,,,,,,,,,1,Female,,,56.27,MASTECTOMY,High,NO,LumB,1,Positve,NEUTRAL,Mixed,YES,Post,8,Right,0,3.052,YES,94.2333333333333,0:Not Recurred,ER+/HER2- High Prolif,Died of Other Causes
MB-0235,brca_metabric,,,,,,,,,,,,,,,,,,,,,,,142.566666666667,1:DECEASED,,,,,,,,,,,,,1,Female,,,52.55,BREAST CONSERVING,Low,YES,LumA,1,Positve,NEUTRAL,Ductal/NST,YES,Post,8,Left,1,4.04,YES,129.6,1:Recurred,ER+/HER2- Low Prolif,Died of Disease
MB-0236,brca_metabric,,,,,,,,,,,,,,,,,,,,,,,205.033333333333,0:LIVING,,,,,,,,,,,,,1,Female,,,43.63,MASTECTOMY,Moderate,YES,LumA,1,Positve,GAIN,Ductal/NST,YES,Pre,5,Right,0,4.054,YES,205.033333333333,0:Not Recurred,HER2+,Living
MB-0238,brca_metabric,,,,,,,,,,,,,,,,,,,,,,,193.166666666667,0:LIVING,,,,,,,,,,,,,1,Female,,,52.19,MASTECTOMY,High,YES,claudin-low,1,Negative,NEUTRAL,Ductal/NST,NO,Post,10,Right,4,6.07,YES,193.166666666667,0:Not Recurred,ER-/HER2-,Living
MB-0239,brca_metabric,,,,,,,,,,,,,,,,,,,,,,,85.5666666666667,1:DECEASED,,,,,,,,,,,,,1,Female,,,77.85,BREAST CONSERVING,High,NO,LumA,1,Positve,NEUTRAL,Mixed,YES,Post,3,Right,0,2.092,YES,85.5666666666667,1:Recurred,ER+/HER2- Low Prolif,Died of Disease
MB-0241,brca_metabric,,,,,,,,,,,,,,,,,,,,,,,73.1333333333333,1:DECEASED,,,,,,,,,,,,,1,Female,,,55.09,MASTECTOMY,Moderate,NO,claudin-low,1,Positve,NEUTRAL,Ductal/NST,NO,Post,4ER+,Left,0,4.058,NO,73.1333333333333,1:Recurred,,Died of Disease
MB-0242,brca_metabric,,,,,,,,,,,,,,,,,,,,,,,199.1,0:LIVING,,,,,,,,,,,,,1,Female,,,51.25,BREAST CONSERVING,Moderate,NO,LumB,1,,NEUTRAL,Ductal/NST,YES,Post,8,Left,0,3.036,NO,199.1,0:Not Recurred,ER+/HER2- Low Prolif,Living
MB-0243,brca_metabric,,,,,,,,,,,,,,,,,,,,,,,149.766666666667,0:LIVING,,,,,,,,,,,,,1,Female,,,53.72,BREAST CONSERVING,High,YES,LumB,1,Positve,NEUTRAL,Ductal/NST,YES,Post,8,Right,1,4.044,YES,149.766666666667,0:Not Recurred,ER+/HER2- Low Prolif,Living
MB-0244,brca_metabric,,,,,,,,,,,,,,,,,,,,,,,149.733333333333,0:LIVING,,,,,,,,,,,,,1,Female,,,67.83,BREAST CONSERVING,Low,NO,Normal,1,Positve,NEUTRAL,Ductal/NST,YES,Post,4ER+,Left,0,2.022,NO,149.733333333333,0:Not Recurred,,Living
MB-0245,brca_metabric,,,,,,,,,,,,,,,,,,,,,,,164.7,0:LIVING,,,,,,,,,,,,,1,Female,,,54.76,BREAST CONSERVING,High,NO,LumA,1,Positve,NEUTRAL,Lobular,YES,Post,3,Right,0,1.028,NO,164.7,0:Not Recurred,ER+/HER2- Low Prolif,Living
MB-0247,brca_metabric,,,,,,,,,,,,,,,,,,,,,,,185.6,0:LIVING,,,,,,,,,,,,,1,Female,,,66.75,BREAST CONSERVING,Moderate,NO,LumA,1,Positve,NEUTRAL,Ductal/NST,YES,Post,4ER+,Left,1,4.03,YES,185.6,1:Recurred,ER+/HER2- Low Prolif,Living
MB-0248,brca_metabric,,,,,,,,,,,,,,,,,,,,,,,71,0:LIVING,,,,,,,,,,,,,1,Female,,,45.76,MASTECTOMY,High,YES,LumA,1,Positve,NEUTRAL,Ductal/NST,YES,Pre,8,Right,0,4.042,YES,71,0:Not Recurred,ER+/HER2- Low Prolif,Living
MB-0249,brca_metabric,,,,,,,,,,,,,,,,,,,,,,,188.333333333333,0:LIVING,,,,,,,,,,,,,1,Female,,,53.45,BREAST CONSERVING,High,NO,Her2,1,Negative,GAIN,Ductal/NST,NO,Post,10,Right,0,4.022,YES,188.333333333333,0:Not Recurred,ER-/HER2-,Living
MB-0253,brca_metabric,,,,,,,,,,,,,,,,,,,,,,,152.3,0:LIVING,,,,,,,,,,,,,1,Female,,,69.19,BREAST CONSERVING,,NO,Normal,1,Positve,NEUTRAL,Ductal/NST,YES,Post,4ER+,Left,0,3.024,NO,152.3,0:Not Recurred,ER+/HER2- Low Prolif,Living
MB-0256,brca_metabric,,,,,,,,,,,,,,,,,,,,,,,200.7,0:LIVING,,,,,,,,,,,,,1,Female,,,53.1,BREAST CONSERVING,High,NO,LumA,1,Positve,NEUTRAL,Ductal/NST,YES,Post,3,Right,0,2.034,NO,158.766666666667,1:Recurred,,Living
MB-0257,brca_metabric,,,,,,,,,,,,,,,,,,,,,,,91.7333333333333,1:DECEASED,,,,,,,,,,,,,1,Female,,,57.61,BREAST CONSERVING,Moderate,YES,LumA,1,Positve,GAIN,Ductal/NST,YES,Post,8,Right,0,3.05,YES,32.5333333333333,1:Recurred,ER+/HER2- High Prolif,Died of Disease
MB-0258,brca_metabric,,,,,,,,,,,,,,,,,,,,,,,86.1333333333333,0:LIVING,,,,,,,,,,,,,1,Female,,,62.7,BREAST CONSERVING,High,NO,LumA,1,Positve,GAIN,Ductal/NST,YES,Post,7,Left,0,4.022,YES,86.1333333333333,0:Not Recurred,ER+/HER2- High Prolif,Living
MB-0259,brca_metabric,,,,,,,,,,,,,,,,,,,,,,,11.8666666666667,1:DECEASED,,,,,,,,,,,,,1,Female,,,38.99,,High,YES,Basal,1,Negative,GAIN,Ductal/NST,NO,Pre,9,,9,6,NO,11.8666666666667,1:Recurred,ER-/HER2-,Died of Disease
MB-0260,brca_metabric,,,,,,,,,,,,,,,,,,,,,,,169.833333333333,1:DECEASED,,,,,,,,,,,,,1,Female,,,78.26,MASTECTOMY,High,NO,LumA,1,Positve,NEUTRAL,Ductal/NST,YES,Post,3,Left,0,1.024,YES,169.833333333333,0:Not Recurred,ER+/HER2- Low Prolif,Died of Other Causes
MB-0261,brca_metabric,,,,,,,,,,,,,,,,,,,,,,,90.2333333333333,1:DECEASED,,,,,,,,,,,,,1,Female,,,63.93,BREAST CONSERVING,High,NO,LumB,1,Positve,NEUTRAL,Ductal/NST,YES,Post,8,Left,6,4.052,YES,87.8,1:Recurred,ER+/HER2- High Prolif,Died of Disease
MB-0262,brca_metabric,,,,,,,,,,,,,,,,,,,,,,,182.266666666667,1:DECEASED,,,,,,,,,,,,,1,Female,,,55.44,MASTECTOMY,High,NO,Her2,1,Positve,NEUTRAL,Ductal/NST,YES,Post,7,Left,0,4.052,NO,182.266666666667,0:Not Recurred,,Died of Other Causes
MB-0263,brca_metabric,,,,,,,,,,,,,,,,,,,,,,,176.033333333333,1:DECEASED,,,,,,,,,,,,,1,Female,,,76.49,MASTECTOMY,Moderate,NO,LumA,1,Positve,NEUTRAL,Mixed,YES,Post,7,Left,0,1.054,NO,176.033333333333,0:Not Recurred,ER+/HER2- Low Prolif,Died of Other Causes
MB-0264,brca_metabric,,,,,,,,,,,,,,,,,,,,,,,43.1,1:DECEASED,,,,,,,,,,,,,1,Female,,,83.93,MASTECTOMY,High,NO,Her2,1,,NEUTRAL,Ductal/NST,NO,Post,9,Left,1,5.062,NO,43.1,1:Recurred,ER+/HER2- Low Prolif,Died of Disease
MB-0265,brca_metabric,,,,,,,,,,,,,,,,,,,,,,,189.133333333333,0:LIVING,,,,,,,,,,,,,1,Female,,,46.44,BREAST CONSERVING,Moderate,NO,claudin-low,1,Positve,NEUTRAL,Ductal/NST,YES,Pre,4ER+,Right,1,4.042,YES,189.133333333333,0:Not Recurred,ER-/HER2-,Living
MB-0266,brca_metabric,,,,,,,,,,,,,,,,,,,,,,,90.6666666666667,1:DECEASED,,,,,,,,,,,,,1,Female,,,84.88,MASTECTOMY,Moderate,NO,LumA,1,,GAIN,Mixed,YES,Post,8,Left,0,1.06,YES,90.6666666666667,0:Not Recurred,,Died of Other Causes
MB-0268,brca_metabric,,,,,,,,,,,,,,,,,,,,,,,28.5,1:DECEASED,,,,,,,,,,,,,1,Female,,,66.54,,High,NO,LumB,1,Positve,NEUTRAL,Ductal/NST,NO,Post,9,,0,4.038,NO,28.5,1:Recurred,,Died of Disease
MB-0269,brca_metabric,,,,,,,,,,,,,,,,,,,,,,,22.2333333333333,0:LIVING,,,,,,,,,,,,,1,Female,,,45.39,MASTECTOMY,Low,YES,claudin-low,1,Negative,NEUTRAL,Ductal/NST,NO,Pre,4ER-,Right,2,5.052,YES,22.2333333333333,0:Not Recurred,ER-/HER2-,Living
MB-0270,brca_metabric,,,,,,,,,,,,,,,,,,,,,,,337.033333333333,0:LIVING,,,,,,,,,,,,,1,Female,,,29.98,MASTECTOMY,High,NO,LumB,1,Positve,NEUTRAL,Ductal/NST,NO,Pre,10,Left,0,4.028,NO,141.5,1:Recurred,ER+/HER2- High Prolif,Living
MB-0272,brca_metabric,,,,,,,,,,,,,,,,,,,,,,,122,1:DECEASED,,,,,,,,,,,,,1,Female,,,55.36,MASTECTOMY,Moderate,NO,LumB,1,Positve,NEUTRAL,Ductal/NST,NO,Post,8,Right,8,6.056,NO,122,1:Recurred,ER+/HER2- High Prolif,Died of Disease
MB-0273,brca_metabric,,,,,,,,,,,,,,,,,,,,,,,186.533333333333,0:LIVING,,,,,,,,,,,,,1,Female,,,68.66,MASTECTOMY,Moderate,NO,LumA,1,Positve,NEUTRAL,Ductal/NST,YES,Post,8,Right,3,4.05,YES,186.533333333333,0:Not Recurred,ER+/HER2- Low Prolif,Living
MB-0275,brca_metabric,,,,,,,,,,,,,,,,,,,,,,,186.1,0:LIVING,,,,,,,,,,,,,1,Female,,,61.94,BREAST CONSERVING,,NO,claudin-low,1,Positve,NEUTRAL,Ductal/NST,YES,Post,4ER+,Right,0,2.018,YES,186.1,0:Not Recurred,ER+/HER2- Low Prolif,Living
MB-0278,brca_metabric,,,,,,,,,,,,,,,,,,,,,,,5.83333333333333,1:DECEASED,,,,,,,,,,,,,1,Female,,,34.3,,Moderate,YES,Basal,1,Positve,NEUTRAL,Ductal/NST,NO,Pre,10,,3,5.106,NO,5.83333333333333,1:Recurred,ER-/HER2-,Died of Disease
MB-0279,brca_metabric,,,,,,,,,,,,,,,,,,,,,,,192.266666666667,1:DECEASED,,,,,,,,,,,,,1,Female,,,69.52,BREAST CONSERVING,,NO,claudin-low,1,Positve,LOSS,Lobular,YES,Post,4ER+,Right,0,2.042,YES,192.266666666667,0:Not Recurred,ER+/HER2- Low Prolif,Died of Other Causes
MB-0280,brca_metabric,,,,,,,,,,,,,,,,,,,,,,,172.9,1:DECEASED,,,,,,,,,,,,,1,Female,,,47.64,MASTECTOMY,,NO,Normal,1,Positve,NEUTRAL,Ductal/NST,YES,Pre,7,Right,0,3.042,YES,172.9,1:Recurred,ER+/HER2- Low Prolif,Died of Disease
MB-0281,brca_metabric,,,,,,,,,,,,,,,,,,,,,,,72.8,0:LIVING,,,,,,,,,,,,,1,Female,,,52.79,MASTECTOMY,,NO,claudin-low,1,,NEUTRAL,,NO,Post,4ER+,Left,,1,NO,72.8,0:Not Recurred,,Living
MB-0282,brca_metabric,,,,,,,,,,,,,,,,,,,,,,,194.233333333333,0:LIVING,,,,,,,,,,,,,1,Female,,,51.81,BREAST CONSERVING,Low,YES,claudin-low,1,Positve,NEUTRAL,Mixed,YES,Post,4ER+,Right,8,6.036,YES,177.566666666667,1:Recurred,ER+/HER2- Low Prolif,Living
MB-0283,brca_metabric,,,,,,,,,,,,,,,,,,,,,,,22.0333333333333,1:DECEASED,,,,,,,,,,,,,1,Female,,,60.3,MASTECTOMY,High,NO,LumB,1,Positve,NEUTRAL,Ductal/NST,NO,Post,1,Right,,6.066,NO,22.0333333333333,1:Recurred,ER+/HER2- High Prolif,Died of Disease
MB-0284,brca_metabric,,,,,,,,,,,,,,,,,,,,,,,0,0:LIVING,,,,,,,,,,,,,1,Female,,,51.42,,Moderate,NO,claudin-low,1,,NEUTRAL,Ductal/NST,NO,Post,10,,0,1,NO,0,0:Not Recurred,ER-/HER2-,Living
MB-0285,brca_metabric,,,,,,,,,,,,,,,,,,,,,,,3.36666666666667,0:LIVING,,,,,,,,,,,,,1,Female,,,48.07,,High,NO,claudin-low,1,Positve,NEUTRAL,Ductal/NST,NO,Pre,4ER+,,14,5.056,NO,3.36666666666667,0:Not Recurred,ER-/HER2-,Living
MB-0286,brca_metabric,,,,,,,,,,,,,,,,,,,,,,,192.6,0:LIVING,,,,,,,,,,,,,1,Female,,,62.92,BREAST CONSERVING,Moderate,NO,claudin-low,1,Positve,NEUTRAL,Ductal/NST,NO,Post,4ER+,,0,4.046,NO,192.6,0:Not Recurred,ER-/HER2-,Living
MB-0287,brca_metabric,,,,,,,,,,,,,,,,,,,,,,,94.7333333333333,1:DECEASED,,,,,,,,,,,,,1,Female,,,77.54,BREAST CONSERVING,High,NO,LumB,1,Positve,NEUTRAL,Ductal/NST,NO,Post,7,,1,4.038,NO,94.7333333333333,0:Not Recurred,ER+/HER2- High Prolif,Died of Other Causes
MB-0288,brca_metabric,,,,,,,,,,,,,,,,,,,,,,,63.8,1:DECEASED,,,,,,,,,,,,,1,Female,,,55.22,MASTECTOMY,Low,YES,Normal,1,Positve,GAIN,Ductal/NST,YES,Post,1,Left,25,5.06,NO,63.8,1:Recurred,ER+/HER2- Low Prolif,Died of Disease
MB-0289,brca_metabric,,,,,,,,,,,,,,,,,,,,,,,71.6,1:DECEASED,,,,,,,,,,,,,1,Female,,,75.91,MASTECTOMY,,NO,claudin-low,1,Positve,NEUTRAL,Ductal/NST,YES,Post,4ER+,Right,0,4.04,YES,71.6,0:Not Recurred,ER-/HER2-,Died of Other Causes
MB-0290,brca_metabric,,,,,,,,,,,,,,,,,,,,,,,199.533333333333,0:LIVING,,,,,,,,,,,,,1,Female,,,49.92,MASTECTOMY,Moderate,NO,LumA,1,Positve,NEUTRAL,Ductal/NST,NO,Pre,8,Left,0,2.05,NO,199.533333333333,0:Not Recurred,ER+/HER2- Low Prolif,Living
MB-0291,brca_metabric,,,,,,,,,,,,,,,,,,,,,,,39.2,1:DECEASED,,,,,,,,,,,,,1,Female,,,51.19,BREAST CONSERVING,Moderate,YES,LumB,1,Positve,GAIN,Ductal/NST,YES,Post,5,Right,1,5.052,NO,39.2,1:Recurred,HER2+,Died of Disease
MB-0292,brca_metabric,,,,,,,,,,,,,,,,,,,,,,,49.4333333333333,1:DECEASED,,,,,,,,,,,,,1,Female,,,80.34,MASTECTOMY,High,NO,Her2,1,Negative,NEUTRAL,Ductal/NST,NO,Post,9,Left,1,5.11,NO,49.4333333333333,0:Not Recurred,ER-/HER2-,Died of Other Causes
MB-0293,brca_metabric,,,,,,,,,,,,,,,,,,,,,,,64.3666666666667,0:LIVING,,,,,,,,,,,,,1,Female,,,51.62,MASTECTOMY,,NO,claudin-low,1,Positve,NEUTRAL,Ductal/NST,YES,Post,4ER+,Right,0,2.026,NO,64.3666666666667,0:Not Recurred,ER-/HER2-,Living
MB-0294,brca_metabric,,,,,,,,,,,,,,,,,,,,,,,72.9,0:LIVING,,,,,,,,,,,,,1,Female,,,46.17,MASTECTOMY,Moderate,YES,Normal,1,Positve,GAIN,Ductal/NST,YES,Pre,4ER+,Left,0,3.028,YES,72.9,0:Not Recurred,HER2+,Living
MB-0295,brca_metabric,,,,,,,,,,,,,,,,,,,,,,,164.5,0:LIVING,,,,,,,,,,,,,1,Female,,,47.13,BREAST CONSERVING,Moderate,NO,LumA,1,Positve,LOSS,Tubular/ cribriform,YES,Pre,4ER+,Left,1,3.018,NO,164.5,0:Not Recurred,ER+/HER2- Low Prolif,Living
MB-0299,brca_metabric,,,,,,,,,,,,,,,,,,,,,,,188.133333333333,0:LIVING,,,,,,,,,,,,,1,Female,,,68.83,BREAST CONSERVING,High,NO,Basal,1,,NEUTRAL,,NO,Post,10,Left,,1.05,YES,188.133333333333,0:Not Recurred,ER-/HER2-,Living
MB-0301,brca_metabric,,,,,,,,,,,,,,,,,,,,,,,122.7,1:DECEASED,,,,,,,,,,,,,1,Female,,,82.46,MASTECTOMY,Moderate,NO,LumA,1,Positve,NEUTRAL,Ductal/NST,YES,Post,7,Left,2,5.046,YES,122.7,0:Not Recurred,ER+/HER2- Low Prolif,Died of Other Causes
MB-0302,brca_metabric,,,,,,,,,,,,,,,,,,,,,,,84.2,1:DECEASED,,,,,,,,,,,,,1,Female,,,81.53,MASTECTOMY,Moderate,NO,LumA,1,Positve,NEUTRAL,Lobular,YES,Post,3,Right,5,6.058,YES,84.2,1:Recurred,ER+/HER2- Low Prolif,Died of Disease
MB-0303,brca_metabric,,,,,,,,,,,,,,,,,,,,,,,60.1333333333333,0:LIVING,,,,,,,,,,,,,1,Female,,,47.71,MASTECTOMY,Low,NO,claudin-low,1,Negative,NEUTRAL,Ductal/NST,YES,Pre,10,Left,0,4.022,NO,60.1333333333333,0:Not Recurred,ER-/HER2-,Living
MB-0304,brca_metabric,,,,,,,,,,,,,,,,,,,,,,,111.533333333333,1:DECEASED,,,,,,,,,,,,,1,Female,,,84.85,MASTECTOMY,High,NO,LumB,1,Positve,NEUTRAL,Ductal/NST,YES,Post,6,Right,1,5.028,YES,111.533333333333,1:Recurred,,Died of Disease
MB-0305,brca_metabric,,,,,,,,,,,,,,,,,,,,,,,63.5,1:DECEASED,,,,,,,,,,,,,1,Female,,,60.62,MASTECTOMY,Low,YES,Normal,1,Positve,NEUTRAL,Ductal/NST,YES,Post,8,Right,6,6.07,NO,63.5,1:Recurred,ER+/HER2- Low Prolif,Died of Disease
MB-0306,brca_metabric,,,,,,,,,,,,,,,,,,,,,,,42.9666666666667,1:DECEASED,,,,,,,,,,,,,1,Female,,,82.53,MASTECTOMY,High,NO,LumA,1,Positve,NEUTRAL,Ductal/NST,YES,Post,3,Left,2,5.07,YES,38.5,1:Recurred,ER+/HER2- High Prolif,Died of Disease
MB-0307,brca_metabric,,,,,,,,,,,,,,,,,,,,,,,177.333333333333,0:LIVING,,,,,,,,,,,,,1,Female,,,41.63,BREAST CONSERVING,Moderate,YES,claudin-low,1,Positve,GAIN,Ductal/NST,YES,Pre,5,Right,6,6.02,YES,177.333333333333,0:Not Recurred,HER2+,Living
MB-0308,brca_metabric,,,,,,,,,,,,,,,,,,,,,,,183.266666666667,0:LIVING,,,,,,,,,,,,,1,Female,,,51.21,,Low,NO,LumA,1,Positve,NEUTRAL,Other,NO,Post,3,,0,2.038,NO,183.266666666667,0:Not Recurred,ER+/HER2- Low Prolif,Living
MB-0309,brca_metabric,,,,,,,,,,,,,,,,,,,,,,,42.3333333333333,1:DECEASED,,,,,,,,,,,,,1,Female,,,89.43,MASTECTOMY,Low,NO,LumA,1,Positve,NEUTRAL,Ductal/NST,YES,Post,8,Left,1,3.042,NO,42.3333333333333,0:Not Recurred,ER+/HER2- Low Prolif,Died of Other Causes
MB-0310,brca_metabric,,,,,,,,,,,,,,,,,,,,,,,185.166666666667,0:LIVING,,,,,,,,,,,,,1,Female,,,67.38,MASTECTOMY,Moderate,NO,LumA,1,Positve,NEUTRAL,Ductal/NST,YES,Post,3,Right,1,4.032,YES,185.166666666667,0:Not Recurred,ER+/HER2- Low Prolif,Living
MB-0311,brca_metabric,,,,,,,,,,,,,,,,,,,,,,,151.166666666667,1:DECEASED,,,,,,,,,,,,,1,Female,,,77.94,MASTECTOMY,High,NO,LumB,1,Positve,NEUTRAL,Ductal/NST,YES,Post,8,Left,0,2.094,NO,151.166666666667,0:Not Recurred,ER+/HER2- High Prolif,Died of Other Causes
MB-0312,brca_metabric,,,,,,,,,,,,,,,,,,,,,,,169.6,1:DECEASED,,,,,,,,,,,,,1,Female,,,70.49,MASTECTOMY,Moderate,NO,LumB,1,Positve,NEUTRAL,Lobular,YES,Post,2,Right,0,3.066,NO,74.8666666666667,1:Recurred,ER+/HER2- High Prolif,Died of Disease
MB-0313,brca_metabric,,,,,,,,,,,,,,,,,,,,,,,184.766666666667,0:LIVING,,,,,,,,,,,,,1,Female,,,55.52,BREAST CONSERVING,High,NO,LumB,1,Positve,NEUTRAL,Ductal/NST,YES,Post,10,Right,1,5.046,NO,184.766666666667,0:Not Recurred,ER+/HER2- High Prolif,Living
MB-0314,brca_metabric,,,,,,,,,,,,,,,,,,,,,,,4.43333333333333,1:DECEASED,,,,,,,,,,,,,1,Female,,,73.48,MASTECTOMY,Moderate,NO,Her2,1,Negative,GAIN,Ductal/NST,NO,Post,5,Left,5,6.1,NO,4.43333333333333,1:Recurred,HER2+,Died of Disease
MB-0315,brca_metabric,,,,,,,,,,,,,,,,,,,,,,,186.2,0:LIVING,,,,,,,,,,,,,1,Female,,,56.32,MASTECTOMY,Moderate,YES,LumA,1,Positve,GAIN,Ductal/NST,YES,Post,6,Right,3,4.1,YES,186.2,0:Not Recurred,ER+/HER2- Low Prolif,Living
MB-0316,brca_metabric,,,,,,,,,,,,,,,,,,,,,,,182.9,0:LIVING,,,,,,,,,,,,,1,Female,,,50.82,BREAST CONSERVING,High,NO,Basal,1,Negative,NEUTRAL,Ductal/NST,NO,Post,10,Left,0,4.06,YES,182.9,0:Not Recurred,ER-/HER2-,Living
MB-0317,brca_metabric,,,,,,,,,,,,,,,,,,,,,,,151.666666666667,1:DECEASED,,,,,,,,,,,,,1,Female,,,76.68,MASTECTOMY,High,NO,LumA,1,Positve,NEUTRAL,Ductal/NST,NO,Post,7,Right,0,4.078,NO,151.666666666667,0:Not Recurred,ER+/HER2- Low Prolif,Died of Other Causes
MB-0318,brca_metabric,,,,,,,,,,,,,,,,,,,,,,,168.7,0:LIVING,,,,,,,,,,,,,1,Female,,,58.01,MASTECTOMY,High,NO,Normal,1,Negative,NEUTRAL,Other,NO,Post,4ER-,Left,0,1.036,NO,168.7,0:Not Recurred,ER-/HER2-,Living
MB-0319,brca_metabric,,,,,,,,,,,,,,,,,,,,,,,40.7,1:DECEASED,,,,,,,,,,,,,1,Female,,,92.14,MASTECTOMY,Moderate,NO,LumB,1,Positve,GAIN,Mixed,YES,Post,2,Left,10,5.064,YES,39.7,1:Recurred,ER+/HER2- High Prolif,Died of Disease
MB-0320,brca_metabric,,,,,,,,,,,,,,,,,,,,,,,63.7333333333333,0:LIVING,,,,,,,,,,,,,1,Female,,,50.98,BREAST CONSERVING,Moderate,NO,LumA,1,Positve,NEUTRAL,Mixed,YES,Post,3,Right,0,2.034,YES,63.7333333333333,0:Not Recurred,ER+/HER2- Low Prolif,Living
MB-0321,brca_metabric,,,,,,,,,,,,,,,,,,,,,,,174.633333333333,0:LIVING,,,,,,,,,,,,,1,Female,,,46.86,MASTECTOMY,High,YES,LumA,1,Positve,NEUTRAL,Ductal/NST,YES,Pre,8,Left,2,5.06,NO,174.633333333333,0:Not Recurred,ER+/HER2- High Prolif,Living
MB-0322,brca_metabric,,,,,,,,,,,,,,,,,,,,,,,50.5333333333333,1:DECEASED,,,,,,,,,,,,,1,Female,,,86.28,MASTECTOMY,High,NO,LumA,1,Positve,NEUTRAL,Ductal/NST,YES,Post,8,Right,2,4.05,YES,50.5333333333333,0:Not Recurred,ER+/HER2- Low Prolif,Died of Other Causes
MB-0324,brca_metabric,,,,,,,,,,,,,,,,,,,,,,,144.966666666667,1:DECEASED,,,,,,,,,,,,,1,Female,,,47.64,,Moderate,YES,LumA,1,Positve,GAIN,Ductal/NST,YES,Pre,6,Left,6,6.064,YES,74.5666666666667,1:Recurred,ER+/HER2- High Prolif,Died of Disease
MB-0325,brca_metabric,,,,,,,,,,,,,,,,,,,,,,,177.533333333333,0:LIVING,,,,,,,,,,,,,1,Female,,,79.34,MASTECTOMY,High,NO,LumB,1,Positve,NEUTRAL,Ductal/NST,YES,Post,10,Right,0,4.09,YES,177.533333333333,0:Not Recurred,ER+/HER2- High Prolif,Living
MB-0326,brca_metabric,,,,,,,,,,,,,,,,,,,,,,,,,,,,,,,,,,,,,1,Female,,,51.45,,,,,1,Positve,,,,,,,1,4.24,,193.8,0:Not Recurred,,
MB-0327,brca_metabric,,,,,,,,,,,,,,,,,,,,,,,187.933333333333,0:LIVING,,,,,,,,,,,,,1,Female,,,66.73,MASTECTOMY,Moderate,NO,LumA,1,Positve,NEUTRAL,,YES,Post,3,Right,,3.05,YES,187.933333333333,0:Not Recurred,ER+/HER2- Low Prolif,Living
MB-0328,brca_metabric,,,,,,,,,,,,,,,,,,,,,,,125.6,1:DECEASED,,,,,,,,,,,,,1,Female,,,69.62,MASTECTOMY,High,NO,LumB,1,Positve,NEUTRAL,,YES,Post,9,Right,2,5.068,YES,125.6,1:Recurred,ER+/HER2- High Prolif,Died of Disease
MB-0329,brca_metabric,,,,,,,,,,,,,,,,,,,,,,,,,,,,,,,,,,,,,1,Female,,,76.84,,,,,1,Positve,,Ductal/NST,,,,,3,5.06,,25.9666666666667,0:Not Recurred,,
MB-0333,brca_metabric,,,,,,,,,,,,,,,,,,,,,,,26.5666666666667,1:DECEASED,,,,,,,,,,,,,1,Female,,,62.81,,Low,YES,claudin-low,1,,GAIN,Metaplastic,NO,Post,10,,,1,NO,26.5666666666667,1:Recurred,ER-/HER2-,Died of Disease
MB-0336,brca_metabric,,,,,,,,,,,,,,,,,,,,,,,170.633333333333,1:DECEASED,,,,,,,,,,,,,1,Female,,,74.76,MASTECTOMY,High,NO,LumB,1,Positve,NEUTRAL,Ductal/NST,YES,Post,10,Right,1,5.044,YES,169,1:Recurred,ER+/HER2- High Prolif,Died of Disease
MB-0339,brca_metabric,,,,,,,,,,,,,,,,,,,,,,,26.7333333333333,1:DECEASED,,,,,,,,,,,,,1,Female,,,90.43,MASTECTOMY,Moderate,NO,LumB,1,,NEUTRAL,Mucinous,NO,Post,4ER+,Right,0,3.048,NO,26.7333333333333,0:Not Recurred,ER+/HER2- Low Prolif,Died of Other Causes
MB-0340,brca_metabric,,,,,,,,,,,,,,,,,,,,,,,164.733333333333,0:LIVING,,,,,,,,,,,,,1,Female,,,79.97,MASTECTOMY,High,NO,Basal,1,Positve,NEUTRAL,Ductal/NST,YES,Post,10,Right,3,5.032,YES,164.733333333333,0:Not Recurred,ER-/HER2-,Living
MB-0341,brca_metabric,,,,,,,,,,,,,,,,,,,,,,,173.9,1:DECEASED,,,,,,,,,,,,,1,Female,,,67.01,MASTECTOMY,Moderate,NO,LumA,1,Positve,NEUTRAL,,YES,Post,8,,3,4.052,YES,170,1:Recurred,ER+/HER2- High Prolif,Died of Disease
MB-0342,brca_metabric,,,,,,,,,,,,,,,,,,,,,,,125.333333333333,1:DECEASED,,,,,,,,,,,,,1,Female,,,54.96,MASTECTOMY,Moderate,NO,Normal,1,Positve,NEUTRAL,Lobular,NO,Post,3,Right,0,3.058,NO,125.333333333333,1:Recurred,ER+/HER2- Low Prolif,Died of Disease
MB-0343,brca_metabric,,,,,,,,,,,,,,,,,,,,,,,91.1333333333333,1:DECEASED,,,,,,,,,,,,,1,Female,,,70.51,MASTECTOMY,,NO,Normal,1,Positve,NEUTRAL,Ductal/NST,YES,Post,6,Left,3,4.06,NO,87.7666666666667,1:Recurred,,Died of Disease
MB-0344,brca_metabric,,,,,,,,,,,,,,,,,,,,,,,152.933333333333,0:LIVING,,,,,,,,,,,,,1,Female,,,59.75,BREAST CONSERVING,Moderate,NO,Normal,1,Positve,NEUTRAL,Lobular,YES,Post,3,Right,2,4.058,YES,152.933333333333,0:Not Recurred,ER+/HER2- Low Prolif,Living
MB-0345,brca_metabric,,,,,,,,,,,,,,,,,,,,,,,72.6666666666667,0:LIVING,,,,,,,,,,,,,1,Female,,,37.3,MASTECTOMY,Moderate,YES,LumA,1,Positve,NEUTRAL,Ductal/NST,YES,Pre,3,Right,1,4.056,NO,72.6666666666667,0:Not Recurred,ER+/HER2- Low Prolif,Living
MB-0346,brca_metabric,,,,,,,,,,,,,,,,,,,,,,,20.4333333333333,1:DECEASED,,,,,,,,,,,,,1,Female,,,32.61,MASTECTOMY,High,NO,Her2,1,Negative,GAIN,Ductal/NST,NO,Pre,5,Left,5,6.032,NO,20.4333333333333,1:Recurred,HER2+,Died of Disease
MB-0347,brca_metabric,,,,,,,,,,,,,,,,,,,,,,,205.566666666667,1:DECEASED,,,,,,,,,,,,,1,Female,,,52.24,BREAST CONSERVING,Moderate,YES,claudin-low,1,Positve,NEUTRAL,Ductal/NST,YES,Post,4ER+,Right,,4.08,YES,185.4,1:Recurred,ER-/HER2-,Died of Disease
MB-0348,brca_metabric,,,,,,,,,,,,,,,,,,,,,,,122.7,1:DECEASED,,,,,,,,,,,,,1,Female,,,81.88,MASTECTOMY,High,NO,LumA,1,Positve,NEUTRAL,Ductal/NST,YES,Post,8,Left,0,2.044,YES,122.7,0:Not Recurred,ER+/HER2- Low Prolif,Died of Other Causes
MB-0349,brca_metabric,,,,,,,,,,,,,,,,,,,,,,,146.033333333333,1:DECEASED,,,,,,,,,,,,,1,Female,,,72.26,MASTECTOMY,High,NO,LumB,1,Positve,LOSS,Ductal/NST,YES,Post,3,Right,1,5.06,NO,146.033333333333,0:Not Recurred,ER+/HER2- High Prolif,Died of Other Causes
MB-0350,brca_metabric,,,,,,,,,,,,,,,,,,,,,,,46.0666666666667,1:DECEASED,,,,,,,,,,,,,1,Female,,,49.05,,High,NO,Basal,1,Negative,NEUTRAL,Ductal/NST,NO,Pre,10,,0,5.16,NO,46.0666666666667,1:Recurred,,Died of Disease
MB-0351,brca_metabric,,,,,,,,,,,,,,,,,,,,,,,195.333333333333,1:DECEASED,,,,,,,,,,,,,1,Female,,,69.53,,Moderate,NO,LumB,1,Positve,NEUTRAL,Mixed,NO,Post,3,,,1,NO,195.333333333333,0:Not Recurred,ER+/HER2- Low Prolif,Died of Other Causes
MB-0352,brca_metabric,,,,,,,,,,,,,,,,,,,,,,,55.2,1:DECEASED,,,,,,,,,,,,,1,Female,,,61.32,MASTECTOMY,Moderate,YES,claudin-low,1,Positve,NEUTRAL,Ductal/NST,YES,Post,4ER+,Left,0,4.026,YES,46.4,1:Recurred,ER-/HER2-,Died of Disease
MB-0353,brca_metabric,,,,,,,,,,,,,,,,,,,,,,,41.8333333333333,1:DECEASED,,,,,,,,,,,,,1,Female,,,86.26,MASTECTOMY,High,NO,LumA,1,Positve,NEUTRAL,Ductal/NST,YES,Post,7,Right,6,5.08,YES,41.8333333333333,0:Not Recurred,ER+/HER2- Low Prolif,Died of Other Causes
MB-0354,brca_metabric,,,,,,,,,,,,,,,,,,,,,,,11.6,1:DECEASED,,,,,,,,,,,,,1,Female,,,73.01,MASTECTOMY,High,NO,claudin-low,1,Negative,NEUTRAL,Ductal/NST,NO,Post,4ER-,Left,3,5.034,NO,11.6,1:Recurred,ER-/HER2-,Died of Disease
MB-0356,brca_metabric,,,,,,,,,,,,,,,,,,,,,,,213.5,0:LIVING,,,,,,,,,,,,,1,Female,,,58.16,MASTECTOMY,Moderate,NO,LumA,1,Positve,NEUTRAL,Ductal/NST,NO,Post,8,Left,0,3.032,NO,213.5,0:Not Recurred,ER+/HER2- High Prolif,Living
MB-0358,brca_metabric,,,,,,,,,,,,,,,,,,,,,,,32.8666666666667,0:LIVING,,,,,,,,,,,,,1,Female,,,57.87,MASTECTOMY,Moderate,YES,LumA,1,Positve,GAIN,Ductal/NST,YES,Post,9,Right,2,5.052,YES,32.8666666666667,0:Not Recurred,ER+/HER2- High Prolif,Living
MB-0359,brca_metabric,,,,,,,,,,,,,,,,,,,,,,,21.6,0:LIVING,,,,,,,,,,,,,1,Female,,,44.21,,Moderate,NO,LumA,1,Positve,NEUTRAL,Ductal/NST,NO,Pre,3,,0,3.044,YES,21.6,0:Not Recurred,ER+/HER2- Low Prolif,Living
MB-0360,brca_metabric,,,,,,,,,,,,,,,,,,,,,,,132.566666666667,1:DECEASED,,,,,,,,,,,,,1,Female,,,83.58,MASTECTOMY,High,NO,LumB,1,Positve,NEUTRAL,Ductal/NST,YES,Post,7,Left,2,3.1,YES,132.566666666667,1:Recurred,ER+/HER2- High Prolif,Died of Disease
MB-0361,brca_metabric,,,,,,,,,,,,,,,,,,,,,,,15.0666666666667,1:DECEASED,,,,,,,,,,,,,1,Female,,,40.5,MASTECTOMY,High,NO,Her2,1,Negative,GAIN,Ductal/NST,NO,Pre,5,Right,41,6.048,NO,15.0666666666667,0:Not Recurred,HER2+,Died of Other Causes
MB-0362,brca_metabric,,,,,,,,,,,,,,,,,,,,,,,47.0333333333333,1:DECEASED,,,,,,,,,,,,,1,Female,,,52.79,MASTECTOMY,High,YES,LumA,1,Positve,NEUTRAL,Ductal/NST,YES,Post,2,Left,1,4.036,YES,47.0333333333333,1:Recurred,ER+/HER2- High Prolif,Died of Disease
MB-0363,brca_metabric,,,,,,,,,,,,,,,,,,,,,,,89.9,1:DECEASED,,,,,,,,,,,,,1,Female,,,73.24,MASTECTOMY,High,NO,LumB,1,Positve,NEUTRAL,Mixed,NO,Post,2,Right,7,5.134,NO,89.9,1:Recurred,ER+/HER2- High Prolif,Died of Disease
MB-0364,brca_metabric,,,,,,,,,,,,,,,,,,,,,,,176.6,0:LIVING,,,,,,,,,,,,,1,Female,,,48.67,MASTECTOMY,High,YES,LumA,1,Positve,NEUTRAL,Ductal/NST,YES,Pre,4ER+,Right,6,5.1,YES,131.533333333333,1:Recurred,ER+/HER2- Low Prolif,Living
MB-0365,brca_metabric,,,,,,,,,,,,,,,,,,,,,,,87.2333333333333,1:DECEASED,,,,,,,,,,,,,1,Female,,,76.84,BREAST CONSERVING,Low,NO,claudin-low,1,Positve,GAIN,Mucinous,YES,Post,4ER+,Right,0,3.03,YES,87.2333333333333,1:Recurred,ER-/HER2-,Died of Disease
MB-0366,brca_metabric,,,,,,,,,,,,,,,,,,,,,,,64.2333333333333,0:LIVING,,,,,,,,,,,,,1,Female,,,51.74,MASTECTOMY,Moderate,NO,LumA,1,Positve,NEUTRAL,Mixed,YES,Post,8,Left,0,3.044,NO,64.2333333333333,0:Not Recurred,ER+/HER2- High Prolif,Living
MB-0367,brca_metabric,,,,,,,,,,,,,,,,,,,,,,,142.433333333333,0:LIVING,,,,,,,,,,,,,1,Female,,,70.98,BREAST CONSERVING,Moderate,NO,claudin-low,1,Positve,NEUTRAL,Mixed,YES,Post,4ER+,Right,0,3.018,YES,142.433333333333,0:Not Recurred,,Living
MB-0368,brca_metabric,,,,,,,,,,,,,,,,,,,,,,,61.9,1:DECEASED,,,,,,,,,,,,,1,Female,,,74.79,MASTECTOMY,High,YES,LumB,1,Positve,NEUTRAL,Ductal/NST,YES,Post,2,Left,10,6.062,YES,31.8666666666667,1:Recurred,ER+/HER2- High Prolif,Died of Disease
MB-0369,brca_metabric,,,,,,,,,,,,,,,,,,,,,,,144.333333333333,0:LIVING,,,,,,,,,,,,,1,Female,,,65.47,MASTECTOMY,High,YES,LumB,1,Positve,GAIN,Lobular,YES,Post,1,Left,7,6.054,YES,141.766666666667,1:Recurred,,Living
MB-0370,brca_metabric,,,,,,,,,,,,,,,,,,,,,,,93.5,1:DECEASED,,,,,,,,,,,,,1,Female,,,64.01,MASTECTOMY,Moderate,YES,LumB,1,Positve,NEUTRAL,Ductal/NST,YES,Post,9,Left,16,6.094,YES,93.5,0:Not Recurred,ER+/HER2- High Prolif,Died of Other Causes
MB-0371,brca_metabric,,,,,,,,,,,,,,,,,,,,,,,131.133333333333,0:LIVING,,,,,,,,,,,,,1,Female,,,78.41,MASTECTOMY,Moderate,NO,LumB,1,Positve,GAIN,Ductal/NST,YES,Post,5,Right,6,6.044,YES,131.133333333333,0:Not Recurred,HER2+,Living
MB-0372,brca_metabric,,,,,,,,,,,,,,,,,,,,,,,62.7666666666667,1:DECEASED,,,,,,,,,,,,,1,Female,,,39.86,BREAST CONSERVING,High,YES,Basal,1,Negative,NEUTRAL,Ductal/NST,YES,Pre,10,Right,0,4.036,YES,47.2666666666667,1:Recurred,ER-/HER2-,Died of Disease
MB-0373,brca_metabric,,,,,,,,,,,,,,,,,,,,,,,27,1:DECEASED,,,,,,,,,,,,,1,Female,,,63.31,BREAST CONSERVING,High,NO,LumB,1,Positve,GAIN,Ductal/NST,YES,Post,5,Left,2,5.048,YES,27,1:Recurred,HER2+,Died of Disease
MB-0374,brca_metabric,,,,,,,,,,,,,,,,,,,,,,,1.43333333333333,0:LIVING,,,,,,,,,,,,,1,Female,,,34.68,BREAST CONSERVING,Moderate,NO,LumB,1,Positve,LOSS,Ductal/NST,YES,Pre,1,Right,15,6.05,NO,1.43333333333333,0:Not Recurred,ER+/HER2- High Prolif,Living
MB-0375,brca_metabric,,,,,,,,,,,,,,,,,,,,,,,143.166666666667,0:LIVING,,,,,,,,,,,,,1,Female,,,72.69,MASTECTOMY,High,NO,Normal,1,Negative,NEUTRAL,Ductal/NST,NO,Post,10,Right,1,5.046,YES,143.166666666667,0:Not Recurred,ER-/HER2-,Living
MB-0377,brca_metabric,,,,,,,,,,,,,,,,,,,,,,,134.366666666667,0:LIVING,,,,,,,,,,,,,1,Female,,,63.25,BREAST CONSERVING,Moderate,NO,LumA,1,Positve,NEUTRAL,Ductal/NST,YES,Post,4ER+,Right,0,3.024,YES,134.366666666667,0:Not Recurred,ER+/HER2- Low Prolif,Living
MB-0378,brca_metabric,,,,,,,,,,,,,,,,,,,,,,,97.3,1:DECEASED,,,,,,,,,,,,,1,Female,,,57.15,MASTECTOMY,Moderate,YES,Her2,1,Negative,GAIN,Ductal/NST,NO,Post,5,Right,2,5.056,YES,97.3,1:Recurred,HER2+,Died of Disease
MB-0379,brca_metabric,,,,,,,,,,,,,,,,,,,,,,,135.666666666667,0:LIVING,,,,,,,,,,,,,1,Female,,,48.22,BREAST CONSERVING,High,YES,LumA,1,Positve,NEUTRAL,Ductal/NST,YES,Pre,7,Right,1,4.058,YES,119.5,1:Recurred,ER+/HER2- Low Prolif,Living
MB-0380,brca_metabric,,,,,,,,,,,,,,,,,,,,,,,69.3333333333333,1:DECEASED,,,,,,,,,,,,,1,Female,,,83.9,BREAST CONSERVING,High,NO,LumB,1,Positve,NEUTRAL,Ductal/NST,YES,Post,9,Right,1,5.05,YES,69.3333333333333,0:Not Recurred,ER+/HER2- High Prolif,Died of Other Causes
MB-0381,brca_metabric,,,,,,,,,,,,,,,,,,,,,,,130.2,0:LIVING,,,,,,,,,,,,,1,Female,,,33.65,BREAST CONSERVING,High,YES,Her2,1,Positve,GAIN,Ductal/NST,YES,Pre,5,Right,0,4.042,YES,130.2,0:Not Recurred,HER2+,Living
MB-0382,brca_metabric,,,,,,,,,,,,,,,,,,,,,,,136.466666666667,0:LIVING,,,,,,,,,,,,,1,Female,,,59.05,BREAST CONSERVING,Moderate,YES,LumA,1,Positve,NEUTRAL,Ductal/NST,YES,Post,3,Right,2,4.044,YES,136.466666666667,0:Not Recurred,ER+/HER2- Low Prolif,Living
MB-0383,brca_metabric,,,,,,,,,,,,,,,,,,,,,,,85.7333333333333,1:DECEASED,,,,,,,,,,,,,1,Female,,,65.02,MASTECTOMY,High,NO,LumB,1,Positve,NEUTRAL,Ductal/NST,YES,Post,1,Left,0,4.038,NO,85.7333333333333,1:Recurred,ER+/HER2- High Prolif,Died of Disease
MB-0384,brca_metabric,,,,,,,,,,,,,,,,,,,,,,,61.1,1:DECEASED,,,,,,,,,,,,,1,Female,,,74.58,MASTECTOMY,High,NO,LumB,1,Positve,LOSS,Ductal/NST,YES,Post,8,Left,13,6.086,YES,56,1:Recurred,ER+/HER2- High Prolif,Died of Disease
MB-0385,brca_metabric,,,,,,,,,,,,,,,,,,,,,,,36.4333333333333,1:DECEASED,,,,,,,,,,,,,1,Female,,,66.58,BREAST CONSERVING,High,YES,LumB,1,Positve,NEUTRAL,Ductal/NST,YES,Post,9,Left,11,6.062,YES,24.9,1:Recurred,ER+/HER2- High Prolif,Died of Disease
MB-0386,brca_metabric,,,,,,,,,,,,,,,,,,,,,,,138.133333333333,0:LIVING,,,,,,,,,,,,,1,Female,,,66.83,BREAST CONSERVING,Moderate,NO,LumA,1,Positve,LOSS,Ductal/NST,YES,Post,9,Right,8,6.03,YES,122.7,1:Recurred,ER+/HER2- Low Prolif,Living
MB-0388,brca_metabric,,,,,,,,,,,,,,,,,,,,,,,97.5666666666667,0:LIVING,,,,,,,,,,,,,1,Female,,,46.63,MASTECTOMY,Low,YES,Normal,1,Positve,GAIN,Ductal/NST,YES,Pre,1,Left,3,5.056,YES,97.5666666666667,0:Not Recurred,ER+/HER2- Low Prolif,Living
MB-0389,brca_metabric,,,,,,,,,,,,,,,,,,,,,,,96.9666666666667,0:LIVING,,,,,,,,,,,,,1,Female,,,46.87,MASTECTOMY,High,YES,LumB,1,Positve,GAIN,Ductal/NST,YES,Pre,2,Right,19,6.1,YES,96.9666666666667,0:Not Recurred,HER2+,Living
MB-0390,brca_metabric,,,,,,,,,,,,,,,,,,,,,,,72.2,1:DECEASED,,,,,,,,,,,,,1,Female,,,40.68,BREAST CONSERVING,Low,YES,claudin-low,1,Positve,GAIN,Ductal/NST,NO,Pre,5,Right,,6.034,YES,46.6333333333333,1:Recurred,HER2+,Died of Disease
MB-0391,brca_metabric,,,,,,,,,,,,,,,,,,,,,,,142.466666666667,0:LIVING,,,,,,,,,,,,,1,Female,,,61.23,BREAST CONSERVING,Moderate,YES,claudin-low,1,Negative,GAIN,Ductal/NST,NO,Post,1,Left,15,6.1,YES,142.466666666667,0:Not Recurred,,Living
MB-0392,brca_metabric,,,,,,,,,,,,,,,,,,,,,,,38.1333333333333,1:DECEASED,,,,,,,,,,,,,1,Female,,,56.28,MASTECTOMY,Moderate,YES,Normal,1,Positve,NEUTRAL,Ductal/NST,YES,Post,1,Left,2,5.06,NO,8.9,1:Recurred,ER+/HER2- High Prolif,Died of Disease
MB-0393,brca_metabric,,,,,,,,,,,,,,,,,,,,,,,20.8333333333333,1:DECEASED,,,,,,,,,,,,,1,Female,,,68.74,MASTECTOMY,Low,YES,claudin-low,1,Positve,NEUTRAL,Ductal/NST,YES,Post,2,Left,16,6.106,YES,8.76666666666667,1:Recurred,ER+/HER2- High Prolif,Died of Disease
MB-0394,brca_metabric,,,,,,,,,,,,,,,,,,,,,,,64.2333333333333,0:LIVING,,,,,,,,,,,,,1,Female,,,56.48,BREAST CONSERVING,Moderate,NO,LumA,1,Positve,NEUTRAL,Mixed,YES,Post,2,Left,0,3.04,YES,64.2333333333333,0:Not Recurred,ER+/HER2- High Prolif,Living
MB-0395,brca_metabric,,,,,,,,,,,,,,,,,,,,,,,29,1:DECEASED,,,,,,,,,,,,,1,Female,,,80.38,MASTECTOMY,High,NO,Her2,1,Negative,GAIN,Ductal/NST,NO,Post,5,Left,2,5.1,YES,26.8333333333333,1:Recurred,HER2+,Died of Disease
MB-0396,brca_metabric,,,,,,,,,,,,,,,,,,,,,,,60.6666666666667,0:LIVING,,,,,,,,,,,,,1,Female,,,56.45,BREAST CONSERVING,High,YES,Basal,1,Negative,NEUTRAL,Ductal/NST,NO,Post,10,Left,0,4.054,YES,60.6666666666667,0:Not Recurred,ER-/HER2-,Living
MB-0397,brca_metabric,,,,,,,,,,,,,,,,,,,,,,,57.2333333333333,0:LIVING,,,,,,,,,,,,,1,Female,,,58.56,BREAST CONSERVING,High,NO,LumA,1,Positve,NEUTRAL,Tubular/ cribriform,YES,Post,4ER+,Right,0,2.022,YES,57.2333333333333,0:Not Recurred,ER+/HER2- Low Prolif,Living
MB-0398,brca_metabric,,,,,,,,,,,,,,,,,,,,,,,43.2,1:DECEASED,,,,,,,,,,,,,1,Female,,,56.41,MASTECTOMY,Moderate,NO,LumB,1,Positve,NEUTRAL,Ductal/NST,YES,Post,6,Left,19,6.084,YES,38.2333333333333,1:Recurred,ER+/HER2- High Prolif,Died of Disease
MB-0399,brca_metabric,,,,,,,,,,,,,,,,,,,,,,,137.1,1:DECEASED,,,,,,,,,,,,,1,Female,,,68.47,MASTECTOMY,Low,YES,Her2,1,Negative,NEUTRAL,Ductal/NST,NO,Post,4ER-,Left,11,6.09,YES,67.6666666666667,1:Recurred,ER-/HER2-,Died of Other Causes
MB-0400,brca_metabric,,,,,,,,,,,,,,,,,,,,,,,22.4666666666667,1:DECEASED,,,,,,,,,,,,,1,Female,,,55.28,BREAST CONSERVING,Moderate,YES,claudin-low,1,Negative,NEUTRAL,Ductal/NST,NO,Post,10,Right,0,4.032,NO,19.0333333333333,1:Recurred,ER-/HER2-,Died of Disease
MB-0401,brca_metabric,,,,,,,,,,,,,,,,,,,,,,,26.2666666666667,1:DECEASED,,,,,,,,,,,,,1,Female,,,48.58,BREAST CONSERVING,High,YES,claudin-low,1,Negative,NEUTRAL,Ductal/NST,NO,Pre,10,Right,0,4.04,YES,20.6666666666667,1:Recurred,ER-/HER2-,Died of Disease
MB-0402,brca_metabric,,,,,,,,,,,,,,,,,,,,,,,99.7333333333333,0:LIVING,,,,,,,,,,,,,1,Female,,,73.06,BREAST CONSERVING,Low,NO,claudin-low,1,Positve,NEUTRAL,Ductal/NST,YES,Post,4ER+,Left,0,2.022,YES,99.7333333333333,0:Not Recurred,ER+/HER2- Low Prolif,Living
MB-0403,brca_metabric,,,,,,,,,,,,,,,,,,,,,,,141,0:LIVING,,,,,,,,,,,,,1,Female,,,58.96,BREAST CONSERVING,High,NO,claudin-low,1,,NEUTRAL,,NO,Post,4ER-,Left,,2,NO,141,0:Not Recurred,ER-/HER2-,Living
MB-0404,brca_metabric,,,,,,,,,,,,,,,,,,,,,,,63.5,0:LIVING,,,,,,,,,,,,,1,Female,,,60.71,BREAST CONSERVING,High,NO,LumA,1,Positve,LOSS,Ductal/NST,YES,Post,8,Left,1,5.03,YES,63.5,0:Not Recurred,ER+/HER2- High Prolif,Living
MB-0405,brca_metabric,,,,,,,,,,,,,,,,,,,,,,,59.0666666666667,1:DECEASED,,,,,,,,,,,,,1,Female,,,72.85,BREAST CONSERVING,High,NO,LumB,1,Positve,NEUTRAL,Ductal/NST,YES,Post,7,Left,,3.032,YES,59.0666666666667,0:Not Recurred,ER+/HER2- High Prolif,Died of Other Causes
MB-0406,brca_metabric,,,,,,,,,,,,,,,,,,,,,,,96.9,1:DECEASED,,,,,,,,,,,,,1,Female,,,69.32,MASTECTOMY,Moderate,YES,LumB,1,Positve,NEUTRAL,Ductal/NST,YES,Post,2,Left,17,6.36,YES,32.4,1:Recurred,ER+/HER2- High Prolif,Died of Disease
MB-0408,brca_metabric,,,,,,,,,,,,,,,,,,,,,,,101.833333333333,0:LIVING,,,,,,,,,,,,,1,Female,,,51.01,MASTECTOMY,Moderate,YES,LumA,1,Positve,NEUTRAL,Ductal/NST,YES,Post,7,Left,,5.094,YES,101.833333333333,0:Not Recurred,ER+/HER2- Low Prolif,Living
MB-0410,brca_metabric,,,,,,,,,,,,,,,,,,,,,,,63,0:LIVING,,,,,,,,,,,,,1,Female,,,57.41,BREAST CONSERVING,High,NO,LumA,1,Positve,NEUTRAL,Lobular,YES,Post,3,Right,0,3.04,YES,63,0:Not Recurred,ER+/HER2- Low Prolif,Living
MB-0411,brca_metabric,,,,,,,,,,,,,,,,,,,,,,,139.166666666667,0:LIVING,,,,,,,,,,,,,1,Female,,,54.6,MASTECTOMY,Moderate,YES,LumA,1,Positve,LOSS,Mixed,YES,Post,6,Left,1,4.036,YES,139.166666666667,0:Not Recurred,ER+/HER2- Low Prolif,Living
MB-0412,brca_metabric,,,,,,,,,,,,,,,,,,,,,,,136.166666666667,0:LIVING,,,,,,,,,,,,,1,Female,,,54.06,BREAST CONSERVING,High,NO,LumB,1,Positve,NEUTRAL,Ductal/NST,YES,Post,6,Right,1,5.038,YES,136.166666666667,0:Not Recurred,ER+/HER2- High Prolif,Living
MB-0413,brca_metabric,,,,,,,,,,,,,,,,,,,,,,,140.066666666667,0:LIVING,,,,,,,,,,,,,1,Female,,,56.58,BREAST CONSERVING,High,YES,LumA,1,Positve,NEUTRAL,Ductal/NST,YES,Post,2,Left,5,6.094,YES,128.666666666667,1:Recurred,ER+/HER2- High Prolif,Living
MB-0414,brca_metabric,,,,,,,,,,,,,,,,,,,,,,,76.6333333333333,0:LIVING,,,,,,,,,,,,,1,Female,,,72.16,BREAST CONSERVING,Low,NO,claudin-low,1,Negative,LOSS,Ductal/NST,NO,Post,10,Left,0,4.042,YES,76.6333333333333,0:Not Recurred,ER-/HER2-,Living
MB-0417,brca_metabric,,,,,,,,,,,,,,,,,,,,,,,6.26666666666667,1:DECEASED,,,,,,,,,,,,,1,Female,,,54.22,MASTECTOMY,Low,NO,Her2,1,Positve,NEUTRAL,Ductal/NST,YES,Post,7,Left,1,4.08,YES,6.26666666666667,1:Recurred,ER+/HER2- High Prolif,Died of Disease
MB-0418,brca_metabric,,,,,,,,,,,,,,,,,,,,,,,102.066666666667,0:LIVING,,,,,,,,,,,,,1,Female,,,58.72,BREAST CONSERVING,Moderate,NO,Her2,1,Positve,NEUTRAL,Ductal/NST,YES,Post,9,Right,1,5.062,YES,102.066666666667,0:Not Recurred,ER+/HER2- High Prolif,Living
MB-0419,brca_metabric,,,,,,,,,,,,,,,,,,,,,,,104.3,1:DECEASED,,,,,,,,,,,,,1,Female,,,77.92,MASTECTOMY,High,NO,LumA,1,Positve,NEUTRAL,Ductal/NST,YES,Post,8,Right,3,4.042,YES,104.3,0:Not Recurred,ER+/HER2- Low Prolif,Died of Other Causes
MB-0420,brca_metabric,,,,,,,,,,,,,,,,,,,,,,,76.7333333333333,0:LIVING,,,,,,,,,,,,,1,Female,,,34.92,BREAST CONSERVING,High,YES,claudin-low,1,Negative,NEUTRAL,Ductal/NST,NO,Pre,10,Left,0,4.032,YES,76.7333333333333,0:Not Recurred,ER-/HER2-,Living
MB-0421,brca_metabric,,,,,,,,,,,,,,,,,,,,,,,93,1:DECEASED,,,,,,,,,,,,,1,Female,,,73.53,MASTECTOMY,Low,NO,Her2,1,Positve,GAIN,Ductal/NST,YES,Post,5,Left,0,4.048,NO,93,0:Not Recurred,HER2+,Died of Other Causes
MB-0422,brca_metabric,,,,,,,,,,,,,,,,,,,,,,,33.8,1:DECEASED,,,,,,,,,,,,,1,Female,,,66.72,BREAST CONSERVING,High,NO,LumA,1,Positve,NEUTRAL,Ductal/NST,YES,Post,8,Right,7,5.032,YES,33.8,0:Not Recurred,ER+/HER2- Low Prolif,Died of Other Causes
MB-0423,brca_metabric,,,,,,,,,,,,,,,,,,,,,,,138.933333333333,0:LIVING,,,,,,,,,,,,,1,Female,,,71.1,BREAST CONSERVING,High,NO,claudin-low,1,Positve,NEUTRAL,Lobular,YES,Post,3,Left,,3.07,NO,138.933333333333,0:Not Recurred,ER+/HER2- Low Prolif,Living
MB-0424,brca_metabric,,,,,,,,,,,,,,,,,,,,,,,9.83333333333333,1:DECEASED,,,,,,,,,,,,,1,Female,,,44.02,MASTECTOMY,Moderate,YES,claudin-low,1,Negative,NEUTRAL,Medullary,NO,Pre,4ER-,Left,22,6.12,YES,9.83333333333333,1:Recurred,ER-/HER2-,Died of Disease
MB-0425,brca_metabric,,,,,,,,,,,,,,,,,,,,,,,24.4,1:DECEASED,,,,,,,,,,,,,1,Female,,,83.17,MASTECTOMY,High,NO,LumA,1,Positve,NEUTRAL,Ductal/NST,YES,Post,3,Left,6,5.044,YES,24.4,0:Not Recurred,ER+/HER2- Low Prolif,Died of Other Causes
MB-0426,brca_metabric,,,,,,,,,,,,,,,,,,,,,,,131.1,0:LIVING,,,,,,,,,,,,,1,Female,,,50.48,MASTECTOMY,Moderate,YES,Normal,1,Positve,NEUTRAL,Ductal/NST,YES,Post,3,Right,2,4.084,YES,131.1,0:Not Recurred,ER+/HER2- Low Prolif,Living
MB-0427,brca_metabric,,,,,,,,,,,,,,,,,,,,,,,116.1,0:LIVING,,,,,,,,,,,,,1,Female,,,81.89,MASTECTOMY,Moderate,NO,LumA,1,Positve,NEUTRAL,Lobular,YES,Post,7,Left,15,5.042,YES,116.1,0:Not Recurred,ER+/HER2- High Prolif,Living
MB-0428,brca_metabric,,,,,,,,,,,,,,,,,,,,,,,55.9333333333333,0:LIVING,,,,,,,,,,,,,1,Female,,,85.21,MASTECTOMY,High,NO,LumA,1,Positve,NEUTRAL,Ductal/NST,YES,Post,9,Left,4,6.04,YES,55.9333333333333,0:Not Recurred,ER+/HER2- High Prolif,Living
MB-0429,brca_metabric,,,,,,,,,,,,,,,,,,,,,,,74.4666666666667,1:DECEASED,,,,,,,,,,,,,1,Female,,,78.86,MASTECTOMY,High,NO,LumB,1,Positve,GAIN,Lobular,YES,Post,1,Right,4,6.08,YES,74.4666666666667,0:Not Recurred,ER+/HER2- High Prolif,Died of Other Causes
MB-0431,brca_metabric,,,,,,,,,,,,,,,,,,,,,,,85.1333333333333,0:LIVING,,,,,,,,,,,,,1,Female,,,63.61,BREAST CONSERVING,High,NO,LumA,1,Positve,NEUTRAL,Lobular,YES,Post,3,Left,2,4.114,YES,85.1333333333333,0:Not Recurred,ER+/HER2- Low Prolif,Living
MB-0432,brca_metabric,,,,,,,,,,,,,,,,,,,,,,,105.8,0:LIVING,,,,,,,,,,,,,1,Female,,,60.07,MASTECTOMY,Moderate,NO,claudin-low,1,Positve,NEUTRAL,Ductal/NST,YES,Post,4ER+,Right,,2.028,NO,105.8,0:Not Recurred,ER-/HER2-,Living
MB-0434,brca_metabric,,,,,,,,,,,,,,,,,,,,,,,45.5,1:DECEASED,,,,,,,,,,,,,1,Female,,,69.79,MASTECTOMY,High,YES,LumB,1,Positve,GAIN,Ductal/NST,YES,Post,5,Right,2,5.04,NO,24.0666666666667,1:Recurred,HER2+,Died of Disease
MB-0435,brca_metabric,,,,,,,,,,,,,,,,,,,,,,,110.533333333333,0:LIVING,,,,,,,,,,,,,1,Female,,,68.29,MASTECTOMY,,NO,claudin-low,1,Positve,NEUTRAL,Mixed,YES,Post,4ER+,Left,,3.008,NO,110.533333333333,0:Not Recurred,,Living
MB-0436,brca_metabric,,,,,,,,,,,,,,,,,,,,,,,75.5,1:DECEASED,,,,,,,,,,,,,1,Female,,,88.29,BREAST CONSERVING,Moderate,NO,Her2,1,Negative,NEUTRAL,Ductal/NST,NO,Post,4ER-,Left,0,4.026,YES,75.5,0:Not Recurred,ER-/HER2-,Died of Other Causes
MB-0437,brca_metabric,,,,,,,,,,,,,,,,,,,,,,,90.5666666666667,0:LIVING,,,,,,,,,,,,,1,Female,,,82.17,BREAST CONSERVING,Low,NO,LumB,1,Positve,LOSS,Mixed,YES,Post,4ER+,Right,3,4.03,YES,90.5666666666667,0:Not Recurred,ER+/HER2- High Prolif,Living
MB-0438,brca_metabric,,,,,,,,,,,,,,,,,,,,,,,135.166666666667,0:LIVING,,,,,,,,,,,,,1,Female,,,57.41,MASTECTOMY,High,YES,Her2,1,Negative,GAIN,Ductal/NST,NO,Post,5,Left,1,5.05,YES,135.166666666667,0:Not Recurred,HER2+,Living
MB-0439,brca_metabric,,,,,,,,,,,,,,,,,,,,,,,112.133333333333,0:LIVING,,,,,,,,,,,,,1,Female,,,50.32,MASTECTOMY,High,NO,LumB,1,Positve,NEUTRAL,Mucinous,YES,Post,8,Left,0,3.03,NO,112.133333333333,0:Not Recurred,ER+/HER2- High Prolif,Living
MB-0440,brca_metabric,,,,,,,,,,,,,,,,,,,,,,,100.833333333333,0:LIVING,,,,,,,,,,,,,1,Female,,,56.73,BREAST CONSERVING,High,YES,LumB,1,Positve,NEUTRAL,Ductal/NST,YES,Post,1,Left,1,5.052,YES,100.833333333333,0:Not Recurred,ER+/HER2- High Prolif,Living
MB-0442,brca_metabric,,,,,,,,,,,,,,,,,,,,,,,103.466666666667,1:DECEASED,,,,,,,,,,,,,1,Female,,,71.58,BREAST CONSERVING,Low,NO,claudin-low,1,Positve,NEUTRAL,Ductal/NST,YES,Post,4ER+,Right,1,4.034,NO,103.466666666667,1:Recurred,ER+/HER2- Low Prolif,Died of Disease
MB-0443,brca_metabric,,,,,,,,,,,,,,,,,,,,,,,45.0333333333333,0:LIVING,,,,,,,,,,,,,1,Female,,,61.67,MASTECTOMY,High,NO,claudin-low,1,Positve,NEUTRAL,Ductal/NST,YES,Post,7,Left,0,3.052,YES,45.0333333333333,0:Not Recurred,ER+/HER2- Low Prolif,Living
MB-0444,brca_metabric,,,,,,,,,,,,,,,,,,,,,,,55.4666666666667,1:DECEASED,,,,,,,,,,,,,1,Female,,,49.87,BREAST CONSERVING,Moderate,NO,LumB,1,Positve,NEUTRAL,Lobular,YES,Pre,8,Left,18,5.066,YES,33.0333333333333,1:Recurred,ER+/HER2- Low Prolif,Died of Disease
MB-0445,brca_metabric,,,,,,,,,,,,,,,,,,,,,,,132.533333333333,0:LIVING,,,,,,,,,,,,,1,Female,,,40.07,BREAST CONSERVING,High,YES,LumA,1,Positve,NEUTRAL,Ductal/NST,YES,Pre,7,Left,1,4.046,YES,132.533333333333,0:Not Recurred,ER+/HER2- High Prolif,Living
MB-0446,brca_metabric,,,,,,,,,,,,,,,,,,,,,,,72.2666666666667,0:LIVING,,,,,,,,,,,,,1,Female,,,56.96,MASTECTOMY,Moderate,YES,claudin-low,1,Negative,NEUTRAL,Ductal/NST,NO,Post,10,Right,0,4.048,NO,72.2666666666667,0:Not Recurred,ER-/HER2-,Living
MB-0448,brca_metabric,,,,,,,,,,,,,,,,,,,,,,,29.2333333333333,1:DECEASED,,,,,,,,,,,,,1,Female,,,59.45,MASTECTOMY,High,YES,LumB,1,Positve,GAIN,Ductal/NST,YES,Post,1,Left,,4.026,YES,28.5333333333333,1:Recurred,ER+/HER2- High Prolif,Died of Disease
MB-0449,brca_metabric,,,,,,,,,,,,,,,,,,,,,,,112.566666666667,0:LIVING,,,,,,,,,,,,,1,Female,,,54.38,MASTECTOMY,High,YES,LumA,1,Positve,NEUTRAL,Ductal/NST,YES,Post,3,Right,2,3.07,YES,112.566666666667,0:Not Recurred,ER+/HER2- Low Prolif,Living
MB-0451,brca_metabric,,,,,,,,,,,,,,,,,,,,,,,50.0666666666667,0:LIVING,,,,,,,,,,,,,1,Female,,,63.2,MASTECTOMY,Moderate,NO,LumA,1,Positve,NEUTRAL,Ductal/NST,YES,Post,8,Right,0,2.032,NO,50.0666666666667,0:Not Recurred,ER+/HER2- Low Prolif,Living
MB-0452,brca_metabric,,,,,,,,,,,,,,,,,,,,,,,62.8,0:LIVING,,,,,,,,,,,,,1,Female,,,54.43,BREAST CONSERVING,Moderate,NO,LumB,1,Positve,GAIN,Ductal/NST,YES,Post,9,Left,0,4.046,YES,62.8,0:Not Recurred,ER+/HER2- High Prolif,Living
MB-0453,brca_metabric,,,,,,,,,,,,,,,,,,,,,,,43.1333333333333,1:DECEASED,,,,,,,,,,,,,1,Female,,,61.11,MASTECTOMY,Moderate,YES,Her2,1,Positve,LOSS,Ductal/NST,YES,Post,2,Right,6,6.2,YES,16.3333333333333,1:Recurred,ER+/HER2- High Prolif,Died of Disease
MB-0454,brca_metabric,,,,,,,,,,,,,,,,,,,,,,,46.8333333333333,1:DECEASED,,,,,,,,,,,,,1,Female,,,90.02,BREAST CONSERVING,Moderate,NO,LumA,1,Positve,NEUTRAL,Mucinous,YES,Post,3,Right,0,3.04,YES,46.8333333333333,0:Not Recurred,ER+/HER2- Low Prolif,Died of Other Causes
MB-0455,brca_metabric,,,,,,,,,,,,,,,,,,,,,,,99.3333333333333,0:LIVING,,,,,,,,,,,,,1,Female,,,56.84,BREAST CONSERVING,Moderate,NO,LumB,1,Positve,LOSS,Ductal/NST,YES,Post,10,Left,0,3.036,YES,99.3333333333333,0:Not Recurred,ER+/HER2- High Prolif,Living
MB-0458,brca_metabric,,,,,,,,,,,,,,,,,,,,,,,134.5,0:LIVING,,,,,,,,,,,,,1,Female,,,49.28,MASTECTOMY,Low,YES,Normal,1,Positve,NEUTRAL,Ductal/NST,YES,Pre,4ER+,Left,2,4.1,YES,65.0666666666667,1:Recurred,ER+/HER2- Low Prolif,Living
MB-0459,brca_metabric,,,,,,,,,,,,,,,,,,,,,,,35.6,1:DECEASED,,,,,,,,,,,,,1,Female,,,85.09,MASTECTOMY,Low,NO,LumB,1,Positve,GAIN,Ductal/NST,YES,Post,6,Left,2,5.068,YES,35.6,0:Not Recurred,ER+/HER2- High Prolif,Died of Other Causes
MB-0460,brca_metabric,,,,,,,,,,,,,,,,,,,,,,,114,1:DECEASED,,,,,,,,,,,,,1,Female,,,81.44,BREAST CONSERVING,High,NO,claudin-low,1,Positve,NEUTRAL,Lobular,YES,Post,4ER+,Left,0,3.044,YES,95.8666666666667,1:Recurred,ER+/HER2- Low Prolif,Died of Disease
MB-0462,brca_metabric,,,,,,,,,,,,,,,,,,,,,,,132.766666666667,0:LIVING,,,,,,,,,,,,,1,Female,,,60.5,MASTECTOMY,Moderate,NO,claudin-low,1,Positve,GAIN,Ductal/NST,YES,Post,5,Right,0,4.032,YES,132.766666666667,0:Not Recurred,HER2+,Living
MB-0463,brca_metabric,,,,,,,,,,,,,,,,,,,,,,,120.566666666667,1:DECEASED,,,,,,,,,,,,,1,Female,,,60.48,BREAST CONSERVING,High,NO,LumA,1,Positve,NEUTRAL,Ductal/NST,YES,Post,4ER+,Left,0,3.042,YES,120.566666666667,1:Recurred,ER+/HER2- Low Prolif,Died of Disease
MB-0464,brca_metabric,,,,,,,,,,,,,,,,,,,,,,,39.3,1:DECEASED,,,,,,,,,,,,,1,Female,,,58.98,MASTECTOMY,Low,YES,Basal,1,Negative,LOSS,Ductal/NST,NO,Post,9,Right,17,6.026,YES,19.5333333333333,1:Recurred,ER-/HER2-,Died of Disease
MB-0465,brca_metabric,,,,,,,,,,,,,,,,,,,,,,,28.6,1:DECEASED,,,,,,,,,,,,,1,Female,,,87.18,MASTECTOMY,Moderate,NO,LumB,1,Positve,GAIN,Ductal/NST,YES,Post,5,Left,2,5.052,NO,21.8666666666667,1:Recurred,HER2+,Died of Disease
MB-0466,brca_metabric,,,,,,,,,,,,,,,,,,,,,,,43.8666666666667,0:LIVING,,,,,,,,,,,,,1,Female,,,33.97,MASTECTOMY,High,YES,LumA,1,Positve,NEUTRAL,Ductal/NST,YES,Pre,1,Left,4,5.14,YES,43.8666666666667,0:Not Recurred,ER+/HER2- High Prolif,Living
MB-0467,brca_metabric,,,,,,,,,,,,,,,,,,,,,,,105.6,1:DECEASED,,,,,,,,,,,,,1,Female,,,58.35,BREAST CONSERVING,High,YES,Her2,1,Negative,GAIN,Ductal/NST,NO,Post,5,Left,0,4.026,NO,74.4333333333333,1:Recurred,HER2+,Died of Disease
MB-0468,brca_metabric,,,,,,,,,,,,,,,,,,,,,,,129.6,1:DECEASED,,,,,,,,,,,,,1,Female,,,60.95,MASTECTOMY,Moderate,YES,LumA,1,Positve,NEUTRAL,Ductal/NST,YES,Post,1,Left,4,6.052,YES,129.6,0:Not Recurred,,Died of Other Causes
MB-0469,brca_metabric,,,,,,,,,,,,,,,,,,,,,,,131.266666666667,0:LIVING,,,,,,,,,,,,,1,Female,,,67.94,MASTECTOMY,Moderate,YES,LumB,1,Positve,GAIN,Ductal/NST,YES,Post,6,Left,3,5.078,YES,131.266666666667,0:Not Recurred,ER+/HER2- High Prolif,Living
MB-0470,brca_metabric,,,,,,,,,,,,,,,,,,,,,,,88.2333333333333,0:LIVING,,,,,,,,,,,,,1,Female,,,61.78,BREAST CONSERVING,,NO,claudin-low,1,Positve,LOSS,Lobular,YES,Post,4ER+,Left,0,2.03,YES,88.2333333333333,0:Not Recurred,,Living
MB-0471,brca_metabric,,,,,,,,,,,,,,,,,,,,,,,107.466666666667,0:LIVING,,,,,,,,,,,,,1,Female,,,76.49,BREAST CONSERVING,Moderate,NO,LumA,1,Positve,NEUTRAL,Mucinous,YES,Post,1,Left,0,3.034,YES,107.466666666667,0:Not Recurred,ER+/HER2- High Prolif,Living
MB-0472,brca_metabric,,,,,,,,,,,,,,,,,,,,,,,27.4,0:LIVING,,,,,,,,,,,,,1,Female,,,59.34,BREAST CONSERVING,High,NO,LumB,1,Positve,NEUTRAL,Lobular,NO,Post,7,Left,0,1.022,YES,27.4,0:Not Recurred,ER+/HER2- High Prolif,Living
MB-0474,brca_metabric,,,,,,,,,,,,,,,,,,,,,,,111.1,1:DECEASED,,,,,,,,,,,,,1,Female,,,54.29,MASTECTOMY,High,YES,LumB,1,Positve,NEUTRAL,Ductal/NST,YES,Post,9,Right,3,5.16,YES,100.2,1:Recurred,ER+/HER2- High Prolif,Died of Disease
MB-0475,brca_metabric,,,,,,,,,,,,,,,,,,,,,,,130.7,0:LIVING,,,,,,,,,,,,,1,Female,,,54.15,BREAST CONSERVING,Moderate,NO,LumA,1,Positve,NEUTRAL,Ductal/NST,YES,Post,9,Left,0,4.04,YES,130.7,0:Not Recurred,ER+/HER2- High Prolif,Living
MB-0476,brca_metabric,,,,,,,,,,,,,,,,,,,,,,,130.433333333333,0:LIVING,,,,,,,,,,,,,1,Female,,,54.62,MASTECTOMY,Moderate,YES,claudin-low,1,Negative,NEUTRAL,Ductal/NST,NO,Post,4ER-,Left,0,4.05,YES,130.433333333333,0:Not Recurred,ER-/HER2-,Living
MB-0478,brca_metabric,,,,,,,,,,,,,,,,,,,,,,,132.3,0:LIVING,,,,,,,,,,,,,1,Female,,,74.02,MASTECTOMY,Low,NO,claudin-low,1,Positve,NEUTRAL,Ductal/NST,YES,Post,3,Right,3,4.046,YES,132.3,0:Not Recurred,ER+/HER2- Low Prolif,Living
MB-0479,brca_metabric,,,,,,,,,,,,,,,,,,,,,,,132.766666666667,0:LIVING,,,,,,,,,,,,,1,Female,,,33.83,MASTECTOMY,High,YES,Her2,1,Negative,GAIN,Ductal/NST,YES,Pre,5,Left,0,4.044,YES,132.766666666667,0:Not Recurred,HER2+,Living
MB-0480,brca_metabric,,,,,,,,,,,,,,,,,,,,,,,94.5666666666667,0:LIVING,,,,,,,,,,,,,1,Female,,,51.86,BREAST CONSERVING,High,NO,LumA,1,Positve,NEUTRAL,Ductal/NST,YES,Post,9,Left,0,4.026,YES,94.5666666666667,0:Not Recurred,ER+/HER2- Low Prolif,Living
MB-0481,brca_metabric,,,,,,,,,,,,,,,,,,,,,,,36.4,1:DECEASED,,,,,,,,,,,,,1,Female,,,54.22,BREAST CONSERVING,High,YES,Basal,1,Negative,NEUTRAL,Ductal/NST,NO,Post,10,Left,0,4.038,YES,33.8666666666667,1:Recurred,ER-/HER2-,Died of Disease
MB-0482,brca_metabric,,,,,,,,,,,,,,,,,,,,,,,24.8666666666667,1:DECEASED,,,,,,,,,,,,,1,Female,,,39.53,BREAST CONSERVING,Moderate,YES,Normal,1,Negative,GAIN,Ductal/NST,NO,Pre,5,Right,1,5.032,YES,15.8666666666667,1:Recurred,HER2+,Died of Disease
MB-0483,brca_metabric,,,,,,,,,,,,,,,,,,,,,,,74.4666666666667,1:DECEASED,,,,,,,,,,,,,1,Female,,,49.61,MASTECTOMY,High,YES,LumB,1,Positve,NEUTRAL,Ductal/NST,YES,Pre,1,Left,2,5.042,YES,64.3,1:Recurred,ER+/HER2- High Prolif,Died of Disease
MB-0484,brca_metabric,,,,,,,,,,,,,,,,,,,,,,,82.6333333333333,0:LIVING,,,,,,,,,,,,,1,Female,,,38.72,BREAST CONSERVING,High,YES,Her2,1,Positve,GAIN,Ductal/NST,YES,Pre,6,Left,3,5.044,YES,82.6333333333333,0:Not Recurred,ER+/HER2- High Prolif,Living
MB-0485,brca_metabric,,,,,,,,,,,,,,,,,,,,,,,36.7666666666667,1:DECEASED,,,,,,,,,,,,,1,Female,,,60.78,MASTECTOMY,High,YES,LumA,1,Positve,NEUTRAL,Mixed,YES,Post,9,Right,7,6.1,YES,34.3,1:Recurred,ER+/HER2- High Prolif,Died of Disease
MB-0486,brca_metabric,,,,,,,,,,,,,,,,,,,,,,,89.9666666666667,0:LIVING,,,,,,,,,,,,,1,Female,,,57.57,MASTECTOMY,High,YES,LumA,1,Positve,NEUTRAL,Ductal/NST,YES,Post,3,Left,0,4.064,YES,89.9666666666667,0:Not Recurred,ER+/HER2- Low Prolif,Living
MB-0487,brca_metabric,,,,,,,,,,,,,,,,,,,,,,,86.9,0:LIVING,,,,,,,,,,,,,1,Female,,,57.36,BREAST CONSERVING,Low,NO,Normal,1,Positve,NEUTRAL,Ductal/NST,NO,Post,3,Right,0,3.03,YES,86.9,0:Not Recurred,ER+/HER2- Low Prolif,Living
MB-0488,brca_metabric,,,,,,,,,,,,,,,,,,,,,,,112.933333333333,0:LIVING,,,,,,,,,,,,,1,Female,,,50.64,MASTECTOMY,,NO,Basal,1,Positve,NEUTRAL,Mixed,YES,Post,4ER+,Left,0,2.05,YES,112.933333333333,0:Not Recurred,ER-/HER2-,Living
MB-0489,brca_metabric,,,,,,,,,,,,,,,,,,,,,,,90.5666666666667,0:LIVING,,,,,,,,,,,,,1,Female,,,41.46,MASTECTOMY,Low,YES,claudin-low,1,Negative,GAIN,Ductal/NST,YES,Pre,4ER-,Right,0,4.02,NO,90.5666666666667,0:Not Recurred,ER-/HER2-,Living
MB-0490,brca_metabric,,,,,,,,,,,,,,,,,,,,,,,101.966666666667,0:LIVING,,,,,,,,,,,,,1,Female,,,81.9,MASTECTOMY,Low,NO,LumA,1,Positve,NEUTRAL,Ductal/NST,YES,Post,4ER+,Right,10,5.06,YES,101.966666666667,0:Not Recurred,ER+/HER2- Low Prolif,Living
MB-0491,brca_metabric,,,,,,,,,,,,,,,,,,,,,,,125.8,0:LIVING,,,,,,,,,,,,,1,Female,,,43.4,MASTECTOMY,High,NO,LumA,1,Positve,NEUTRAL,Lobular,YES,Pre,4ER+,Right,0,3.06,YES,125.8,0:Not Recurred,ER+/HER2- High Prolif,Living
MB-0492,brca_metabric,,,,,,,,,,,,,,,,,,,,,,,81.1333333333333,1:DECEASED,,,,,,,,,,,,,1,Female,,,85.21,BREAST CONSERVING,,NO,LumB,1,Positve,NEUTRAL,Mixed,YES,Post,8,Right,0,4.056,YES,81.1333333333333,0:Not Recurred,ER+/HER2- High Prolif,Died of Other Causes
MB-0494,brca_metabric,,,,,,,,,,,,,,,,,,,,,,,36.6333333333333,1:DECEASED,,,,,,,,,,,,,1,Female,,,77.22,MASTECTOMY,Moderate,YES,claudin-low,1,Negative,NEUTRAL,Ductal/NST,NO,Post,4ER-,Left,21,6.08,YES,19.8333333333333,1:Recurred,ER-/HER2-,Died of Disease
MB-0495,brca_metabric,,,,,,,,,,,,,,,,,,,,,,,71.8,1:DECEASED,,,,,,,,,,,,,1,Female,,,63.19,MASTECTOMY,Low,YES,claudin-low,1,Positve,NEUTRAL,Ductal/NST,YES,Post,4ER+,Right,7,6.038,YES,44.6666666666667,1:Recurred,ER-/HER2-,Died of Disease
MB-0496,brca_metabric,,,,,,,,,,,,,,,,,,,,,,,130.9,0:LIVING,,,,,,,,,,,,,1,Female,,,60,MASTECTOMY,High,YES,Normal,1,Positve,NEUTRAL,Ductal/NST,YES,Post,3,Right,4,4.052,YES,130.9,0:Not Recurred,ER+/HER2- Low Prolif,Living
MB-0497,brca_metabric,,,,,,,,,,,,,,,,,,,,,,,73.7,0:LIVING,,,,,,,,,,,,,1,Female,,,57.27,BREAST CONSERVING,High,NO,LumA,1,Positve,GAIN,Ductal/NST,YES,Post,4ER+,Right,0,3.058,YES,73.7,0:Not Recurred,ER+/HER2- Low Prolif,Living
MB-0499,brca_metabric,,,,,,,,,,,,,,,,,,,,,,,131.9,0:LIVING,,,,,,,,,,,,,1,Female,,,50.15,,Low,NO,claudin-low,1,Positve,NEUTRAL,,YES,Post,4ER+,Left,,3.008,NO,131.9,0:Not Recurred,ER-/HER2-,Living
MB-0500,brca_metabric,,,,,,,,,,,,,,,,,,,,,,,67.4666666666667,0:LIVING,,,,,,,,,,,,,1,Female,,,36.56,BREAST CONSERVING,High,YES,Basal,1,Positve,NEUTRAL,Ductal/NST,NO,Pre,10,Right,0,4.044,YES,67.4666666666667,0:Not Recurred,ER-/HER2-,Living
MB-0501,brca_metabric,,,,,,,,,,,,,,,,,,,,,,,71.5,0:LIVING,,,,,,,,,,,,,1,Female,,,48.93,BREAST CONSERVING,Moderate,YES,LumA,1,Positve,GAIN,Ductal/NST,YES,Pre,8,Right,0,4.042,YES,71.5,0:Not Recurred,ER+/HER2- Low Prolif,Living
MB-0502,brca_metabric,,,,,,,,,,,,,,,,,,,,,,,82.1,0:LIVING,,,,,,,,,,,,,1,Female,,,56.41,BREAST CONSERVING,Low,YES,claudin-low,1,Positve,NEUTRAL,Ductal/NST,YES,Post,4ER+,Left,5,6.06,YES,82.1,0:Not Recurred,ER-/HER2-,Living
MB-0503,brca_metabric,,,,,,,,,,,,,,,,,,,,,,,101.233333333333,0:LIVING,,,,,,,,,,,,,1,Female,,,60.77,BREAST CONSERVING,High,NO,LumA,1,Positve,GAIN,Ductal/NST,YES,Post,7,Left,0,3.046,YES,101.233333333333,0:Not Recurred,ER+/HER2- Low Prolif,Living
MB-0504,brca_metabric,,,,,,,,,,,,,,,,,,,,,,,130.466666666667,0:LIVING,,,,,,,,,,,,,1,Female,,,68.16,BREAST CONSERVING,Moderate,NO,LumA,1,Positve,NEUTRAL,Ductal/NST,YES,Post,3,Left,0,4.042,YES,123.066666666667,1:Recurred,ER+/HER2- Low Prolif,Living
MB-0505,brca_metabric,,,,,,,,,,,,,,,,,,,,,,,60.7,0:LIVING,,,,,,,,,,,,,1,Female,,,56.38,BREAST CONSERVING,Moderate,NO,LumA,1,Positve,NEUTRAL,Ductal/NST,YES,Post,4ER+,Right,1,3.024,YES,60.7,0:Not Recurred,ER+/HER2- Low Prolif,Living
MB-0506,brca_metabric,,,,,,,,,,,,,,,,,,,,,,,45.8,1:DECEASED,,,,,,,,,,,,,1,Female,,,60.74,BREAST CONSERVING,High,YES,Her2,1,Negative,NEUTRAL,Ductal/NST,NO,Post,9,Left,1,5.042,YES,30.3666666666667,1:Recurred,ER+/HER2- High Prolif,Died of Disease
MB-0507,brca_metabric,,,,,,,,,,,,,,,,,,,,,,,23.8,0:LIVING,,,,,,,,,,,,,1,Female,,,58.71,BREAST CONSERVING,Moderate,NO,LumA,1,Positve,NEUTRAL,Ductal/NST,YES,Post,3,Right,0,4.036,YES,23.8,0:Not Recurred,ER+/HER2- Low Prolif,Living
MB-0508,brca_metabric,,,,,,,,,,,,,,,,,,,,,,,114.333333333333,0:LIVING,,,,,,,,,,,,,1,Female,,,42.68,BREAST CONSERVING,Low,NO,Normal,1,Positve,GAIN,Ductal/NST,YES,Pre,2,Left,0,3.022,NO,114.333333333333,0:Not Recurred,ER+/HER2- High Prolif,Living
MB-0509,brca_metabric,,,,,,,,,,,,,,,,,,,,,,,115.3,0:LIVING,,,,,,,,,,,,,1,Female,,,41.48,BREAST CONSERVING,Low,NO,Basal,1,Positve,NEUTRAL,Ductal/NST,YES,Pre,3,Right,0,4.022,YES,115.3,0:Not Recurred,ER+/HER2- High Prolif,Living
MB-0510,brca_metabric,,,,,,,,,,,,,,,,,,,,,,,128.4,0:LIVING,,,,,,,,,,,,,1,Female,,,71.84,MASTECTOMY,Moderate,NO,Normal,1,Positve,NEUTRAL,Ductal/NST,YES,Post,9,Right,1,5.12,YES,128.4,0:Not Recurred,ER+/HER2- High Prolif,Living
MB-0511,brca_metabric,,,,,,,,,,,,,,,,,,,,,,,61.7,0:LIVING,,,,,,,,,,,,,1,Female,,,59.84,MASTECTOMY,Moderate,NO,LumA,1,Positve,NEUTRAL,Ductal/NST,YES,Post,3,Left,0,3.062,YES,61.7,0:Not Recurred,ER+/HER2- Low Prolif,Living
MB-0512,brca_metabric,,,,,,,,,,,,,,,,,,,,,,,121.533333333333,0:LIVING,,,,,,,,,,,,,1,Female,,,56.74,BREAST CONSERVING,Moderate,NO,LumA,1,Positve,NEUTRAL,Ductal/NST,YES,Post,9,Left,0,2.048,YES,121.533333333333,0:Not Recurred,,Living
MB-0513,brca_metabric,,,,,,,,,,,,,,,,,,,,,,,117.033333333333,0:LIVING,,,,,,,,,,,,,1,Female,,,73.39,MASTECTOMY,High,NO,LumA,1,Positve,NEUTRAL,Ductal/NST,YES,Post,9,Right,1,4.064,YES,117.033333333333,0:Not Recurred,ER+/HER2- Low Prolif,Living
MB-0514,brca_metabric,,,,,,,,,,,,,,,,,,,,,,,13.4,0:LIVING,,,,,,,,,,,,,1,Female,,,42.89,BREAST CONSERVING,High,YES,LumB,1,Positve,NEUTRAL,,YES,Pre,3,Right,1,4.04,YES,13.4,0:Not Recurred,ER+/HER2- High Prolif,Living
MB-0516,brca_metabric,,,,,,,,,,,,,,,,,,,,,,,114.466666666667,0:LIVING,,,,,,,,,,,,,1,Female,,,62.81,BREAST CONSERVING,High,YES,Basal,1,Negative,NEUTRAL,Ductal/NST,NO,Post,10,Right,0,4.03,YES,114.466666666667,0:Not Recurred,ER-/HER2-,Living
MB-0517,brca_metabric,,,,,,,,,,,,,,,,,,,,,,,61.9,0:LIVING,,,,,,,,,,,,,1,Female,,,47.92,BREAST CONSERVING,Moderate,NO,LumA,1,Positve,LOSS,Ductal/NST,YES,Pre,9,Right,0,3.034,YES,61.9,0:Not Recurred,ER+/HER2- Low Prolif,Living
MB-0519,brca_metabric,,,,,,,,,,,,,,,,,,,,,,,110.966666666667,0:LIVING,,,,,,,,,,,,,1,Female,,,61.99,MASTECTOMY,Moderate,YES,claudin-low,1,Positve,LOSS,Ductal/NST,YES,Post,4ER+,Right,23,6.13,YES,110.966666666667,0:Not Recurred,ER+/HER2- Low Prolif,Living
MB-0521,brca_metabric,,,,,,,,,,,,,,,,,,,,,,,212.2,0:LIVING,,,,,,,,,,,,,1,Female,,,52.2,MASTECTOMY,High,NO,LumA,1,Positve,NEUTRAL,Lobular,YES,Post,3,Right,3,4.06,YES,212.2,0:Not Recurred,ER+/HER2- Low Prolif,Living
MB-0522,brca_metabric,,,,,,,,,,,,,,,,,,,,,,,2.5,0:LIVING,,,,,,,,,,,,,1,Female,,,54.08,,Low,NO,Her2,1,Negative,GAIN,,NO,Post,5,,0,2,NO,2.5,0:Not Recurred,,Living
MB-0524,brca_metabric,,,,,,,,,,,,,,,,,,,,,,,80.8333333333333,0:LIVING,,,,,,,,,,,,,1,Female,,,40.65,BREAST CONSERVING,Moderate,YES,Normal,1,Positve,NEUTRAL,Ductal/NST,YES,Pre,4ER+,Right,0,4.02,NO,80.8333333333333,0:Not Recurred,ER+/HER2- Low Prolif,Living
MB-0525,brca_metabric,,,,,,,,,,,,,,,,,,,,,,,65.8666666666667,0:LIVING,,,,,,,,,,,,,1,Female,,,48.47,BREAST CONSERVING,High,YES,Basal,1,Negative,NEUTRAL,Ductal/NST,NO,Pre,4ER-,Right,0,4.05,YES,65.8666666666667,0:Not Recurred,ER-/HER2-,Living
MB-0526,brca_metabric,,,,,,,,,,,,,,,,,,,,,,,139.633333333333,1:DECEASED,,,,,,,,,,,,,1,Female,,,72.18,BREAST CONSERVING,High,NO,LumB,1,Negative,NEUTRAL,Ductal/NST,NO,Post,2,,0,4.03,NO,139.633333333333,0:Not Recurred,ER+/HER2- High Prolif,Died of Other Causes
MB-0527,brca_metabric,,,,,,,,,,,,,,,,,,,,,,,109.833333333333,1:DECEASED,,,,,,,,,,,,,1,Female,,,73.22,MASTECTOMY,Moderate,NO,claudin-low,1,Positve,NEUTRAL,Ductal/NST,YES,Post,4ER+,Right,2,4.038,YES,108.233333333333,1:Recurred,ER+/HER2- Low Prolif,Died of Other Causes
MB-0528,brca_metabric,,,,,,,,,,,,,,,,,,,,,,,193.966666666667,0:LIVING,,,,,,,,,,,,,1,Female,,,53.64,MASTECTOMY,Moderate,YES,LumA,1,Positve,NEUTRAL,Ductal/NST,YES,Post,2,Left,1,5.052,YES,177.366666666667,1:Recurred,ER+/HER2- Low Prolif,Living
MB-0529,brca_metabric,,,,,,,,,,,,,,,,,,,,,,,48.5333333333333,1:DECEASED,,,,,,,,,,,,,1,Female,,,67.46,MASTECTOMY,High,YES,LumA,1,Positve,NEUTRAL,Ductal/NST,YES,Post,8,Right,7,5.05,NO,48.5333333333333,1:Recurred,ER+/HER2- High Prolif,Died of Disease
MB-0531,brca_metabric,,,,,,,,,,,,,,,,,,,,,,,163.866666666667,0:LIVING,,,,,,,,,,,,,1,Female,,,60.12,MASTECTOMY,,YES,Normal,1,Negative,LOSS,Ductal/NST,YES,Post,4ER-,Left,0,4.032,YES,39.8333333333333,1:Recurred,,Living
MB-0532,brca_metabric,,,,,,,,,,,,,,,,,,,,,,,143.133333333333,1:DECEASED,,,,,,,,,,,,,1,Female,,,59.07,MASTECTOMY,High,YES,LumB,1,Negative,NEUTRAL,Ductal/NST,YES,Post,9,Right,3,5.07,YES,65.0666666666667,1:Recurred,ER+/HER2- High Prolif,Died of Disease
MB-0534,brca_metabric,,,,,,,,,,,,,,,,,,,,,,,124.1,0:LIVING,,,,,,,,,,,,,1,Female,,,51.56,MASTECTOMY,Low,YES,claudin-low,1,Positve,NEUTRAL,Ductal/NST,YES,Post,4ER+,Right,2,5.034,YES,124.1,0:Not Recurred,,Living
MB-0535,brca_metabric,,,,,,,,,,,,,,,,,,,,,,,199.133333333333,0:LIVING,,,,,,,,,,,,,1,Female,,,46.66,BREAST CONSERVING,Low,NO,LumA,1,Positve,NEUTRAL,Ductal/NST,YES,Pre,8,Left,0,3.024,YES,161.9,1:Recurred,ER+/HER2- Low Prolif,Living
MB-0536,brca_metabric,,,,,,,,,,,,,,,,,,,,,,,147.366666666667,1:DECEASED,,,,,,,,,,,,,1,Female,,,67.88,BREAST CONSERVING,High,NO,LumB,1,Positve,NEUTRAL,Ductal/NST,YES,Post,1,Right,0,4.04,YES,147.366666666667,0:Not Recurred,ER+/HER2- High Prolif,Died of Other Causes
MB-0537,brca_metabric,,,,,,,,,,,,,,,,,,,,,,,113.566666666667,0:LIVING,,,,,,,,,,,,,1,Female,,,59.8,BREAST CONSERVING,,YES,claudin-low,1,Positve,NEUTRAL,Ductal/NST,YES,Post,4ER+,Left,1,3.028,YES,113.566666666667,0:Not Recurred,ER+/HER2- Low Prolif,Living
MB-0538,brca_metabric,,,,,,,,,,,,,,,,,,,,,,,24.1,1:DECEASED,,,,,,,,,,,,,1,Female,,,61.89,MASTECTOMY,High,YES,LumA,1,Positve,NEUTRAL,Ductal/NST,YES,Post,9,Right,26,6.074,YES,23.9666666666667,1:Recurred,ER+/HER2- High Prolif,Died of Disease
MB-0539,brca_metabric,,,,,,,,,,,,,,,,,,,,,,,85.5,1:DECEASED,,,,,,,,,,,,,1,Female,,,64.21,MASTECTOMY,Low,NO,Basal,1,,GAIN,,NO,Post,5,Right,,1.04,NO,85.5,0:Not Recurred,HER2+,Died of Other Causes
MB-0540,brca_metabric,,,,,,,,,,,,,,,,,,,,,,,194.533333333333,0:LIVING,,,,,,,,,,,,,1,Female,,,66.11,BREAST CONSERVING,High,NO,claudin-low,1,Positve,NEUTRAL,Mixed,YES,Post,4ER+,Left,0,2.024,YES,194.533333333333,0:Not Recurred,ER-/HER2-,Living
MB-0541,brca_metabric,,,,,,,,,,,,,,,,,,,,,,,174.266666666667,0:LIVING,,,,,,,,,,,,,1,Female,,,38.86,MASTECTOMY,High,YES,LumA,1,Positve,NEUTRAL,Ductal/NST,YES,Pre,9,Right,0,4.038,YES,174.266666666667,0:Not Recurred,ER+/HER2- High Prolif,Living
MB-0542,brca_metabric,,,,,,,,,,,,,,,,,,,,,,,48.6,1:DECEASED,,,,,,,,,,,,,1,Female,,,39.3,MASTECTOMY,Moderate,YES,Normal,1,Positve,NEUTRAL,Ductal/NST,YES,Pre,1,Left,5,6.046,YES,48.6,1:Recurred,ER+/HER2- High Prolif,Died of Disease
MB-0543,brca_metabric,,,,,,,,,,,,,,,,,,,,,,,154.766666666667,0:LIVING,,,,,,,,,,,,,1,Female,,,45.9,BREAST CONSERVING,High,NO,Basal,1,Positve,GAIN,Ductal/NST,YES,Pre,1,Right,,5.054,YES,154.766666666667,0:Not Recurred,HER2+,Living
MB-0544,brca_metabric,,,,,,,,,,,,,,,,,,,,,,,79.3333333333333,1:DECEASED,,,,,,,,,,,,,1,Female,,,74.46,MASTECTOMY,Low,YES,LumB,1,Positve,NEUTRAL,Ductal/NST,YES,Post,8,Left,1,5.104,YES,79.3333333333333,0:Not Recurred,ER+/HER2- Low Prolif,Died of Other Causes
MB-0545,brca_metabric,,,,,,,,,,,,,,,,,,,,,,,41.1666666666667,1:DECEASED,,,,,,,,,,,,,1,Female,,,83.92,,Moderate,NO,Normal,1,Positve,NEUTRAL,Ductal/NST,YES,Post,6,Left,6,6.052,YES,41.1666666666667,0:Not Recurred,ER+/HER2- High Prolif,Died of Other Causes
MB-0546,brca_metabric,,,,,,,,,,,,,,,,,,,,,,,193.8,0:LIVING,,,,,,,,,,,,,1,Female,,,51.45,BREAST CONSERVING,High,YES,Normal,1,Positve,NEUTRAL,Ductal/NST,YES,Post,3,Left,,4.024,YES,193.8,0:Not Recurred,ER+/HER2- Low Prolif,Living
MB-0547,brca_metabric,,,,,,,,,,,,,,,,,,,,,,,,,,,,,,,,,,,,,1,Female,,,66.73,,,,,1,Positve,,,,,,,0,4.48,,187.933333333333,0:Not Recurred,,
MB-0549,brca_metabric,,,,,,,,,,,,,,,,,,,,,,,25.9666666666667,0:LIVING,,,,,,,,,,,,,1,Female,,,76.84,MASTECTOMY,High,NO,LumB,1,Positve,GAIN,Ductal/NST,YES,Post,5,Right,,5.06,NO,25.9666666666667,0:Not Recurred,HER2+,Living
MB-0550,brca_metabric,,,,,,,,,,,,,,,,,,,,,,,132.333333333333,1:DECEASED,,,,,,,,,,,,,1,Female,,,60.12,MASTECTOMY,High,NO,LumB,1,Positve,NEUTRAL,Ductal/NST,NO,Post,8,Left,1,4.03,NO,92.2333333333333,1:Recurred,ER+/HER2- High Prolif,Died of Disease
MB-0551,brca_metabric,,,,,,,,,,,,,,,,,,,,,,,51.9666666666667,1:DECEASED,,,,,,,,,,,,,1,Female,,,76.32,MASTECTOMY,,NO,Normal,1,Positve,NEUTRAL,Ductal/NST,YES,Post,4ER+,Left,0,3.064,YES,51.9666666666667,1:Recurred,ER+/HER2- Low Prolif,Died of Disease
MB-0552,brca_metabric,,,,,,,,,,,,,,,,,,,,,,,68.0666666666667,1:DECEASED,,,,,,,,,,,,,1,Female,,,61.53,MASTECTOMY,,YES,Her2,1,Positve,GAIN,Ductal/NST,YES,Post,5,Right,8,6.058,YES,56.2666666666667,1:Recurred,HER2+,Died of Disease
MB-0553,brca_metabric,,,,,,,,,,,,,,,,,,,,,,,85.7333333333333,1:DECEASED,,,,,,,,,,,,,1,Female,,,86.99,MASTECTOMY,Moderate,NO,LumA,1,Positve,GAIN,Ductal/NST,YES,Post,5,Left,14,5.04,YES,85.7333333333333,0:Not Recurred,,Died of Other Causes
MB-0554,brca_metabric,,,,,,,,,,,,,,,,,,,,,,,111.166666666667,1:DECEASED,,,,,,,,,,,,,1,Female,,,82.35,BREAST CONSERVING,Moderate,NO,LumA,1,Positve,NEUTRAL,Ductal/NST,YES,Post,8,Right,0,2.032,NO,111.166666666667,0:Not Recurred,ER+/HER2- Low Prolif,Died of Other Causes
MB-0558,brca_metabric,,,,,,,,,,,,,,,,,,,,,,,97.8333333333333,1:DECEASED,,,,,,,,,,,,,1,Female,,,69.88,MASTECTOMY,,NO,claudin-low,1,Negative,GAIN,Ductal/NST,NO,Post,10,Right,0,4.056,NO,97.8333333333333,0:Not Recurred,ER-/HER2-,Died of Other Causes
MB-0559,brca_metabric,,,,,,,,,,,,,,,,,,,,,,,161.766666666667,0:LIVING,,,,,,,,,,,,,1,Female,,,47.71,MASTECTOMY,High,YES,LumA,1,Positve,NEUTRAL,Ductal/NST,YES,Pre,7,Left,0,4.05,NO,161.766666666667,0:Not Recurred,ER+/HER2- High Prolif,Living
MB-0564,brca_metabric,,,,,,,,,,,,,,,,,,,,,,,37.9333333333333,1:DECEASED,,,,,,,,,,,,,1,Female,,,48.39,MASTECTOMY,Moderate,YES,Normal,1,Negative,GAIN,Ductal/NST,NO,Pre,4ER-,Right,,4.044,NO,37.9333333333333,1:Recurred,HER2+,Died of Disease
MB-0568,brca_metabric,,,,,,,,,,,,,,,,,,,,,,,181.466666666667,0:LIVING,,,,,,,,,,,,,1,Female,,,61.28,MASTECTOMY,Moderate,NO,LumA,1,Positve,NEUTRAL,Ductal/NST,YES,Post,7,Right,1,4.034,NO,181.466666666667,0:Not Recurred,ER+/HER2- Low Prolif,Living
MB-0569,brca_metabric,,,,,,,,,,,,,,,,,,,,,,,59.5,1:DECEASED,,,,,,,,,,,,,1,Female,,,74.96,MASTECTOMY,High,YES,LumB,1,Positve,NEUTRAL,Ductal/NST,YES,Post,4ER+,Left,14,6.046,YES,56.5,1:Recurred,ER+/HER2- High Prolif,Died of Disease
MB-0570,brca_metabric,,,,,,,,,,,,,,,,,,,,,,,272.2,0:LIVING,,,,,,,,,,,,,1,Female,,,68.99,BREAST CONSERVING,High,NO,LumB,1,Positve,GAIN,Ductal/NST,YES,Post,6,Left,0,4.04,YES,104.266666666667,1:Recurred,ER+/HER2- High Prolif,Living
MB-0571,brca_metabric,,,,,,,,,,,,,,,,,,,,,,,149.866666666667,0:LIVING,,,,,,,,,,,,,1,Female,,,61.79,MASTECTOMY,Moderate,NO,LumA,1,Positve,NEUTRAL,Ductal/NST,YES,Post,7,Right,0,2.04,YES,149.866666666667,0:Not Recurred,ER+/HER2- High Prolif,Living
MB-0573,brca_metabric,,,,,,,,,,,,,,,,,,,,,,,163.2,1:DECEASED,,,,,,,,,,,,,1,Female,,,76.22,BREAST CONSERVING,Moderate,NO,claudin-low,1,Positve,LOSS,Ductal/NST,YES,Post,7,,0,3.13,YES,163.2,0:Not Recurred,ER+/HER2- Low Prolif,Died of Other Causes
MB-0574,brca_metabric,,,,,,,,,,,,,,,,,,,,,,,119.8,0:LIVING,,,,,,,,,,,,,1,Female,,,71.21,BREAST CONSERVING,High,NO,LumA,1,Positve,NEUTRAL,Ductal/NST,YES,Post,2,Right,1,5.042,YES,9.96666666666667,1:Recurred,ER+/HER2- High Prolif,Living
MB-0575,brca_metabric,,,,,,,,,,,,,,,,,,,,,,,128.566666666667,0:LIVING,,,,,,,,,,,,,1,Female,,,48.1,MASTECTOMY,High,YES,LumA,1,Positve,GAIN,Ductal/NST,YES,Pre,4ER+,Left,4,5.11,YES,78.8666666666667,1:Recurred,ER+/HER2- Low Prolif,Living
MB-0576,brca_metabric,,,,,,,,,,,,,,,,,,,,,,,31,1:DECEASED,,,,,,,,,,,,,1,Female,,,68.47,BREAST CONSERVING,Moderate,NO,LumB,1,Positve,NEUTRAL,Ductal/NST,YES,Post,2,Right,5,6.042,YES,20.0666666666667,1:Recurred,ER+/HER2- High Prolif,Died of Disease
MB-0577,brca_metabric,,,,,,,,,,,,,,,,,,,,,,,65.4,0:LIVING,,,,,,,,,,,,,1,Female,,,51.42,BREAST CONSERVING,Low,NO,LumB,1,Positve,NEUTRAL,Mucinous,YES,Post,7,Left,0,3.02,YES,65.4,0:Not Recurred,ER+/HER2- High Prolif,Living
MB-0578,brca_metabric,,,,,,,,,,,,,,,,,,,,,,,110.1,0:LIVING,,,,,,,,,,,,,1,Female,,,59.64,MASTECTOMY,Low,YES,Normal,1,Positve,NEUTRAL,Lobular,YES,Post,4ER+,Left,6,5.084,YES,110.1,1:Recurred,ER+/HER2- Low Prolif,Living
MB-0579,brca_metabric,,,,,,,,,,,,,,,,,,,,,,,92.7666666666667,1:DECEASED,,,,,,,,,,,,,1,Female,,,70.53,BREAST CONSERVING,Moderate,NO,LumB,1,Positve,GAIN,Ductal/NST,YES,Post,7,Left,1,4.058,YES,92.7666666666667,0:Not Recurred,ER+/HER2- Low Prolif,Died of Other Causes
MB-0580,brca_metabric,,,,,,,,,,,,,,,,,,,,,,,79.3666666666667,1:DECEASED,,,,,,,,,,,,,1,Female,,,33.8,MASTECTOMY,Moderate,YES,LumA,1,Positve,GAIN,Ductal/NST,YES,Pre,4ER+,Left,2,5.08,YES,59.5,1:Recurred,ER+/HER2- High Prolif,Died of Disease
MB-0581,brca_metabric,,,,,,,,,,,,,,,,,,,,,,,7.86666666666667,1:DECEASED,,,,,,,,,,,,,1,Female,,,96.29,MASTECTOMY,Moderate,NO,Basal,1,Negative,NEUTRAL,Ductal/NST,NO,Post,7,Right,14,6.052,YES,7.6,1:Recurred,ER-/HER2-,Died of Disease
MB-0582,brca_metabric,,,,,,,,,,,,,,,,,,,,,,,15.5333333333333,1:DECEASED,,,,,,,,,,,,,1,Female,,,84.76,MASTECTOMY,High,NO,Basal,1,Negative,NEUTRAL,Lobular,NO,Post,10,Right,0,4.06,NO,15.5333333333333,0:Not Recurred,ER-/HER2-,Died of Other Causes
MB-0583,brca_metabric,,,,,,,,,,,,,,,,,,,,,,,62.6333333333333,0:LIVING,,,,,,,,,,,,,1,Female,,,75.67,MASTECTOMY,High,NO,LumA,1,Positve,NEUTRAL,Mixed,YES,Post,3,Left,0,3.044,NO,62.6333333333333,0:Not Recurred,ER+/HER2- Low Prolif,Living
MB-0584,brca_metabric,,,,,,,,,,,,,,,,,,,,,,,118.2,0:LIVING,,,,,,,,,,,,,1,Female,,,41.31,MASTECTOMY,High,NO,LumB,1,Positve,NEUTRAL,Ductal/NST,YES,Pre,7,Right,0,4.04,NO,118.2,0:Not Recurred,ER+/HER2- High Prolif,Living
MB-0585,brca_metabric,,,,,,,,,,,,,,,,,,,,,,,115.7,1:DECEASED,,,,,,,,,,,,,1,Female,,,76.72,MASTECTOMY,High,NO,LumB,1,Positve,NEUTRAL,Ductal/NST,YES,Post,6,Right,1,5.056,YES,98.2,1:Recurred,ER+/HER2- High Prolif,Died of Disease
MB-0586,brca_metabric,,,,,,,,,,,,,,,,,,,,,,,77.2333333333333,1:DECEASED,,,,,,,,,,,,,1,Female,,,77.99,MASTECTOMY,Low,NO,LumA,1,Positve,NEUTRAL,Lobular,YES,Post,6,Left,1,4.13,YES,77.2333333333333,0:Not Recurred,ER+/HER2- Low Prolif,Died of Other Causes
MB-0587,brca_metabric,,,,,,,,,,,,,,,,,,,,,,,91.2666666666667,0:LIVING,,,,,,,,,,,,,1,Female,,,50.41,MASTECTOMY,Low,YES,LumA,1,Positve,GAIN,Mixed,YES,Post,9,Left,1,4.048,YES,91.2666666666667,0:Not Recurred,ER+/HER2- High Prolif,Living
MB-0588,brca_metabric,,,,,,,,,,,,,,,,,,,,,,,119.733333333333,0:LIVING,,,,,,,,,,,,,1,Female,,,76.35,MASTECTOMY,High,NO,Normal,1,Negative,NEUTRAL,Ductal/NST,NO,Post,4ER-,Right,0,3.044,NO,119.733333333333,0:Not Recurred,ER+/HER2- Low Prolif,Living
MB-0589,brca_metabric,,,,,,,,,,,,,,,,,,,,,,,125.8,0:LIVING,,,,,,,,,,,,,1,Female,,,59.96,MASTECTOMY,Moderate,NO,LumB,1,Positve,GAIN,Mixed,YES,Post,5,Right,25,5.07,YES,2.06666666666667,1:Recurred,ER+/HER2- High Prolif,Living
MB-0590,brca_metabric,,,,,,,,,,,,,,,,,,,,,,,72.4666666666667,1:DECEASED,,,,,,,,,,,,,1,Female,,,60.27,MASTECTOMY,High,YES,LumB,1,Positve,GAIN,Ductal/NST,YES,Post,9,Right,15,6.06,YES,72.4666666666667,0:Not Recurred,ER+/HER2- High Prolif,Died of Other Causes
MB-0591,brca_metabric,,,,,,,,,,,,,,,,,,,,,,,119.466666666667,1:DECEASED,,,,,,,,,,,,,1,Female,,,84,MASTECTOMY,High,NO,LumB,1,Positve,NEUTRAL,Ductal/NST,YES,Post,8,Left,0,4.034,NO,117.766666666667,1:Recurred,ER+/HER2- High Prolif,Died of Disease
MB-0592,brca_metabric,,,,,,,,,,,,,,,,,,,,,,,74.5666666666667,0:LIVING,,,,,,,,,,,,,1,Female,,,74.94,MASTECTOMY,Low,NO,LumB,1,Positve,NEUTRAL,,NO,Post,8,Left,,1.11,NO,74.5666666666667,0:Not Recurred,ER+/HER2- High Prolif,Living
MB-0593,brca_metabric,,,,,,,,,,,,,,,,,,,,,,,34.6666666666667,1:DECEASED,,,,,,,,,,,,,1,Female,,,62.34,MASTECTOMY,High,YES,Her2,1,Negative,GAIN,Lobular,NO,Post,5,Left,13,5.18,YES,25.6333333333333,1:Recurred,HER2+,Died of Disease
MB-0594,brca_metabric,,,,,,,,,,,,,,,,,,,,,,,44.2333333333333,0:LIVING,,,,,,,,,,,,,1,Female,,,77.96,MASTECTOMY,High,NO,LumB,1,Positve,LOSS,Ductal/NST,YES,Post,4ER+,Right,1,5.09,YES,44.2333333333333,0:Not Recurred,ER+/HER2- High Prolif,Living
MB-0596,brca_metabric,,,,,,,,,,,,,,,,,,,,,,,107.1,1:DECEASED,,,,,,,,,,,,,1,Female,,,77.48,BREAST CONSERVING,High,NO,LumA,1,Positve,LOSS,Mixed,YES,Post,3,Left,0,3.032,YES,107.1,0:Not Recurred,ER+/HER2- Low Prolif,Died of Other Causes
MB-0597,brca_metabric,,,,,,,,,,,,,,,,,,,,,,,113.2,1:DECEASED,,,,,,,,,,,,,1,Female,,,64.55,MASTECTOMY,High,YES,Normal,1,Positve,NEUTRAL,Ductal/NST,YES,Post,3,Left,2,4.034,YES,113.2,0:Not Recurred,ER+/HER2- Low Prolif,Died of Other Causes
MB-0598,brca_metabric,,,,,,,,,,,,,,,,,,,,,,,89.3666666666667,1:DECEASED,,,,,,,,,,,,,1,Female,,,77.48,MASTECTOMY,High,NO,LumB,1,Positve,NEUTRAL,Ductal/NST,YES,Post,3,Right,9,5.048,YES,72.0666666666667,1:Recurred,ER+/HER2- High Prolif,Died of Disease
MB-0599,brca_metabric,,,,,,,,,,,,,,,,,,,,,,,123.266666666667,0:LIVING,,,,,,,,,,,,,1,Female,,,46.85,BREAST CONSERVING,Moderate,YES,LumA,1,Positve,NEUTRAL,Ductal/NST,YES,Pre,4ER+,Right,1,4.048,YES,52.7666666666667,1:Recurred,ER+/HER2- Low Prolif,Living
MB-0600,brca_metabric,,,,,,,,,,,,,,,,,,,,,,,111,0:LIVING,,,,,,,,,,,,,1,Female,,,70.5,MASTECTOMY,Moderate,NO,LumA,1,Positve,NEUTRAL,Mixed,YES,Post,6,Left,9,6.054,YES,111,0:Not Recurred,ER+/HER2- High Prolif,Living
MB-0601,brca_metabric,,,,,,,,,,,,,,,,,,,,,,,29.6666666666667,1:DECEASED,,,,,,,,,,,,,1,Female,,,32.99,MASTECTOMY,Moderate,YES,LumB,1,Positve,NEUTRAL,Ductal/NST,YES,Pre,10,Right,8,6.05,YES,14.3666666666667,1:Recurred,ER+/HER2- High Prolif,Died of Disease
MB-0603,brca_metabric,,,,,,,,,,,,,,,,,,,,,,,121.966666666667,0:LIVING,,,,,,,,,,,,,1,Female,,,79.52,MASTECTOMY,High,NO,LumA,1,Positve,NEUTRAL,Ductal/NST,YES,Post,7,Right,1,4.042,NO,121.966666666667,0:Not Recurred,ER+/HER2- Low Prolif,Living
MB-0605,brca_metabric,,,,,,,,,,,,,,,,,,,,,,,114.6,0:LIVING,,,,,,,,,,,,,1,Female,,,58.08,MASTECTOMY,High,NO,LumA,1,Positve,GAIN,Lobular,YES,Post,8,Right,0,3.036,NO,114.6,0:Not Recurred,ER+/HER2- Low Prolif,Living
MB-0606,brca_metabric,,,,,,,,,,,,,,,,,,,,,,,27.4666666666667,1:DECEASED,,,,,,,,,,,,,1,Female,,,83.19,MASTECTOMY,Moderate,NO,LumB,1,Positve,NEUTRAL,Mixed,YES,Post,3,Right,0,3.036,NO,27.4666666666667,1:Recurred,ER+/HER2- High Prolif,Died of Disease
MB-0607,brca_metabric,,,,,,,,,,,,,,,,,,,,,,,87.8333333333333,0:LIVING,,,,,,,,,,,,,1,Female,,,53.1,,Moderate,YES,LumA,1,Positve,GAIN,Ductal/NST,YES,Post,4ER+,Left,2,5.06,YES,87.8333333333333,0:Not Recurred,ER+/HER2- High Prolif,Living
MB-0608,brca_metabric,,,,,,,,,,,,,,,,,,,,,,,63.9666666666667,1:DECEASED,,,,,,,,,,,,,1,Female,,,76.81,MASTECTOMY,High,NO,claudin-low,1,Negative,NEUTRAL,Medullary,NO,Post,10,Right,5,6.05,YES,63.9666666666667,0:Not Recurred,ER-/HER2-,Died of Other Causes
MB-0609,brca_metabric,,,,,,,,,,,,,,,,,,,,,,,98.7,1:DECEASED,,,,,,,,,,,,,1,Female,,,51.15,MASTECTOMY,High,YES,LumA,1,Positve,NEUTRAL,Ductal/NST,YES,Post,8,Left,2,4.028,NO,72.9666666666667,1:Recurred,ER+/HER2- High Prolif,Died of Disease
MB-0610,brca_metabric,,,,,,,,,,,,,,,,,,,,,,,76.7,0:LIVING,,,,,,,,,,,,,1,Female,,,71.3,MASTECTOMY,High,NO,claudin-low,1,Positve,NEUTRAL,Ductal/NST,YES,Post,4ER+,Right,2,4.036,YES,76.7,0:Not Recurred,ER+/HER2- Low Prolif,Living
MB-0611,brca_metabric,,,,,,,,,,,,,,,,,,,,,,,104.533333333333,0:LIVING,,,,,,,,,,,,,1,Female,,,75.65,MASTECTOMY,Low,NO,LumB,1,Positve,GAIN,Ductal/NST,YES,Post,9,Right,0,4.048,NO,104.533333333333,0:Not Recurred,ER+/HER2- High Prolif,Living
MB-0613,brca_metabric,,,,,,,,,,,,,,,,,,,,,,,48.8,0:LIVING,,,,,,,,,,,,,1,Female,,,60.2,MASTECTOMY,Moderate,YES,claudin-low,1,Negative,NEUTRAL,Other,NO,Post,4ER-,Right,0,3.12,YES,48.8,0:Not Recurred,ER-/HER2-,Living
MB-0614,brca_metabric,,,,,,,,,,,,,,,,,,,,,,,119.333333333333,0:LIVING,,,,,,,,,,,,,1,Female,,,48.99,MASTECTOMY,Moderate,YES,LumA,1,Positve,NEUTRAL,Ductal/NST,YES,Pre,6,Left,1,5.038,NO,119.333333333333,0:Not Recurred,ER+/HER2- High Prolif,Living
MB-0615,brca_metabric,,,,,,,,,,,,,,,,,,,,,,,34.7666666666667,0:LIVING,,,,,,,,,,,,,1,Female,,,38.75,MASTECTOMY,,NO,Normal,1,Negative,GAIN,Ductal/NST,NO,Pre,5,,3,4.006,NO,34.7666666666667,0:Not Recurred,HER2+,Living
MB-0616,brca_metabric,,,,,,,,,,,,,,,,,,,,,,,29.0333333333333,1:DECEASED,,,,,,,,,,,,,1,Female,,,75.98,MASTECTOMY,High,NO,LumB,1,Positve,NEUTRAL,Ductal/NST,YES,Post,7,Left,3,5.076,YES,29.0333333333333,0:Not Recurred,ER+/HER2- High Prolif,Died of Other Causes
MB-0617,brca_metabric,,,,,,,,,,,,,,,,,,,,,,,92.9666666666667,1:DECEASED,,,,,,,,,,,,,1,Female,,,72.14,MASTECTOMY,Low,NO,claudin-low,1,Positve,NEUTRAL,Mucinous,YES,Post,4ER+,Right,0,2.08,NO,92.9666666666667,0:Not Recurred,ER-/HER2-,Died of Other Causes
MB-0618,brca_metabric,,,,,,,,,,,,,,,,,,,,,,,101.9,0:LIVING,,,,,,,,,,,,,1,Female,,,63.86,MASTECTOMY,Moderate,NO,LumB,1,Positve,NEUTRAL,Ductal/NST,YES,Post,3,Right,0,3.034,NO,101.9,0:Not Recurred,ER+/HER2- Low Prolif,Living
MB-0619,brca_metabric,,,,,,,,,,,,,,,,,,,,,,,94.2333333333333,0:LIVING,,,,,,,,,,,,,1,Female,,,38.9,MASTECTOMY,Moderate,YES,Normal,1,Positve,NEUTRAL,Ductal/NST,YES,Pre,4ER+,Left,1,5.05,YES,94.2333333333333,0:Not Recurred,ER+/HER2- High Prolif,Living
MB-0620,brca_metabric,,,,,,,,,,,,,,,,,,,,,,,112.8,0:LIVING,,,,,,,,,,,,,1,Female,,,62.97,BREAST CONSERVING,,YES,claudin-low,1,Positve,NEUTRAL,Other,YES,Post,4ER+,Right,1,5.028,YES,112.8,0:Not Recurred,ER-/HER2-,Living
MB-0621,brca_metabric,,,,,,,,,,,,,,,,,,,,,,,33.5666666666667,0:LIVING,,,,,,,,,,,,,1,Female,,,70.04,MASTECTOMY,High,NO,LumA,1,Positve,NEUTRAL,Lobular,YES,Post,4ER+,Right,1,4.06,YES,33.5666666666667,0:Not Recurred,ER+/HER2- Low Prolif,Living
MB-0623,brca_metabric,,,,,,,,,,,,,,,,,,,,,,,111.066666666667,0:LIVING,,,,,,,,,,,,,1,Female,,,66.52,BREAST CONSERVING,Low,NO,Normal,1,Positve,NEUTRAL,Ductal/NST,YES,Post,4ER+,Right,0,3.024,YES,111.066666666667,0:Not Recurred,,Living
MB-0624,brca_metabric,,,,,,,,,,,,,,,,,,,,,,,64.0333333333333,0:LIVING,,,,,,,,,,,,,1,Female,,,64.28,MASTECTOMY,High,NO,LumA,1,Positve,LOSS,Ductal/NST,YES,Post,3,Left,1,4.032,NO,64.0333333333333,0:Not Recurred,ER+/HER2- Low Prolif,Living
MB-0626,brca_metabric,,,,,,,,,,,,,,,,,,,,,,,35.5333333333333,1:DECEASED,,,,,,,,,,,,,1,Female,,,61.11,BREAST CONSERVING,High,NO,LumB,1,Positve,NEUTRAL,Ductal/NST,YES,Post,1,Right,0,4.04,YES,35.5333333333333,1:Recurred,,Died of Disease
MB-0627,brca_metabric,,,,,,,,,,,,,,,,,,,,,,,0.766666666666667,0:LIVING,,,,,,,,,,,,,1,Female,,,54.1,MASTECTOMY,Moderate,NO,claudin-low,1,Negative,NEUTRAL,Ductal/NST,NO,Post,4ER-,Right,0,5.04,NO,0.766666666666667,0:Not Recurred,ER-/HER2-,Living
MB-0628,brca_metabric,,,,,,,,,,,,,,,,,,,,,,,105.966666666667,0:LIVING,,,,,,,,,,,,,1,Female,,,63.98,BREAST CONSERVING,Moderate,NO,Normal,1,Positve,NEUTRAL,Ductal/NST,YES,Post,7,Left,0,3.02,YES,105.966666666667,0:Not Recurred,ER+/HER2- High Prolif,Living
MB-0630,brca_metabric,,,,,,,,,,,,,,,,,,,,,,,86.8,0:LIVING,,,,,,,,,,,,,1,Female,,,38.35,BREAST CONSERVING,High,YES,LumB,1,Positve,GAIN,Ductal/NST,YES,Pre,1,Right,0,4.04,YES,86.8,0:Not Recurred,ER+/HER2- High Prolif,Living
MB-0631,brca_metabric,,,,,,,,,,,,,,,,,,,,,,,47.4333333333333,1:DECEASED,,,,,,,,,,,,,1,Female,,,84.41,MASTECTOMY,Moderate,YES,LumA,1,Positve,NEUTRAL,Ductal/NST,YES,Post,8,Left,1,4.05,YES,25.6666666666667,1:Recurred,ER+/HER2- Low Prolif,Died of Disease
MB-0632,brca_metabric,,,,,,,,,,,,,,,,,,,,,,,56.5,0:LIVING,,,,,,,,,,,,,1,Female,,,51.92,BREAST CONSERVING,Moderate,NO,LumA,1,Positve,NEUTRAL,Ductal/NST,YES,Post,4ER+,Left,0,3.04,YES,56.5,0:Not Recurred,ER+/HER2- Low Prolif,Living
MB-0634,brca_metabric,,,,,,,,,,,,,,,,,,,,,,,17.7666666666667,0:LIVING,,,,,,,,,,,,,1,Female,,,55.99,MASTECTOMY,Moderate,NO,claudin-low,1,Positve,NEUTRAL,Lobular,NO,Post,4ER+,Right,0,4.01,NO,17.7666666666667,0:Not Recurred,,Living
MB-0635,brca_metabric,,,,,,,,,,,,,,,,,,,,,,,88,0:LIVING,,,,,,,,,,,,,1,Female,,,76.5,BREAST CONSERVING,Moderate,NO,claudin-low,1,Positve,NEUTRAL,Ductal/NST,YES,Post,4ER+,Right,,4.028,NO,88,0:Not Recurred,ER-/HER2-,Living
MB-0636,brca_metabric,,,,,,,,,,,,,,,,,,,,,,,32.6333333333333,1:DECEASED,,,,,,,,,,,,,1,Female,,,26.36,BREAST CONSERVING,High,NO,LumA,1,Positve,NEUTRAL,Ductal/NST,YES,Pre,6,Right,0,4.024,YES,32.6333333333333,1:Recurred,ER+/HER2- High Prolif,Died of Disease
MB-0637,brca_metabric,,,,,,,,,,,,,,,,,,,,,,,80.6666666666667,0:LIVING,,,,,,,,,,,,,1,Female,,,75.71,MASTECTOMY,High,NO,LumB,1,Positve,NEUTRAL,Ductal/NST,YES,Post,10,Right,0,4.062,YES,80.6666666666667,0:Not Recurred,ER+/HER2- High Prolif,Living
MB-0638,brca_metabric,,,,,,,,,,,,,,,,,,,,,,,103.766666666667,1:DECEASED,,,,,,,,,,,,,1,Female,,,66.95,MASTECTOMY,Low,NO,Normal,1,Positve,NEUTRAL,Mixed,YES,Post,4ER+,Left,1,4.064,YES,103.766666666667,0:Not Recurred,,Died of Other Causes
MB-0639,brca_metabric,,,,,,,,,,,,,,,,,,,,,,,75.4,0:LIVING,,,,,,,,,,,,,1,Female,,,50.39,BREAST CONSERVING,High,YES,Basal,1,Negative,NEUTRAL,Ductal/NST,NO,Post,10,Left,0,4.036,YES,75.4,0:Not Recurred,,Living
MB-0640,brca_metabric,,,,,,,,,,,,,,,,,,,,,,,61.3333333333333,0:LIVING,,,,,,,,,,,,,1,Female,,,66.09,BREAST CONSERVING,High,NO,Normal,1,Positve,NEUTRAL,Ductal/NST,YES,Post,7,Right,0,3.026,YES,61.3333333333333,0:Not Recurred,ER+/HER2- Low Prolif,Living
MB-0641,brca_metabric,,,,,,,,,,,,,,,,,,,,,,,102.566666666667,0:LIVING,,,,,,,,,,,,,1,Female,,,56.34,BREAST CONSERVING,Moderate,NO,claudin-low,1,Positve,NEUTRAL,Ductal/NST,YES,Post,4ER+,Right,1,4.028,YES,102.566666666667,0:Not Recurred,ER+/HER2- Low Prolif,Living
MB-0642,brca_metabric,,,,,,,,,,,,,,,,,,,,,,,84.2,1:DECEASED,,,,,,,,,,,,,1,Female,,,79.12,BREAST CONSERVING,High,NO,LumA,1,Positve,NEUTRAL,Ductal/NST,NO,Post,8,Left,0,2.04,YES,84.2,0:Not Recurred,ER+/HER2- Low Prolif,Died of Other Causes
MB-0643,brca_metabric,,,,,,,,,,,,,,,,,,,,,,,19.7333333333333,1:DECEASED,,,,,,,,,,,,,1,Female,,,73.46,MASTECTOMY,High,NO,Her2,1,Positve,GAIN,Ductal/NST,YES,Post,5,Left,12,6.12,YES,19.7333333333333,0:Not Recurred,ER-/HER2-,Died of Other Causes
MB-0644,brca_metabric,,,,,,,,,,,,,,,,,,,,,,,93.3,0:LIVING,,,,,,,,,,,,,1,Female,,,71.06,MASTECTOMY,High,NO,claudin-low,1,Positve,NEUTRAL,Ductal/NST,YES,Post,4ER+,Left,5,5.06,YES,93.3,0:Not Recurred,ER+/HER2- Low Prolif,Living
MB-0646,brca_metabric,,,,,,,,,,,,,,,,,,,,,,,15.1666666666667,1:DECEASED,,,,,,,,,,,,,1,Female,,,67.06,MASTECTOMY,High,NO,LumB,1,Positve,NEUTRAL,Mixed,YES,Post,8,Left,6,5.066,YES,15.1666666666667,1:Recurred,,Died of Disease
MB-0649,brca_metabric,,,,,,,,,,,,,,,,,,,,,,,61.4333333333333,0:LIVING,,,,,,,,,,,,,1,Female,,,60.62,BREAST CONSERVING,Moderate,NO,LumA,1,Positve,NEUTRAL,Ductal/NST,YES,Post,7,Right,4,4.016,YES,61.4333333333333,0:Not Recurred,ER+/HER2- Low Prolif,Living
MB-0650,brca_metabric,,,,,,,,,,,,,,,,,,,,,,,25.5333333333333,0:LIVING,,,,,,,,,,,,,1,Female,,,79.48,MASTECTOMY,High,NO,LumA,1,Positve,NEUTRAL,Ductal/NST,YES,Post,2,Left,2,4.042,YES,25.5333333333333,0:Not Recurred,ER+/HER2- High Prolif,Living
MB-0652,brca_metabric,,,,,,,,,,,,,,,,,,,,,,,96.6333333333333,1:DECEASED,,,,,,,,,,,,,1,Female,,,85.12,MASTECTOMY,Moderate,NO,Her2,1,Positve,GAIN,Ductal/NST,YES,Post,5,Right,1,5.042,NO,96.6333333333333,1:Recurred,,Died of Disease
MB-0653,brca_metabric,,,,,,,,,,,,,,,,,,,,,,,24.8,1:DECEASED,,,,,,,,,,,,,1,Female,,,69.95,BREAST CONSERVING,Moderate,NO,Her2,1,Positve,NEUTRAL,Lobular,YES,Post,9,Left,2,5.056,YES,24.8,1:Recurred,ER+/HER2- High Prolif,Died of Disease
MB-0654,brca_metabric,,,,,,,,,,,,,,,,,,,,,,,69.4,0:LIVING,,,,,,,,,,,,,1,Female,,,82.5,BREAST CONSERVING,Moderate,NO,LumA,1,Positve,NEUTRAL,Ductal/NST,YES,Post,8,Right,0,2.048,YES,69.4,0:Not Recurred,ER+/HER2- Low Prolif,Living
MB-0655,brca_metabric,,,,,,,,,,,,,,,,,,,,,,,111.066666666667,0:LIVING,,,,,,,,,,,,,1,Female,,,69.73,MASTECTOMY,Moderate,NO,Normal,1,Positve,NEUTRAL,Other,NO,Post,4ER+,Left,0,1.12,NO,111.066666666667,0:Not Recurred,ER+/HER2- Low Prolif,Living
MB-0656,brca_metabric,,,,,,,,,,,,,,,,,,,,,,,19.0333333333333,1:DECEASED,,,,,,,,,,,,,1,Female,,,35.9,MASTECTOMY,High,YES,claudin-low,1,Negative,GAIN,Ductal/NST,NO,Pre,5,Right,0,4.2,YES,5.23333333333333,1:Recurred,HER2+,Died of Disease
MB-0657,brca_metabric,,,,,,,,,,,,,,,,,,,,,,,30.4333333333333,0:LIVING,,,,,,,,,,,,,1,Female,,,58.65,,Moderate,NO,claudin-low,1,Positve,NEUTRAL,Lobular,YES,Post,4ER+,Left,0,3.2,YES,30.4333333333333,0:Not Recurred,ER+/HER2- Low Prolif,Living
MB-0658,brca_metabric,,,,,,,,,,,,,,,,,,,,,,,97.2666666666667,0:LIVING,,,,,,,,,,,,,1,Female,,,60.89,BREAST CONSERVING,High,YES,claudin-low,1,Negative,LOSS,Ductal/NST,YES,Post,10,Left,2,5.05,YES,97.2666666666667,0:Not Recurred,ER-/HER2-,Living
MB-0659,brca_metabric,,,,,,,,,,,,,,,,,,,,,,,23.3333333333333,1:DECEASED,,,,,,,,,,,,,1,Female,,,82.87,BREAST CONSERVING,Moderate,NO,Normal,1,Negative,NEUTRAL,Other,NO,Post,4ER-,Left,0,3.09,YES,23.3333333333333,1:Recurred,ER-/HER2-,Died of Disease
MB-0660,brca_metabric,,,,,,,,,,,,,,,,,,,,,,,18.9333333333333,1:DECEASED,,,,,,,,,,,,,1,Female,,,52.43,MASTECTOMY,High,YES,Her2,1,Positve,GAIN,Ductal/NST,YES,Post,10,Right,22,6.32,YES,13.4333333333333,1:Recurred,ER+/HER2- High Prolif,Died of Disease
MB-0661,brca_metabric,,,,,,,,,,,,,,,,,,,,,,,20,1:DECEASED,,,,,,,,,,,,,1,Female,,,78.78,MASTECTOMY,High,NO,LumA,1,Positve,GAIN,Ductal/NST,YES,Post,7,Left,0,3.016,NO,16.1,1:Recurred,ER+/HER2- Low Prolif,Died of Disease
MB-0662,brca_metabric,,,,,,,,,,,,,,,,,,,,,,,69.8,1:DECEASED,,,,,,,,,,,,,1,Female,,,50.94,BREAST CONSERVING,High,NO,Normal,1,Positve,GAIN,Ductal/NST,YES,Post,5,Left,0,4.028,YES,51.9333333333333,1:Recurred,HER2+,Died of Disease
MB-0663,brca_metabric,,,,,,,,,,,,,,,,,,,,,,,55.3666666666667,0:LIVING,,,,,,,,,,,,,1,Female,,,57.76,,High,YES,Her2,1,Negative,GAIN,Ductal/NST,NO,Post,5,Left,0,4.032,NO,55.3666666666667,0:Not Recurred,HER2+,Living
MB-0664,brca_metabric,,,,,,,,,,,,,,,,,,,,,,,11.0666666666667,1:DECEASED,,,,,,,,,,,,,1,Female,,,78.27,MASTECTOMY,High,YES,Basal,1,Negative,NEUTRAL,Ductal/NST,NO,Post,10,Left,10,6.168,YES,11.0666666666667,1:Recurred,ER-/HER2-,Died of Disease
MB-0666,brca_metabric,,,,,,,,,,,,,,,,,,,,,,,24.3333333333333,1:DECEASED,,,,,,,,,,,,,1,Female,,,61.31,BREAST CONSERVING,High,YES,LumA,1,Positve,NEUTRAL,Ductal/NST,YES,Post,9,Right,9,6.05,YES,21.4,1:Recurred,ER+/HER2- High Prolif,Died of Disease
MB-0667,brca_metabric,,,,,,,,,,,,,,,,,,,,,,,128,1:DECEASED,,,,,,,,,,,,,1,Female,,,76.24,BREAST CONSERVING,High,NO,LumB,1,Positve,GAIN,Ductal/NST,YES,Post,1,Left,,6.068,YES,128,1:Recurred,ER+/HER2- High Prolif,Died of Disease
MB-0869,brca_metabric,,,,,,,,,,,,,,,,,,,,,,,112.4,1:DECEASED,,,,,,,,,,,,,1,Female,,,58.83,BREAST CONSERVING,High,YES,Basal,1,Negative,NEUTRAL,Ductal/NST,YES,Post,10,Right,0,4.058,YES,112.4,0:Not Recurred,ER-/HER2-,Died of Other Causes
MB-0872,brca_metabric,,,,,,,,,,,,,,,,,,,,,,,152.066666666667,1:DECEASED,,,,,,,,,,,,,1,Female,,,82.34,MASTECTOMY,,NO,Normal,1,Positve,NEUTRAL,Ductal/NST,YES,Post,7,Right,1,4.028,YES,152.066666666667,0:Not Recurred,ER+/HER2- Low Prolif,Died of Other Causes
MB-0874,brca_metabric,,,,,,,,,,,,,,,,,,,,,,,16.6,1:DECEASED,,,,,,,,,,,,,1,Female,,,59.22,MASTECTOMY,High,YES,Basal,1,Negative,NEUTRAL,Ductal/NST,NO,Post,10,Left,0,4.078,YES,13.9333333333333,1:Recurred,ER-/HER2-,Died of Disease
MB-0876,brca_metabric,,,,,,,,,,,,,,,,,,,,,,,176.433333333333,0:LIVING,,,,,,,,,,,,,1,Female,,,54.85,MASTECTOMY,Moderate,NO,claudin-low,1,,NEUTRAL,,NO,Post,4ER-,Right,,1,NO,176.433333333333,0:Not Recurred,ER-/HER2-,Living
MB-0877,brca_metabric,,,,,,,,,,,,,,,,,,,,,,,14.4333333333333,1:DECEASED,,,,,,,,,,,,,1,Female,,,79.41,MASTECTOMY,High,NO,LumB,1,Positve,NEUTRAL,Ductal/NST,NO,Post,6,Left,4,6.07,NO,14.4333333333333,1:Recurred,ER+/HER2- High Prolif,Died of Disease
MB-0880,brca_metabric,,,,,,,,,,,,,,,,,,,,,,,1.23333333333333,0:LIVING,,,,,,,,,,,,,1,Female,,,73.64,MASTECTOMY,Moderate,NO,LumA,1,Positve,NEUTRAL,Ductal/NST,NO,Post,7,Right,0,2.06,NO,1.23333333333333,0:Not Recurred,ER+/HER2- Low Prolif,Living
MB-0882,brca_metabric,,,,,,,,,,,,,,,,,,,,,,,42.3666666666667,1:DECEASED,,,,,,,,,,,,,1,Female,,,73.39,BREAST CONSERVING,Moderate,NO,LumB,1,Positve,NEUTRAL,Ductal/NST,YES,Post,7,Left,0,4.094,NO,42.3666666666667,1:Recurred,ER+/HER2- High Prolif,Died of Disease
MB-0884,brca_metabric,,,,,,,,,,,,,,,,,,,,,,,93.6666666666667,1:DECEASED,,,,,,,,,,,,,1,Female,,,56.47,BREAST CONSERVING,Moderate,YES,LumB,1,Positve,NEUTRAL,Ductal/NST,YES,Post,9,Left,15,6.046,YES,68.2,1:Recurred,ER+/HER2- High Prolif,Died of Disease
MB-0885,brca_metabric,,,,,,,,,,,,,,,,,,,,,,,69.9333333333333,1:DECEASED,,,,,,,,,,,,,1,Female,,,52.21,BREAST CONSERVING,Moderate,NO,claudin-low,1,,NEUTRAL,,YES,Post,4ER-,Right,,2,NO,69.9333333333333,1:Recurred,ER-/HER2-,Died of Disease
MB-0891,brca_metabric,,,,,,,,,,,,,,,,,,,,,,,149.4,0:LIVING,,,,,,,,,,,,,1,Female,,,83.68,MASTECTOMY,Moderate,NO,LumA,1,Positve,NEUTRAL,Ductal/NST,YES,Post,3,Right,2,3.074,NO,149.4,0:Not Recurred,ER+/HER2- Low Prolif,Living
MB-0893,brca_metabric,,,,,,,,,,,,,,,,,,,,,,,175.633333333333,0:LIVING,,,,,,,,,,,,,1,Female,,,57.41,MASTECTOMY,Moderate,YES,claudin-low,1,Positve,NEUTRAL,Ductal/NST,YES,Post,4ER+,Left,3,5.056,YES,175.633333333333,0:Not Recurred,ER-/HER2-,Living
MB-0895,brca_metabric,,,,,,,,,,,,,,,,,,,,,,,43.1,1:DECEASED,,,,,,,,,,,,,1,Female,,,79.61,MASTECTOMY,High,NO,LumB,1,Positve,GAIN,Ductal/NST,YES,Post,5,Left,1,5.038,YES,43.1,0:Not Recurred,HER2+,Died of Other Causes
MB-0897,brca_metabric,,,,,,,,,,,,,,,,,,,,,,,30.9666666666667,1:DECEASED,,,,,,,,,,,,,1,Female,,,41.32,,Moderate,NO,Normal,1,,NEUTRAL,Ductal/NST,NO,Pre,4ER+,,1,4.092,NO,30.9666666666667,0:Not Recurred,ER+/HER2- Low Prolif,Died of Other Causes
MB-0899,brca_metabric,,,,,,,,,,,,,,,,,,,,,,,175.8,0:LIVING,,,,,,,,,,,,,1,Female,,,50.62,MASTECTOMY,Moderate,YES,LumA,1,Positve,NEUTRAL,Ductal/NST,YES,Post,8,Right,3,4.05,NO,143.9,1:Recurred,ER+/HER2- High Prolif,Living
MB-0901,brca_metabric,,,,,,,,,,,,,,,,,,,,,,,136.166666666667,0:LIVING,,,,,,,,,,,,,1,Female,,,68.19,BREAST CONSERVING,High,YES,Basal,1,Negative,NEUTRAL,Ductal/NST,NO,Post,10,Left,3,5.066,YES,136.166666666667,0:Not Recurred,,Living
MB-0904,brca_metabric,,,,,,,,,,,,,,,,,,,,,,,144.7,1:DECEASED,,,,,,,,,,,,,1,Female,,,83.01,MASTECTOMY,Moderate,NO,LumA,1,Positve,NEUTRAL,Ductal/NST,YES,Post,3,Left,1,4.044,NO,144.7,0:Not Recurred,ER+/HER2- Low Prolif,Died of Other Causes
MB-0906,brca_metabric,,,,,,,,,,,,,,,,,,,,,,,63.8666666666667,1:DECEASED,,,,,,,,,,,,,1,Female,,,70.6,MASTECTOMY,High,NO,claudin-low,1,Negative,NEUTRAL,Mixed,YES,Post,4ER-,Right,0,4.056,YES,48.2666666666667,1:Recurred,ER-/HER2-,Died of Other Causes
MB-0907,brca_metabric,,,,,,,,,,,,,,,,,,,,,,,119.966666666667,1:DECEASED,,,,,,,,,,,,,1,Female,,,72.14,MASTECTOMY,Low,NO,claudin-low,1,,GAIN,,NO,Post,4ER-,Left,,2.074,NO,119.966666666667,0:Not Recurred,HER2+,Died of Other Causes
MB-2513,brca_metabric,,,,,,,,,,,,,,,,,,,,,,,59.7,1:DECEASED,,,,,,,,,,,,,1,Female,,,57.96,BREAST CONSERVING,High,NO,LumA,2,Negative,GAIN,Ductal/NST,NO,Post,5,Left,0,3.04,YES,37.9333333333333,1:Recurred,HER2+,Died of Disease
MB-2517,brca_metabric,,,,,,,,,,,,,,,,,,,,,,,268.433333333333,1:DECEASED,,,,,,,,,,,,,1,Female,,,60.29,MASTECTOMY,Moderate,NO,Her2,2,Negative,GAIN,Ductal/NST,YES,Post,5,Right,0,4.03,NO,268.433333333333,0:Not Recurred,HER2+,Died of Other Causes
MB-2536,brca_metabric,,,,,,,,,,,,,,,,,,,,,,,47.9,1:DECEASED,,,,,,,,,,,,,1,Female,,,54.11,BREAST CONSERVING,Moderate,NO,LumA,2,Positve,GAIN,Mixed,NO,Post,3,Left,0,2.03,NO,47.9,0:Not Recurred,ER+/HER2- Low Prolif,Died of Other Causes
MB-2556,brca_metabric,,,,,,,,,,,,,,,,,,,,,,,220.9,1:DECEASED,,,,,,,,,,,,,1,Female,,,62.59,MASTECTOMY,Moderate,NO,claudin-low,2,Positve,NEUTRAL,Lobular,YES,Post,4ER+,Left,1,4.04,NO,220.9,0:Not Recurred,ER-/HER2-,Died of Other Causes
MB-2564,brca_metabric,,,,,,,,,,,,,,,,,,,,,,,285.433333333333,0:LIVING,,,,,,,,,,,,,1,Female,,,52.98,BREAST CONSERVING,High,NO,LumA,2,Positve,NEUTRAL,Tubular/ cribriform,NO,Post,8,Left,0,2.02,YES,163.366666666667,1:Recurred,ER+/HER2- Low Prolif,Living
MB-2610,brca_metabric,,,,,,,,,,,,,,,,,,,,,,,280.7,0:LIVING,,,,,,,,,,,,,1,Female,,,58.99,MASTECTOMY,Low,NO,LumA,2,Positve,NEUTRAL,Mixed,YES,Post,8,Left,1,3.05,NO,280.7,0:Not Recurred,ER+/HER2- Low Prolif,Living
MB-2613,brca_metabric,,,,,,,,,,,,,,,,,,,,,,,163.4,0:LIVING,,,,,,,,,,,,,1,Female,,,59.63,MASTECTOMY,High,NO,LumB,2,Positve,NEUTRAL,Ductal/NST,YES,Post,1,Left,0,4.04,NO,163.4,0:Not Recurred,ER+/HER2- High Prolif,Living
MB-2614,brca_metabric,,,,,,,,,,,,,,,,,,,,,,,64.9333333333333,1:DECEASED,,,,,,,,,,,,,1,Female,,,43.72,MASTECTOMY,High,YES,LumA,2,Negative,NEUTRAL,Mixed,NO,Pre,7,Left,10,4.03,NO,29.4333333333333,1:Recurred,ER+/HER2- Low Prolif,Died of Disease
MB-2616,brca_metabric,,,,,,,,,,,,,,,,,,,,,,,219.166666666667,1:DECEASED,,,,,,,,,,,,,1,Female,,,65.07,BREAST CONSERVING,Moderate,NO,claudin-low,2,Positve,NEUTRAL,Mixed,NO,Post,4ER+,Left,0,3.036,YES,164.933333333333,1:Recurred,ER+/HER2- Low Prolif,Died of Disease
MB-2617,brca_metabric,,,,,,,,,,,,,,,,,,,,,,,89.1,1:DECEASED,,,,,,,,,,,,,1,Female,,,63.3,BREAST CONSERVING,High,NO,LumB,2,Positve,NEUTRAL,Ductal/NST,YES,Post,4ER+,Left,0,4.036,YES,42.7666666666667,1:Recurred,ER+/HER2- High Prolif,Died of Disease
MB-2618,brca_metabric,,,,,,,,,,,,,,,,,,,,,,,89.1,1:DECEASED,,,,,,,,,,,,,1,Female,,,66.22,BREAST CONSERVING,High,NO,LumB,2,Positve,GAIN,Ductal/NST,NO,Post,1,Right,0,3.032,YES,47.2333333333333,1:Recurred,,Died of Disease
MB-2624,brca_metabric,,,,,,,,,,,,,,,,,,,,,,,128.533333333333,0:LIVING,,,,,,,,,,,,,1,Female,,,53.53,BREAST CONSERVING,Moderate,NO,LumA,2,Positve,NEUTRAL,Tubular/ cribriform,YES,Post,3,Right,2,3.028,YES,123.133333333333,1:Recurred,ER+/HER2- Low Prolif,Living
MB-2626,brca_metabric,,,,,,,,,,,,,,,,,,,,,,,193.7,0:LIVING,,,,,,,,,,,,,1,Female,,,62.54,BREAST CONSERVING,High,NO,LumB,2,Positve,GAIN,Ductal/NST,YES,Post,5,Right,0,4.032,YES,167.266666666667,1:Recurred,HER2+,Living
MB-2629,brca_metabric,,,,,,,,,,,,,,,,,,,,,,,279.1,0:LIVING,,,,,,,,,,,,,1,Female,,,61.22,MASTECTOMY,Moderate,NO,LumB,2,Positve,NEUTRAL,Ductal/NST,YES,Post,3,Left,1,5.03,YES,279.1,0:Not Recurred,,Living
MB-2632,brca_metabric,,,,,,,,,,,,,,,,,,,,,,,19.1,1:DECEASED,,,,,,,,,,,,,1,Female,,,36.52,MASTECTOMY,High,YES,Her2,2,Negative,GAIN,Ductal/NST,NO,Pre,5,Left,3,5.03,YES,12.1666666666667,1:Recurred,HER2+,Died of Disease
MB-2634,brca_metabric,,,,,,,,,,,,,,,,,,,,,,,274.033333333333,0:LIVING,,,,,,,,,,,,,1,Female,,,70.69,BREAST CONSERVING,High,NO,LumB,2,Positve,GAIN,Ductal/NST,YES,Post,2,Left,0,4.02,YES,274.033333333333,0:Not Recurred,ER+/HER2- High Prolif,Living
MB-2642,brca_metabric,,,,,,,,,,,,,,,,,,,,,,,45.1666666666667,1:DECEASED,,,,,,,,,,,,,1,Female,,,30.67,MASTECTOMY,Moderate,YES,LumB,2,Negative,LOSS,Ductal/NST,NO,Pre,1,Right,3,5.07,YES,17.3333333333333,1:Recurred,ER+/HER2- High Prolif,Died of Disease
MB-2643,brca_metabric,,,,,,,,,,,,,,,,,,,,,,,52.9666666666667,1:DECEASED,,,,,,,,,,,,,1,Female,,,34.2,BREAST CONSERVING,Low,NO,claudin-low,2,,NEUTRAL,Ductal/NST,NO,Pre,4ER-,Right,0,3.006,YES,34.4333333333333,1:Recurred,,Died of Disease
MB-2645,brca_metabric,,,,,,,,,,,,,,,,,,,,,,,44.7666666666667,1:DECEASED,,,,,,,,,,,,,1,Female,,,69.45,MASTECTOMY,Moderate,NO,Basal,2,Positve,NEUTRAL,Ductal/NST,YES,Post,4ER+,Left,6,6.054,YES,26.2666666666667,1:Recurred,,Died of Disease
MB-2669,brca_metabric,,,,,,,,,,,,,,,,,,,,,,,73.7,1:DECEASED,,,,,,,,,,,,,1,Female,,,62.56,MASTECTOMY,Moderate,NO,LumA,2,Positve,NEUTRAL,Ductal/NST,YES,Post,6,Left,0,3.048,NO,48.4333333333333,1:Recurred,ER+/HER2- Low Prolif,Died of Disease
MB-2686,brca_metabric,,,,,,,,,,,,,,,,,,,,,,,177.266666666667,0:LIVING,,,,,,,,,,,,,1,Female,,,68.76,BREAST CONSERVING,High,NO,LumB,2,Positve,NEUTRAL,Ductal/NST,YES,Post,1,Left,1,5.034,YES,177.266666666667,0:Not Recurred,ER+/HER2- High Prolif,Living
MB-2705,brca_metabric,,,,,,,,,,,,,,,,,,,,,,,163.733333333333,0:LIVING,,,,,,,,,,,,,1,Female,,,61.78,BREAST CONSERVING,High,NO,LumB,2,Positve,NEUTRAL,Ductal/NST,NO,Post,3,Left,0,3.03,YES,163.733333333333,0:Not Recurred,ER+/HER2- High Prolif,Living
MB-2708,brca_metabric,,,,,,,,,,,,,,,,,,,,,,,133.233333333333,1:DECEASED,,,,,,,,,,,,,1,Female,,,66.36,MASTECTOMY,Moderate,NO,LumB,2,Positve,NEUTRAL,Mixed,YES,Post,7,Left,0,3.03,NO,73.0666666666667,1:Recurred,ER+/HER2- High Prolif,Died of Disease
MB-2711,brca_metabric,,,,,,,,,,,,,,,,,,,,,,,201.466666666667,0:LIVING,,,,,,,,,,,,,1,Female,,,48.07,MASTECTOMY,Moderate,NO,LumA,2,Positve,NEUTRAL,Ductal/NST,NO,Pre,7,Left,0,3.03,NO,27.9,1:Recurred,ER+/HER2- Low Prolif,Living
MB-2712,brca_metabric,,,,,,,,,,,,,,,,,,,,,,,234.433333333333,1:DECEASED,,,,,,,,,,,,,1,Female,,,54.59,BREAST CONSERVING,,NO,LumA,2,Positve,NEUTRAL,Mixed,YES,Post,7,Right,1,3.022,YES,107.2,1:Recurred,ER+/HER2- Low Prolif,Died of Other Causes
MB-2718,brca_metabric,,,,,,,,,,,,,,,,,,,,,,,278.266666666667,0:LIVING,,,,,,,,,,,,,1,Female,,,47.94,MASTECTOMY,High,YES,Basal,2,Negative,NEUTRAL,Mixed,NO,Pre,10,Left,1,4.04,NO,278.266666666667,0:Not Recurred,,Living
MB-2721,brca_metabric,,,,,,,,,,,,,,,,,,,,,,,251.633333333333,0:LIVING,,,,,,,,,,,,,1,Female,,,44.82,BREAST CONSERVING,High,NO,LumA,2,Negative,LOSS,Tubular/ cribriform,NO,Pre,7,Left,0,2.018,YES,251.633333333333,0:Not Recurred,,Living
MB-2724,brca_metabric,,,,,,,,,,,,,,,,,,,,,,,108.066666666667,1:DECEASED,,,,,,,,,,,,,1,Female,,,60.59,BREAST CONSERVING,,NO,claudin-low,2,Negative,NEUTRAL,Ductal/NST,NO,Post,4ER-,Left,0,4.016,NO,104.133333333333,1:Recurred,,Died of Disease
MB-2725,brca_metabric,,,,,,,,,,,,,,,,,,,,,,,236.933333333333,0:LIVING,,,,,,,,,,,,,1,Female,,,44.88,BREAST CONSERVING,Moderate,NO,LumA,2,Positve,NEUTRAL,Ductal/NST,YES,Pre,4ER+,Right,3,3.03,YES,236.933333333333,0:Not Recurred,ER+/HER2- Low Prolif,Living
MB-2728,brca_metabric,,,,,,,,,,,,,,,,,,,,,,,51.4,1:DECEASED,,,,,,,,,,,,,1,Female,,,28.62,MASTECTOMY,High,YES,LumB,2,Negative,NEUTRAL,Ductal/NST,NO,Pre,9,Left,11,6.08,YES,16.1666666666667,1:Recurred,ER+/HER2- High Prolif,Died of Disease
MB-2730,brca_metabric,,,,,,,,,,,,,,,,,,,,,,,133.733333333333,0:LIVING,,,,,,,,,,,,,1,Female,,,61.99,MASTECTOMY,High,NO,LumB,2,Positve,NEUTRAL,Ductal/NST,YES,Post,1,Left,4,6.07,YES,133.733333333333,0:Not Recurred,ER+/HER2- High Prolif,Living
MB-2735,brca_metabric,,,,,,,,,,,,,,,,,,,,,,,274.5,0:LIVING,,,,,,,,,,,,,1,Female,,,49.94,BREAST CONSERVING,High,YES,LumB,2,Negative,GAIN,Ductal/NST,NO,Pre,6,Left,1,5.024,YES,274.5,0:Not Recurred,HER2+,Living
MB-2742,brca_metabric,,,,,,,,,,,,,,,,,,,,,,,24.9,1:DECEASED,,,,,,,,,,,,,1,Female,,,48.25,MASTECTOMY,High,YES,Her2,2,Negative,GAIN,Ductal/NST,NO,Pre,5,Left,3,5.03,YES,15.5,1:Recurred,HER2+,Died of Disease
MB-2744,brca_metabric,,,,,,,,,,,,,,,,,,,,,,,275.633333333333,0:LIVING,,,,,,,,,,,,,1,Female,,,45.57,MASTECTOMY,,NO,Normal,2,Positve,NEUTRAL,Lobular,YES,Pre,4ER+,Right,0,3.06,YES,54.4666666666667,1:Recurred,ER+/HER2- Low Prolif,Living
MB-2745,brca_metabric,,,,,,,,,,,,,,,,,,,,,,,168.966666666667,1:DECEASED,,,,,,,,,,,,,1,Female,,,46.85,MASTECTOMY,High,NO,LumA,2,Positve,NEUTRAL,Mixed,YES,Pre,8,Right,1,4.06,YES,156.466666666667,1:Recurred,ER+/HER2- High Prolif,Died of Disease
MB-2747,brca_metabric,,,,,,,,,,,,,,,,,,,,,,,234.333333333333,1:DECEASED,,,,,,,,,,,,,1,Female,,,68.23,MASTECTOMY,High,NO,LumA,2,Positve,NEUTRAL,Ductal/NST,NO,Post,8,Right,0,2.038,NO,234.333333333333,0:Not Recurred,ER+/HER2- Low Prolif,Died of Other Causes
MB-2749,brca_metabric,,,,,,,,,,,,,,,,,,,,,,,97.7666666666667,1:DECEASED,,,,,,,,,,,,,1,Female,,,60.13,MASTECTOMY,Moderate,NO,LumA,2,Positve,NEUTRAL,Ductal/NST,NO,Post,3,Right,0,2.026,NO,97.7666666666667,0:Not Recurred,ER+/HER2- Low Prolif,Died of Other Causes
MB-2750,brca_metabric,,,,,,,,,,,,,,,,,,,,,,,145.433333333333,1:DECEASED,,,,,,,,,,,,,1,Female,,,47.48,MASTECTOMY,Moderate,NO,LumA,2,Positve,GAIN,Mixed,NO,Pre,8,Right,0,2.06,NO,56,1:Recurred,ER+/HER2- Low Prolif,Died of Other Causes
MB-2752,brca_metabric,,,,,,,,,,,,,,,,,,,,,,,81.9333333333333,1:DECEASED,,,,,,,,,,,,,1,Female,,,51.36,MASTECTOMY,Moderate,NO,LumA,2,Positve,NEUTRAL,Mixed,YES,Post,7,Right,0,3.07,NO,81.7666666666667,1:Recurred,ER+/HER2- Low Prolif,Died of Disease
MB-2753,brca_metabric,,,,,,,,,,,,,,,,,,,,,,,274.4,0:LIVING,,,,,,,,,,,,,1,Female,,,30.95,BREAST CONSERVING,High,YES,Basal,2,Negative,GAIN,Ductal/NST,NO,Pre,10,Left,1,5.074,YES,274.4,0:Not Recurred,ER-/HER2-,Living
MB-2754,brca_metabric,,,,,,,,,,,,,,,,,,,,,,,203.533333333333,1:DECEASED,,,,,,,,,,,,,1,Female,,,66.11,MASTECTOMY,Moderate,NO,Normal,2,Negative,NEUTRAL,Lobular,YES,Post,3,Left,0,3.07,NO,172.5,1:Recurred,ER+/HER2- Low Prolif,Died of Disease
MB-2758,brca_metabric,,,,,,,,,,,,,,,,,,,,,,,35,1:DECEASED,,,,,,,,,,,,,1,Female,,,38.16,MASTECTOMY,Low,YES,claudin-low,2,Negative,GAIN,Ductal/NST,NO,Pre,4ER-,Right,4,6.09,NO,32.7333333333333,1:Recurred,HER2+,Died of Disease
MB-2760,brca_metabric,,,,,,,,,,,,,,,,,,,,,,,118.033333333333,1:DECEASED,,,,,,,,,,,,,1,Female,,,63.1,BREAST CONSERVING,Moderate,NO,LumB,2,Positve,NEUTRAL,Ductal/NST,YES,Post,7,Right,2,4.03,YES,87.2,1:Recurred,ER+/HER2- Low Prolif,Died of Disease
MB-2763,brca_metabric,,,,,,,,,,,,,,,,,,,,,,,275.6,0:LIVING,,,,,,,,,,,,,1,Female,,,70.32,MASTECTOMY,Moderate,NO,LumB,2,Positve,NEUTRAL,Mucinous,YES,Post,4ER+,Right,0,3.052,NO,275.6,0:Not Recurred,ER+/HER2- High Prolif,Living
MB-2764,brca_metabric,,,,,,,,,,,,,,,,,,,,,,,270.133333333333,1:DECEASED,,,,,,,,,,,,,1,Female,,,57.48,BREAST CONSERVING,Low,NO,claudin-low,2,Positve,NEUTRAL,Tubular/ cribriform,YES,Post,4ER+,,1,4.03,YES,218.666666666667,1:Recurred,ER-/HER2-,Died of Disease
MB-2765,brca_metabric,,,,,,,,,,,,,,,,,,,,,,,227.866666666667,1:DECEASED,,,,,,,,,,,,,1,Female,,,65.79,BREAST CONSERVING,Moderate,NO,claudin-low,2,Positve,GAIN,Ductal/NST,YES,Post,3,Left,0,4.034,YES,227.866666666667,0:Not Recurred,ER+/HER2- Low Prolif,Died of Other Causes
MB-2767,brca_metabric,,,,,,,,,,,,,,,,,,,,,,,271.333333333333,0:LIVING,,,,,,,,,,,,,1,Female,,,53.11,BREAST CONSERVING,High,NO,LumB,2,Positve,NEUTRAL,Ductal/NST,YES,Post,2,Left,1,5.042,YES,271.333333333333,0:Not Recurred,ER+/HER2- High Prolif,Living
MB-2769,brca_metabric,,,,,,,,,,,,,,,,,,,,,,,160,0:LIVING,,,,,,,,,,,,,1,Female,,,59.9,BREAST CONSERVING,High,NO,LumB,2,Positve,NEUTRAL,Lobular,NO,Post,7,Left,0,3.03,YES,160,0:Not Recurred,ER+/HER2- High Prolif,Living
MB-2770,brca_metabric,,,,,,,,,,,,,,,,,,,,,,,274.366666666667,0:LIVING,,,,,,,,,,,,,1,Female,,,60.32,BREAST CONSERVING,,NO,LumA,2,Positve,NEUTRAL,Lobular,YES,Post,8,Right,5,5.09,NO,274.366666666667,0:Not Recurred,ER+/HER2- Low Prolif,Living
MB-2771,brca_metabric,,,,,,,,,,,,,,,,,,,,,,,44.8333333333333,1:DECEASED,,,,,,,,,,,,,1,Female,,,56.79,BREAST CONSERVING,Low,NO,Basal,2,Positve,LOSS,Ductal/NST,YES,Post,10,Left,0,4.032,YES,41.0333333333333,1:Recurred,,Died of Disease
MB-2772,brca_metabric,,,,,,,,,,,,,,,,,,,,,,,150.733333333333,1:DECEASED,,,,,,,,,,,,,1,Female,,,54.4,BREAST CONSERVING,Moderate,NO,LumB,2,Positve,LOSS,Mixed,YES,Post,6,Right,0,4.034,YES,150.733333333333,0:Not Recurred,ER+/HER2- High Prolif,Died of Other Causes
MB-2774,brca_metabric,,,,,,,,,,,,,,,,,,,,,,,131.666666666667,1:DECEASED,,,,,,,,,,,,,1,Female,,,66.06,MASTECTOMY,Moderate,NO,LumB,2,Positve,LOSS,Ductal/NST,YES,Post,7,Right,7,5.07,NO,131.666666666667,0:Not Recurred,ER+/HER2- High Prolif,Died of Other Causes
MB-2778,brca_metabric,,,,,,,,,,,,,,,,,,,,,,,181.233333333333,1:DECEASED,,,,,,,,,,,,,1,Female,,,62.76,MASTECTOMY,Low,NO,NC,2,Positve,NEUTRAL,Ductal/NST,YES,Post,3,Left,1,4.034,NO,120.7,1:Recurred,ER+/HER2- High Prolif,Died of Disease
MB-2779,brca_metabric,,,,,,,,,,,,,,,,,,,,,,,275.233333333333,0:LIVING,,,,,,,,,,,,,1,Female,,,36.8,BREAST CONSERVING,High,NO,LumA,2,Positve,NEUTRAL,Ductal/NST,NO,Pre,10,Left,0,3.04,YES,161.466666666667,1:Recurred,ER+/HER2- High Prolif,Living
MB-2781,brca_metabric,,,,,,,,,,,,,,,,,,,,,,,40.4333333333333,1:DECEASED,,,,,,,,,,,,,1,Female,,,64.32,MASTECTOMY,Moderate,NO,LumB,2,Positve,GAIN,Ductal/NST,YES,Post,1,Left,1,4.06,NO,40.4333333333333,0:Not Recurred,ER+/HER2- High Prolif,Died of Other Causes
MB-2786,brca_metabric,,,,,,,,,,,,,,,,,,,,,,,68.2666666666667,1:DECEASED,,,,,,,,,,,,,1,Female,,,62.36,MASTECTOMY,High,NO,LumA,2,Positve,GAIN,Ductal/NST,YES,Post,5,Left,3,5.056,YES,42.8333333333333,1:Recurred,HER2+,Died of Disease
MB-2790,brca_metabric,,,,,,,,,,,,,,,,,,,,,,,116.933333333333,0:LIVING,,,,,,,,,,,,,1,Female,,,47.03,MASTECTOMY,Moderate,NO,LumA,2,Positve,NEUTRAL,Mixed,NO,Pre,8,Left,0,3.05,NO,13.0333333333333,1:Recurred,ER+/HER2- High Prolif,Living
MB-2791,brca_metabric,,,,,,,,,,,,,,,,,,,,,,,271.933333333333,0:LIVING,,,,,,,,,,,,,1,Female,,,40.79,BREAST CONSERVING,High,NO,LumA,2,Positve,NEUTRAL,Ductal/NST,NO,Pre,3,Left,0,3.034,YES,271.933333333333,0:Not Recurred,ER+/HER2- Low Prolif,Living
MB-2792,brca_metabric,,,,,,,,,,,,,,,,,,,,,,,110.766666666667,1:DECEASED,,,,,,,,,,,,,1,Female,,,50.38,MASTECTOMY,Low,NO,Her2,2,Positve,GAIN,Ductal/NST,YES,Post,9,Left,1,4.07,NO,87.4,1:Recurred,ER+/HER2- High Prolif,Died of Disease
MB-2793,brca_metabric,,,,,,,,,,,,,,,,,,,,,,,267.233333333333,0:LIVING,,,,,,,,,,,,,1,Female,,,67.62,MASTECTOMY,High,NO,LumB,2,Positve,NEUTRAL,Ductal/NST,YES,Post,8,Right,0,3.05,NO,267.233333333333,0:Not Recurred,ER+/HER2- High Prolif,Living
MB-2795,brca_metabric,,,,,,,,,,,,,,,,,,,,,,,272.1,0:LIVING,,,,,,,,,,,,,1,Female,,,42.07,BREAST CONSERVING,Moderate,NO,claudin-low,2,Positve,NEUTRAL,Ductal/NST,NO,Pre,1,Right,0,3.024,YES,272.1,0:Not Recurred,ER+/HER2- Low Prolif,Living
MB-2796,brca_metabric,,,,,,,,,,,,,,,,,,,,,,,87.7,1:DECEASED,,,,,,,,,,,,,1,Female,,,57.94,MASTECTOMY,Moderate,NO,claudin-low,2,Positve,NEUTRAL,Mixed,YES,Post,2,,1,5.04,YES,18.4666666666667,1:Recurred,ER+/HER2- High Prolif,Died of Disease
MB-2797,brca_metabric,,,,,,,,,,,,,,,,,,,,,,,252.966666666667,0:LIVING,,,,,,,,,,,,,1,Female,,,50.07,MASTECTOMY,Moderate,NO,LumA,2,Positve,NEUTRAL,Mixed,NO,Post,6,Left,0,2.03,NO,252.966666666667,0:Not Recurred,ER+/HER2- High Prolif,Living
MB-2801,brca_metabric,,,,,,,,,,,,,,,,,,,,,,,271.266666666667,0:LIVING,,,,,,,,,,,,,1,Female,,,70.35,BREAST CONSERVING,Moderate,NO,LumA,2,Positve,NEUTRAL,Ductal/NST,YES,Post,2,Left,1,4.026,YES,271.266666666667,0:Not Recurred,ER+/HER2- High Prolif,Living
MB-2803,brca_metabric,,,,,,,,,,,,,,,,,,,,,,,85.8666666666667,1:DECEASED,,,,,,,,,,,,,1,Female,,,63.01,BREAST CONSERVING,High,NO,LumB,2,Positve,NEUTRAL,Ductal/NST,NO,Post,8,Right,0,3.036,YES,74.0666666666667,1:Recurred,ER+/HER2- High Prolif,Died of Disease
MB-2814,brca_metabric,,,,,,,,,,,,,,,,,,,,,,,231.033333333333,1:DECEASED,,,,,,,,,,,,,1,Female,,,65.25,BREAST CONSERVING,Moderate,NO,LumB,2,Positve,GAIN,Ductal/NST,NO,Post,3,Right,0,3.026,YES,231.033333333333,0:Not Recurred,ER+/HER2- High Prolif,Died of Other Causes
MB-2815,brca_metabric,,,,,,,,,,,,,,,,,,,,,,,257.566666666667,0:LIVING,,,,,,,,,,,,,1,Female,,,64.25,BREAST CONSERVING,Low,NO,Normal,2,Positve,NEUTRAL,Mixed,NO,Post,3,Right,0,2.044,YES,257.566666666667,0:Not Recurred,ER+/HER2- Low Prolif,Living
MB-2819,brca_metabric,,,,,,,,,,,,,,,,,,,,,,,270.566666666667,0:LIVING,,,,,,,,,,,,,1,Female,,,61.95,MASTECTOMY,High,NO,LumA,2,Positve,NEUTRAL,Mixed,NO,Post,7,Left,0,2.038,NO,270.566666666667,0:Not Recurred,ER+/HER2- Low Prolif,Living
MB-2820,brca_metabric,,,,,,,,,,,,,,,,,,,,,,,254.633333333333,0:LIVING,,,,,,,,,,,,,1,Female,,,40.06,BREAST CONSERVING,Moderate,NO,LumA,2,Positve,NEUTRAL,Ductal/NST,YES,Pre,3,Left,0,4.036,YES,254.633333333333,0:Not Recurred,,Living
MB-2821,brca_metabric,,,,,,,,,,,,,,,,,,,,,,,136.066666666667,1:DECEASED,,,,,,,,,,,,,1,Female,,,57.39,BREAST CONSERVING,Moderate,NO,claudin-low,2,Negative,NEUTRAL,Metaplastic,NO,Post,4ER-,Right,0,1.032,YES,136.066666666667,0:Not Recurred,,Died of Other Causes
MB-2823,brca_metabric,,,,,,,,,,,,,,,,,,,,,,,269.9,0:LIVING,,,,,,,,,,,,,1,Female,,,35.97,BREAST CONSERVING,,NO,claudin-low,2,Positve,GAIN,Mixed,YES,Pre,4ER+,Right,0,4.022,YES,269.9,0:Not Recurred,ER+/HER2- Low Prolif,Living
MB-2827,brca_metabric,,,,,,,,,,,,,,,,,,,,,,,235.666666666667,0:LIVING,,,,,,,,,,,,,1,Female,,,36.5,MASTECTOMY,Moderate,YES,Basal,2,Negative,NEUTRAL,Ductal/NST,NO,Pre,10,Right,1,5.022,YES,235.666666666667,0:Not Recurred,ER-/HER2-,Living
MB-2833,brca_metabric,,,,,,,,,,,,,,,,,,,,,,,259.766666666667,0:LIVING,,,,,,,,,,,,,1,Female,,,42.9,MASTECTOMY,High,YES,claudin-low,2,Negative,NEUTRAL,Medullary,NO,Pre,10,Right,2,5.046,YES,259.766666666667,0:Not Recurred,,Living
MB-2834,brca_metabric,,,,,,,,,,,,,,,,,,,,,,,153.833333333333,1:DECEASED,,,,,,,,,,,,,1,Female,,,56.85,BREAST CONSERVING,High,NO,Her2,2,Positve,NEUTRAL,Ductal/NST,NO,Post,3,Left,1,4.018,YES,153.833333333333,0:Not Recurred,ER-/HER2-,Died of Other Causes
MB-2835,brca_metabric,,,,,,,,,,,,,,,,,,,,,,,55.0333333333333,1:DECEASED,,,,,,,,,,,,,1,Female,,,59.84,MASTECTOMY,Moderate,NO,LumA,2,Positve,NEUTRAL,Ductal/NST,YES,Post,3,Right,0,4.04,NO,55.0333333333333,0:Not Recurred,ER+/HER2- Low Prolif,Died of Other Causes
MB-2838,brca_metabric,,,,,,,,,,,,,,,,,,,,,,,270.3,0:LIVING,,,,,,,,,,,,,1,Female,,,67.12,MASTECTOMY,High,NO,LumA,2,Positve,LOSS,Ductal/NST,YES,Post,8,Right,0,3.054,NO,270.3,0:Not Recurred,ER+/HER2- High Prolif,Living
MB-2840,brca_metabric,,,,,,,,,,,,,,,,,,,,,,,269,0:LIVING,,,,,,,,,,,,,1,Female,,,60.48,MASTECTOMY,Moderate,NO,LumA,2,Positve,NEUTRAL,Lobular,NO,Post,3,Left,0,3.028,NO,269,0:Not Recurred,ER+/HER2- Low Prolif,Living
MB-2842,brca_metabric,,,,,,,,,,,,,,,,,,,,,,,19.7333333333333,1:DECEASED,,,,,,,,,,,,,1,Female,,,58.48,MASTECTOMY,High,YES,Basal,2,Negative,NEUTRAL,Ductal/NST,NO,Post,9,Right,1,5.054,YES,19.1666666666667,1:Recurred,ER-/HER2-,Died of Disease
MB-2843,brca_metabric,,,,,,,,,,,,,,,,,,,,,,,231.533333333333,1:DECEASED,,,,,,,,,,,,,1,Female,,,61.08,BREAST CONSERVING,Moderate,NO,LumA,2,Positve,NEUTRAL,Ductal/NST,NO,Post,2,Right,0,3.026,YES,231.533333333333,0:Not Recurred,ER+/HER2- Low Prolif,Died of Other Causes
MB-2844,brca_metabric,,,,,,,,,,,,,,,,,,,,,,,146.733333333333,0:LIVING,,,,,,,,,,,,,1,Female,,,60.76,MASTECTOMY,High,NO,LumB,2,Positve,GAIN,Ductal/NST,YES,Post,9,Right,0,4.038,NO,146.733333333333,0:Not Recurred,HER2+,Living
MB-2845,brca_metabric,,,,,,,,,,,,,,,,,,,,,,,264.766666666667,0:LIVING,,,,,,,,,,,,,1,Female,,,55.8,MASTECTOMY,Moderate,NO,claudin-low,2,Positve,NEUTRAL,Lobular,NO,Post,4ER+,Right,0,3.028,NO,264.766666666667,0:Not Recurred,ER+/HER2- Low Prolif,Living
MB-2846,brca_metabric,,,,,,,,,,,,,,,,,,,,,,,149.7,1:DECEASED,,,,,,,,,,,,,1,Female,,,58.85,MASTECTOMY,,NO,Basal,2,Negative,NEUTRAL,Ductal/NST,NO,Post,4ER-,Left,0,3.01,NO,76.0666666666667,1:Recurred,ER-/HER2-,Died of Disease
MB-2847,brca_metabric,,,,,,,,,,,,,,,,,,,,,,,39.5333333333333,1:DECEASED,,,,,,,,,,,,,1,Female,,,65.04,MASTECTOMY,High,NO,Her2,2,Positve,GAIN,Ductal/NST,YES,Post,5,Left,18,6.07,YES,16.2666666666667,1:Recurred,HER2+,Died of Disease
MB-2848,brca_metabric,,,,,,,,,,,,,,,,,,,,,,,227.733333333333,1:DECEASED,,,,,,,,,,,,,1,Female,,,60.11,MASTECTOMY,Moderate,NO,LumA,2,Positve,NEUTRAL,Ductal/NST,YES,Post,3,Right,1,4.03,NO,227.733333333333,0:Not Recurred,ER+/HER2- Low Prolif,Died of Other Causes
MB-2849,brca_metabric,,,,,,,,,,,,,,,,,,,,,,,43.2,1:DECEASED,,,,,,,,,,,,,1,Female,,,60.65,MASTECTOMY,Moderate,NO,Basal,2,Negative,NEUTRAL,Ductal/NST,YES,Post,9,Right,0,4.052,YES,21.3,1:Recurred,ER-/HER2-,Died of Disease
MB-2850,brca_metabric,,,,,,,,,,,,,,,,,,,,,,,9.43333333333333,1:DECEASED,,,,,,,,,,,,,1,Female,,,31.48,MASTECTOMY,Moderate,YES,claudin-low,2,Negative,NEUTRAL,Ductal/NST,NO,Pre,10,Right,11,6.062,YES,8.43333333333333,1:Recurred,,Died of Disease
MB-2851,brca_metabric,,,,,,,,,,,,,,,,,,,,,,,159,1:DECEASED,,,,,,,,,,,,,1,Female,,,58.69,BREAST CONSERVING,High,NO,LumA,2,Positve,NEUTRAL,Mixed,YES,Post,4ER+,Right,0,4.032,YES,93.1333333333333,1:Recurred,ER+/HER2- Low Prolif,Died of Disease
MB-2853,brca_metabric,,,,,,,,,,,,,,,,,,,,,,,269.633333333333,0:LIVING,,,,,,,,,,,,,1,Female,,,36.25,BREAST CONSERVING,Moderate,NO,LumB,2,Positve,NEUTRAL,Mucinous,NO,Pre,6,Right,0,3.046,YES,269.633333333333,0:Not Recurred,ER+/HER2- High Prolif,Living
MB-2854,brca_metabric,,,,,,,,,,,,,,,,,,,,,,,270.433333333333,0:LIVING,,,,,,,,,,,,,1,Female,,,61.53,MASTECTOMY,High,NO,LumA,2,Positve,NEUTRAL,Lobular,YES,Post,7,Left,0,3.044,NO,270.433333333333,0:Not Recurred,ER+/HER2- Low Prolif,Living
MB-2857,brca_metabric,,,,,,,,,,,,,,,,,,,,,,,250.666666666667,0:LIVING,,,,,,,,,,,,,1,Female,,,45.3,MASTECTOMY,Moderate,YES,claudin-low,2,Negative,NEUTRAL,Ductal/NST,NO,Pre,10,Left,1,5.044,YES,250.666666666667,0:Not Recurred,ER-/HER2-,Living
MB-2858,brca_metabric,,,,,,,,,,,,,,,,,,,,,,,141.566666666667,1:DECEASED,,,,,,,,,,,,,1,Female,,,63.94,MASTECTOMY,Moderate,NO,LumB,2,Positve,NEUTRAL,Mixed,YES,Post,1,Right,0,4.052,NO,141.566666666667,0:Not Recurred,ER+/HER2- High Prolif,Died of Other Causes
MB-2863,brca_metabric,,,,,,,,,,,,,,,,,,,,,,,258.333333333333,0:LIVING,,,,,,,,,,,,,1,Female,,,59.58,MASTECTOMY,Moderate,NO,LumA,2,Positve,NEUTRAL,Mucinous,YES,Post,4ER+,Left,1,3.04,NO,258.333333333333,0:Not Recurred,ER+/HER2- Low Prolif,Living
MB-2867,brca_metabric,,,,,,,,,,,,,,,,,,,,,,,269.333333333333,0:LIVING,,,,,,,,,,,,,1,Female,,,47.1,MASTECTOMY,High,NO,LumA,2,Positve,NEUTRAL,Ductal/NST,YES,Pre,4ER+,Right,2,3.04,NO,119.5,1:Recurred,ER+/HER2- Low Prolif,Living
MB-2895,brca_metabric,,,,,,,,,,,,,,,,,,,,,,,196.566666666667,1:DECEASED,,,,,,,,,,,,,1,Female,,,66.84,MASTECTOMY,Low,NO,claudin-low,2,Negative,GAIN,Ductal/NST,YES,Post,5,Left,0,4.03,NO,186.533333333333,1:Recurred,HER2+,Died of Disease
MB-2896,brca_metabric,,,,,,,,,,,,,,,,,,,,,,,237.366666666667,1:DECEASED,,,,,,,,,,,,,1,Female,,,68.18,MASTECTOMY,Moderate,NO,claudin-low,2,Positve,NEUTRAL,Ductal/NST,NO,Post,4ER+,Right,0,3.026,NO,237.366666666667,0:Not Recurred,ER+/HER2- Low Prolif,Died of Other Causes
MB-2900,brca_metabric,,,,,,,,,,,,,,,,,,,,,,,20.6666666666667,1:DECEASED,,,,,,,,,,,,,1,Female,,,59.29,MASTECTOMY,Low,NO,Normal,2,Positve,NEUTRAL,Lobular,YES,Post,4ER+,Left,9,5.05,NO,19.2333333333333,1:Recurred,ER+/HER2- Low Prolif,Died of Other Causes
MB-2901,brca_metabric,,,,,,,,,,,,,,,,,,,,,,,218.3,1:DECEASED,,,,,,,,,,,,,1,Female,,,49.83,BREAST CONSERVING,High,NO,LumB,2,Positve,NEUTRAL,Ductal/NST,YES,Pre,8,Left,0,3.05,YES,63.6,1:Recurred,,Died of Disease
MB-2904,brca_metabric,,,,,,,,,,,,,,,,,,,,,,,125.6,1:DECEASED,,,,,,,,,,,,,1,Female,,,34.83,MASTECTOMY,High,YES,claudin-low,2,Negative,NEUTRAL,Ductal/NST,NO,Pre,10,Left,1,5.05,YES,104.033333333333,1:Recurred,,Died of Disease
MB-2912,brca_metabric,,,,,,,,,,,,,,,,,,,,,,,267.4,0:LIVING,,,,,,,,,,,,,1,Female,,,59.6,BREAST CONSERVING,High,YES,Basal,2,Negative,NEUTRAL,Ductal/NST,NO,Post,10,Right,5,6.04,YES,267.4,0:Not Recurred,ER-/HER2-,Living
MB-2916,brca_metabric,,,,,,,,,,,,,,,,,,,,,,,266.933333333333,0:LIVING,,,,,,,,,,,,,1,Female,,,48.93,BREAST CONSERVING,High,NO,LumA,2,Positve,NEUTRAL,Tubular/ cribriform,NO,Pre,3,Left,0,2.032,YES,266.933333333333,0:Not Recurred,ER+/HER2- Low Prolif,Living
MB-2917,brca_metabric,,,,,,,,,,,,,,,,,,,,,,,31.9333333333333,1:DECEASED,,,,,,,,,,,,,1,Female,,,33.9,MASTECTOMY,High,YES,Basal,2,Negative,NEUTRAL,Ductal/NST,NO,Pre,10,Left,2,5.06,YES,31.9333333333333,1:Recurred,ER-/HER2-,Died of Disease
MB-2919,brca_metabric,,,,,,,,,,,,,,,,,,,,,,,240.033333333333,1:DECEASED,,,,,,,,,,,,,1,Female,,,59.13,MASTECTOMY,Low,NO,LumB,2,Positve,NEUTRAL,Mucinous,NO,Post,8,Left,0,2.04,NO,240.033333333333,0:Not Recurred,ER+/HER2- Low Prolif,Died of Other Causes
MB-2922,brca_metabric,,,,,,,,,,,,,,,,,,,,,,,14.4,1:DECEASED,,,,,,,,,,,,,1,Female,,,45.74,MASTECTOMY,High,YES,Her2,2,Negative,GAIN,Ductal/NST,NO,Pre,1,Right,8,6.05,YES,14.2,1:Recurred,ER+/HER2- High Prolif,Died of Disease
MB-2923,brca_metabric,,,,,,,,,,,,,,,,,,,,,,,14.1,1:DECEASED,,,,,,,,,,,,,1,Female,,,37.01,MASTECTOMY,,YES,Her2,2,Negative,GAIN,Ductal/NST,NO,Pre,5,Right,5,6.074,YES,11.5333333333333,1:Recurred,HER2+,Died of Disease
MB-2927,brca_metabric,,,,,,,,,,,,,,,,,,,,,,,263.7,1:DECEASED,,,,,,,,,,,,,1,Female,,,58.14,BREAST CONSERVING,,NO,LumA,2,Positve,LOSS,Mixed,NO,Post,1,Left,0,2.026,NO,71.8333333333333,1:Recurred,ER+/HER2- High Prolif,Died of Disease
MB-2929,brca_metabric,,,,,,,,,,,,,,,,,,,,,,,262.866666666667,1:DECEASED,,,,,,,,,,,,,1,Female,,,53.31,MASTECTOMY,,YES,Her2,2,Negative,NEUTRAL,Ductal/NST,NO,Post,4ER-,Left,1,4.04,YES,262.866666666667,0:Not Recurred,ER-/HER2-,Died of Other Causes
MB-2931,brca_metabric,,,,,,,,,,,,,,,,,,,,,,,228.1,1:DECEASED,,,,,,,,,,,,,1,Female,,,46.9,MASTECTOMY,,NO,LumB,2,Positve,NEUTRAL,Ductal/NST,NO,Pre,8,Left,0,3.034,NO,13.7,1:Recurred,ER+/HER2- Low Prolif,Died of Other Causes
MB-2932,brca_metabric,,,,,,,,,,,,,,,,,,,,,,,108.433333333333,0:LIVING,,,,,,,,,,,,,1,Female,,,63.1,BREAST CONSERVING,,NO,LumB,2,Positve,NEUTRAL,Ductal/NST,YES,Post,2,Right,0,4.036,YES,108.433333333333,0:Not Recurred,ER+/HER2- High Prolif,Living
MB-2933,brca_metabric,,,,,,,,,,,,,,,,,,,,,,,161.933333333333,1:DECEASED,,,,,,,,,,,,,1,Female,,,44.08,MASTECTOMY,High,NO,LumA,2,Positve,NEUTRAL,Tubular/ cribriform,NO,Pre,3,Left,0,2.03,NO,161.933333333333,0:Not Recurred,ER+/HER2- Low Prolif,Died of Other Causes
MB-2939,brca_metabric,,,,,,,,,,,,,,,,,,,,,,,101.266666666667,1:DECEASED,,,,,,,,,,,,,1,Female,,,70.19,MASTECTOMY,,NO,LumB,2,Positve,GAIN,Ductal/NST,YES,Post,5,Right,1,5.034,NO,101.266666666667,0:Not Recurred,,Died of Other Causes
MB-2944,brca_metabric,,,,,,,,,,,,,,,,,,,,,,,27.2,1:DECEASED,,,,,,,,,,,,,1,Female,,,66.97,MASTECTOMY,,NO,LumA,2,Negative,NEUTRAL,Mixed,YES,Post,8,,0,4.054,NO,26.4,1:Recurred,ER+/HER2- Low Prolif,Died of Disease
MB-2947,brca_metabric,,,,,,,,,,,,,,,,,,,,,,,112,0:LIVING,,,,,,,,,,,,,1,Female,,,36.47,MASTECTOMY,Moderate,NO,LumA,2,Positve,NEUTRAL,Ductal/NST,NO,Pre,4ER+,Right,0,3.03,NO,112,0:Not Recurred,ER+/HER2- Low Prolif,Living
MB-2951,brca_metabric,,,,,,,,,,,,,,,,,,,,,,,263.366666666667,0:LIVING,,,,,,,,,,,,,1,Female,,,39.07,BREAST CONSERVING,High,NO,LumA,2,Positve,NEUTRAL,Ductal/NST,NO,Pre,1,Right,0,3.03,YES,99.0666666666667,1:Recurred,ER+/HER2- High Prolif,Living
MB-2952,brca_metabric,,,,,,,,,,,,,,,,,,,,,,,189.1,1:DECEASED,,,,,,,,,,,,,1,Female,,,52.67,BREAST CONSERVING,High,NO,LumA,2,Positve,NEUTRAL,Tubular/ cribriform,NO,Post,8,Left,0,2.024,YES,189.1,0:Not Recurred,,Died of Other Causes
MB-2953,brca_metabric,,,,,,,,,,,,,,,,,,,,,,,30.1333333333333,1:DECEASED,,,,,,,,,,,,,1,Female,,,43.08,BREAST CONSERVING,High,NO,LumB,2,Positve,NEUTRAL,Ductal/NST,NO,Pre,10,Right,0,3.036,YES,15.1666666666667,1:Recurred,ER+/HER2- High Prolif,Died of Disease
MB-2954,brca_metabric,,,,,,,,,,,,,,,,,,,,,,,5.5,1:DECEASED,,,,,,,,,,,,,1,Female,,,69.79,MASTECTOMY,Moderate,NO,LumB,2,Positve,NEUTRAL,Ductal/NST,YES,Post,8,Left,3,4.06,YES,5.3,1:Recurred,ER+/HER2- High Prolif,Died of Disease
MB-2957,brca_metabric,,,,,,,,,,,,,,,,,,,,,,,262.133333333333,0:LIVING,,,,,,,,,,,,,1,Female,,,31.02,MASTECTOMY,High,YES,claudin-low,2,Negative,NEUTRAL,Ductal/NST,NO,Pre,10,Left,2,5.06,YES,262.133333333333,0:Not Recurred,ER-/HER2-,Living
MB-2960,brca_metabric,,,,,,,,,,,,,,,,,,,,,,,222.2,1:DECEASED,,,,,,,,,,,,,1,Female,,,69.67,MASTECTOMY,Moderate,NO,LumA,2,Positve,NEUTRAL,Ductal/NST,YES,Post,6,Left,0,4.05,NO,222.2,0:Not Recurred,ER+/HER2- Low Prolif,Died of Other Causes
MB-2963,brca_metabric,,,,,,,,,,,,,,,,,,,,,,,227.833333333333,1:DECEASED,,,,,,,,,,,,,1,Female,,,53.99,BREAST CONSERVING,Moderate,NO,claudin-low,2,Positve,NEUTRAL,Mixed,YES,Post,4ER+,Left,4,5.02,YES,186.8,1:Recurred,ER-/HER2-,Died of Disease
MB-2964,brca_metabric,,,,,,,,,,,,,,,,,,,,,,,9.6,1:DECEASED,,,,,,,,,,,,,1,Female,,,69.48,MASTECTOMY,Moderate,NO,Her2,2,Positve,GAIN,Ductal/NST,YES,Post,5,Right,7,6.06,YES,9.6,1:Recurred,HER2+,Died of Disease
MB-2966,brca_metabric,,,,,,,,,,,,,,,,,,,,,,,265,0:LIVING,,,,,,,,,,,,,1,Female,,,50.3,MASTECTOMY,Moderate,NO,LumA,2,Positve,NEUTRAL,Ductal/NST,YES,Post,8,Left,2,5.036,YES,265,0:Not Recurred,ER+/HER2- High Prolif,Living
MB-2969,brca_metabric,,,,,,,,,,,,,,,,,,,,,,,172.9,1:DECEASED,,,,,,,,,,,,,1,Female,,,66.86,MASTECTOMY,High,NO,LumA,2,Positve,LOSS,Ductal/NST,NO,Post,3,Right,0,3.026,YES,172.9,0:Not Recurred,ER+/HER2- Low Prolif,Died of Other Causes
MB-2970,brca_metabric,,,,,,,,,,,,,,,,,,,,,,,252.866666666667,1:DECEASED,,,,,,,,,,,,,1,Female,,,46.49,MASTECTOMY,High,NO,LumA,2,Positve,NEUTRAL,Mixed,YES,Pre,4ER+,Left,2,4.05,NO,224.933333333333,1:Recurred,ER+/HER2- Low Prolif,Died of Disease
MB-2971,brca_metabric,,,,,,,,,,,,,,,,,,,,,,,264.233333333333,0:LIVING,,,,,,,,,,,,,1,Female,,,69.6,BREAST CONSERVING,Moderate,NO,LumA,2,Positve,NEUTRAL,Ductal/NST,YES,Post,3,Left,2,4.03,YES,191.6,1:Recurred,ER+/HER2- Low Prolif,Living
MB-2977,brca_metabric,,,,,,,,,,,,,,,,,,,,,,,110.6,1:DECEASED,,,,,,,,,,,,,1,Female,,,40.02,BREAST CONSERVING,High,NO,LumA,2,Positve,NEUTRAL,Ductal/NST,NO,Pre,7,Right,0,2.03,NO,110.6,0:Not Recurred,ER+/HER2- Low Prolif,Died of Other Causes
MB-2983,brca_metabric,,,,,,,,,,,,,,,,,,,,,,,180.833333333333,1:DECEASED,,,,,,,,,,,,,1,Female,,,56.26,BREAST CONSERVING,Moderate,NO,LumB,2,Positve,GAIN,Ductal/NST,YES,Post,5,Left,1,4.03,YES,180.833333333333,0:Not Recurred,HER2+,Died of Other Causes
MB-2984,brca_metabric,,,,,,,,,,,,,,,,,,,,,,,261.2,0:LIVING,,,,,,,,,,,,,1,Female,,,64.04,BREAST CONSERVING,Moderate,NO,LumB,2,Positve,GAIN,Ductal/NST,YES,Post,9,Left,0,4.04,YES,261.2,0:Not Recurred,HER2+,Living
MB-2990,brca_metabric,,,,,,,,,,,,,,,,,,,,,,,260,0:LIVING,,,,,,,,,,,,,1,Female,,,48.47,MASTECTOMY,Low,NO,LumA,2,Positve,NEUTRAL,Mixed,NO,Pre,8,Right,0,2.03,NO,260,0:Not Recurred,ER+/HER2- Low Prolif,Living
MB-2993,brca_metabric,,,,,,,,,,,,,,,,,,,,,,,187.033333333333,0:LIVING,,,,,,,,,,,,,1,Female,,,63.65,MASTECTOMY,Low,NO,claudin-low,2,Negative,NEUTRAL,Ductal/NST,YES,Post,10,Right,0,4.04,YES,187.033333333333,0:Not Recurred,ER-/HER2-,Living
MB-2994,brca_metabric,,,,,,,,,,,,,,,,,,,,,,,254.5,0:LIVING,,,,,,,,,,,,,1,Female,,,46.7,BREAST CONSERVING,Moderate,NO,LumA,2,Positve,GAIN,Ductal/NST,YES,Pre,5,Left,1,5.036,YES,254.5,0:Not Recurred,HER2+,Living
MB-2996,brca_metabric,,,,,,,,,,,,,,,,,,,,,,,191.233333333333,0:LIVING,,,,,,,,,,,,,1,Female,,,58.1,BREAST CONSERVING,High,NO,LumA,2,Positve,NEUTRAL,Ductal/NST,YES,Post,7,Left,0,4.032,YES,191.233333333333,0:Not Recurred,ER+/HER2- Low Prolif,Living
MB-2999,brca_metabric,,,,,,,,,,,,,,,,,,,,,,,262,0:LIVING,,,,,,,,,,,,,1,Female,,,61.42,MASTECTOMY,Moderate,NO,LumA,2,Positve,NEUTRAL,Ductal/NST,YES,Post,7,Right,0,4.024,NO,262,0:Not Recurred,ER+/HER2- High Prolif,Living
MB-3001,brca_metabric,,,,,,,,,,,,,,,,,,,,,,,263.233333333333,0:LIVING,,,,,,,,,,,,,1,Female,,,50.45,MASTECTOMY,High,YES,claudin-low,2,Negative,LOSS,Ductal/NST,NO,Post,10,Left,1,5.024,YES,263.233333333333,0:Not Recurred,,Living
MB-3002,brca_metabric,,,,,,,,,,,,,,,,,,,,,,,140.566666666667,1:DECEASED,,,,,,,,,,,,,1,Female,,,62.32,MASTECTOMY,High,NO,LumA,2,Positve,NEUTRAL,Lobular,YES,Post,3,Right,1,4.06,NO,140.566666666667,0:Not Recurred,ER+/HER2- High Prolif,Died of Other Causes
MB-3005,brca_metabric,,,,,,,,,,,,,,,,,,,,,,,253.066666666667,0:LIVING,,,,,,,,,,,,,1,Female,,,45.75,BREAST CONSERVING,Moderate,NO,LumA,2,Positve,NEUTRAL,Ductal/NST,NO,Pre,8,Left,0,3.046,YES,253.066666666667,0:Not Recurred,ER+/HER2- Low Prolif,Living
MB-3006,brca_metabric,,,,,,,,,,,,,,,,,,,,,,,15.7,1:DECEASED,,,,,,,,,,,,,1,Female,,,60.09,MASTECTOMY,Moderate,NO,claudin-low,2,Positve,NEUTRAL,Ductal/NST,YES,Post,4ER+,Left,6,5.04,YES,10.1,1:Recurred,ER-/HER2-,Died of Disease
MB-3007,brca_metabric,,,,,,,,,,,,,,,,,,,,,,,114.9,1:DECEASED,,,,,,,,,,,,,1,Female,,,48.48,MASTECTOMY,Moderate,NO,LumB,2,Positve,GAIN,Ductal/NST,NO,Pre,2,Left,0,3.024,NO,93.8666666666667,1:Recurred,ER+/HER2- High Prolif,Died of Disease
MB-3008,brca_metabric,,,,,,,,,,,,,,,,,,,,,,,149.6,0:LIVING,,,,,,,,,,,,,1,Female,,,51.94,BREAST CONSERVING,Moderate,NO,LumA,2,Positve,NEUTRAL,Mixed,NO,Post,8,Left,0,2.024,YES,149.6,0:Not Recurred,ER+/HER2- Low Prolif,Living
MB-3013,brca_metabric,,,,,,,,,,,,,,,,,,,,,,,238.366666666667,0:LIVING,,,,,,,,,,,,,1,Female,,,50.37,BREAST CONSERVING,Moderate,NO,claudin-low,2,Positve,NEUTRAL,Ductal/NST,YES,Post,4ER+,Left,1,3.046,YES,122.133333333333,1:Recurred,ER+/HER2- Low Prolif,Living
MB-3014,brca_metabric,,,,,,,,,,,,,,,,,,,,,,,262.633333333333,0:LIVING,,,,,,,,,,,,,1,Female,,,39.7,BREAST CONSERVING,High,YES,Basal,2,Negative,NEUTRAL,Ductal/NST,NO,Pre,1,Left,1,5.03,YES,262.633333333333,0:Not Recurred,ER-/HER2-,Living
MB-3016,brca_metabric,,,,,,,,,,,,,,,,,,,,,,,258.866666666667,0:LIVING,,,,,,,,,,,,,1,Female,,,56.83,MASTECTOMY,High,NO,LumB,2,Positve,NEUTRAL,Ductal/NST,YES,Post,2,Right,0,4.02,NO,258.866666666667,0:Not Recurred,ER+/HER2- High Prolif,Living
MB-3021,brca_metabric,,,,,,,,,,,,,,,,,,,,,,,217.566666666667,1:DECEASED,,,,,,,,,,,,,1,Female,,,63.08,BREAST CONSERVING,Moderate,NO,LumA,2,Positve,NEUTRAL,Lobular,YES,Post,8,Right,1,5.044,YES,217.566666666667,0:Not Recurred,ER+/HER2- High Prolif,Died of Other Causes
MB-3025,brca_metabric,,,,,,,,,,,,,,,,,,,,,,,256,0:LIVING,,,,,,,,,,,,,1,Female,,,37.89,BREAST CONSERVING,High,YES,Her2,2,Negative,GAIN,Ductal/NST,NO,Pre,5,Left,1,5.026,YES,256,0:Not Recurred,HER2+,Living
MB-3026,brca_metabric,,,,,,,,,,,,,,,,,,,,,,,261.2,0:LIVING,,,,,,,,,,,,,1,Female,,,49.92,BREAST CONSERVING,High,NO,LumA,2,Positve,NEUTRAL,Ductal/NST,YES,Pre,6,Right,0,4.044,YES,261.2,0:Not Recurred,ER+/HER2- High Prolif,Living
MB-3028,brca_metabric,,,,,,,,,,,,,,,,,,,,,,,42.5666666666667,1:DECEASED,,,,,,,,,,,,,1,Female,,,60.93,BREAST CONSERVING,High,NO,LumB,2,Positve,GAIN,Ductal/NST,YES,Post,9,,0,4.034,YES,34.1333333333333,1:Recurred,ER+/HER2- High Prolif,Died of Disease
MB-3031,brca_metabric,,,,,,,,,,,,,,,,,,,,,,,35.6333333333333,1:DECEASED,,,,,,,,,,,,,1,Female,,,46.76,MASTECTOMY,High,YES,Her2,2,Negative,GAIN,Medullary,NO,Pre,5,Right,2,5.042,YES,34.7333333333333,1:Recurred,ER+/HER2- High Prolif,Died of Disease
MB-3032,brca_metabric,,,,,,,,,,,,,,,,,,,,,,,250.133333333333,0:LIVING,,,,,,,,,,,,,1,Female,,,50.01,BREAST CONSERVING,High,NO,LumA,2,Positve,NEUTRAL,Ductal/NST,NO,Post,3,Right,0,2.03,YES,250.133333333333,0:Not Recurred,ER+/HER2- Low Prolif,Living
MB-3033,brca_metabric,,,,,,,,,,,,,,,,,,,,,,,70.4,1:DECEASED,,,,,,,,,,,,,1,Female,,,69.07,MASTECTOMY,High,NO,LumA,2,Positve,NEUTRAL,Ductal/NST,YES,Post,3,Right,0,3.038,NO,66.1666666666667,1:Recurred,ER+/HER2- Low Prolif,Died of Disease
MB-3035,brca_metabric,,,,,,,,,,,,,,,,,,,,,,,260.733333333333,0:LIVING,,,,,,,,,,,,,1,Female,,,54.64,BREAST CONSERVING,High,NO,LumA,2,Positve,LOSS,Ductal/NST,YES,Post,7,Right,0,3.044,YES,260.733333333333,0:Not Recurred,ER+/HER2- Low Prolif,Living
MB-3037,brca_metabric,,,,,,,,,,,,,,,,,,,,,,,98.8333333333333,0:LIVING,,,,,,,,,,,,,1,Female,,,53.19,BREAST CONSERVING,High,NO,LumA,2,Positve,NEUTRAL,Mixed,NO,Post,3,Left,0,3.026,YES,98.8333333333333,0:Not Recurred,ER+/HER2- Low Prolif,Living
MB-3046,brca_metabric,,,,,,,,,,,,,,,,,,,,,,,73.8333333333333,1:DECEASED,,,,,,,,,,,,,1,Female,,,67.2,MASTECTOMY,Moderate,NO,Basal,2,Negative,NEUTRAL,Ductal/NST,YES,Post,10,Left,0,4.07,NO,73.8333333333333,0:Not Recurred,ER-/HER2-,Died of Other Causes
MB-3049,brca_metabric,,,,,,,,,,,,,,,,,,,,,,,259.966666666667,0:LIVING,,,,,,,,,,,,,1,Female,,,57.17,BREAST CONSERVING,Moderate,NO,LumA,2,Positve,NEUTRAL,Lobular,NO,Post,7,Right,0,3.032,YES,259.966666666667,0:Not Recurred,ER+/HER2- Low Prolif,Living
MB-3050,brca_metabric,,,,,,,,,,,,,,,,,,,,,,,255.1,1:DECEASED,,,,,,,,,,,,,1,Female,,,59.53,MASTECTOMY,Moderate,NO,LumB,2,Positve,NEUTRAL,Ductal/NST,YES,Post,2,Right,0,4.06,NO,255.1,0:Not Recurred,ER+/HER2- High Prolif,Died of Other Causes
MB-3057,brca_metabric,,,,,,,,,,,,,,,,,,,,,,,32.0333333333333,1:DECEASED,,,,,,,,,,,,,1,Female,,,55.3,MASTECTOMY,High,YES,Basal,2,Negative,NEUTRAL,Ductal/NST,NO,Post,10,Right,1,5.086,YES,27.4666666666667,1:Recurred,ER-/HER2-,Died of Disease
MB-3058,brca_metabric,,,,,,,,,,,,,,,,,,,,,,,254.266666666667,0:LIVING,,,,,,,,,,,,,1,Female,,,47.74,MASTECTOMY,Moderate,YES,Basal,2,Negative,NEUTRAL,Ductal/NST,NO,Pre,4ER-,Right,2,5.08,YES,254.266666666667,0:Not Recurred,ER-/HER2-,Living
MB-3060,brca_metabric,,,,,,,,,,,,,,,,,,,,,,,44.6,1:DECEASED,,,,,,,,,,,,,1,Female,,,65.69,MASTECTOMY,Moderate,NO,LumB,2,Positve,NEUTRAL,Ductal/NST,YES,Post,6,Right,1,5.072,YES,22.1333333333333,1:Recurred,ER+/HER2- High Prolif,Died of Disease
MB-3062,brca_metabric,,,,,,,,,,,,,,,,,,,,,,,146.366666666667,0:LIVING,,,,,,,,,,,,,1,Female,,,62.87,BREAST CONSERVING,,NO,claudin-low,2,Negative,NEUTRAL,Ductal/NST,NO,Post,10,Left,0,4.034,YES,146.366666666667,0:Not Recurred,ER-/HER2-,Living
MB-3063,brca_metabric,,,,,,,,,,,,,,,,,,,,,,,28.5666666666667,1:DECEASED,,,,,,,,,,,,,1,Female,,,43.51,BREAST CONSERVING,High,YES,Basal,2,Negative,NEUTRAL,Ductal/NST,NO,Pre,10,Right,6,6.04,YES,21.2333333333333,1:Recurred,ER-/HER2-,Died of Disease
MB-3064,brca_metabric,,,,,,,,,,,,,,,,,,,,,,,165.166666666667,1:DECEASED,,,,,,,,,,,,,1,Female,,,46.7,MASTECTOMY,High,NO,LumA,2,Positve,NEUTRAL,Mixed,NO,Pre,4ER+,Left,0,2.04,NO,35.5333333333333,1:Recurred,ER+/HER2- Low Prolif,Died of Disease
MB-3067,brca_metabric,,,,,,,,,,,,,,,,,,,,,,,259.533333333333,0:LIVING,,,,,,,,,,,,,1,Female,,,60.29,MASTECTOMY,High,YES,claudin-low,2,Negative,NEUTRAL,Medullary,NO,Post,9,Right,2,5.036,YES,259.533333333333,0:Not Recurred,ER-/HER2-,Living
MB-3079,brca_metabric,,,,,,,,,,,,,,,,,,,,,,,149.6,0:LIVING,,,,,,,,,,,,,1,Female,,,50.54,MASTECTOMY,High,NO,LumA,2,Positve,NEUTRAL,Mixed,NO,Post,8,Right,0,3.03,YES,149.6,0:Not Recurred,ER+/HER2- Low Prolif,Living
MB-3083,brca_metabric,,,,,,,,,,,,,,,,,,,,,,,81.1,1:DECEASED,,,,,,,,,,,,,1,Female,,,68.5,MASTECTOMY,High,NO,LumB,2,Positve,NEUTRAL,Ductal/NST,YES,Post,1,Right,2,5.06,YES,45.4333333333333,1:Recurred,ER+/HER2- High Prolif,Died of Disease
MB-3085,brca_metabric,,,,,,,,,,,,,,,,,,,,,,,210.966666666667,1:DECEASED,,,,,,,,,,,,,1,Female,,,43.68,MASTECTOMY,Moderate,NO,Normal,2,Positve,NEUTRAL,Lobular,NO,Pre,4ER+,Right,0,3.05,YES,141.7,1:Recurred,ER+/HER2- Low Prolif,Died of Disease
MB-3088,brca_metabric,,,,,,,,,,,,,,,,,,,,,,,256.5,0:LIVING,,,,,,,,,,,,,1,Female,,,65.58,BREAST CONSERVING,High,NO,LumA,2,Positve,NEUTRAL,Ductal/NST,NO,Post,7,Left,0,3.038,NO,256.5,0:Not Recurred,,Living
MB-3092,brca_metabric,,,,,,,,,,,,,,,,,,,,,,,152.333333333333,1:DECEASED,,,,,,,,,,,,,1,Female,,,56.73,MASTECTOMY,High,NO,LumB,2,Positve,NEUTRAL,Mixed,YES,Post,8,Left,2,5.076,YES,152.333333333333,0:Not Recurred,ER+/HER2- High Prolif,Died of Other Causes
MB-3102,brca_metabric,,,,,,,,,,,,,,,,,,,,,,,258.333333333333,0:LIVING,,,,,,,,,,,,,1,Female,,,60.34,BREAST CONSERVING,High,NO,LumA,2,Positve,NEUTRAL,Ductal/NST,YES,Post,9,Right,2,4.04,YES,258.333333333333,0:Not Recurred,ER+/HER2- High Prolif,Living
MB-3103,brca_metabric,,,,,,,,,,,,,,,,,,,,,,,28.7333333333333,1:DECEASED,,,,,,,,,,,,,1,Female,,,58.55,BREAST CONSERVING,High,NO,LumB,2,Positve,GAIN,Ductal/NST,YES,Post,5,Left,0,4.03,YES,25.9,1:Recurred,HER2+,Died of Disease
MB-3104,brca_metabric,,,,,,,,,,,,,,,,,,,,,,,75.3666666666667,1:DECEASED,,,,,,,,,,,,,1,Female,,,28.96,MASTECTOMY,Moderate,NO,LumA,2,Positve,GAIN,Ductal/NST,NO,Pre,5,Right,0,3.04,YES,45.6333333333333,1:Recurred,ER+/HER2- High Prolif,Died of Disease
MB-3105,brca_metabric,,,,,,,,,,,,,,,,,,,,,,,252.333333333333,0:LIVING,,,,,,,,,,,,,1,Female,,,48.34,MASTECTOMY,High,NO,LumA,2,Positve,NEUTRAL,Tubular/ cribriform,YES,Pre,3,Left,2,3.054,NO,252.333333333333,0:Not Recurred,ER+/HER2- Low Prolif,Living
MB-3110,brca_metabric,,,,,,,,,,,,,,,,,,,,,,,100.733333333333,0:LIVING,,,,,,,,,,,,,1,Female,,,61.07,BREAST CONSERVING,High,NO,LumA,2,Positve,NEUTRAL,Lobular,YES,Post,3,Right,2,4.032,YES,9.1,1:Recurred,ER+/HER2- Low Prolif,Living
MB-3121,brca_metabric,,,,,,,,,,,,,,,,,,,,,,,131.333333333333,1:DECEASED,,,,,,,,,,,,,1,Female,,,63.06,BREAST CONSERVING,High,NO,LumA,2,Positve,NEUTRAL,Ductal/NST,NO,Post,3,Left,0,2.024,NO,29.3333333333333,1:Recurred,ER+/HER2- Low Prolif,Died of Other Causes
MB-3122,brca_metabric,,,,,,,,,,,,,,,,,,,,,,,257.766666666667,0:LIVING,,,,,,,,,,,,,1,Female,,,62.39,MASTECTOMY,High,NO,Her2,2,Positve,GAIN,Ductal/NST,YES,Post,9,Right,0,4.034,NO,257.766666666667,0:Not Recurred,HER2+,Living
MB-3123,brca_metabric,,,,,,,,,,,,,,,,,,,,,,,167.433333333333,0:LIVING,,,,,,,,,,,,,1,Female,,,50.26,MASTECTOMY,Moderate,YES,Basal,2,Negative,GAIN,Ductal/NST,NO,Post,9,Right,4,6.044,YES,167.433333333333,0:Not Recurred,ER-/HER2-,Living
MB-3153,brca_metabric,,,,,,,,,,,,,,,,,,,,,,,227.933333333333,0:LIVING,,,,,,,,,,,,,1,Female,,,42.17,MASTECTOMY,,YES,Basal,2,Negative,NEUTRAL,Ductal/NST,NO,Pre,10,Right,1,5.032,YES,227.933333333333,0:Not Recurred,ER-/HER2-,Living
MB-3165,brca_metabric,,,,,,,,,,,,,,,,,,,,,,,221.233333333333,0:LIVING,,,,,,,,,,,,,1,Female,,,59.78,BREAST CONSERVING,Moderate,YES,Basal,2,Negative,LOSS,Ductal/NST,NO,Post,1,Left,1,5.056,YES,221.233333333333,0:Not Recurred,ER-/HER2-,Living
MB-3167,brca_metabric,,,,,,,,,,,,,,,,,,,,,,,136.933333333333,0:LIVING,,,,,,,,,,,,,1,Female,,,66.76,MASTECTOMY,Moderate,NO,LumA,2,Positve,GAIN,Ductal/NST,YES,Post,8,Left,1,4.032,YES,136.933333333333,0:Not Recurred,ER+/HER2- High Prolif,Living
MB-3171,brca_metabric,,,,,,,,,,,,,,,,,,,,,,,219.666666666667,1:DECEASED,,,,,,,,,,,,,1,Female,,,54.95,MASTECTOMY,Moderate,NO,LumA,2,Positve,NEUTRAL,Ductal/NST,NO,Post,7,Left,0,3.026,NO,168.233333333333,1:Recurred,ER+/HER2- Low Prolif,Died of Disease
MB-3181,brca_metabric,,,,,,,,,,,,,,,,,,,,,,,178.166666666667,1:DECEASED,,,,,,,,,,,,,1,Female,,,43.6,MASTECTOMY,High,NO,LumB,2,Positve,NEUTRAL,Ductal/NST,YES,Pre,2,Left,0,4.028,YES,48.9333333333333,1:Recurred,,Died of Disease
MB-3211,brca_metabric,,,,,,,,,,,,,,,,,,,,,,,145.5,0:LIVING,,,,,,,,,,,,,1,Female,,,58.31,BREAST CONSERVING,High,NO,Basal,2,Negative,NEUTRAL,Ductal/NST,YES,Post,10,Right,0,4.026,YES,145.5,0:Not Recurred,ER-/HER2-,Living
MB-3218,brca_metabric,,,,,,,,,,,,,,,,,,,,,,,248.766666666667,0:LIVING,,,,,,,,,,,,,1,Female,,,44.94,MASTECTOMY,High,YES,Basal,2,Negative,NEUTRAL,Ductal/NST,NO,Pre,10,Left,1,5.034,YES,248.766666666667,0:Not Recurred,,Living
MB-3222,brca_metabric,,,,,,,,,,,,,,,,,,,,,,,23.9333333333333,1:DECEASED,,,,,,,,,,,,,1,Female,,,63.03,MASTECTOMY,Moderate,NO,LumA,2,Negative,NEUTRAL,Mixed,NO,Post,7,Right,0,2.034,NO,23.9333333333333,0:Not Recurred,ER+/HER2- Low Prolif,Died of Other Causes
MB-3228,brca_metabric,,,,,,,,,,,,,,,,,,,,,,,252,0:LIVING,,,,,,,,,,,,,1,Female,,,58.31,BREAST CONSERVING,High,NO,LumA,2,Positve,NEUTRAL,Mixed,NO,Post,4ER+,Left,0,3.034,YES,252,0:Not Recurred,ER+/HER2- Low Prolif,Living
MB-3235,brca_metabric,,,,,,,,,,,,,,,,,,,,,,,236.133333333333,0:LIVING,,,,,,,,,,,,,1,Female,,,50.66,BREAST CONSERVING,Moderate,NO,LumB,2,Positve,GAIN,Ductal/NST,YES,Post,5,Right,0,4.034,YES,151.2,1:Recurred,ER+/HER2- High Prolif,Living
MB-3252,brca_metabric,,,,,,,,,,,,,,,,,,,,,,,99.7,0:LIVING,,,,,,,,,,,,,1,Female,,,41.4,BREAST CONSERVING,,NO,LumA,2,Positve,NEUTRAL,Mucinous,NO,Pre,3,Left,0,2.04,NO,99.7,0:Not Recurred,ER+/HER2- Low Prolif,Living
MB-3253,brca_metabric,,,,,,,,,,,,,,,,,,,,,,,55.8333333333333,1:DECEASED,,,,,,,,,,,,,1,Female,,,56.81,BREAST CONSERVING,Moderate,NO,LumB,2,Positve,NEUTRAL,Ductal/NST,YES,Post,9,Left,3,5.052,YES,35.6666666666667,1:Recurred,ER+/HER2- High Prolif,Died of Disease
MB-3254,brca_metabric,,,,,,,,,,,,,,,,,,,,,,,123.9,0:LIVING,,,,,,,,,,,,,1,Female,,,50.21,BREAST CONSERVING,High,NO,LumA,2,Positve,NEUTRAL,Ductal/NST,NO,Post,3,Left,0,2.036,YES,123.9,0:Not Recurred,ER+/HER2- Low Prolif,Living
MB-3266,brca_metabric,,,,,,,,,,,,,,,,,,,,,,,51.2,1:DECEASED,,,,,,,,,,,,,1,Female,,,52.91,MASTECTOMY,Low,NO,LumB,2,Positve,GAIN,Mixed,YES,Post,1,Right,1,5.034,YES,32.5333333333333,1:Recurred,ER+/HER2- High Prolif,Died of Disease
MB-3271,brca_metabric,,,,,,,,,,,,,,,,,,,,,,,65.4666666666667,1:DECEASED,,,,,,,,,,,,,1,Female,,,59.43,BREAST CONSERVING,High,NO,claudin-low,2,Negative,NEUTRAL,Ductal/NST,YES,Post,10,Left,0,4.04,YES,31.3666666666667,1:Recurred,ER-/HER2-,Died of Other Causes
MB-3272,brca_metabric,,,,,,,,,,,,,,,,,,,,,,,22.6666666666667,1:DECEASED,,,,,,,,,,,,,1,Female,,,63.53,BREAST CONSERVING,High,NO,LumB,2,Positve,GAIN,Ductal/NST,YES,Post,5,Right,6,6.04,YES,14.9,1:Recurred,HER2+,Died of Disease
MB-3275,brca_metabric,,,,,,,,,,,,,,,,,,,,,,,41.5333333333333,1:DECEASED,,,,,,,,,,,,,1,Female,,,45,MASTECTOMY,Moderate,NO,LumB,2,Positve,NEUTRAL,Ductal/NST,YES,Pre,1,Left,0,4.056,NO,17,1:Recurred,ER+/HER2- High Prolif,Died of Disease
MB-3277,brca_metabric,,,,,,,,,,,,,,,,,,,,,,,32.9333333333333,1:DECEASED,,,,,,,,,,,,,1,Female,,,29.92,MASTECTOMY,High,YES,Basal,2,Negative,NEUTRAL,Ductal/NST,NO,Pre,1,Left,3,5.06,YES,22.4,1:Recurred,ER-/HER2-,Died of Disease
MB-3292,brca_metabric,,,,,,,,,,,,,,,,,,,,,,,217.766666666667,0:LIVING,,,,,,,,,,,,,1,Female,,,60.04,BREAST CONSERVING,Moderate,NO,claudin-low,2,Negative,NEUTRAL,Ductal/NST,YES,Post,10,Left,0,4.036,NO,217.766666666667,0:Not Recurred,ER-/HER2-,Living
MB-3295,brca_metabric,,,,,,,,,,,,,,,,,,,,,,,158.533333333333,1:DECEASED,,,,,,,,,,,,,1,Female,,,60.42,MASTECTOMY,Low,NO,Normal,2,Positve,NEUTRAL,Ductal/NST,YES,Post,4ER+,Left,0,4.05,NO,158.533333333333,0:Not Recurred,ER+/HER2- Low Prolif,Died of Other Causes
MB-3297,brca_metabric,,,,,,,,,,,,,,,,,,,,,,,236.066666666667,0:LIVING,,,,,,,,,,,,,1,Female,,,42.72,MASTECTOMY,Low,YES,Basal,2,Negative,NEUTRAL,Ductal/NST,NO,Pre,10,Left,1,5.05,YES,236.066666666667,0:Not Recurred,ER-/HER2-,Living
MB-3298,brca_metabric,,,,,,,,,,,,,,,,,,,,,,,242.566666666667,0:LIVING,,,,,,,,,,,,,1,Female,,,48.75,MASTECTOMY,High,NO,LumA,2,Positve,NEUTRAL,Ductal/NST,NO,Pre,3,Right,0,3.03,NO,242.566666666667,0:Not Recurred,ER+/HER2- Low Prolif,Living
MB-3300,brca_metabric,,,,,,,,,,,,,,,,,,,,,,,247,0:LIVING,,,,,,,,,,,,,1,Female,,,64.99,MASTECTOMY,Moderate,NO,LumB,2,Positve,NEUTRAL,Ductal/NST,NO,Post,7,Left,0,3.038,NO,247,0:Not Recurred,ER+/HER2- High Prolif,Living
MB-3301,brca_metabric,,,,,,,,,,,,,,,,,,,,,,,248.766666666667,0:LIVING,,,,,,,,,,,,,1,Female,,,49.5,MASTECTOMY,,NO,LumB,2,Positve,NEUTRAL,Ductal/NST,YES,Pre,8,Left,0,3.064,NO,248.766666666667,0:Not Recurred,ER+/HER2- High Prolif,Living
MB-3303,brca_metabric,,,,,,,,,,,,,,,,,,,,,,,243.9,0:LIVING,,,,,,,,,,,,,1,Female,,,63.96,MASTECTOMY,High,NO,LumB,2,Positve,NEUTRAL,Other,YES,Post,4ER+,Right,1,5.04,YES,243.9,0:Not Recurred,ER+/HER2- High Prolif,Living
MB-3328,brca_metabric,,,,,,,,,,,,,,,,,,,,,,,191.133333333333,1:DECEASED,,,,,,,,,,,,,1,Female,,,69.65,BREAST CONSERVING,High,NO,LumA,2,Positve,NEUTRAL,Ductal/NST,YES,Post,7,Right,1,4.07,YES,191.133333333333,0:Not Recurred,ER+/HER2- Low Prolif,Died of Other Causes
MB-3329,brca_metabric,,,,,,,,,,,,,,,,,,,,,,,37.9666666666667,1:DECEASED,,,,,,,,,,,,,1,Female,,,56.03,MASTECTOMY,Moderate,NO,Her2,2,Negative,GAIN,Ductal/NST,NO,Post,5,Right,0,4.04,YES,24.3333333333333,1:Recurred,HER2+,Died of Disease
MB-3341,brca_metabric,,,,,,,,,,,,,,,,,,,,,,,148.766666666667,1:DECEASED,,,,,,,,,,,,,1,Female,,,62.96,MASTECTOMY,High,NO,LumA,2,Positve,NEUTRAL,Ductal/NST,YES,Post,8,Left,0,3.06,NO,97.1,1:Recurred,ER+/HER2- High Prolif,Died of Disease
MB-3344,brca_metabric,,,,,,,,,,,,,,,,,,,,,,,241.266666666667,0:LIVING,,,,,,,,,,,,,1,Female,,,33.76,BREAST CONSERVING,Moderate,NO,LumA,2,Positve,LOSS,Ductal/NST,NO,Pre,3,Right,0,3.046,YES,229.266666666667,1:Recurred,,Living
MB-3350,brca_metabric,,,,,,,,,,,,,,,,,,,,,,,227.8,1:DECEASED,,,,,,,,,,,,,1,Female,,,62.62,MASTECTOMY,Moderate,NO,LumB,2,Positve,NEUTRAL,Mixed,YES,Post,3,Left,0,3.06,NO,180.733333333333,1:Recurred,ER+/HER2- High Prolif,Died of Other Causes
MB-3351,brca_metabric,,,,,,,,,,,,,,,,,,,,,,,241.866666666667,0:LIVING,,,,,,,,,,,,,1,Female,,,39.4,MASTECTOMY,High,NO,LumA,2,Positve,NEUTRAL,Ductal/NST,NO,Pre,3,Right,0,3.034,NO,241.866666666667,0:Not Recurred,ER+/HER2- Low Prolif,Living
MB-3355,brca_metabric,,,,,,,,,,,,,,,,,,,,,,,109,0:LIVING,,,,,,,,,,,,,1,Female,,,48.53,MASTECTOMY,High,YES,Her2,2,Negative,GAIN,Ductal/NST,NO,Pre,5,Right,4,6.054,YES,109,0:Not Recurred,HER2+,Living
MB-3357,brca_metabric,,,,,,,,,,,,,,,,,,,,,,,38.0333333333333,1:DECEASED,,,,,,,,,,,,,1,Female,,,47.75,BREAST CONSERVING,High,NO,LumB,2,Positve,GAIN,Mixed,YES,Pre,9,Left,0,4.05,YES,37.4666666666667,1:Recurred,ER+/HER2- High Prolif,Died of Disease
MB-3360,brca_metabric,,,,,,,,,,,,,,,,,,,,,,,26.7666666666667,1:DECEASED,,,,,,,,,,,,,1,Female,,,48.48,BREAST CONSERVING,High,NO,LumB,2,Positve,GAIN,Ductal/NST,YES,Pre,5,Right,0,4.056,YES,25.4,1:Recurred,HER2+,Died of Disease
MB-3361,brca_metabric,,,,,,,,,,,,,,,,,,,,,,,68.2,1:DECEASED,,,,,,,,,,,,,1,Female,,,57.31,BREAST CONSERVING,High,NO,LumB,2,Positve,GAIN,Ductal/NST,YES,Post,5,Right,0,4.032,YES,45.9333333333333,1:Recurred,HER2+,Died of Disease
MB-3363,brca_metabric,,,,,,,,,,,,,,,,,,,,,,,10.8666666666667,1:DECEASED,,,,,,,,,,,,,1,Female,,,56.42,BREAST CONSERVING,High,NO,Basal,2,Positve,NEUTRAL,Ductal/NST,NO,Post,10,Right,0,4.04,YES,5.1,1:Recurred,ER-/HER2-,Died of Disease
MB-3365,brca_metabric,,,,,,,,,,,,,,,,,,,,,,,241.6,0:LIVING,,,,,,,,,,,,,1,Female,,,51.18,BREAST CONSERVING,High,NO,LumA,2,Positve,NEUTRAL,Ductal/NST,YES,Post,7,Right,1,4.054,YES,241.6,0:Not Recurred,ER+/HER2- Low Prolif,Living
MB-3367,brca_metabric,,,,,,,,,,,,,,,,,,,,,,,179.433333333333,0:LIVING,,,,,,,,,,,,,1,Female,,,65.62,MASTECTOMY,High,NO,claudin-low,2,Negative,NEUTRAL,Ductal/NST,YES,Post,10,Left,0,4.046,NO,179.433333333333,0:Not Recurred,ER-/HER2-,Living
MB-3371,brca_metabric,,,,,,,,,,,,,,,,,,,,,,,241.266666666667,0:LIVING,,,,,,,,,,,,,1,Female,,,66.15,BREAST CONSERVING,High,NO,LumB,2,Positve,GAIN,Ductal/NST,NO,Post,8,Left,0,3.032,YES,241.266666666667,0:Not Recurred,ER+/HER2- High Prolif,Living
MB-3378,brca_metabric,,,,,,,,,,,,,,,,,,,,,,,87.5333333333333,1:DECEASED,,,,,,,,,,,,,1,Female,,,65.5,MASTECTOMY,High,NO,LumA,2,Positve,NEUTRAL,Lobular,NO,Post,4ER+,Right,0,3.036,NO,87.5333333333333,0:Not Recurred,ER+/HER2- Low Prolif,Died of Other Causes
MB-3379,brca_metabric,,,,,,,,,,,,,,,,,,,,,,,113.833333333333,1:DECEASED,,,,,,,,,,,,,1,Female,,,60.99,MASTECTOMY,Moderate,NO,LumA,2,Positve,GAIN,Lobular,YES,Post,5,Right,0,4.04,YES,113.833333333333,0:Not Recurred,HER2+,Died of Other Causes
MB-3381,brca_metabric,,,,,,,,,,,,,,,,,,,,,,,236.633333333333,0:LIVING,,,,,,,,,,,,,1,Female,,,53.36,MASTECTOMY,Low,NO,LumA,2,Positve,GAIN,Ductal/NST,YES,Post,7,Right,3,5.04,YES,236.633333333333,0:Not Recurred,ER+/HER2- Low Prolif,Living
MB-3382,brca_metabric,,,,,,,,,,,,,,,,,,,,,,,136.233333333333,0:LIVING,,,,,,,,,,,,,1,Female,,,61.26,MASTECTOMY,High,NO,LumB,2,Positve,GAIN,Ductal/NST,YES,Post,5,,0,4.08,NO,136.233333333333,0:Not Recurred,HER2+,Living
MB-3383,brca_metabric,,,,,,,,,,,,,,,,,,,,,,,23.2,1:DECEASED,,,,,,,,,,,,,1,Female,,,38.49,MASTECTOMY,Moderate,YES,claudin-low,2,Negative,NEUTRAL,Ductal/NST,NO,Pre,10,Left,8,6.056,YES,18.9666666666667,1:Recurred,,Died of Disease
MB-3386,brca_metabric,,,,,,,,,,,,,,,,,,,,,,,55.6333333333333,1:DECEASED,,,,,,,,,,,,,1,Female,,,40.06,MASTECTOMY,High,YES,Her2,2,Negative,GAIN,Ductal/NST,NO,Pre,1,Left,3,5.07,YES,47.6666666666667,1:Recurred,HER2+,Died of Disease
MB-3388,brca_metabric,,,,,,,,,,,,,,,,,,,,,,,228.6,1:DECEASED,,,,,,,,,,,,,1,Female,,,59.3,MASTECTOMY,High,NO,LumB,2,Positve,GAIN,Ductal/NST,YES,Post,8,Left,1,5.04,YES,228.6,0:Not Recurred,ER+/HER2- High Prolif,Died of Other Causes
MB-3389,brca_metabric,,,,,,,,,,,,,,,,,,,,,,,240.7,0:LIVING,,,,,,,,,,,,,1,Female,,,63.34,BREAST CONSERVING,High,NO,LumB,2,Positve,GAIN,Lobular,YES,Post,6,Left,0,4.04,YES,240.7,0:Not Recurred,ER+/HER2- High Prolif,Living
MB-3395,brca_metabric,,,,,,,,,,,,,,,,,,,,,,,243.766666666667,0:LIVING,,,,,,,,,,,,,1,Female,,,52.45,MASTECTOMY,High,NO,claudin-low,2,Negative,NEUTRAL,Ductal/NST,YES,Post,10,Left,0,4.03,NO,243.766666666667,0:Not Recurred,ER-/HER2-,Living
MB-3396,brca_metabric,,,,,,,,,,,,,,,,,,,,,,,226.733333333333,0:LIVING,,,,,,,,,,,,,1,Female,,,59.29,MASTECTOMY,High,YES,Basal,2,Negative,NEUTRAL,Ductal/NST,NO,Post,3,Right,3,5.05,YES,226.733333333333,0:Not Recurred,ER-/HER2-,Living
MB-3402,brca_metabric,,,,,,,,,,,,,,,,,,,,,,,50.0333333333333,1:DECEASED,,,,,,,,,,,,,1,Female,,,41.17,MASTECTOMY,High,YES,LumB,2,Negative,GAIN,Ductal/NST,NO,Pre,1,Right,3,5.056,YES,38.5666666666667,1:Recurred,ER+/HER2- High Prolif,Died of Disease
MB-3403,brca_metabric,,,,,,,,,,,,,,,,,,,,,,,138.333333333333,0:LIVING,,,,,,,,,,,,,1,Female,,,50.92,BREAST CONSERVING,Moderate,NO,LumA,2,Positve,NEUTRAL,Ductal/NST,YES,Post,3,Right,1,4.034,YES,138.333333333333,0:Not Recurred,ER+/HER2- Low Prolif,Living
MB-3412,brca_metabric,,,,,,,,,,,,,,,,,,,,,,,228.8,0:LIVING,,,,,,,,,,,,,1,Female,,,55.28,BREAST CONSERVING,High,NO,LumA,2,Positve,NEUTRAL,Ductal/NST,YES,Post,8,Left,7,6.052,YES,228.8,0:Not Recurred,ER+/HER2- Low Prolif,Living
MB-3417,brca_metabric,,,,,,,,,,,,,,,,,,,,,,,103.466666666667,0:LIVING,,,,,,,,,,,,,1,Female,,,59.16,BREAST CONSERVING,,NO,LumB,2,Positve,NEUTRAL,Mixed,YES,Post,7,Left,0,3.04,YES,103.466666666667,0:Not Recurred,ER+/HER2- High Prolif,Living
MB-3429,brca_metabric,,,,,,,,,,,,,,,,,,,,,,,243.5,0:LIVING,,,,,,,,,,,,,1,Female,,,49.08,MASTECTOMY,Moderate,NO,Normal,2,Positve,NEUTRAL,Lobular,YES,Pre,4ER+,Right,1,4.052,NO,243.5,0:Not Recurred,ER+/HER2- Low Prolif,Living
MB-3430,brca_metabric,,,,,,,,,,,,,,,,,,,,,,,219.766666666667,1:DECEASED,,,,,,,,,,,,,1,Female,,,68.86,BREAST CONSERVING,High,NO,LumA,2,Positve,NEUTRAL,Ductal/NST,YES,Post,3,Left,1,5.05,YES,219.766666666667,0:Not Recurred,ER+/HER2- High Prolif,Died of Other Causes
MB-3435,brca_metabric,,,,,,,,,,,,,,,,,,,,,,,25.4333333333333,1:DECEASED,,,,,,,,,,,,,1,Female,,,37.05,MASTECTOMY,High,YES,Her2,2,Negative,GAIN,Ductal/NST,NO,Pre,5,Left,1,5.06,YES,12.9,1:Recurred,HER2+,Died of Disease
MB-3436,brca_metabric,,,,,,,,,,,,,,,,,,,,,,,50.7666666666667,1:DECEASED,,,,,,,,,,,,,1,Female,,,38.2,MASTECTOMY,High,YES,LumB,2,Negative,LOSS,Ductal/NST,NO,Pre,1,,6,6.26,YES,28.6666666666667,1:Recurred,,Died of Disease
MB-3437,brca_metabric,,,,,,,,,,,,,,,,,,,,,,,108.766666666667,0:LIVING,,,,,,,,,,,,,1,Female,,,70.52,MASTECTOMY,Moderate,NO,LumB,2,Positve,NEUTRAL,Ductal/NST,YES,Post,4ER+,Left,0,4.042,YES,108.766666666667,0:Not Recurred,ER+/HER2- High Prolif,Living
MB-3439,brca_metabric,,,,,,,,,,,,,,,,,,,,,,,188.733333333333,0:LIVING,,,,,,,,,,,,,1,Female,,,43.67,MASTECTOMY,Moderate,NO,LumA,2,Positve,NEUTRAL,Mixed,YES,Pre,8,Right,1,4.034,NO,58.7333333333333,1:Recurred,ER+/HER2- Low Prolif,Living
MB-3450,brca_metabric,,,,,,,,,,,,,,,,,,,,,,,240.466666666667,0:LIVING,,,,,,,,,,,,,1,Female,,,51.52,BREAST CONSERVING,High,NO,LumA,2,Positve,LOSS,Ductal/NST,NO,Post,8,Right,0,3.034,YES,148.866666666667,1:Recurred,ER+/HER2- Low Prolif,Living
MB-3452,brca_metabric,,,,,,,,,,,,,,,,,,,,,,,119.866666666667,1:DECEASED,,,,,,,,,,,,,1,Female,,,64.04,MASTECTOMY,High,NO,Normal,2,Positve,NEUTRAL,Ductal/NST,YES,Post,2,Left,0,4.06,NO,119.3,1:Recurred,ER+/HER2- Low Prolif,Died of Disease
MB-3453,brca_metabric,,,,,,,,,,,,,,,,,,,,,,,32.8333333333333,1:DECEASED,,,,,,,,,,,,,1,Female,,,51.36,MASTECTOMY,High,YES,Basal,2,Negative,NEUTRAL,Ductal/NST,NO,Post,10,Right,1,5.07,YES,19.8,1:Recurred,ER-/HER2-,Died of Disease
MB-3459,brca_metabric,,,,,,,,,,,,,,,,,,,,,,,241.4,0:LIVING,,,,,,,,,,,,,1,Female,,,57.66,MASTECTOMY,High,NO,claudin-low,2,Positve,GAIN,Ductal/NST,NO,Post,7,Right,0,3.04,NO,241.4,0:Not Recurred,ER+/HER2- High Prolif,Living
MB-3462,brca_metabric,,,,,,,,,,,,,,,,,,,,,,,234.233333333333,0:LIVING,,,,,,,,,,,,,1,Female,,,40.92,MASTECTOMY,Moderate,NO,LumA,2,Positve,NEUTRAL,Ductal/NST,YES,Pre,3,Left,2,4.032,YES,174.6,1:Recurred,ER+/HER2- Low Prolif,Living
MB-3466,brca_metabric,,,,,,,,,,,,,,,,,,,,,,,234.133333333333,1:DECEASED,,,,,,,,,,,,,1,Female,,,55.3,BREAST CONSERVING,High,NO,Her2,2,Positve,NEUTRAL,Ductal/NST,YES,Post,2,Right,0,4.03,YES,234.133333333333,0:Not Recurred,ER+/HER2- High Prolif,Died of Other Causes
MB-3467,brca_metabric,,,,,,,,,,,,,,,,,,,,,,,38.8,1:DECEASED,,,,,,,,,,,,,1,Female,,,21.93,MASTECTOMY,High,YES,Her2,2,Negative,GAIN,Mixed,NO,Pre,5,Right,6,5.07,YES,33.5,1:Recurred,HER2+,Died of Disease
MB-3470,brca_metabric,,,,,,,,,,,,,,,,,,,,,,,62.5333333333333,1:DECEASED,,,,,,,,,,,,,1,Female,,,56.4,MASTECTOMY,High,YES,Her2,2,Negative,GAIN,Ductal/NST,NO,Post,5,,2,5.11,YES,40.5333333333333,1:Recurred,HER2+,Died of Disease
MB-3476,brca_metabric,,,,,,,,,,,,,,,,,,,,,,,159.066666666667,1:DECEASED,,,,,,,,,,,,,1,Female,,,68.59,BREAST CONSERVING,High,NO,claudin-low,2,Negative,NEUTRAL,Medullary,NO,Post,10,Left,0,4.034,NO,159.066666666667,0:Not Recurred,ER-/HER2-,Died of Other Causes
MB-3479,brca_metabric,,,,,,,,,,,,,,,,,,,,,,,231.666666666667,0:LIVING,,,,,,,,,,,,,1,Female,,,60.3,MASTECTOMY,Moderate,NO,claudin-low,2,Positve,NEUTRAL,Ductal/NST,YES,Post,4ER+,Left,1,5.044,YES,231.666666666667,0:Not Recurred,ER-/HER2-,Living
MB-3487,brca_metabric,,,,,,,,,,,,,,,,,,,,,,,237.133333333333,0:LIVING,,,,,,,,,,,,,1,Female,,,43.58,MASTECTOMY,High,NO,LumB,2,Positve,GAIN,Ductal/NST,YES,Pre,1,Left,0,4.054,YES,14.6,1:Recurred,ER+/HER2- High Prolif,Living
MB-3488,brca_metabric,,,,,,,,,,,,,,,,,,,,,,,27.4666666666667,1:DECEASED,,,,,,,,,,,,,1,Female,,,41.1,MASTECTOMY,High,YES,Her2,2,Negative,GAIN,Ductal/NST,NO,Pre,5,Left,0,4.1,YES,20.8666666666667,1:Recurred,HER2+,Died of Disease
MB-3490,brca_metabric,,,,,,,,,,,,,,,,,,,,,,,102.4,1:DECEASED,,,,,,,,,,,,,1,Female,,,45.74,BREAST CONSERVING,High,NO,LumB,2,Positve,NEUTRAL,Ductal/NST,NO,Pre,3,Right,0,3.04,NO,8.1,1:Recurred,ER+/HER2- High Prolif,Died of Disease
MB-3492,brca_metabric,,,,,,,,,,,,,,,,,,,,,,,118.133333333333,1:DECEASED,,,,,,,,,,,,,1,Female,,,62.09,BREAST CONSERVING,Moderate,NO,LumB,2,Positve,NEUTRAL,Ductal/NST,YES,Post,1,Right,1,5.04,YES,106.4,1:Recurred,ER+/HER2- High Prolif,Died of Disease
MB-3497,brca_metabric,,,,,,,,,,,,,,,,,,,,,,,15.5,1:DECEASED,,,,,,,,,,,,,1,Female,,,53.5,MASTECTOMY,High,YES,Her2,2,Negative,GAIN,Ductal/NST,NO,Post,5,Left,5,6.062,YES,15.3333333333333,1:Recurred,HER2+,Died of Disease
MB-3500,brca_metabric,,,,,,,,,,,,,,,,,,,,,,,239.3,0:LIVING,,,,,,,,,,,,,1,Female,,,66.91,MASTECTOMY,Moderate,NO,Basal,2,Negative,NEUTRAL,Ductal/NST,NO,Post,10,Right,0,4.06,NO,239.3,0:Not Recurred,ER-/HER2-,Living
MB-3502,brca_metabric,,,,,,,,,,,,,,,,,,,,,,,229.333333333333,0:LIVING,,,,,,,,,,,,,1,Female,,,50.79,MASTECTOMY,Moderate,YES,Basal,2,Negative,NEUTRAL,Ductal/NST,NO,Post,10,Left,3,5.054,YES,229.333333333333,0:Not Recurred,ER-/HER2-,Living
MB-3506,brca_metabric,,,,,,,,,,,,,,,,,,,,,,,240.833333333333,0:LIVING,,,,,,,,,,,,,1,Female,,,39.28,MASTECTOMY,High,NO,LumB,2,Positve,LOSS,Other,YES,Pre,1,Right,1,5.032,YES,163.766666666667,1:Recurred,ER+/HER2- High Prolif,Living
MB-3510,brca_metabric,,,,,,,,,,,,,,,,,,,,,,,59.6,1:DECEASED,,,,,,,,,,,,,1,Female,,,67.6,BREAST CONSERVING,High,NO,LumA,2,Positve,NEUTRAL,Mixed,YES,Post,7,Left,1,3.04,YES,59.6,0:Not Recurred,ER+/HER2- Low Prolif,Died of Other Causes
MB-3525,brca_metabric,,,,,,,,,,,,,,,,,,,,,,,236.7,0:LIVING,,,,,,,,,,,,,1,Female,,,65.56,BREAST CONSERVING,High,NO,LumB,2,Positve,GAIN,Ductal/NST,YES,Post,1,Left,5,6.054,YES,236.7,0:Not Recurred,ER+/HER2- High Prolif,Living
MB-3526,brca_metabric,,,,,,,,,,,,,,,,,,,,,,,86.0666666666667,1:DECEASED,,,,,,,,,,,,,1,Female,,,60.3,MASTECTOMY,Low,NO,Normal,2,Positve,GAIN,Ductal/NST,YES,Post,6,Right,3,5.044,YES,65.3,1:Recurred,ER+/HER2- Low Prolif,Died of Disease
MB-3528,brca_metabric,,,,,,,,,,,,,,,,,,,,,,,113.666666666667,0:LIVING,,,,,,,,,,,,,1,Female,,,71.03,MASTECTOMY,,NO,Her2,2,Negative,GAIN,Ductal/NST,NO,Post,5,Left,0,4.05,NO,113.666666666667,0:Not Recurred,HER2+,Living
MB-3530,brca_metabric,,,,,,,,,,,,,,,,,,,,,,,112.966666666667,1:DECEASED,,,,,,,,,,,,,1,Female,,,70.94,MASTECTOMY,,NO,Her2,2,Positve,NEUTRAL,Mixed,YES,Post,8,Left,1,4.052,NO,112.966666666667,0:Not Recurred,ER+/HER2- High Prolif,Died of Other Causes
MB-3536,brca_metabric,,,,,,,,,,,,,,,,,,,,,,,86.2333333333333,1:DECEASED,,,,,,,,,,,,,1,Female,,,48.12,BREAST CONSERVING,,NO,Normal,2,Positve,UNDEF,Ductal/NST,YES,Pre,5,Left,6,5.03,YES,74.0333333333333,1:Recurred,ER+/HER2- High Prolif,Died of Disease
MB-3545,brca_metabric,,,,,,,,,,,,,,,,,,,,,,,232.733333333333,1:DECEASED,,,,,,,,,,,,,1,Female,,,49.84,MASTECTOMY,Moderate,NO,LumA,2,Positve,NEUTRAL,Ductal/NST,YES,Pre,7,Left,0,4.042,YES,206.5,1:Recurred,ER+/HER2- Low Prolif,Died of Disease
MB-3547,brca_metabric,,,,,,,,,,,,,,,,,,,,,,,33,1:DECEASED,,,,,,,,,,,,,1,Female,,,68.13,MASTECTOMY,,NO,LumA,2,Positve,NEUTRAL,Mucinous,NO,Post,4ER+,Right,,3.08,NO,33,0:Not Recurred,,Died of Other Causes
MB-3548,brca_metabric,,,,,,,,,,,,,,,,,,,,,,,234.533333333333,1:DECEASED,,,,,,,,,,,,,1,Female,,,66.85,MASTECTOMY,High,NO,LumA,2,Positve,NEUTRAL,Ductal/NST,YES,Post,3,Left,1,4.04,NO,234.533333333333,0:Not Recurred,ER+/HER2- High Prolif,Died of Other Causes
MB-3556,brca_metabric,,,,,,,,,,,,,,,,,,,,,,,38.0333333333333,1:DECEASED,,,,,,,,,,,,,1,Female,,,51.76,MASTECTOMY,High,YES,Her2,2,Negative,GAIN,Medullary,NO,Post,1,Right,2,5.16,YES,33.2666666666667,1:Recurred,ER+/HER2- High Prolif,Died of Disease
MB-3567,brca_metabric,,,,,,,,,,,,,,,,,,,,,,,236.033333333333,0:LIVING,,,,,,,,,,,,,1,Female,,,55.95,MASTECTOMY,High,YES,claudin-low,2,Negative,NEUTRAL,Mixed,YES,Post,1,Left,0,4.05,YES,236.033333333333,0:Not Recurred,ER-/HER2-,Living
MB-3576,brca_metabric,,,,,,,,,,,,,,,,,,,,,,,24.8666666666667,1:DECEASED,,,,,,,,,,,,,1,Female,,,53.04,MASTECTOMY,High,NO,Her2,2,Positve,NEUTRAL,Mixed,YES,Post,6,Left,0,4.074,NO,10.1333333333333,1:Recurred,ER+/HER2- High Prolif,Died of Disease
MB-3582,brca_metabric,,,,,,,,,,,,,,,,,,,,,,,229.366666666667,1:DECEASED,,,,,,,,,,,,,1,Female,,,63.97,MASTECTOMY,High,NO,claudin-low,2,Negative,NEUTRAL,Ductal/NST,NO,Post,4ER-,Right,0,1.12,NO,229.366666666667,0:Not Recurred,ER-/HER2-,Died of Other Causes
MB-3600,brca_metabric,,,,,,,,,,,,,,,,,,,,,,,214.7,0:LIVING,,,,,,,,,,,,,1,Female,,,60.15,BREAST CONSERVING,High,NO,LumB,2,Positve,NEUTRAL,Ductal/NST,YES,Post,9,Left,1,4.024,YES,214.7,0:Not Recurred,ER+/HER2- High Prolif,Living
MB-3606,brca_metabric,,,,,,,,,,,,,,,,,,,,,,,110.633333333333,0:LIVING,,,,,,,,,,,,,1,Female,,,68.61,MASTECTOMY,High,NO,Her2,2,Negative,GAIN,Ductal/NST,NO,Post,5,Left,0,4.08,YES,110.633333333333,0:Not Recurred,HER2+,Living
MB-3614,brca_metabric,,,,,,,,,,,,,,,,,,,,,,,235.4,0:LIVING,,,,,,,,,,,,,1,Female,,,63.95,MASTECTOMY,Moderate,NO,LumB,2,Positve,NEUTRAL,Ductal/NST,YES,Post,1,Left,3,5.068,YES,235.4,0:Not Recurred,ER+/HER2- High Prolif,Living
MB-3702,brca_metabric,,,,,,,,,,,,,,,,,,,,,,,230.466666666667,0:LIVING,,,,,,,,,,,,,1,Female,,,37.16,MASTECTOMY,Moderate,YES,claudin-low,2,Negative,NEUTRAL,Ductal/NST,NO,Pre,10,Right,1,5.011,YES,230.466666666667,0:Not Recurred,ER-/HER2-,Living
MB-3706,brca_metabric,,,,,,,,,,,,,,,,,,,,,,,38.8,1:DECEASED,,,,,,,,,,,,,1,Female,,,55.71,BREAST CONSERVING,High,NO,Basal,2,Negative,NEUTRAL,Ductal/NST,NO,Post,10,Right,0,4.036,YES,28.9,1:Recurred,ER-/HER2-,Died of Disease
MB-3707,brca_metabric,,,,,,,,,,,,,,,,,,,,,,,228.766666666667,1:DECEASED,,,,,,,,,,,,,1,Female,,,70.77,MASTECTOMY,High,NO,claudin-low,2,Positve,NEUTRAL,Ductal/NST,YES,Post,4ER+,Left,1,5.05,NO,189.966666666667,1:Recurred,ER+/HER2- Low Prolif,Died of Disease
MB-3711,brca_metabric,,,,,,,,,,,,,,,,,,,,,,,222.1,0:LIVING,,,,,,,,,,,,,1,Female,,,41.52,MASTECTOMY,High,NO,LumA,2,Positve,GAIN,Ductal/NST,NO,Pre,3,Left,0,2.04,NO,222.1,0:Not Recurred,ER+/HER2- Low Prolif,Living
MB-3748,brca_metabric,,,,,,,,,,,,,,,,,,,,,,,228,0:LIVING,,,,,,,,,,,,,1,Female,,,51.01,MASTECTOMY,Moderate,NO,LumA,2,Positve,NEUTRAL,Ductal/NST,YES,Post,4ER+,Left,0,4.03,YES,228,0:Not Recurred,ER+/HER2- Low Prolif,Living
MB-3752,brca_metabric,,,,,,,,,,,,,,,,,,,,,,,75.3333333333333,1:DECEASED,,,,,,,,,,,,,1,Female,,,49.98,BREAST CONSERVING,High,NO,claudin-low,2,Negative,LOSS,Medullary,NO,Pre,4ER-,Left,0,4.03,YES,64.9,1:Recurred,ER-/HER2-,Died of Disease
MB-3754,brca_metabric,,,,,,,,,,,,,,,,,,,,,,,92.7333333333333,1:DECEASED,,,,,,,,,,,,,1,Female,,,57.01,MASTECTOMY,Moderate,NO,LumB,2,Positve,NEUTRAL,Ductal/NST,YES,Post,1,Left,0,4.05,NO,43.5666666666667,1:Recurred,ER+/HER2- High Prolif,Died of Disease
MB-3781,brca_metabric,,,,,,,,,,,,,,,,,,,,,,,224.566666666667,0:LIVING,,,,,,,,,,,,,1,Female,,,48.16,BREAST CONSERVING,High,NO,LumA,2,Positve,NEUTRAL,Mixed,NO,Pre,8,Right,0,3.036,YES,164.966666666667,1:Recurred,ER+/HER2- Low Prolif,Living
MB-3797,brca_metabric,,,,,,,,,,,,,,,,,,,,,,,228.333333333333,0:LIVING,,,,,,,,,,,,,1,Female,,,68.72,BREAST CONSERVING,High,NO,LumA,2,Positve,LOSS,Other,NO,Post,8,Right,0,1.048,NO,228.333333333333,0:Not Recurred,ER+/HER2- High Prolif,Living
MB-3823,brca_metabric,,,,,,,,,,,,,,,,,,,,,,,222.5,0:LIVING,,,,,,,,,,,,,1,Female,,,40.78,MASTECTOMY,Moderate,NO,LumA,2,Positve,UNDEF,Ductal/NST,NO,Pre,3,Left,,3.05,NO,5.1,1:Recurred,ER+/HER2- Low Prolif,Living
MB-3824,brca_metabric,,,,,,,,,,,,,,,,,,,,,,,126.466666666667,1:DECEASED,,,,,,,,,,,,,1,Female,,,49.45,MASTECTOMY,High,NO,LumB,2,Positve,NEUTRAL,Ductal/NST,YES,Pre,2,Right,0,4.044,YES,100.633333333333,1:Recurred,ER+/HER2- High Prolif,Died of Disease
MB-3838,brca_metabric,,,,,,,,,,,,,,,,,,,,,,,134.466666666667,1:DECEASED,,,,,,,,,,,,,1,Female,,,60.45,BREAST CONSERVING,High,NO,LumB,2,Positve,NEUTRAL,Ductal/NST,YES,Post,8,Left,0,4.046,YES,36.2333333333333,1:Recurred,ER+/HER2- High Prolif,Died of Disease
MB-3840,brca_metabric,,,,,,,,,,,,,,,,,,,,,,,287.233333333333,0:LIVING,,,,,,,,,,,,,1,Female,,,53.89,BREAST CONSERVING,High,NO,LumB,2,Positve,NEUTRAL,Ductal/NST,NO,Post,6,Left,0,3.032,YES,287.233333333333,0:Not Recurred,ER+/HER2- High Prolif,Living
MB-3842,brca_metabric,,,,,,,,,,,,,,,,,,,,,,,226.066666666667,0:LIVING,,,,,,,,,,,,,1,Female,,,54.6,BREAST CONSERVING,High,NO,LumB,2,Positve,NEUTRAL,Ductal/NST,YES,Post,1,Left,1,5.048,YES,226.066666666667,0:Not Recurred,ER+/HER2- High Prolif,Living
MB-3850,brca_metabric,,,,,,,,,,,,,,,,,,,,,,,72.3,0:LIVING,,,,,,,,,,,,,1,Female,,,65.89,MASTECTOMY,Moderate,NO,LumA,2,Positve,GAIN,Mixed,NO,Post,4ER+,Left,0,3.04,NO,72.3,0:Not Recurred,ER+/HER2- Low Prolif,Living
MB-3852,brca_metabric,,,,,,,,,,,,,,,,,,,,,,,225.5,0:LIVING,,,,,,,,,,,,,1,Female,,,43.56,BREAST CONSERVING,High,NO,LumA,2,Positve,GAIN,Ductal/NST,YES,Pre,4ER+,Right,0,4.046,YES,225.5,0:Not Recurred,ER+/HER2- High Prolif,Living
MB-3854,brca_metabric,,,,,,,,,,,,,,,,,,,,,,,99.2333333333333,0:LIVING,,,,,,,,,,,,,1,Female,,,63.82,BREAST CONSERVING,High,NO,LumA,2,Negative,NEUTRAL,Mixed,NO,Post,3,Right,0,2.024,NO,99.2333333333333,0:Not Recurred,ER+/HER2- Low Prolif,Living
MB-3865,brca_metabric,,,,,,,,,,,,,,,,,,,,,,,199.966666666667,0:LIVING,,,,,,,,,,,,,1,Female,,,49.37,BREAST CONSERVING,Moderate,NO,claudin-low,2,Positve,NEUTRAL,Tubular/ cribriform,YES,Pre,3,Right,0,2.03,YES,199.966666666667,0:Not Recurred,ER+/HER2- Low Prolif,Living
MB-3866,brca_metabric,,,,,,,,,,,,,,,,,,,,,,,225.5,0:LIVING,,,,,,,,,,,,,1,Female,,,54.29,BREAST CONSERVING,High,NO,Her2,2,Negative,GAIN,Ductal/NST,NO,Post,5,Right,0,4.024,YES,225.5,0:Not Recurred,HER2+,Living
MB-3871,brca_metabric,,,,,,,,,,,,,,,,,,,,,,,172.8,1:DECEASED,,,,,,,,,,,,,1,Female,,,62.03,MASTECTOMY,High,NO,LumA,2,Positve,NEUTRAL,Ductal/NST,YES,Post,8,Left,1,4.052,NO,172.8,0:Not Recurred,ER+/HER2- Low Prolif,Died of Other Causes
MB-3874,brca_metabric,,,,,,,,,,,,,,,,,,,,,,,186.433333333333,0:LIVING,,,,,,,,,,,,,1,Female,,,35.5,BREAST CONSERVING,Moderate,NO,LumA,2,Positve,NEUTRAL,Ductal/NST,NO,Pre,7,Right,0,3.03,YES,186.433333333333,0:Not Recurred,ER+/HER2- Low Prolif,Living
MB-3978,brca_metabric,,,,,,,,,,,,,,,,,,,,,,,100.866666666667,1:DECEASED,,,,,,,,,,,,,1,Female,,,57.91,BREAST CONSERVING,,NO,Her2,2,Negative,GAIN,Ductal/NST,NO,Post,5,Right,0,4.026,YES,58.4666666666667,1:Recurred,HER2+,Died of Disease
MB-4000,brca_metabric,,,,,,,,,,,,,,,,,,,,,,,28.0666666666667,1:DECEASED,,,,,,,,,,,,,1,Female,,,76.96,BREAST CONSERVING,High,NO,LumA,3,Positve,NEUTRAL,Ductal/NST,NO,Post,4ER+,Left,0,3.04,YES,28.0666666666667,0:Not Recurred,ER+/HER2- Low Prolif,Died of Other Causes
MB-4001,brca_metabric,,,,,,,,,,,,,,,,,,,,,,,49.6666666666667,1:DECEASED,,,,,,,,,,,,,1,Female,,,74.51,MASTECTOMY,High,NO,LumA,3,Positve,NEUTRAL,Ductal/NST,YES,Post,7,Right,0,3.08,YES,29.1,1:Recurred,ER+/HER2- High Prolif,Died of Disease
MB-4003,brca_metabric,,,,,,,,,,,,,,,,,,,,,,,106.566666666667,1:DECEASED,,,,,,,,,,,,,1,Female,,,70.31,MASTECTOMY,High,NO,Her2,3,Positve,NEUTRAL,Ductal/NST,NO,Post,6,Right,0,3.04,YES,26.8,1:Recurred,ER+/HER2- High Prolif,Died of Disease
MB-4004,brca_metabric,,,,,,,,,,,,,,,,,,,,,,,256.866666666667,1:DECEASED,,,,,,,,,,,,,1,Female,,,61.16,BREAST CONSERVING,High,NO,LumB,3,Positve,NEUTRAL,Ductal/NST,YES,Post,9,Left,0,4.03,YES,256.866666666667,1:Recurred,ER+/HER2- High Prolif,Died of Disease
MB-4005,brca_metabric,,,,,,,,,,,,,,,,,,,,,,,188.366666666667,0:LIVING,,,,,,,,,,,,,1,Female,,,66.37,MASTECTOMY,Moderate,NO,claudin-low,3,Positve,NEUTRAL,Lobular,YES,Post,3,Right,0,3.036,YES,188.366666666667,0:Not Recurred,,Living
MB-4008,brca_metabric,,,,,,,,,,,,,,,,,,,,,,,44.7333333333333,1:DECEASED,,,,,,,,,,,,,1,Female,,,64.91,MASTECTOMY,Moderate,NO,LumB,3,Positve,GAIN,Ductal/NST,YES,Post,2,Left,3,5.07,NO,14.8,1:Recurred,,Died of Disease
MB-4010,brca_metabric,,,,,,,,,,,,,,,,,,,,,,,11.7,1:DECEASED,,,,,,,,,,,,,1,Female,,,73.15,MASTECTOMY,Low,NO,Her2,3,Positve,NEUTRAL,Ductal/NST,NO,Post,6,Right,0,4.05,NO,11.7,0:Not Recurred,,Died of Other Causes
MB-4011,brca_metabric,,,,,,,,,,,,,,,,,,,,,,,193.166666666667,0:LIVING,,,,,,,,,,,,,1,Female,,,72.36,BREAST CONSERVING,Moderate,NO,LumA,3,Positve,UNDEF,Ductal/NST,YES,Post,8,Left,0,4.044,YES,193.166666666667,0:Not Recurred,ER+/HER2- High Prolif,Living
MB-4012,brca_metabric,,,,,,,,,,,,,,,,,,,,,,,277.366666666667,1:DECEASED,,,,,,,,,,,,,1,Female,,,63.23,BREAST CONSERVING,High,NO,Her2,3,Negative,NEUTRAL,Ductal/NST,NO,Post,8,Right,0,3.05,YES,277.366666666667,0:Not Recurred,ER+/HER2- Low Prolif,Died of Other Causes
MB-4015,brca_metabric,,,,,,,,,,,,,,,,,,,,,,,11.3,1:DECEASED,,,,,,,,,,,,,1,Female,,,76.13,MASTECTOMY,Moderate,NO,Her2,3,Negative,LOSS,Ductal/NST,NO,Post,4ER-,Left,0,3.06,NO,9.36666666666667,1:Recurred,,Died of Disease
MB-4017,brca_metabric,,,,,,,,,,,,,,,,,,,,,,,139.3,1:DECEASED,,,,,,,,,,,,,1,Female,,,76.17,MASTECTOMY,High,NO,LumB,3,Positve,NEUTRAL,Mixed,YES,Post,6,Left,3,5.08,NO,139.3,0:Not Recurred,ER+/HER2- High Prolif,Died of Other Causes
MB-4018,brca_metabric,,,,,,,,,,,,,,,,,,,,,,,105.666666666667,1:DECEASED,,,,,,,,,,,,,1,Female,,,71.32,MASTECTOMY,Moderate,NO,LumA,3,Positve,NEUTRAL,Mixed,YES,Post,7,Left,10,5.04,NO,34.7666666666667,1:Recurred,ER+/HER2- Low Prolif,Died of Disease
MB-4024,brca_metabric,,,,,,,,,,,,,,,,,,,,,,,124.1,0:LIVING,,,,,,,,,,,,,1,Female,,,56.14,BREAST CONSERVING,High,NO,Basal,3,Negative,LOSS,Ductal/NST,YES,Post,1,Left,0,4.05,YES,124.1,0:Not Recurred,,Living
MB-4033,brca_metabric,,,,,,,,,,,,,,,,,,,,,,,15.2,1:DECEASED,,,,,,,,,,,,,1,Female,,,82.17,BREAST CONSERVING,High,NO,LumA,3,Positve,NEUTRAL,Lobular,YES,Post,4ER+,Left,5,5.044,YES,12.9666666666667,1:Recurred,,Died of Disease
MB-4046,brca_metabric,,,,,,,,,,,,,,,,,,,,,,,298.033333333333,1:DECEASED,,,,,,,,,,,,,1,Female,,,59.24,MASTECTOMY,Moderate,NO,Her2,3,Positve,NEUTRAL,Mixed,NO,Post,8,Left,0,3.026,NO,298.033333333333,0:Not Recurred,ER+/HER2- High Prolif,Died of Other Causes
MB-4059,brca_metabric,,,,,,,,,,,,,,,,,,,,,,,172,1:DECEASED,,,,,,,,,,,,,1,Female,,,50.23,BREAST CONSERVING,High,NO,Normal,3,Positve,NEUTRAL,Ductal/NST,YES,Post,3,Right,0,3.05,YES,110.8,1:Recurred,,Died of Other Causes
MB-4079,brca_metabric,,,,,,,,,,,,,,,,,,,,,,,351,1:DECEASED,,,,,,,,,,,,,1,Female,,,63.17,MASTECTOMY,High,NO,Her2,3,Positve,NEUTRAL,Ductal/NST,NO,Post,7,Right,0,4.044,YES,351,0:Not Recurred,,Died of Other Causes
MB-4091,brca_metabric,,,,,,,,,,,,,,,,,,,,,,,281.366666666667,1:DECEASED,,,,,,,,,,,,,1,Female,,,74.45,MASTECTOMY,Moderate,NO,LumA,3,Positve,NEUTRAL,Ductal/NST,NO,Post,4ER+,Left,0,4.06,NO,281.366666666667,0:Not Recurred,,Died of Other Causes
MB-4098,brca_metabric,,,,,,,,,,,,,,,,,,,,,,,176.366666666667,0:LIVING,,,,,,,,,,,,,1,Female,,,68.55,MASTECTOMY,High,NO,Her2,3,Positve,NEUTRAL,Ductal/NST,NO,Post,7,Right,0,2.1,NO,176.366666666667,0:Not Recurred,,Living
MB-4119,brca_metabric,,,,,,,,,,,,,,,,,,,,,,,67.8,1:DECEASED,,,,,,,,,,,,,1,Female,,,65.46,MASTECTOMY,Moderate,NO,Her2,3,Positve,NEUTRAL,Ductal/NST,YES,Post,7,Left,1,4.04,YES,48.8333333333333,1:Recurred,,Died of Disease
MB-4120,brca_metabric,,,,,,,,,,,,,,,,,,,,,,,217.1,1:DECEASED,,,,,,,,,,,,,1,Female,,,56.19,MASTECTOMY,High,NO,LumA,3,Positve,NEUTRAL,Ductal/NST,NO,Post,8,Right,0,3.02,NO,21.7666666666667,1:Recurred,ER+/HER2- Low Prolif,Died of Other Causes
MB-4126,brca_metabric,,,,,,,,,,,,,,,,,,,,,,,174.8,1:DECEASED,,,,,,,,,,,,,1,Female,,,73.2,MASTECTOMY,Moderate,NO,Her2,3,Positve,NEUTRAL,Ductal/NST,NO,Post,7,Right,0,1.06,YES,174.8,0:Not Recurred,,Died of Other Causes
MB-4127,brca_metabric,,,,,,,,,,,,,,,,,,,,,,,258.166666666667,1:DECEASED,,,,,,,,,,,,,1,Female,,,54.35,MASTECTOMY,High,YES,Her2,3,Negative,GAIN,Ductal/NST,YES,Post,5,Right,6,6.08,YES,258.166666666667,0:Not Recurred,HER2+,Died of Other Causes
MB-4139,brca_metabric,,,,,,,,,,,,,,,,,,,,,,,165.4,1:DECEASED,,,,,,,,,,,,,1,Female,,,63.05,MASTECTOMY,High,NO,LumB,3,Positve,NEUTRAL,Ductal/NST,NO,Post,8,Right,0,2.04,NO,165.4,0:Not Recurred,ER+/HER2- High Prolif,Died of Other Causes
MB-4140,brca_metabric,,,,,,,,,,,,,,,,,,,,,,,114.5,1:DECEASED,,,,,,,,,,,,,1,Female,,,71.17,MASTECTOMY,High,NO,LumA,3,Positve,NEUTRAL,Ductal/NST,NO,Post,8,Left,0,4.046,YES,114.5,0:Not Recurred,ER+/HER2- Low Prolif,Died of Other Causes
MB-4141,brca_metabric,,,,,,,,,,,,,,,,,,,,,,,147.833333333333,1:DECEASED,,,,,,,,,,,,,1,Female,,,58.32,MASTECTOMY,Low,NO,Her2,3,Positve,NEUTRAL,Ductal/NST,NO,Post,7,Left,0,4.03,YES,13,1:Recurred,ER+/HER2- Low Prolif,Died of Disease
MB-4145,brca_metabric,,,,,,,,,,,,,,,,,,,,,,,217.633333333333,1:DECEASED,,,,,,,,,,,,,1,Female,,,60.33,BREAST CONSERVING,High,NO,Her2,3,Positve,NEUTRAL,Ductal/NST,NO,Post,4ER+,Right,0,1.04,YES,185.2,1:Recurred,ER+/HER2- Low Prolif,Died of Other Causes
MB-4146,brca_metabric,,,,,,,,,,,,,,,,,,,,,,,15.6333333333333,1:DECEASED,,,,,,,,,,,,,1,Female,,,43.06,MASTECTOMY,Moderate,YES,Basal,3,Negative,NEUTRAL,Ductal/NST,NO,Pre,4ER-,Left,13,6.04,YES,8.46666666666667,1:Recurred,ER-/HER2-,Died of Disease
MB-4148,brca_metabric,,,,,,,,,,,,,,,,,,,,,,,63.0333333333333,1:DECEASED,,,,,,,,,,,,,1,Female,,,57.85,MASTECTOMY,Moderate,NO,LumB,3,Positve,NEUTRAL,Ductal/NST,YES,Post,9,Left,16,5.07,NO,59.9333333333333,1:Recurred,ER+/HER2- High Prolif,Died of Disease
MB-4154,brca_metabric,,,,,,,,,,,,,,,,,,,,,,,49.5666666666667,1:DECEASED,,,,,,,,,,,,,1,Female,,,54.22,MASTECTOMY,Moderate,NO,LumB,3,Positve,NEUTRAL,Ductal/NST,NO,Post,4ER+,Left,0,4.06,YES,49.5666666666667,0:Not Recurred,ER+/HER2- High Prolif,Died of Other Causes
MB-4171,brca_metabric,,,,,,,,,,,,,,,,,,,,,,,184.7,1:DECEASED,,,,,,,,,,,,,1,Female,,,64.21,MASTECTOMY,High,NO,Her2,3,Positve,GAIN,Mixed,NO,Post,9,Right,0,4.086,NO,112.566666666667,1:Recurred,ER+/HER2- High Prolif,Died of Disease
MB-4173,brca_metabric,,,,,,,,,,,,,,,,,,,,,,,160.333333333333,1:DECEASED,,,,,,,,,,,,,1,Female,,,74.31,MASTECTOMY,Moderate,NO,LumA,3,Positve,NEUTRAL,Ductal/NST,YES,Post,7,Left,2,4.02,YES,160.333333333333,0:Not Recurred,ER+/HER2- Low Prolif,Died of Other Causes
MB-4189,brca_metabric,,,,,,,,,,,,,,,,,,,,,,,355.2,1:DECEASED,,,,,,,,,,,,,1,Female,,,60.99,,High,NO,Her2,3,Positve,NEUTRAL,Ductal/NST,YES,Post,2,Right,1,2,YES,105.933333333333,1:Recurred,,Died of Other Causes
MB-4212,brca_metabric,,,,,,,,,,,,,,,,,,,,,,,330.366666666667,0:LIVING,,,,,,,,,,,,,1,Female,,,45.5,MASTECTOMY,Low,NO,LumA,3,Positve,NEUTRAL,Ductal/NST,NO,Pre,4ER+,Right,0,3.04,NO,330.366666666667,0:Not Recurred,ER+/HER2- Low Prolif,Living
MB-4213,brca_metabric,,,,,,,,,,,,,,,,,,,,,,,84.5,1:DECEASED,,,,,,,,,,,,,1,Female,,,67.02,BREAST CONSERVING,High,NO,LumB,3,Positve,NEUTRAL,Ductal/NST,YES,Post,4ER+,Right,0,3.06,YES,57.9666666666667,1:Recurred,,Died of Disease
MB-4222,brca_metabric,,,,,,,,,,,,,,,,,,,,,,,55.2333333333333,1:DECEASED,,,,,,,,,,,,,1,Female,,,58.8,MASTECTOMY,High,NO,Her2,3,Positve,LOSS,Ductal/NST,NO,Post,8,Left,0,2.08,NO,51.2666666666667,1:Recurred,,Died of Disease
MB-4224,brca_metabric,,,,,,,,,,,,,,,,,,,,,,,65.5,1:DECEASED,,,,,,,,,,,,,1,Female,,,72.39,MASTECTOMY,High,NO,NC,3,Positve,NEUTRAL,Ductal/NST,YES,Post,4ER+,Left,1,4.07,YES,58.9666666666667,1:Recurred,,Died of Disease
MB-4230,brca_metabric,,,,,,,,,,,,,,,,,,,,,,,115.6,1:DECEASED,,,,,,,,,,,,,1,Female,,,75.87,BREAST CONSERVING,Moderate,NO,LumA,3,Positve,NEUTRAL,Ductal/NST,YES,Post,7,Right,0,3.1,YES,115.6,0:Not Recurred,ER+/HER2- Low Prolif,Died of Other Causes
MB-4233,brca_metabric,,,,,,,,,,,,,,,,,,,,,,,36.3666666666667,1:DECEASED,,,,,,,,,,,,,1,Female,,,54.01,MASTECTOMY,Moderate,NO,LumB,3,Positve,NEUTRAL,Ductal/NST,YES,Post,9,Right,5,5.06,YES,16.8666666666667,1:Recurred,ER+/HER2- High Prolif,Died of Disease
MB-4234,brca_metabric,,,,,,,,,,,,,,,,,,,,,,,253.533333333333,1:DECEASED,,,,,,,,,,,,,1,Female,,,68.25,MASTECTOMY,Moderate,NO,LumA,3,Positve,NEUTRAL,Ductal/NST,NO,Post,4ER+,Left,0,4.08,NO,253.533333333333,0:Not Recurred,,Died of Other Causes
MB-4235,brca_metabric,,,,,,,,,,,,,,,,,,,,,,,335.733333333333,1:DECEASED,,,,,,,,,,,,,1,Female,,,67.46,MASTECTOMY,Moderate,NO,Basal,3,Positve,NEUTRAL,Ductal/NST,NO,Post,10,Right,0,3.04,NO,294.766666666667,1:Recurred,,Died of Disease
MB-4236,brca_metabric,,,,,,,,,,,,,,,,,,,,,,,203.7,1:DECEASED,,,,,,,,,,,,,1,Female,,,73.91,MASTECTOMY,High,NO,Her2,3,Positve,NEUTRAL,Ductal/NST,YES,Post,9,Right,1,5.036,YES,203.7,0:Not Recurred,ER+/HER2- High Prolif,Died of Other Causes
MB-4250,brca_metabric,,,,,,,,,,,,,,,,,,,,,,,100.166666666667,1:DECEASED,,,,,,,,,,,,,1,Female,,,80.81,MASTECTOMY,Moderate,NO,LumA,3,Positve,LOSS,Ductal/NST,YES,Post,3,Right,1,4.11,NO,22,1:Recurred,,Died of Other Causes
MB-4254,brca_metabric,,,,,,,,,,,,,,,,,,,,,,,178.4,0:LIVING,,,,,,,,,,,,,1,Female,,,68.7,MASTECTOMY,High,NO,Basal,3,Negative,NEUTRAL,Medullary,YES,Post,10,Right,0,4.06,NO,178.4,0:Not Recurred,,Living
MB-4264,brca_metabric,,,,,,,,,,,,,,,,,,,,,,,163.2,1:DECEASED,,,,,,,,,,,,,1,Female,,,72.17,MASTECTOMY,Moderate,NO,LumA,3,Positve,GAIN,Ductal/NST,YES,Post,7,Right,1,4.04,YES,163.2,0:Not Recurred,ER+/HER2- High Prolif,Died of Other Causes
MB-4266,brca_metabric,,,,,,,,,,,,,,,,,,,,,,,33.9,1:DECEASED,,,,,,,,,,,,,1,Female,,,28.04,MASTECTOMY,High,NO,LumA,3,Negative,NEUTRAL,Ductal/NST,NO,Pre,6,Right,0,4.09,NO,17.4666666666667,1:Recurred,ER+/HER2- High Prolif,Died of Disease
MB-4270,brca_metabric,,,,,,,,,,,,,,,,,,,,,,,98.7,1:DECEASED,,,,,,,,,,,,,1,Female,,,37.85,MASTECTOMY,,YES,Her2,3,Negative,GAIN,Ductal/NST,NO,Pre,9,Right,4,5.036,YES,93,1:Recurred,HER2+,Died of Disease
MB-4274,brca_metabric,,,,,,,,,,,,,,,,,,,,,,,59.9333333333333,1:DECEASED,,,,,,,,,,,,,1,Female,,,74.32,MASTECTOMY,High,NO,LumB,3,Positve,NEUTRAL,Ductal/NST,YES,Post,8,Right,3,4.04,YES,47.8,1:Recurred,ER+/HER2- High Prolif,Died of Disease
MB-4276,brca_metabric,,,,,,,,,,,,,,,,,,,,,,,132.2,1:DECEASED,,,,,,,,,,,,,1,Female,,,55.07,MASTECTOMY,High,NO,Her2,3,Positve,GAIN,Ductal/NST,YES,Post,5,Left,1,4.07,YES,131.966666666667,1:Recurred,HER2+,Died of Disease
MB-4278,brca_metabric,,,,,,,,,,,,,,,,,,,,,,,244.2,1:DECEASED,,,,,,,,,,,,,1,Female,,,68.32,MASTECTOMY,Moderate,NO,Her2,3,Positve,NEUTRAL,Medullary,NO,Post,3,Right,0,4.06,NO,244.2,0:Not Recurred,,Died of Other Causes
MB-4281,brca_metabric,,,,,,,,,,,,,,,,,,,,,,,260.033333333333,1:DECEASED,,,,,,,,,,,,,1,Female,,,60,MASTECTOMY,Moderate,NO,Her2,3,Positve,GAIN,Ductal/NST,YES,Post,9,Left,1,5.046,YES,260.033333333333,0:Not Recurred,ER+/HER2- High Prolif,Died of Other Causes
MB-4282,brca_metabric,,,,,,,,,,,,,,,,,,,,,,,34.1,0:LIVING,,,,,,,,,,,,,1,Female,,,49.61,BREAST CONSERVING,High,NO,LumA,3,Positve,NEUTRAL,Ductal/NST,NO,Pre,9,Right,0,4.02,YES,34.1,0:Not Recurred,,Living
MB-4283,brca_metabric,,,,,,,,,,,,,,,,,,,,,,,174.833333333333,0:LIVING,,,,,,,,,,,,,1,Female,,,55.62,MASTECTOMY,Moderate,NO,LumA,3,Positve,NEUTRAL,Ductal/NST,YES,Post,8,Left,2,4.08,YES,174.833333333333,0:Not Recurred,ER+/HER2- Low Prolif,Living
MB-4289,brca_metabric,,,,,,,,,,,,,,,,,,,,,,,96.8333333333333,1:DECEASED,,,,,,,,,,,,,1,Female,,,65.49,MASTECTOMY,Moderate,NO,Her2,3,Positve,GAIN,Lobular,YES,Post,2,Left,0,2.04,YES,81,1:Recurred,ER+/HER2- High Prolif,Died of Disease
MB-4292,brca_metabric,,,,,,,,,,,,,,,,,,,,,,,335.6,1:DECEASED,,,,,,,,,,,,,1,Female,,,58.8,MASTECTOMY,Moderate,NO,LumA,3,Positve,NEUTRAL,Ductal/NST,NO,Post,8,Right,0,4.05,YES,335.6,0:Not Recurred,,Died of Other Causes
MB-4293,brca_metabric,,,,,,,,,,,,,,,,,,,,,,,219.166666666667,1:DECEASED,,,,,,,,,,,,,1,Female,,,54.16,MASTECTOMY,Moderate,NO,LumA,3,Positve,NEUTRAL,Mixed,NO,Post,8,Left,0,3.06,YES,219.166666666667,0:Not Recurred,ER+/HER2- Low Prolif,Died of Other Causes
MB-4298,brca_metabric,,,,,,,,,,,,,,,,,,,,,,,55.1,1:DECEASED,,,,,,,,,,,,,1,Female,,,70.24,MASTECTOMY,Moderate,NO,LumB,3,Positve,NEUTRAL,Ductal/NST,YES,Post,9,Left,,4.04,YES,32.5333333333333,1:Recurred,ER+/HER2- High Prolif,Died of Disease
MB-4300,brca_metabric,,,,,,,,,,,,,,,,,,,,,,,189.033333333333,0:LIVING,,,,,,,,,,,,,1,Female,,,70.58,MASTECTOMY,Moderate,NO,Her2,3,Positve,NEUTRAL,Ductal/NST,YES,Post,6,Left,1,5.06,YES,189.033333333333,0:Not Recurred,,Living
MB-4303,brca_metabric,,,,,,,,,,,,,,,,,,,,,,,89.0333333333333,1:DECEASED,,,,,,,,,,,,,1,Female,,,66.91,MASTECTOMY,Moderate,NO,Basal,3,Negative,NEUTRAL,Ductal/NST,NO,Post,4ER-,Left,0,4.03,YES,89.0333333333333,0:Not Recurred,,Died of Other Causes
MB-4306,brca_metabric,,,,,,,,,,,,,,,,,,,,,,,234.7,1:DECEASED,,,,,,,,,,,,,1,Female,,,69.19,MASTECTOMY,High,NO,LumA,3,Positve,NEUTRAL,Mixed,NO,Post,3,Left,0,2.042,NO,234.7,0:Not Recurred,,Died of Other Causes
MB-4310,brca_metabric,,,,,,,,,,,,,,,,,,,,,,,265.566666666667,1:DECEASED,,,,,,,,,,,,,1,Female,,,76.51,MASTECTOMY,High,NO,LumA,3,Positve,NEUTRAL,Ductal/NST,NO,Post,7,Left,0,2.1,YES,265.566666666667,0:Not Recurred,ER+/HER2- High Prolif,Died of Other Causes
MB-4313,brca_metabric,,,,,,,,,,,,,,,,,,,,,,,300.7,1:DECEASED,,,,,,,,,,,,,1,Female,,,58.02,MASTECTOMY,Moderate,NO,LumA,3,Positve,NEUTRAL,Mixed,YES,Post,4ER+,Left,5,6.08,YES,300.7,1:Recurred,,Died of Disease
MB-4317,brca_metabric,,,,,,,,,,,,,,,,,,,,,,,177.9,0:LIVING,,,,,,,,,,,,,1,Female,,,51.93,MASTECTOMY,Moderate,NO,Her2,3,Positve,GAIN,Ductal/NST,YES,Post,5,Right,0,3.1,NO,177.9,0:Not Recurred,,Living
MB-4318,brca_metabric,,,,,,,,,,,,,,,,,,,,,,,17.1333333333333,1:DECEASED,,,,,,,,,,,,,1,Female,,,72.44,MASTECTOMY,Moderate,NO,LumB,3,Positve,NEUTRAL,Ductal/NST,YES,Post,1,Left,1,5.04,YES,17.1333333333333,0:Not Recurred,,Died of Other Causes
MB-4322,brca_metabric,,,,,,,,,,,,,,,,,,,,,,,196.466666666667,1:DECEASED,,,,,,,,,,,,,1,Female,,,63.39,MASTECTOMY,High,NO,LumA,3,Positve,LOSS,Ductal/NST,YES,Post,7,Left,1,4.06,YES,196.466666666667,0:Not Recurred,,Died of Other Causes
MB-4323,brca_metabric,,,,,,,,,,,,,,,,,,,,,,,126.633333333333,1:DECEASED,,,,,,,,,,,,,1,Female,,,80.04,MASTECTOMY,High,NO,LumA,3,Positve,NEUTRAL,Ductal/NST,YES,Post,8,Right,8,3.06,NO,26.7666666666667,1:Recurred,ER+/HER2- High Prolif,Died of Other Causes
MB-4324,brca_metabric,,,,,,,,,,,,,,,,,,,,,,,87.2333333333333,1:DECEASED,,,,,,,,,,,,,1,Female,,,61.22,MASTECTOMY,Moderate,NO,Her2,3,Positve,NEUTRAL,Ductal/NST,YES,Post,6,Left,24,6.1,YES,67.6666666666667,1:Recurred,,Died of Disease
MB-4328,brca_metabric,,,,,,,,,,,,,,,,,,,,,,,199.266666666667,1:DECEASED,,,,,,,,,,,,,1,Female,,,64.12,MASTECTOMY,Low,NO,LumA,3,Positve,NEUTRAL,Ductal/NST,YES,Post,7,Right,1,4.06,YES,199.266666666667,0:Not Recurred,,Died of Other Causes
MB-4329,brca_metabric,,,,,,,,,,,,,,,,,,,,,,,168.266666666667,1:DECEASED,,,,,,,,,,,,,1,Female,,,70.75,MASTECTOMY,Moderate,NO,LumA,3,Positve,NEUTRAL,Ductal/NST,YES,Post,7,Right,2,5.058,NO,168.266666666667,1:Recurred,,Died of Disease
MB-4331,brca_metabric,,,,,,,,,,,,,,,,,,,,,,,235.566666666667,1:DECEASED,,,,,,,,,,,,,1,Female,,,63.34,MASTECTOMY,Moderate,NO,Her2,3,Positve,GAIN,Ductal/NST,YES,Post,1,Left,2,5.04,YES,235.566666666667,0:Not Recurred,,Died of Other Causes
MB-4332,brca_metabric,,,,,,,,,,,,,,,,,,,,,,,307.933333333333,0:LIVING,,,,,,,,,,,,,1,Female,,,34.36,MASTECTOMY,High,NO,Basal,3,Negative,NEUTRAL,Ductal/NST,NO,Pre,10,Left,0,4.04,YES,307.933333333333,0:Not Recurred,,Living
MB-4333,brca_metabric,,,,,,,,,,,,,,,,,,,,,,,207.966666666667,1:DECEASED,,,,,,,,,,,,,1,Female,,,64.5,MASTECTOMY,Moderate,NO,LumA,3,Positve,NEUTRAL,Ductal/NST,NO,Post,3,Right,0,2.05,NO,207.966666666667,0:Not Recurred,,Died of Other Causes
MB-4339,brca_metabric,,,,,,,,,,,,,,,,,,,,,,,173.6,1:DECEASED,,,,,,,,,,,,,1,Female,,,74.98,MASTECTOMY,High,NO,LumB,3,Positve,NEUTRAL,Ductal/NST,NO,Post,8,Left,0,3.04,YES,9.4,1:Recurred,,Died of Disease
MB-4341,brca_metabric,,,,,,,,,,,,,,,,,,,,,,,33.7,1:DECEASED,,,,,,,,,,,,,1,Female,,,35.14,MASTECTOMY,Moderate,YES,Her2,3,Negative,GAIN,Ductal/NST,NO,Pre,5,Right,18,6.08,YES,26.6333333333333,1:Recurred,,Died of Disease
MB-4342,brca_metabric,,,,,,,,,,,,,,,,,,,,,,,232.766666666667,1:DECEASED,,,,,,,,,,,,,1,Female,,,73.2,MASTECTOMY,Moderate,NO,LumA,3,Positve,NEUTRAL,Ductal/NST,YES,Post,4ER+,Left,3,2.124,YES,149.8,1:Recurred,ER+/HER2- Low Prolif,Died of Other Causes
MB-4343,brca_metabric,,,,,,,,,,,,,,,,,,,,,,,198.6,1:DECEASED,,,,,,,,,,,,,1,Female,,,68.09,MASTECTOMY,Moderate,NO,Her2,3,,NEUTRAL,Mixed,NO,Post,4ER+,Left,0,4.05,NO,198.6,0:Not Recurred,ER+/HER2- Low Prolif,Died of Other Causes
MB-4348,brca_metabric,,,,,,,,,,,,,,,,,,,,,,,226.2,1:DECEASED,,,,,,,,,,,,,1,Female,,,61.57,MASTECTOMY,Moderate,NO,Her2,3,Positve,GAIN,Ductal/NST,YES,Post,5,Right,4,6.08,YES,45.5,1:Recurred,,Died of Disease
MB-4350,brca_metabric,,,,,,,,,,,,,,,,,,,,,,,31.0666666666667,1:DECEASED,,,,,,,,,,,,,1,Female,,,35.64,BREAST CONSERVING,Moderate,YES,Her2,3,Negative,GAIN,Ductal/NST,NO,Pre,5,Left,3,5.03,YES,18.1333333333333,1:Recurred,,Died of Disease
MB-4351,brca_metabric,,,,,,,,,,,,,,,,,,,,,,,68.1333333333333,1:DECEASED,,,,,,,,,,,,,1,Female,,,70.27,BREAST CONSERVING,Moderate,NO,Her2,3,Positve,NEUTRAL,Ductal/NST,NO,Post,1,Right,0,4.04,YES,36.6666666666667,1:Recurred,,Died of Disease
MB-4353,brca_metabric,,,,,,,,,,,,,,,,,,,,,,,128.533333333333,1:DECEASED,,,,,,,,,,,,,1,Female,,,59.23,MASTECTOMY,Moderate,NO,LumB,3,Positve,NEUTRAL,Ductal/NST,YES,Post,8,Right,1,5.06,NO,64.8,1:Recurred,,Died of Disease
MB-4354,brca_metabric,,,,,,,,,,,,,,,,,,,,,,,15.3666666666667,1:DECEASED,,,,,,,,,,,,,1,Female,,,55.01,MASTECTOMY,Moderate,NO,Her2,3,Positve,NEUTRAL,Ductal/NST,YES,Post,1,Left,2,4.07,YES,9,1:Recurred,,Died of Disease
MB-4357,brca_metabric,,,,,,,,,,,,,,,,,,,,,,,114.033333333333,1:DECEASED,,,,,,,,,,,,,1,Female,,,77.12,MASTECTOMY,Moderate,NO,LumA,3,Positve,NEUTRAL,Ductal/NST,YES,Post,4ER+,Right,2,5.04,YES,113.866666666667,1:Recurred,ER+/HER2- Low Prolif,Died of Disease
MB-4360,brca_metabric,,,,,,,,,,,,,,,,,,,,,,,11.8666666666667,1:DECEASED,,,,,,,,,,,,,1,Female,,,59.16,BREAST CONSERVING,Moderate,YES,Her2,3,Negative,GAIN,Ductal/NST,NO,Post,5,Left,0,4.016,YES,11.2666666666667,1:Recurred,,Died of Disease
MB-4362,brca_metabric,,,,,,,,,,,,,,,,,,,,,,,267.266666666667,0:LIVING,,,,,,,,,,,,,1,Female,,,50.08,BREAST CONSERVING,Low,NO,Normal,3,Positve,LOSS,Ductal/NST,NO,Post,4ER+,Right,0,4.04,YES,82.6,1:Recurred,,Living
MB-4368,brca_metabric,,,,,,,,,,,,,,,,,,,,,,,119.466666666667,1:DECEASED,,,,,,,,,,,,,1,Female,,,74.6,MASTECTOMY,High,NO,LumA,3,Positve,NEUTRAL,Ductal/NST,YES,Post,8,Right,3,4.05,YES,119.166666666667,1:Recurred,,Died of Disease
MB-4374,brca_metabric,,,,,,,,,,,,,,,,,,,,,,,42.5666666666667,1:DECEASED,,,,,,,,,,,,,1,Female,,,77.51,MASTECTOMY,Moderate,NO,LumA,3,Positve,NEUTRAL,Ductal/NST,YES,Post,7,Left,0,4.06,YES,42.5666666666667,0:Not Recurred,,Died of Other Causes
MB-4375,brca_metabric,,,,,,,,,,,,,,,,,,,,,,,291.166666666667,0:LIVING,,,,,,,,,,,,,1,Female,,,40.04,MASTECTOMY,Moderate,NO,Normal,3,Positve,NEUTRAL,Ductal/NST,NO,Pre,3,Left,0,3.032,NO,291.166666666667,0:Not Recurred,,Living
MB-4381,brca_metabric,,,,,,,,,,,,,,,,,,,,,,,61.4666666666667,1:DECEASED,,,,,,,,,,,,,1,Female,,,59.75,MASTECTOMY,High,NO,Normal,3,Positve,NEUTRAL,Ductal/NST,YES,Post,7,Right,3,3.04,YES,40.4666666666667,1:Recurred,,Died of Disease
MB-4390,brca_metabric,,,,,,,,,,,,,,,,,,,,,,,164.333333333333,1:DECEASED,,,,,,,,,,,,,1,Female,,,68.49,MASTECTOMY,High,NO,LumA,3,Positve,NEUTRAL,Ductal/NST,YES,Post,8,Left,4,5.06,YES,164.333333333333,0:Not Recurred,,Died of Other Causes
MB-4395,brca_metabric,,,,,,,,,,,,,,,,,,,,,,,139.6,1:DECEASED,,,,,,,,,,,,,1,Female,,,45.21,MASTECTOMY,High,NO,Her2,3,Positve,NEUTRAL,Ductal/NST,YES,Pre,1,Right,0,4.06,NO,9.53333333333333,1:Recurred,,Died of Disease
MB-4407,brca_metabric,,,,,,,,,,,,,,,,,,,,,,,83.3666666666667,1:DECEASED,,,,,,,,,,,,,1,Female,,,44.4,MASTECTOMY,Moderate,NO,Basal,3,Negative,NEUTRAL,Ductal/NST,NO,Pre,10,Left,0,4.02,YES,49.2,1:Recurred,,Died of Disease
MB-4408,brca_metabric,,,,,,,,,,,,,,,,,,,,,,,206.566666666667,1:DECEASED,,,,,,,,,,,,,1,Female,,,71.66,MASTECTOMY,High,NO,Basal,3,Negative,NEUTRAL,Ductal/NST,NO,Post,9,Left,0,4.04,NO,206.566666666667,0:Not Recurred,ER-/HER2-,Died of Other Causes
MB-4416,brca_metabric,,,,,,,,,,,,,,,,,,,,,,,241.6,1:DECEASED,,,,,,,,,,,,,1,Female,,,44.89,BREAST CONSERVING,Moderate,YES,claudin-low,3,Negative,NEUTRAL,Ductal/NST,NO,Pre,4ER-,Right,3,5.05,YES,194.866666666667,1:Recurred,,Died of Disease
MB-4417,brca_metabric,,,,,,,,,,,,,,,,,,,,,,,16.7,1:DECEASED,,,,,,,,,,,,,1,Female,,,68.16,MASTECTOMY,Moderate,NO,Basal,3,Negative,NEUTRAL,Ductal/NST,NO,Post,10,Left,0,4.064,NO,8.43333333333333,1:Recurred,,Died of Other Causes
MB-4418,brca_metabric,,,,,,,,,,,,,,,,,,,,,,,307.633333333333,0:LIVING,,,,,,,,,,,,,1,Female,,,56.11,BREAST CONSERVING,High,NO,LumA,3,Positve,NEUTRAL,Ductal/NST,NO,Post,8,Left,0,3.04,YES,307.633333333333,0:Not Recurred,,Living
MB-4421,brca_metabric,,,,,,,,,,,,,,,,,,,,,,,264.766666666667,1:DECEASED,,,,,,,,,,,,,1,Female,,,69.01,MASTECTOMY,High,NO,LumA,3,Positve,GAIN,Ductal/NST,NO,Post,7,Left,0,3.02,YES,264.766666666667,0:Not Recurred,ER+/HER2- High Prolif,Died of Other Causes
MB-4426,brca_metabric,,,,,,,,,,,,,,,,,,,,,,,170.9,1:DECEASED,,,,,,,,,,,,,1,Female,,,70.84,MASTECTOMY,Moderate,NO,Basal,3,Positve,NEUTRAL,Ductal/NST,YES,Post,7,Left,1,5.09,YES,170.9,0:Not Recurred,,Died of Other Causes
MB-4434,brca_metabric,,,,,,,,,,,,,,,,,,,,,,,148.1,1:DECEASED,,,,,,,,,,,,,1,Female,,,74.84,MASTECTOMY,Moderate,NO,Her2,3,Positve,NEUTRAL,Ductal/NST,YES,Post,9,Right,1,5.05,YES,144.866666666667,1:Recurred,,Died of Disease
MB-4442,brca_metabric,,,,,,,,,,,,,,,,,,,,,,,296.866666666667,0:LIVING,,,,,,,,,,,,,1,Female,,,47.29,MASTECTOMY,High,NO,LumA,3,Positve,NEUTRAL,Ductal/NST,NO,Pre,8,Right,0,3.03,NO,296.866666666667,0:Not Recurred,,Living
MB-4484,brca_metabric,,,,,,,,,,,,,,,,,,,,,,,52.3,1:DECEASED,,,,,,,,,,,,,1,Female,,,66.23,MASTECTOMY,High,NO,Normal,3,Positve,NEUTRAL,Mixed,YES,Post,3,Left,0,4.11,YES,34.5,1:Recurred,,Died of Disease
MB-4529,brca_metabric,,,,,,,,,,,,,,,,,,,,,,,126.466666666667,1:DECEASED,,,,,,,,,,,,,1,Female,,,61.21,BREAST CONSERVING,Low,NO,LumA,3,Positve,NEUTRAL,Ductal/NST,YES,Post,3,Left,0,2.03,YES,126.466666666667,0:Not Recurred,ER+/HER2- Low Prolif,Died of Other Causes
MB-4548,brca_metabric,,,,,,,,,,,,,,,,,,,,,,,322.833333333333,0:LIVING,,,,,,,,,,,,,1,Female,,,50.42,BREAST CONSERVING,Moderate,YES,Her2,3,Negative,GAIN,Medullary,NO,Post,4ER-,Left,1,5.002,YES,322.833333333333,0:Not Recurred,,Living
MB-4557,brca_metabric,,,,,,,,,,,,,,,,,,,,,,,279.8,0:LIVING,,,,,,,,,,,,,1,Female,,,51.25,BREAST CONSERVING,High,NO,LumA,3,Positve,NEUTRAL,Mixed,YES,Post,8,Left,0,2.06,YES,206.566666666667,1:Recurred,,Living
MB-4564,brca_metabric,,,,,,,,,,,,,,,,,,,,,,,210.433333333333,1:DECEASED,,,,,,,,,,,,,1,Female,,,74.67,MASTECTOMY,High,NO,LumA,3,Positve,NEUTRAL,Ductal/NST,YES,Post,7,Right,7,6.036,YES,210.433333333333,0:Not Recurred,,Died of Other Causes
MB-4578,brca_metabric,,,,,,,,,,,,,,,,,,,,,,,197.333333333333,1:DECEASED,,,,,,,,,,,,,1,Female,,,72.74,BREAST CONSERVING,High,NO,LumA,3,Positve,NEUTRAL,Ductal/NST,YES,Post,7,Left,1,4.09,YES,197.333333333333,0:Not Recurred,,Died of Other Causes
MB-4591,brca_metabric,,,,,,,,,,,,,,,,,,,,,,,41.1666666666667,1:DECEASED,,,,,,,,,,,,,1,Female,,,71.93,BREAST CONSERVING,High,NO,LumB,3,Positve,NEUTRAL,Ductal/NST,NO,Post,9,Right,0,4.05,YES,41.1666666666667,0:Not Recurred,,Died of Other Causes
MB-4593,brca_metabric,,,,,,,,,,,,,,,,,,,,,,,140.233333333333,0:LIVING,,,,,,,,,,,,,1,Female,,,48.44,BREAST CONSERVING,Moderate,NO,LumA,3,Positve,NEUTRAL,Ductal/NST,NO,Pre,8,Right,0,3.03,YES,140.233333333333,0:Not Recurred,,Living
MB-4598,brca_metabric,,,,,,,,,,,,,,,,,,,,,,,119.366666666667,1:DECEASED,,,,,,,,,,,,,1,Female,,,67.92,BREAST CONSERVING,Moderate,NO,LumB,3,Positve,NEUTRAL,Ductal/NST,YES,Post,8,Right,6,5.05,YES,63.3666666666667,1:Recurred,,Died of Disease
MB-4599,brca_metabric,,,,,,,,,,,,,,,,,,,,,,,191.166666666667,0:LIVING,,,,,,,,,,,,,1,Female,,,63.83,MASTECTOMY,High,NO,LumA,3,Positve,NEUTRAL,Ductal/NST,YES,Post,8,Right,3,5.08,YES,191.166666666667,0:Not Recurred,ER+/HER2- Low Prolif,Living
MB-4601,brca_metabric,,,,,,,,,,,,,,,,,,,,,,,56.2666666666667,1:DECEASED,,,,,,,,,,,,,1,Female,,,39.14,MASTECTOMY,Low,YES,Basal,3,Negative,GAIN,Ductal/NST,NO,Pre,5,Right,2,5.06,NO,45.2666666666667,1:Recurred,,Died of Disease
MB-4602,brca_metabric,,,,,,,,,,,,,,,,,,,,,,,122.8,1:DECEASED,,,,,,,,,,,,,1,Female,,,58.38,BREAST CONSERVING,Moderate,NO,LumB,3,Positve,NEUTRAL,Ductal/NST,YES,Post,1,Right,2,5.04,YES,54.7333333333333,1:Recurred,,Died of Disease
MB-4603,brca_metabric,,,,,,,,,,,,,,,,,,,,,,,239.233333333333,0:LIVING,,,,,,,,,,,,,1,Female,,,42.79,BREAST CONSERVING,Moderate,NO,Normal,3,Positve,NEUTRAL,Ductal/NST,NO,Pre,8,Left,0,3.03,YES,239.233333333333,0:Not Recurred,,Living
MB-4607,brca_metabric,,,,,,,,,,,,,,,,,,,,,,,121.733333333333,0:LIVING,,,,,,,,,,,,,1,Female,,,55.42,BREAST CONSERVING,Moderate,NO,LumA,3,Positve,NEUTRAL,Ductal/NST,NO,Post,8,Left,0,3.03,YES,121.733333333333,0:Not Recurred,,Living
MB-4616,brca_metabric,,,,,,,,,,,,,,,,,,,,,,,90.1333333333333,1:DECEASED,,,,,,,,,,,,,1,Female,,,71.47,BREAST CONSERVING,High,NO,LumA,3,Positve,NEUTRAL,Ductal/NST,NO,Post,8,Left,0,3.04,YES,82.8,1:Recurred,ER+/HER2- Low Prolif,Died of Disease
MB-4618,brca_metabric,,,,,,,,,,,,,,,,,,,,,,,267.4,0:LIVING,,,,,,,,,,,,,1,Female,,,40.05,BREAST CONSERVING,High,NO,LumB,3,Positve,GAIN,Mixed,NO,Pre,1,Right,0,3.024,YES,267.4,0:Not Recurred,ER+/HER2- High Prolif,Living
MB-4621,brca_metabric,,,,,,,,,,,,,,,,,,,,,,,271.866666666667,0:LIVING,,,,,,,,,,,,,1,Female,,,39.51,MASTECTOMY,Low,YES,Basal,3,Negative,NEUTRAL,Ductal/NST,NO,Pre,10,Right,6,6.106,NO,69.3333333333333,1:Recurred,ER-/HER2-,Living
MB-4622,brca_metabric,,,,,,,,,,,,,,,,,,,,,,,282.833333333333,1:DECEASED,,,,,,,,,,,,,1,Female,,,40.83,MASTECTOMY,High,YES,claudin-low,3,Negative,NEUTRAL,Ductal/NST,NO,Pre,10,Right,2,5.1,YES,282.833333333333,0:Not Recurred,ER-/HER2-,Died of Other Causes
MB-4623,brca_metabric,,,,,,,,,,,,,,,,,,,,,,,292.033333333333,1:DECEASED,,,,,,,,,,,,,1,Female,,,61.88,BREAST CONSERVING,High,NO,LumA,3,Positve,NEUTRAL,Mixed,YES,Post,3,Left,4,5.02,YES,292.033333333333,0:Not Recurred,ER+/HER2- High Prolif,Died of Other Causes
MB-4626,brca_metabric,,,,,,,,,,,,,,,,,,,,,,,143,1:DECEASED,,,,,,,,,,,,,1,Female,,,64.61,BREAST CONSERVING,High,NO,Her2,3,Positve,GAIN,Ductal/NST,NO,Post,1,Left,0,4.03,YES,96.4,1:Recurred,,Died of Disease
MB-4627,brca_metabric,,,,,,,,,,,,,,,,,,,,,,,186.633333333333,1:DECEASED,,,,,,,,,,,,,1,Female,,,55.65,MASTECTOMY,Moderate,NO,LumA,3,Positve,NEUTRAL,Mixed,YES,Post,3,Left,9,6.04,YES,186.633333333333,0:Not Recurred,ER+/HER2- High Prolif,Died of Other Causes
MB-4630,brca_metabric,,,,,,,,,,,,,,,,,,,,,,,95.8333333333333,1:DECEASED,,,,,,,,,,,,,1,Female,,,67.48,MASTECTOMY,Moderate,NO,LumB,3,Positve,GAIN,Ductal/NST,NO,Post,8,Right,0,3.07,NO,33.9,1:Recurred,ER+/HER2- High Prolif,Died of Other Causes
MB-4633,brca_metabric,,,,,,,,,,,,,,,,,,,,,,,318.2,0:LIVING,,,,,,,,,,,,,1,Female,,,67.03,BREAST CONSERVING,Moderate,NO,LumA,3,Positve,NEUTRAL,Mixed,YES,Post,4ER+,Right,2,5.05,YES,302.866666666667,1:Recurred,ER+/HER2- Low Prolif,Living
MB-4634,brca_metabric,,,,,,,,,,,,,,,,,,,,,,,109.6,1:DECEASED,,,,,,,,,,,,,1,Female,,,66.37,MASTECTOMY,Moderate,NO,LumA,3,Positve,NEUTRAL,Mixed,YES,Post,3,Left,2,5.03,YES,75.6333333333333,1:Recurred,ER+/HER2- High Prolif,Died of Disease
MB-4639,brca_metabric,,,,,,,,,,,,,,,,,,,,,,,119,1:DECEASED,,,,,,,,,,,,,1,Female,,,71.17,BREAST CONSERVING,High,NO,LumB,3,Positve,LOSS,Ductal/NST,NO,Post,9,Left,0,4.06,YES,116.566666666667,1:Recurred,ER+/HER2- High Prolif,Died of Disease
MB-4640,brca_metabric,,,,,,,,,,,,,,,,,,,,,,,200.6,0:LIVING,,,,,,,,,,,,,1,Female,,,61.59,BREAST CONSERVING,Moderate,NO,Her2,3,Negative,GAIN,Ductal/NST,NO,Post,7,Right,0,4.05,YES,200.6,0:Not Recurred,ER+/HER2- High Prolif,Living
MB-4641,brca_metabric,,,,,,,,,,,,,,,,,,,,,,,148.566666666667,1:DECEASED,,,,,,,,,,,,,1,Female,,,64.93,MASTECTOMY,Moderate,NO,LumA,3,Positve,NEUTRAL,Ductal/NST,YES,Post,3,Left,2,5.03,YES,44.3,1:Recurred,ER+/HER2- Low Prolif,Died of Other Causes
MB-4642,brca_metabric,,,,,,,,,,,,,,,,,,,,,,,285.7,1:DECEASED,,,,,,,,,,,,,1,Female,,,66.27,BREAST CONSERVING,High,NO,LumB,3,Positve,NEUTRAL,Ductal/NST,YES,Post,6,Left,1,5.07,YES,285.7,1:Recurred,ER+/HER2- High Prolif,Died of Disease
MB-4643,brca_metabric,,,,,,,,,,,,,,,,,,,,,,,41.4666666666667,1:DECEASED,,,,,,,,,,,,,1,Female,,,78.21,MASTECTOMY,Low,NO,Her2,3,Negative,GAIN,Ductal/NST,NO,Post,5,Left,0,4.03,NO,25.0666666666667,1:Recurred,HER2+,Died of Disease
MB-4644,brca_metabric,,,,,,,,,,,,,,,,,,,,,,,90,1:DECEASED,,,,,,,,,,,,,1,Female,,,59.13,MASTECTOMY,High,NO,LumB,3,Positve,GAIN,Ductal/NST,YES,Post,5,Left,1,4.046,NO,75.4333333333333,1:Recurred,HER2+,Died of Disease
MB-4648,brca_metabric,,,,,,,,,,,,,,,,,,,,,,,168.533333333333,1:DECEASED,,,,,,,,,,,,,1,Female,,,75.19,MASTECTOMY,High,NO,LumB,3,Positve,GAIN,Ductal/NST,NO,Post,1,Left,0,4.04,NO,168.533333333333,0:Not Recurred,ER+/HER2- High Prolif,Died of Other Causes
MB-4649,brca_metabric,,,,,,,,,,,,,,,,,,,,,,,16.8333333333333,1:DECEASED,,,,,,,,,,,,,1,Female,,,61.67,BREAST CONSERVING,High,NO,LumB,3,Positve,NEUTRAL,Ductal/NST,NO,Post,3,Right,0,3.05,YES,16.8333333333333,0:Not Recurred,ER+/HER2- High Prolif,Died of Other Causes
MB-4651,brca_metabric,,,,,,,,,,,,,,,,,,,,,,,30.3,1:DECEASED,,,,,,,,,,,,,1,Female,,,69.96,BREAST CONSERVING,High,NO,LumB,3,Positve,NEUTRAL,Ductal/NST,NO,Post,6,Left,0,3.07,YES,18.1,1:Recurred,ER+/HER2- High Prolif,Died of Disease
MB-4653,brca_metabric,,,,,,,,,,,,,,,,,,,,,,,48.1333333333333,1:DECEASED,,,,,,,,,,,,,1,Female,,,44.5,MASTECTOMY,Low,NO,Normal,3,Positve,GAIN,Ductal/NST,NO,Pre,3,Left,0,4.062,NO,20.2666666666667,1:Recurred,ER+/HER2- Low Prolif,Died of Disease
MB-4654,brca_metabric,,,,,,,,,,,,,,,,,,,,,,,64.3,1:DECEASED,,,,,,,,,,,,,1,Female,,,80.82,BREAST CONSERVING,,NO,LumB,3,Positve,NEUTRAL,Ductal/NST,YES,Post,8,Right,0,4.04,YES,64.3,0:Not Recurred,ER+/HER2- High Prolif,Died of Other Causes
MB-4655,brca_metabric,,,,,,,,,,,,,,,,,,,,,,,99,1:DECEASED,,,,,,,,,,,,,1,Female,,,64.01,MASTECTOMY,Moderate,NO,LumA,3,Positve,NEUTRAL,Ductal/NST,YES,Post,3,Right,1,5.032,NO,99,0:Not Recurred,ER+/HER2- High Prolif,Died of Other Causes
MB-4660,brca_metabric,,,,,,,,,,,,,,,,,,,,,,,39.8666666666667,1:DECEASED,,,,,,,,,,,,,1,Female,,,37.53,BREAST CONSERVING,High,YES,Basal,3,Negative,NEUTRAL,Ductal/NST,NO,Pre,9,Right,14,6.056,YES,19.7333333333333,1:Recurred,,Died of Disease
MB-4661,brca_metabric,,,,,,,,,,,,,,,,,,,,,,,234.233333333333,0:LIVING,,,,,,,,,,,,,1,Female,,,81.11,MASTECTOMY,Moderate,NO,LumA,3,Positve,NEUTRAL,Ductal/NST,NO,Post,7,Right,0,3.05,NO,234.233333333333,0:Not Recurred,ER+/HER2- Low Prolif,Living
MB-4663,brca_metabric,,,,,,,,,,,,,,,,,,,,,,,239.333333333333,0:LIVING,,,,,,,,,,,,,1,Female,,,61.97,MASTECTOMY,Moderate,NO,Basal,3,Negative,GAIN,Ductal/NST,NO,Post,10,Left,0,4.08,YES,239.333333333333,0:Not Recurred,HER2+,Living
MB-4665,brca_metabric,,,,,,,,,,,,,,,,,,,,,,,260.2,0:LIVING,,,,,,,,,,,,,1,Female,,,54.27,MASTECTOMY,High,NO,LumA,3,Positve,NEUTRAL,Ductal/NST,NO,Post,4ER+,Right,0,4.036,NO,260.2,0:Not Recurred,ER+/HER2- Low Prolif,Living
MB-4666,brca_metabric,,,,,,,,,,,,,,,,,,,,,,,111.566666666667,1:DECEASED,,,,,,,,,,,,,1,Female,,,57.98,MASTECTOMY,Moderate,NO,LumA,3,Positve,LOSS,Ductal/NST,YES,Post,7,Right,9,6.03,NO,79.9333333333333,1:Recurred,ER+/HER2- High Prolif,Died of Disease
MB-4667,brca_metabric,,,,,,,,,,,,,,,,,,,,,,,295.333333333333,1:DECEASED,,,,,,,,,,,,,1,Female,,,65.58,BREAST CONSERVING,High,NO,Her2,3,Negative,NEUTRAL,Lobular,NO,Post,4ER-,Left,0,4.04,YES,295.333333333333,0:Not Recurred,ER-/HER2-,Died of Other Causes
MB-4669,brca_metabric,,,,,,,,,,,,,,,,,,,,,,,119.466666666667,1:DECEASED,,,,,,,,,,,,,1,Female,,,68.82,BREAST CONSERVING,Low,NO,LumB,3,Positve,LOSS,Ductal/NST,YES,Post,6,Right,0,4.04,YES,119.466666666667,0:Not Recurred,ER+/HER2- High Prolif,Died of Other Causes
MB-4670,brca_metabric,,,,,,,,,,,,,,,,,,,,,,,67.8,1:DECEASED,,,,,,,,,,,,,1,Female,,,61,MASTECTOMY,Moderate,NO,LumA,3,Positve,NEUTRAL,Ductal/NST,NO,Post,7,Right,0,3.04,NO,43.4,1:Recurred,ER+/HER2- Low Prolif,Died of Disease
MB-4671,brca_metabric,,,,,,,,,,,,,,,,,,,,,,,34.7,1:DECEASED,,,,,,,,,,,,,1,Female,,,72.48,BREAST CONSERVING,High,NO,LumB,3,Positve,NEUTRAL,Ductal/NST,NO,Post,2,Left,0,4.06,YES,8.63333333333333,1:Recurred,ER+/HER2- High Prolif,Died of Disease
MB-4672,brca_metabric,,,,,,,,,,,,,,,,,,,,,,,220.933333333333,1:DECEASED,,,,,,,,,,,,,1,Female,,,58.78,MASTECTOMY,Moderate,NO,LumA,3,Positve,GAIN,Ductal/NST,NO,Post,7,Left,0,4.05,NO,71.1333333333333,1:Recurred,ER+/HER2- High Prolif,Died of Other Causes
MB-4673,brca_metabric,,,,,,,,,,,,,,,,,,,,,,,87,1:DECEASED,,,,,,,,,,,,,1,Female,,,63.27,MASTECTOMY,Moderate,NO,LumB,3,Positve,GAIN,Ductal/NST,YES,Post,9,Right,2,4.04,NO,54.1333333333333,1:Recurred,ER+/HER2- High Prolif,Died of Disease
MB-4674,brca_metabric,,,,,,,,,,,,,,,,,,,,,,,81.0666666666667,1:DECEASED,,,,,,,,,,,,,1,Female,,,75.26,MASTECTOMY,High,NO,LumA,3,Positve,LOSS,Ductal/NST,YES,Post,7,Right,3,4.08,NO,65.8333333333333,1:Recurred,ER+/HER2- Low Prolif,Died of Disease
MB-4675,brca_metabric,,,,,,,,,,,,,,,,,,,,,,,263.033333333333,0:LIVING,,,,,,,,,,,,,1,Female,,,59.23,BREAST CONSERVING,Moderate,NO,LumA,3,Positve,NEUTRAL,Ductal/NST,NO,Post,8,Left,0,4.036,YES,263.033333333333,0:Not Recurred,ER+/HER2- Low Prolif,Living
MB-4679,brca_metabric,,,,,,,,,,,,,,,,,,,,,,,292.666666666667,1:DECEASED,,,,,,,,,,,,,1,Female,,,64.11,MASTECTOMY,Low,NO,Basal,3,Negative,NEUTRAL,Ductal/NST,NO,Post,10,Left,0,4.03,NO,292.666666666667,0:Not Recurred,ER-/HER2-,Died of Other Causes
MB-4681,brca_metabric,,,,,,,,,,,,,,,,,,,,,,,251.8,1:DECEASED,,,,,,,,,,,,,1,Female,,,60.66,MASTECTOMY,Moderate,NO,LumA,3,Positve,LOSS,Ductal/NST,NO,Post,3,Left,0,1.034,NO,142.033333333333,1:Recurred,ER+/HER2- Low Prolif,Died of Disease
MB-4682,brca_metabric,,,,,,,,,,,,,,,,,,,,,,,139.533333333333,1:DECEASED,,,,,,,,,,,,,1,Female,,,65.5,MASTECTOMY,Moderate,NO,LumA,3,Positve,NEUTRAL,Ductal/NST,NO,Post,9,Left,0,4.04,NO,137.633333333333,1:Recurred,ER+/HER2- High Prolif,Died of Disease
MB-4685,brca_metabric,,,,,,,,,,,,,,,,,,,,,,,43.3,1:DECEASED,,,,,,,,,,,,,1,Female,,,73.6,MASTECTOMY,High,NO,LumB,3,Positve,NEUTRAL,Ductal/NST,YES,Post,6,Right,8,6.1,YES,43.3,0:Not Recurred,ER+/HER2- High Prolif,Died of Other Causes
MB-4686,brca_metabric,,,,,,,,,,,,,,,,,,,,,,,48.4333333333333,1:DECEASED,,,,,,,,,,,,,1,Female,,,53.03,MASTECTOMY,Moderate,NO,LumA,3,Positve,NEUTRAL,Ductal/NST,YES,Post,3,Left,3,5.07,YES,42.8,1:Recurred,ER+/HER2- Low Prolif,Died of Disease
MB-4687,brca_metabric,,,,,,,,,,,,,,,,,,,,,,,74.1,1:DECEASED,,,,,,,,,,,,,1,Female,,,81.98,MASTECTOMY,Moderate,NO,LumA,3,Positve,NEUTRAL,Ductal/NST,YES,Post,4ER+,Right,1,5.04,NO,74.1,0:Not Recurred,ER+/HER2- High Prolif,Died of Other Causes
MB-4688,brca_metabric,,,,,,,,,,,,,,,,,,,,,,,85.3,1:DECEASED,,,,,,,,,,,,,1,Female,,,71.17,MASTECTOMY,High,NO,LumB,3,Positve,GAIN,Ductal/NST,YES,Post,5,Left,9,5.09,YES,37.4666666666667,1:Recurred,HER2+,Died of Disease
MB-4691,brca_metabric,,,,,,,,,,,,,,,,,,,,,,,282.566666666667,1:DECEASED,,,,,,,,,,,,,1,Female,,,49.76,MASTECTOMY,Moderate,NO,LumA,3,Positve,NEUTRAL,Ductal/NST,NO,Pre,7,Left,0,4.02,NO,276.933333333333,1:Recurred,ER+/HER2- Low Prolif,Died of Disease
MB-4692,brca_metabric,,,,,,,,,,,,,,,,,,,,,,,107.266666666667,1:DECEASED,,,,,,,,,,,,,1,Female,,,58.49,MASTECTOMY,High,NO,LumA,3,Positve,NEUTRAL,Ductal/NST,NO,Post,8,Left,0,2.05,NO,107.266666666667,0:Not Recurred,ER+/HER2- Low Prolif,Died of Other Causes
MB-4694,brca_metabric,,,,,,,,,,,,,,,,,,,,,,,198.3,0:LIVING,,,,,,,,,,,,,1,Female,,,76.06,BREAST CONSERVING,High,NO,Basal,3,Positve,NEUTRAL,Ductal/NST,NO,Post,10,Right,0,4.04,YES,198.3,0:Not Recurred,ER-/HER2-,Living
MB-4695,brca_metabric,,,,,,,,,,,,,,,,,,,,,,,21.3,1:DECEASED,,,,,,,,,,,,,1,Female,,,61.12,MASTECTOMY,Low,NO,Normal,3,Positve,NEUTRAL,Lobular,YES,Post,4ER+,Left,2,4.1,NO,21.3,0:Not Recurred,ER+/HER2- Low Prolif,Died of Other Causes
MB-4696,brca_metabric,,,,,,,,,,,,,,,,,,,,,,,255.266666666667,0:LIVING,,,,,,,,,,,,,1,Female,,,49.98,MASTECTOMY,Low,NO,claudin-low,3,Negative,LOSS,Ductal/NST,NO,Pre,10,Left,0,4.09,NO,255.266666666667,0:Not Recurred,ER-/HER2-,Living
MB-4697,brca_metabric,,,,,,,,,,,,,,,,,,,,,,,118,1:DECEASED,,,,,,,,,,,,,1,Female,,,79.01,MASTECTOMY,High,NO,NC,3,Positve,NEUTRAL,Lobular,NO,Post,3,Left,0,1.06,NO,118,0:Not Recurred,ER+/HER2- Low Prolif,Died of Other Causes
MB-4698,brca_metabric,,,,,,,,,,,,,,,,,,,,,,,170.666666666667,1:DECEASED,,,,,,,,,,,,,1,Female,,,59.18,MASTECTOMY,High,NO,LumA,3,Positve,NEUTRAL,Lobular,YES,Post,3,Left,1,5.04,NO,129.166666666667,1:Recurred,ER+/HER2- Low Prolif,Died of Disease
MB-4701,brca_metabric,,,,,,,,,,,,,,,,,,,,,,,127.533333333333,0:LIVING,,,,,,,,,,,,,1,Female,,,47.62,BREAST CONSERVING,High,NO,LumA,3,Positve,NEUTRAL,Ductal/NST,NO,Pre,8,Left,0,4.05,YES,127.533333333333,0:Not Recurred,ER+/HER2- Low Prolif,Living
MB-4702,brca_metabric,,,,,,,,,,,,,,,,,,,,,,,300.866666666667,0:LIVING,,,,,,,,,,,,,1,Female,,,52.13,MASTECTOMY,High,NO,LumB,3,Positve,NEUTRAL,Ductal/NST,YES,Post,9,Right,0,4.07,NO,300.866666666667,0:Not Recurred,ER+/HER2- High Prolif,Living
MB-4704,brca_metabric,,,,,,,,,,,,,,,,,,,,,,,64,1:DECEASED,,,,,,,,,,,,,1,Female,,,67.79,MASTECTOMY,Moderate,NO,LumA,3,Positve,GAIN,Mixed,NO,Post,4ER+,Right,0,4.098,NO,64,1:Recurred,ER+/HER2- Low Prolif,Died of Disease
MB-4705,brca_metabric,,,,,,,,,,,,,,,,,,,,,,,213.1,1:DECEASED,,,,,,,,,,,,,1,Female,,,63.58,MASTECTOMY,Low,NO,LumA,3,Positve,NEUTRAL,Ductal/NST,NO,Post,3,Left,0,3.054,NO,104.033333333333,1:Recurred,ER+/HER2- Low Prolif,Died of Other Causes
MB-4706,brca_metabric,,,,,,,,,,,,,,,,,,,,,,,55.6666666666667,1:DECEASED,,,,,,,,,,,,,1,Female,,,75.48,BREAST CONSERVING,High,NO,LumA,3,Positve,NEUTRAL,Ductal/NST,NO,Post,3,Left,0,4.03,YES,55.6666666666667,0:Not Recurred,ER+/HER2- Low Prolif,Died of Other Causes
MB-4707,brca_metabric,,,,,,,,,,,,,,,,,,,,,,,221.2,0:LIVING,,,,,,,,,,,,,1,Female,,,59.85,BREAST CONSERVING,Moderate,NO,Basal,3,Negative,NEUTRAL,Ductal/NST,NO,Post,10,Right,0,4.054,YES,221.2,0:Not Recurred,ER-/HER2-,Living
MB-4708,brca_metabric,,,,,,,,,,,,,,,,,,,,,,,227.9,1:DECEASED,,,,,,,,,,,,,1,Female,,,63.03,MASTECTOMY,Moderate,NO,LumA,3,Positve,NEUTRAL,Lobular,NO,Post,3,Right,0,4.036,NO,18.7,1:Recurred,ER+/HER2- Low Prolif,Died of Other Causes
MB-4709,brca_metabric,,,,,,,,,,,,,,,,,,,,,,,146.766666666667,0:LIVING,,,,,,,,,,,,,1,Female,,,49.02,BREAST CONSERVING,Moderate,NO,LumA,3,Positve,NEUTRAL,Ductal/NST,NO,Pre,8,Left,0,3.04,YES,146.766666666667,0:Not Recurred,ER+/HER2- Low Prolif,Living
MB-4710,brca_metabric,,,,,,,,,,,,,,,,,,,,,,,57.6666666666667,0:LIVING,,,,,,,,,,,,,1,Female,,,77.12,MASTECTOMY,Moderate,NO,LumA,3,Positve,NEUTRAL,Ductal/NST,YES,Post,3,Left,0,4.038,NO,57.6666666666667,0:Not Recurred,ER+/HER2- Low Prolif,Living
MB-4711,brca_metabric,,,,,,,,,,,,,,,,,,,,,,,31.4666666666667,1:DECEASED,,,,,,,,,,,,,1,Female,,,56.07,MASTECTOMY,Low,YES,claudin-low,3,Negative,GAIN,Ductal/NST,NO,Post,5,Left,11,6.198,YES,13.7333333333333,1:Recurred,ER-/HER2-,Died of Disease
MB-4712,brca_metabric,,,,,,,,,,,,,,,,,,,,,,,249.533333333333,1:DECEASED,,,,,,,,,,,,,1,Female,,,46.59,MASTECTOMY,High,NO,Normal,3,Negative,NEUTRAL,Ductal/NST,NO,Pre,9,Right,0,4.1,NO,249.533333333333,0:Not Recurred,ER+/HER2- High Prolif,Died of Other Causes
MB-4714,brca_metabric,,,,,,,,,,,,,,,,,,,,,,,83.6666666666667,1:DECEASED,,,,,,,,,,,,,1,Female,,,64.68,MASTECTOMY,High,YES,Basal,3,Negative,NEUTRAL,Medullary,YES,Post,10,Right,11,6.002,YES,83.6666666666667,0:Not Recurred,ER-/HER2-,Died of Other Causes
MB-4715,brca_metabric,,,,,,,,,,,,,,,,,,,,,,,35.2333333333333,1:DECEASED,,,,,,,,,,,,,1,Female,,,67.8,MASTECTOMY,High,YES,Basal,3,Negative,NEUTRAL,Ductal/NST,NO,Post,8,Right,1,5.09,NO,23.8333333333333,1:Recurred,ER-/HER2-,Died of Disease
MB-4716,brca_metabric,,,,,,,,,,,,,,,,,,,,,,,76.1333333333333,1:DECEASED,,,,,,,,,,,,,1,Female,,,52.98,BREAST CONSERVING,High,NO,LumA,3,Positve,NEUTRAL,Lobular,NO,Post,3,Left,0,4.056,YES,22.6333333333333,1:Recurred,ER+/HER2- Low Prolif,Died of Disease
MB-4717,brca_metabric,,,,,,,,,,,,,,,,,,,,,,,42.9,1:DECEASED,,,,,,,,,,,,,1,Female,,,43.51,MASTECTOMY,High,NO,Basal,3,Negative,LOSS,Ductal/NST,NO,Pre,10,Right,0,4.05,NO,26.3666666666667,1:Recurred,ER-/HER2-,Died of Disease
MB-4718,brca_metabric,,,,,,,,,,,,,,,,,,,,,,,198.333333333333,1:DECEASED,,,,,,,,,,,,,1,Female,,,44.27,MASTECTOMY,Moderate,NO,Normal,3,Positve,NEUTRAL,Lobular,YES,Pre,4ER+,Right,0,2.198,YES,49.8666666666667,1:Recurred,ER+/HER2- Low Prolif,Died of Disease
MB-4719,brca_metabric,,,,,,,,,,,,,,,,,,,,,,,81.5666666666667,1:DECEASED,,,,,,,,,,,,,1,Female,,,67.27,MASTECTOMY,High,NO,LumA,3,Positve,NEUTRAL,Ductal/NST,YES,Post,8,Right,4,5.044,NO,81.5666666666667,0:Not Recurred,ER+/HER2- Low Prolif,Died of Other Causes
MB-4721,brca_metabric,,,,,,,,,,,,,,,,,,,,,,,23.7333333333333,1:DECEASED,,,,,,,,,,,,,1,Female,,,66.39,MASTECTOMY,Moderate,NO,LumA,3,Positve,NEUTRAL,Lobular,YES,Post,8,Left,5,4.12,YES,20.5333333333333,1:Recurred,ER+/HER2- Low Prolif,Died of Disease
MB-4722,brca_metabric,,,,,,,,,,,,,,,,,,,,,,,86.1,0:LIVING,,,,,,,,,,,,,1,Female,,,64.02,MASTECTOMY,High,NO,LumA,3,,NEUTRAL,Ductal/NST,NO,Post,8,Left,0,3.05,NO,86.1,0:Not Recurred,ER+/HER2- Low Prolif,Living
MB-4723,brca_metabric,,,,,,,,,,,,,,,,,,,,,,,211.966666666667,0:LIVING,,,,,,,,,,,,,1,Female,,,64.76,MASTECTOMY,Moderate,NO,LumB,3,Positve,GAIN,Ductal/NST,NO,Post,1,Left,0,4.03,YES,211.966666666667,0:Not Recurred,ER+/HER2- High Prolif,Living
MB-4724,brca_metabric,,,,,,,,,,,,,,,,,,,,,,,146.066666666667,0:LIVING,,,,,,,,,,,,,1,Female,,,60.44,BREAST CONSERVING,High,NO,Her2,3,Negative,GAIN,Ductal/NST,NO,Post,4ER-,Left,0,4.04,YES,146.066666666667,0:Not Recurred,HER2+,Living
MB-4725,brca_metabric,,,,,,,,,,,,,,,,,,,,,,,98.7666666666667,1:DECEASED,,,,,,,,,,,,,1,Female,,,65.83,MASTECTOMY,Moderate,NO,Her2,3,Positve,GAIN,Ductal/NST,YES,Post,5,Left,1,5.052,NO,74.0333333333333,1:Recurred,HER2+,Died of Disease
MB-4729,brca_metabric,,,,,,,,,,,,,,,,,,,,,,,28,1:DECEASED,,,,,,,,,,,,,1,Female,,,75.41,BREAST CONSERVING,Moderate,NO,LumA,3,Positve,GAIN,Ductal/NST,YES,Post,5,Right,1,5.05,YES,28,0:Not Recurred,HER2+,Died of Other Causes
MB-4730,brca_metabric,,,,,,,,,,,,,,,,,,,,,,,131.3,1:DECEASED,,,,,,,,,,,,,1,Female,,,51.29,MASTECTOMY,High,NO,LumA,3,Positve,NEUTRAL,Mixed,NO,Post,8,Right,0,4.136,NO,131.3,0:Not Recurred,ER+/HER2- Low Prolif,Died of Other Causes
MB-4731,brca_metabric,,,,,,,,,,,,,,,,,,,,,,,44.8666666666667,1:DECEASED,,,,,,,,,,,,,1,Female,,,49.43,MASTECTOMY,High,YES,Her2,3,Negative,GAIN,Ductal/NST,NO,Pre,5,Left,1,5.12,NO,33.7333333333333,1:Recurred,HER2+,Died of Disease
MB-4732,brca_metabric,,,,,,,,,,,,,,,,,,,,,,,149.866666666667,0:LIVING,,,,,,,,,,,,,1,Female,,,26.72,BREAST CONSERVING,High,YES,Basal,3,Negative,NEUTRAL,Ductal/NST,NO,Pre,10,Left,3,5.09,YES,149.866666666667,0:Not Recurred,ER-/HER2-,Living
MB-4733,brca_metabric,,,,,,,,,,,,,,,,,,,,,,,19.7333333333333,1:DECEASED,,,,,,,,,,,,,1,Female,,,56.27,BREAST CONSERVING,Moderate,YES,claudin-low,3,Negative,NEUTRAL,Ductal/NST,YES,Post,4ER-,Left,4,6.036,YES,10.2666666666667,1:Recurred,ER-/HER2-,Died of Disease
MB-4735,brca_metabric,,,,,,,,,,,,,,,,,,,,,,,297.8,0:LIVING,,,,,,,,,,,,,1,Female,,,54.18,MASTECTOMY,Moderate,NO,LumA,3,Positve,NEUTRAL,Ductal/NST,NO,Post,8,Left,0,3.08,NO,133.466666666667,1:Recurred,ER+/HER2- Low Prolif,Living
MB-4737,brca_metabric,,,,,,,,,,,,,,,,,,,,,,,122.2,0:LIVING,,,,,,,,,,,,,1,Female,,,52.29,MASTECTOMY,Moderate,NO,LumB,3,Positve,LOSS,Ductal/NST,YES,Post,1,Left,1,5.092,NO,122.2,0:Not Recurred,ER+/HER2- High Prolif,Living
MB-4738,brca_metabric,,,,,,,,,,,,,,,,,,,,,,,176.066666666667,0:LIVING,,,,,,,,,,,,,1,Female,,,42.27,MASTECTOMY,Low,NO,Normal,3,Positve,NEUTRAL,Mixed,NO,Pre,3,Left,0,3.04,NO,176.066666666667,0:Not Recurred,ER+/HER2- Low Prolif,Living
MB-4739,brca_metabric,,,,,,,,,,,,,,,,,,,,,,,161.666666666667,1:DECEASED,,,,,,,,,,,,,1,Female,,,56.08,BREAST CONSERVING,High,NO,LumA,3,Positve,NEUTRAL,Mixed,NO,Post,3,Right,0,3.03,YES,32.5333333333333,1:Recurred,ER+/HER2- Low Prolif,Died of Other Causes
MB-4741,brca_metabric,,,,,,,,,,,,,,,,,,,,,,,56.5,1:DECEASED,,,,,,,,,,,,,1,Female,,,53.02,MASTECTOMY,High,NO,LumB,3,Positve,NEUTRAL,Lobular,YES,Post,8,Left,1,4.04,NO,22.2,1:Recurred,ER+/HER2- Low Prolif,Died of Disease
MB-4742,brca_metabric,,,,,,,,,,,,,,,,,,,,,,,83.1333333333333,1:DECEASED,,,,,,,,,,,,,1,Female,,,76.42,MASTECTOMY,Moderate,NO,LumA,3,Positve,NEUTRAL,Mixed,YES,Post,8,Left,5,3.07,NO,53.7333333333333,1:Recurred,ER+/HER2- Low Prolif,Died of Other Causes
MB-4743,brca_metabric,,,,,,,,,,,,,,,,,,,,,,,230.166666666667,0:LIVING,,,,,,,,,,,,,1,Female,,,52.61,MASTECTOMY,Moderate,NO,Normal,3,Positve,NEUTRAL,Mixed,NO,Post,4ER+,Left,0,3.03,NO,145.6,1:Recurred,ER+/HER2- Low Prolif,Living
MB-4744,brca_metabric,,,,,,,,,,,,,,,,,,,,,,,153,1:DECEASED,,,,,,,,,,,,,1,Female,,,64.21,BREAST CONSERVING,High,NO,LumB,3,Positve,NEUTRAL,Ductal/NST,YES,Post,8,Right,2,5.032,YES,76.3,1:Recurred,,Died of Disease
MB-4745,brca_metabric,,,,,,,,,,,,,,,,,,,,,,,42.6666666666667,1:DECEASED,,,,,,,,,,,,,1,Female,,,50.08,BREAST CONSERVING,Moderate,YES,Her2,3,Negative,GAIN,Ductal/NST,NO,Post,5,Right,1,5.074,YES,30.0666666666667,1:Recurred,HER2+,Died of Disease
MB-4746,brca_metabric,,,,,,,,,,,,,,,,,,,,,,,244.433333333333,0:LIVING,,,,,,,,,,,,,1,Female,,,38.1,MASTECTOMY,Low,YES,Normal,3,Negative,NEUTRAL,Ductal/NST,NO,Pre,3,Right,3,5.09,NO,244.433333333333,0:Not Recurred,ER+/HER2- High Prolif,Living
MB-4749,brca_metabric,,,,,,,,,,,,,,,,,,,,,,,51.4666666666667,1:DECEASED,,,,,,,,,,,,,1,Female,,,70.57,MASTECTOMY,Moderate,NO,LumA,3,Positve,NEUTRAL,Mixed,NO,Post,8,Left,0,4.044,NO,51.4666666666667,0:Not Recurred,ER+/HER2- High Prolif,Died of Other Causes
MB-4750,brca_metabric,,,,,,,,,,,,,,,,,,,,,,,37.7333333333333,1:DECEASED,,,,,,,,,,,,,1,Female,,,73.21,MASTECTOMY,Low,NO,LumB,3,Positve,NEUTRAL,Ductal/NST,YES,Post,8,Right,1,4.05,NO,37.0666666666667,1:Recurred,ER+/HER2- High Prolif,Died of Disease
MB-4752,brca_metabric,,,,,,,,,,,,,,,,,,,,,,,125.266666666667,1:DECEASED,,,,,,,,,,,,,1,Female,,,63.7,MASTECTOMY,High,NO,LumA,3,Positve,NEUTRAL,Ductal/NST,YES,Post,6,Right,1,4.12,NO,74.6666666666667,1:Recurred,ER+/HER2- Low Prolif,Died of Disease
MB-4757,brca_metabric,,,,,,,,,,,,,,,,,,,,,,,27.4,1:DECEASED,,,,,,,,,,,,,1,Female,,,38.93,MASTECTOMY,High,YES,Basal,3,Negative,NEUTRAL,Ductal/NST,NO,Pre,10,Left,3,5.02,NO,10.2666666666667,1:Recurred,ER-/HER2-,Died of Disease
MB-4758,brca_metabric,,,,,,,,,,,,,,,,,,,,,,,211.933333333333,0:LIVING,,,,,,,,,,,,,1,Female,,,45.77,BREAST CONSERVING,Moderate,NO,Basal,3,Negative,NEUTRAL,Ductal/NST,NO,Pre,10,Right,0,4.02,YES,211.933333333333,0:Not Recurred,ER-/HER2-,Living
MB-4760,brca_metabric,,,,,,,,,,,,,,,,,,,,,,,124.8,1:DECEASED,,,,,,,,,,,,,1,Female,,,48.41,MASTECTOMY,Moderate,NO,LumA,3,Positve,NEUTRAL,Ductal/NST,YES,Pre,4ER+,Right,1,2.03,NO,98.3666666666667,1:Recurred,ER+/HER2- Low Prolif,Died of Disease
MB-4762,brca_metabric,,,,,,,,,,,,,,,,,,,,,,,252.1,0:LIVING,,,,,,,,,,,,,1,Female,,,67.82,BREAST CONSERVING,High,NO,LumA,3,Positve,NEUTRAL,Tubular/ cribriform,NO,Post,7,Right,0,3.03,YES,252.1,0:Not Recurred,ER+/HER2- Low Prolif,Living
MB-4763,brca_metabric,,,,,,,,,,,,,,,,,,,,,,,102.1,0:LIVING,,,,,,,,,,,,,1,Female,,,44.07,BREAST CONSERVING,Moderate,YES,Her2,3,Negative,GAIN,Ductal/NST,NO,Pre,5,Right,1,5.06,YES,102.1,0:Not Recurred,HER2+,Living
MB-4764,brca_metabric,,,,,,,,,,,,,,,,,,,,,,,245.5,0:LIVING,,,,,,,,,,,,,1,Female,,,57.95,MASTECTOMY,Moderate,NO,LumA,3,Positve,NEUTRAL,Lobular,YES,Post,3,Left,0,4.1,YES,245.5,0:Not Recurred,ER+/HER2- Low Prolif,Living
MB-4767,brca_metabric,,,,,,,,,,,,,,,,,,,,,,,47.1333333333333,1:DECEASED,,,,,,,,,,,,,1,Female,,,74.86,MASTECTOMY,High,NO,LumB,3,Positve,LOSS,Ductal/NST,YES,Post,9,Left,1,5.08,NO,41.7666666666667,1:Recurred,ER+/HER2- High Prolif,Died of Disease
MB-4769,brca_metabric,,,,,,,,,,,,,,,,,,,,,,,21.7,1:DECEASED,,,,,,,,,,,,,1,Female,,,65.86,BREAST CONSERVING,High,NO,Basal,3,Negative,NEUTRAL,Ductal/NST,NO,Post,1,Left,0,4.07,YES,7.66666666666667,1:Recurred,ER-/HER2-,Died of Disease
MB-4770,brca_metabric,,,,,,,,,,,,,,,,,,,,,,,152.066666666667,1:DECEASED,,,,,,,,,,,,,1,Female,,,70.22,MASTECTOMY,High,NO,Her2,3,Negative,GAIN,Ductal/NST,NO,Post,10,Left,0,4.026,NO,152.066666666667,0:Not Recurred,ER-/HER2-,Died of Other Causes
MB-4771,brca_metabric,,,,,,,,,,,,,,,,,,,,,,,297.233333333333,0:LIVING,,,,,,,,,,,,,1,Female,,,47.86,BREAST CONSERVING,Moderate,NO,LumA,3,Positve,NEUTRAL,Ductal/NST,NO,Pre,8,Left,0,3.06,YES,297.233333333333,0:Not Recurred,ER+/HER2- Low Prolif,Living
MB-4778,brca_metabric,,,,,,,,,,,,,,,,,,,,,,,206.133333333333,1:DECEASED,,,,,,,,,,,,,1,Female,,,78.62,MASTECTOMY,Moderate,NO,LumA,3,Positve,NEUTRAL,Mixed,NO,Post,4ER+,Left,0,3.05,NO,206.133333333333,0:Not Recurred,ER+/HER2- Low Prolif,Died of Other Causes
MB-4779,brca_metabric,,,,,,,,,,,,,,,,,,,,,,,101.566666666667,0:LIVING,,,,,,,,,,,,,1,Female,,,53.39,BREAST CONSERVING,Moderate,NO,LumA,3,Positve,NEUTRAL,Ductal/NST,YES,Post,3,Right,2,4.026,YES,101.566666666667,0:Not Recurred,ER+/HER2- Low Prolif,Living
MB-4782,brca_metabric,,,,,,,,,,,,,,,,,,,,,,,251.066666666667,0:LIVING,,,,,,,,,,,,,1,Female,,,43.85,MASTECTOMY,,NO,Normal,3,,NEUTRAL,Ductal/NST,NO,Pre,4ER+,Right,0,5,NO,251.066666666667,0:Not Recurred,ER-/HER2-,Living
MB-4784,brca_metabric,,,,,,,,,,,,,,,,,,,,,,,145.733333333333,1:DECEASED,,,,,,,,,,,,,1,Female,,,63.35,MASTECTOMY,Moderate,NO,Normal,3,Positve,NEUTRAL,Ductal/NST,YES,Post,1,Right,0,4.04,NO,145.733333333333,0:Not Recurred,ER+/HER2- Low Prolif,Died of Other Causes
MB-4785,brca_metabric,,,,,,,,,,,,,,,,,,,,,,,121.666666666667,1:DECEASED,,,,,,,,,,,,,1,Female,,,75.46,BREAST CONSERVING,High,NO,LumA,3,Positve,LOSS,Ductal/NST,NO,Post,8,Left,0,3.056,YES,65.3333333333333,1:Recurred,ER+/HER2- Low Prolif,Died of Disease
MB-4787,brca_metabric,,,,,,,,,,,,,,,,,,,,,,,81.0666666666667,1:DECEASED,,,,,,,,,,,,,1,Female,,,68.85,MASTECTOMY,Moderate,NO,LumA,3,Positve,GAIN,Ductal/NST,NO,Post,6,Right,0,3.06,NO,81.0666666666667,0:Not Recurred,ER+/HER2- High Prolif,Died of Other Causes
MB-4790,brca_metabric,,,,,,,,,,,,,,,,,,,,,,,70.4666666666667,1:DECEASED,,,,,,,,,,,,,1,Female,,,43.73,MASTECTOMY,Moderate,NO,LumA,3,Positve,GAIN,Ductal/NST,NO,Pre,7,Left,0,3.056,NO,29.3,1:Recurred,ER+/HER2- High Prolif,Died of Disease
MB-4791,brca_metabric,,,,,,,,,,,,,,,,,,,,,,,173.833333333333,1:DECEASED,,,,,,,,,,,,,1,Female,,,83.49,MASTECTOMY,Moderate,NO,LumB,3,Positve,NEUTRAL,Ductal/NST,NO,Post,4ER+,Left,0,2.04,NO,173.833333333333,0:Not Recurred,ER+/HER2- High Prolif,Died of Other Causes
MB-4792,brca_metabric,,,,,,,,,,,,,,,,,,,,,,,40.6333333333333,1:DECEASED,,,,,,,,,,,,,1,Female,,,49.92,BREAST CONSERVING,Low,YES,Basal,3,Negative,NEUTRAL,Ductal/NST,NO,Pre,10,Right,2,5.04,YES,35.5666666666667,1:Recurred,ER-/HER2-,Died of Disease
MB-4793,brca_metabric,,,,,,,,,,,,,,,,,,,,,,,83.3666666666667,1:DECEASED,,,,,,,,,,,,,1,Female,,,72.49,BREAST CONSERVING,High,NO,Basal,3,Negative,NEUTRAL,Ductal/NST,NO,Post,10,Left,0,4.1,YES,83.3666666666667,0:Not Recurred,,Died of Other Causes
MB-4794,brca_metabric,,,,,,,,,,,,,,,,,,,,,,,45.5,1:DECEASED,,,,,,,,,,,,,1,Female,,,89,MASTECTOMY,High,NO,LumA,3,Positve,NEUTRAL,Ductal/NST,YES,Post,7,Left,3,2.07,NO,45.5,0:Not Recurred,ER+/HER2- High Prolif,Died of Other Causes
MB-4796,brca_metabric,,,,,,,,,,,,,,,,,,,,,,,128.266666666667,0:LIVING,,,,,,,,,,,,,1,Female,,,53.18,MASTECTOMY,High,NO,LumB,3,Positve,GAIN,Ductal/NST,NO,Post,5,Right,0,3.05,NO,9.06666666666667,1:Recurred,HER2+,Living
MB-4797,brca_metabric,,,,,,,,,,,,,,,,,,,,,,,99.3666666666667,1:DECEASED,,,,,,,,,,,,,1,Female,,,81.06,MASTECTOMY,High,NO,LumA,3,Positve,GAIN,Lobular,YES,Post,2,Right,0,3.04,YES,99.3666666666667,0:Not Recurred,ER+/HER2- High Prolif,Died of Other Causes
MB-4798,brca_metabric,,,,,,,,,,,,,,,,,,,,,,,257.166666666667,0:LIVING,,,,,,,,,,,,,1,Female,,,44.51,BREAST CONSERVING,High,NO,Normal,3,Positve,NEUTRAL,Lobular,NO,Pre,3,Right,0,3.05,YES,257.166666666667,0:Not Recurred,,Living
MB-4800,brca_metabric,,,,,,,,,,,,,,,,,,,,,,,110.933333333333,1:DECEASED,,,,,,,,,,,,,1,Female,,,61.3,MASTECTOMY,Moderate,NO,LumA,3,Positve,GAIN,Ductal/NST,NO,Post,6,Right,0,4.05,NO,27.2,1:Recurred,ER+/HER2- High Prolif,Died of Disease
MB-4801,brca_metabric,,,,,,,,,,,,,,,,,,,,,,,130.366666666667,1:DECEASED,,,,,,,,,,,,,1,Female,,,65.83,MASTECTOMY,Moderate,NO,LumA,3,Positve,NEUTRAL,Ductal/NST,YES,Post,8,Left,7,6.07,YES,130.366666666667,0:Not Recurred,ER+/HER2- High Prolif,Died of Other Causes
MB-4802,brca_metabric,,,,,,,,,,,,,,,,,,,,,,,43.9,1:DECEASED,,,,,,,,,,,,,1,Female,,,71.67,MASTECTOMY,Moderate,NO,LumB,3,,NEUTRAL,Ductal/NST,NO,Post,8,Right,0,3.08,NO,24.3666666666667,1:Recurred,ER+/HER2- High Prolif,Died of Disease
MB-4805,brca_metabric,,,,,,,,,,,,,,,,,,,,,,,129.8,1:DECEASED,,,,,,,,,,,,,1,Female,,,45.39,MASTECTOMY,Moderate,NO,LumA,3,Positve,NEUTRAL,Ductal/NST,YES,Pre,7,Left,0,4.07,NO,49,1:Recurred,ER+/HER2- High Prolif,Died of Disease
MB-4806,brca_metabric,,,,,,,,,,,,,,,,,,,,,,,201.766666666667,1:DECEASED,,,,,,,,,,,,,1,Female,,,49.77,MASTECTOMY,Moderate,NO,LumA,3,Positve,NEUTRAL,Ductal/NST,YES,Pre,3,Left,1,4.02,NO,201.766666666667,0:Not Recurred,ER+/HER2- Low Prolif,Died of Other Causes
MB-4809,brca_metabric,,,,,,,,,,,,,,,,,,,,,,,286.066666666667,0:LIVING,,,,,,,,,,,,,1,Female,,,43.77,MASTECTOMY,High,NO,Basal,3,Negative,GAIN,Ductal/NST,NO,Pre,10,Left,0,4.028,NO,286.066666666667,0:Not Recurred,ER-/HER2-,Living
MB-4814,brca_metabric,,,,,,,,,,,,,,,,,,,,,,,73.4666666666667,1:DECEASED,,,,,,,,,,,,,1,Female,,,39.92,MASTECTOMY,Moderate,NO,Normal,3,Positve,NEUTRAL,Ductal/NST,NO,Pre,4ER+,Right,0,3.1,NO,53.7666666666667,1:Recurred,ER+/HER2- Low Prolif,Died of Disease
MB-4818,brca_metabric,,,,,,,,,,,,,,,,,,,,,,,76.2333333333333,1:DECEASED,,,,,,,,,,,,,1,Female,,,75.74,MASTECTOMY,High,NO,LumB,3,Positve,NEUTRAL,Mixed,YES,Post,3,Left,1,4.114,YES,76.2333333333333,0:Not Recurred,ER+/HER2- Low Prolif,Died of Other Causes
MB-4820,brca_metabric,,,,,,,,,,,,,,,,,,,,,,,57.3,1:DECEASED,,,,,,,,,,,,,1,Female,,,67.19,,High,NO,LumA,3,Positve,NEUTRAL,Ductal/NST,YES,Post,2,Left,2,2.032,YES,50.6333333333333,1:Recurred,ER+/HER2- Low Prolif,Died of Disease
MB-4822,brca_metabric,,,,,,,,,,,,,,,,,,,,,,,91.6333333333333,1:DECEASED,,,,,,,,,,,,,1,Female,,,76.88,MASTECTOMY,Moderate,NO,LumA,3,Positve,NEUTRAL,Mixed,NO,Post,4ER+,Left,0,3.02,NO,90.6333333333333,1:Recurred,ER+/HER2- Low Prolif,Died of Disease
MB-4823,brca_metabric,,,,,,,,,,,,,,,,,,,,,,,282.3,1:DECEASED,,,,,,,,,,,,,1,Female,,,64.15,MASTECTOMY,,NO,Her2,3,Positve,GAIN,,NO,Post,5,Left,,3.002,NO,282.3,0:Not Recurred,HER2+,Died of Other Causes
MB-4825,brca_metabric,,,,,,,,,,,,,,,,,,,,,,,214.433333333333,1:DECEASED,,,,,,,,,,,,,1,Female,,,65.93,MASTECTOMY,Moderate,NO,LumA,3,Positve,NEUTRAL,Ductal/NST,NO,Post,8,Left,0,3.02,NO,214.433333333333,0:Not Recurred,ER+/HER2- Low Prolif,Died of Other Causes
MB-4827,brca_metabric,,,,,,,,,,,,,,,,,,,,,,,45.7,1:DECEASED,,,,,,,,,,,,,1,Female,,,78.54,MASTECTOMY,High,NO,LumA,3,Positve,NEUTRAL,Tubular/ cribriform,YES,Post,3,Left,0,3.044,NO,45.7,0:Not Recurred,ER+/HER2- Low Prolif,Died of Other Causes
MB-4828,brca_metabric,,,,,,,,,,,,,,,,,,,,,,,42.5,1:DECEASED,,,,,,,,,,,,,1,Female,,,78.87,MASTECTOMY,High,NO,LumB,3,Positve,NEUTRAL,Lobular,YES,Post,1,Left,2,5.16,YES,22.3333333333333,1:Recurred,ER-/HER2-,Died of Disease
MB-4829,brca_metabric,,,,,,,,,,,,,,,,,,,,,,,176.266666666667,1:DECEASED,,,,,,,,,,,,,1,Female,,,83.27,BREAST CONSERVING,Moderate,NO,LumB,3,Positve,NEUTRAL,Mixed,YES,Post,7,Left,1,2.02,YES,176.266666666667,0:Not Recurred,ER+/HER2- High Prolif,Died of Other Causes
MB-4832,brca_metabric,,,,,,,,,,,,,,,,,,,,,,,141.733333333333,1:DECEASED,,,,,,,,,,,,,1,Female,,,45.44,BREAST CONSERVING,Moderate,NO,LumA,3,Positve,NEUTRAL,Ductal/NST,NO,Pre,3,Left,0,2.022,YES,127.533333333333,1:Recurred,ER+/HER2- Low Prolif,Died of Disease
MB-4834,brca_metabric,,,,,,,,,,,,,,,,,,,,,,,36.1666666666667,1:DECEASED,,,,,,,,,,,,,1,Female,,,49.61,MASTECTOMY,High,NO,LumB,3,Positve,LOSS,Ductal/NST,YES,Pre,1,Left,2,5.05,YES,27.4666666666667,1:Recurred,ER+/HER2- High Prolif,Died of Disease
MB-4836,brca_metabric,,,,,,,,,,,,,,,,,,,,,,,23.4333333333333,1:DECEASED,,,,,,,,,,,,,1,Female,,,55.66,BREAST CONSERVING,Moderate,NO,Her2,3,Positve,NEUTRAL,Ductal/NST,NO,Post,4ER+,Left,0,4.032,YES,14.3333333333333,1:Recurred,ER+/HER2- High Prolif,Died of Disease
MB-4838,brca_metabric,,,,,,,,,,,,,,,,,,,,,,,200.766666666667,1:DECEASED,,,,,,,,,,,,,1,Female,,,74.39,BREAST CONSERVING,High,NO,LumB,3,Positve,GAIN,Ductal/NST,YES,Post,8,Right,0,3.198,YES,200.766666666667,0:Not Recurred,,Died of Other Causes
MB-4839,brca_metabric,,,,,,,,,,,,,,,,,,,,,,,299.4,0:LIVING,,,,,,,,,,,,,1,Female,,,67.26,MASTECTOMY,Moderate,NO,LumB,3,,NEUTRAL,Ductal/NST,NO,Post,3,Left,0,1.024,NO,132.9,1:Recurred,ER+/HER2- High Prolif,Living
MB-4843,brca_metabric,,,,,,,,,,,,,,,,,,,,,,,265.133333333333,0:LIVING,,,,,,,,,,,,,1,Female,,,54.35,MASTECTOMY,Moderate,NO,LumA,3,Positve,NEUTRAL,Ductal/NST,YES,Post,8,Left,0,2.06,NO,265.133333333333,0:Not Recurred,ER+/HER2- Low Prolif,Living
MB-4845,brca_metabric,,,,,,,,,,,,,,,,,,,,,,,25.4666666666667,1:DECEASED,,,,,,,,,,,,,1,Female,,,86.75,MASTECTOMY,Moderate,NO,LumA,3,Positve,NEUTRAL,Ductal/NST,YES,Post,8,Left,19,3.04,NO,4.23333333333333,1:Recurred,ER+/HER2- Low Prolif,Died of Disease
MB-4846,brca_metabric,,,,,,,,,,,,,,,,,,,,,,,101.633333333333,1:DECEASED,,,,,,,,,,,,,1,Female,,,63.07,BREAST CONSERVING,Low,NO,LumB,3,Positve,GAIN,Lobular,YES,Post,5,Right,0,3.05,YES,26.1666666666667,1:Recurred,HER2+,Died of Disease
MB-4849,brca_metabric,,,,,,,,,,,,,,,,,,,,,,,45.3333333333333,1:DECEASED,,,,,,,,,,,,,1,Female,,,81.52,MASTECTOMY,Moderate,NO,LumA,3,Positve,NEUTRAL,Ductal/NST,YES,Post,8,Left,0,4.06,NO,11,1:Recurred,ER+/HER2- High Prolif,Died of Disease
MB-4851,brca_metabric,,,,,,,,,,,,,,,,,,,,,,,90.2666666666667,1:DECEASED,,,,,,,,,,,,,1,Female,,,73.95,MASTECTOMY,Moderate,NO,LumA,3,Positve,NEUTRAL,Ductal/NST,YES,Post,2,Right,1,4.05,NO,86.5666666666667,1:Recurred,ER+/HER2- High Prolif,Died of Disease
MB-4853,brca_metabric,,,,,,,,,,,,,,,,,,,,,,,265.933333333333,0:LIVING,,,,,,,,,,,,,1,Female,,,62.35,BREAST CONSERVING,Moderate,NO,LumA,3,Positve,NEUTRAL,Lobular,NO,Post,8,Left,0,3.032,NO,31.1666666666667,1:Recurred,ER+/HER2- Low Prolif,Living
MB-4855,brca_metabric,,,,,,,,,,,,,,,,,,,,,,,41.4666666666667,1:DECEASED,,,,,,,,,,,,,1,Female,,,74.8,MASTECTOMY,High,NO,LumA,3,Positve,NEUTRAL,Ductal/NST,YES,Post,7,Left,2,5.06,NO,31.6666666666667,1:Recurred,ER+/HER2- Low Prolif,Died of Other Causes
MB-4858,brca_metabric,,,,,,,,,,,,,,,,,,,,,,,129.333333333333,1:DECEASED,,,,,,,,,,,,,1,Female,,,74.56,MASTECTOMY,High,NO,LumA,3,Positve,GAIN,Ductal/NST,NO,Post,5,Right,0,4.03,NO,129.333333333333,0:Not Recurred,HER2+,Died of Other Causes
MB-4859,brca_metabric,,,,,,,,,,,,,,,,,,,,,,,157.8,1:DECEASED,,,,,,,,,,,,,1,Female,,,74.29,BREAST CONSERVING,Low,NO,claudin-low,3,Positve,NEUTRAL,Ductal/NST,NO,Post,4ER+,Right,0,3.034,YES,157.8,0:Not Recurred,ER-/HER2-,Died of Other Causes
MB-4860,brca_metabric,,,,,,,,,,,,,,,,,,,,,,,234.6,0:LIVING,,,,,,,,,,,,,1,Female,,,44.95,BREAST CONSERVING,Low,NO,LumA,3,Positve,NEUTRAL,Lobular,NO,Pre,3,Right,0,3.02,YES,37.5666666666667,1:Recurred,ER+/HER2- Low Prolif,Living
MB-4862,brca_metabric,,,,,,,,,,,,,,,,,,,,,,,187.3,0:LIVING,,,,,,,,,,,,,1,Female,,,64.32,BREAST CONSERVING,High,NO,LumB,3,Positve,NEUTRAL,Ductal/NST,YES,Post,1,Left,0,4.046,YES,187.3,0:Not Recurred,ER+/HER2- High Prolif,Living
MB-4865,brca_metabric,,,,,,,,,,,,,,,,,,,,,,,229.9,0:LIVING,,,,,,,,,,,,,1,Female,,,50.7,MASTECTOMY,Low,NO,claudin-low,3,Negative,NEUTRAL,Ductal/NST,NO,Post,10,Right,0,4.07,NO,229.9,0:Not Recurred,ER-/HER2-,Living
MB-4866,brca_metabric,,,,,,,,,,,,,,,,,,,,,,,224.3,0:LIVING,,,,,,,,,,,,,1,Female,,,43.86,MASTECTOMY,High,NO,LumA,3,Positve,GAIN,Ductal/NST,NO,Pre,4ER+,Right,0,2.04,NO,224.3,0:Not Recurred,HER2+,Living
MB-4867,brca_metabric,,,,,,,,,,,,,,,,,,,,,,,221.9,0:LIVING,,,,,,,,,,,,,1,Female,,,47.03,MASTECTOMY,Moderate,NO,LumA,3,Positve,NEUTRAL,Ductal/NST,NO,Pre,3,Left,0,3.05,NO,221.9,0:Not Recurred,ER+/HER2- Low Prolif,Living
MB-4869,brca_metabric,,,,,,,,,,,,,,,,,,,,,,,29.3,1:DECEASED,,,,,,,,,,,,,1,Female,,,67.12,MASTECTOMY,High,NO,LumA,3,Positve,NEUTRAL,Ductal/NST,YES,Post,8,Left,2,4.06,NO,28.0333333333333,1:Recurred,ER+/HER2- Low Prolif,Died of Disease
MB-4870,brca_metabric,,,,,,,,,,,,,,,,,,,,,,,229.066666666667,0:LIVING,,,,,,,,,,,,,1,Female,,,57.33,BREAST CONSERVING,Low,NO,LumA,3,Positve,NEUTRAL,Ductal/NST,NO,Post,3,Right,0,2.05,YES,228.233333333333,1:Recurred,ER+/HER2- Low Prolif,Living
MB-4871,brca_metabric,,,,,,,,,,,,,,,,,,,,,,,39.8,1:DECEASED,,,,,,,,,,,,,1,Female,,,74.53,MASTECTOMY,High,NO,Normal,3,Negative,GAIN,Ductal/NST,NO,Post,5,Left,0,3.08,NO,37.1,1:Recurred,HER2+,Died of Disease
MB-4872,brca_metabric,,,,,,,,,,,,,,,,,,,,,,,157.1,0:LIVING,,,,,,,,,,,,,1,Female,,,58.69,MASTECTOMY,Moderate,NO,LumA,3,Positve,NEUTRAL,Lobular,YES,Post,3,Right,1,4.04,NO,110.066666666667,1:Recurred,ER+/HER2- Low Prolif,Living
MB-4873,brca_metabric,,,,,,,,,,,,,,,,,,,,,,,117.666666666667,1:DECEASED,,,,,,,,,,,,,1,Female,,,64.47,MASTECTOMY,Moderate,NO,LumB,3,Positve,NEUTRAL,Ductal/NST,YES,Post,8,Right,14,5.06,YES,89.6333333333333,1:Recurred,,Died of Disease
MB-4876,brca_metabric,,,,,,,,,,,,,,,,,,,,,,,150.6,1:DECEASED,,,,,,,,,,,,,1,Female,,,42.45,BREAST CONSERVING,Low,NO,claudin-low,3,Positve,NEUTRAL,Lobular,NO,Pre,4ER+,Left,0,3.056,YES,125.533333333333,1:Recurred,ER-/HER2-,Died of Disease
MB-4878,brca_metabric,,,,,,,,,,,,,,,,,,,,,,,22.4666666666667,1:DECEASED,,,,,,,,,,,,,1,Female,,,79.35,MASTECTOMY,Moderate,NO,LumA,3,Positve,GAIN,Ductal/NST,NO,Post,5,Left,0,3.05,NO,18.3666666666667,1:Recurred,HER2+,Died of Disease
MB-4879,brca_metabric,,,,,,,,,,,,,,,,,,,,,,,79.9666666666667,1:DECEASED,,,,,,,,,,,,,1,Female,,,49.34,BREAST CONSERVING,High,NO,Her2,3,,GAIN,Ductal/NST,NO,Pre,5,Right,0,4.036,YES,79.9666666666667,0:Not Recurred,HER2+,Died of Other Causes
MB-4880,brca_metabric,,,,,,,,,,,,,,,,,,,,,,,210.966666666667,0:LIVING,,,,,,,,,,,,,1,Female,,,69.68,MASTECTOMY,High,NO,Basal,3,,NEUTRAL,Ductal/NST,NO,Post,9,Right,0,4.054,NO,86.4,1:Recurred,ER-/HER2-,Living
MB-4881,brca_metabric,,,,,,,,,,,,,,,,,,,,,,,274.2,0:LIVING,,,,,,,,,,,,,1,Female,,,37.05,BREAST CONSERVING,High,NO,Basal,3,Negative,NEUTRAL,Ductal/NST,NO,Pre,10,Left,0,4.07,YES,274.2,0:Not Recurred,ER-/HER2-,Living
MB-4882,brca_metabric,,,,,,,,,,,,,,,,,,,,,,,266.1,1:DECEASED,,,,,,,,,,,,,1,Female,,,76.71,MASTECTOMY,Low,NO,LumA,3,,NEUTRAL,Ductal/NST,NO,Post,3,Right,0,2.014,NO,266.1,0:Not Recurred,ER+/HER2- Low Prolif,Died of Other Causes
MB-4883,brca_metabric,,,,,,,,,,,,,,,,,,,,,,,268.9,0:LIVING,,,,,,,,,,,,,1,Female,,,57.93,BREAST CONSERVING,Moderate,NO,LumA,3,,NEUTRAL,Ductal/NST,NO,Post,7,Right,0,3.04,YES,268.9,0:Not Recurred,ER+/HER2- Low Prolif,Living
MB-4886,brca_metabric,,,,,,,,,,,,,,,,,,,,,,,48.1666666666667,1:DECEASED,,,,,,,,,,,,,1,Female,,,43.42,MASTECTOMY,Moderate,YES,Her2,3,Negative,GAIN,Ductal/NST,NO,Pre,5,Right,1,5.09,NO,31.5,1:Recurred,HER2+,Died of Disease
MB-4887,brca_metabric,,,,,,,,,,,,,,,,,,,,,,,35.4,1:DECEASED,,,,,,,,,,,,,1,Female,,,52.09,MASTECTOMY,Moderate,NO,Normal,3,Positve,GAIN,Ductal/NST,YES,Post,4ER+,Right,3,5.066,NO,9.16666666666667,1:Recurred,ER+/HER2- Low Prolif,Died of Disease
MB-4888,brca_metabric,,,,,,,,,,,,,,,,,,,,,,,230.5,0:LIVING,,,,,,,,,,,,,1,Female,,,63.95,BREAST CONSERVING,High,NO,claudin-low,3,Negative,NEUTRAL,Ductal/NST,NO,Post,4ER-,Right,0,4.032,YES,230.5,0:Not Recurred,ER-/HER2-,Living
MB-4893,brca_metabric,,,,,,,,,,,,,,,,,,,,,,,176.7,0:LIVING,,,,,,,,,,,,,1,Female,,,33.04,MASTECTOMY,Low,YES,claudin-low,3,Negative,NEUTRAL,Ductal/NST,NO,Pre,10,Left,3,5.04,NO,176.7,0:Not Recurred,ER-/HER2-,Living
MB-4894,brca_metabric,,,,,,,,,,,,,,,,,,,,,,,232.4,0:LIVING,,,,,,,,,,,,,1,Female,,,47.71,MASTECTOMY,Moderate,NO,LumA,3,Positve,NEUTRAL,Ductal/NST,NO,Pre,8,Left,0,4.07,NO,232.4,0:Not Recurred,ER+/HER2- High Prolif,Living
MB-4896,brca_metabric,,,,,,,,,,,,,,,,,,,,,,,64.8666666666667,1:DECEASED,,,,,,,,,,,,,1,Female,,,41.53,MASTECTOMY,Low,NO,Basal,3,Negative,GAIN,Ductal/NST,NO,Pre,5,Left,0,4.06,NO,16.8,1:Recurred,HER2+,Died of Disease
MB-4897,brca_metabric,,,,,,,,,,,,,,,,,,,,,,,197.433333333333,0:LIVING,,,,,,,,,,,,,1,Female,,,40.04,MASTECTOMY,Low,NO,Normal,3,Positve,NEUTRAL,Mixed,NO,Pre,4ER+,Left,0,2.002,NO,197.433333333333,0:Not Recurred,ER+/HER2- Low Prolif,Living
MB-4898,brca_metabric,,,,,,,,,,,,,,,,,,,,,,,117.9,1:DECEASED,,,,,,,,,,,,,1,Female,,,63.63,BREAST CONSERVING,Moderate,NO,LumA,3,Positve,NEUTRAL,Ductal/NST,NO,Post,7,Left,0,3.02,YES,81,1:Recurred,ER+/HER2- Low Prolif,Died of Disease
MB-4899,brca_metabric,,,,,,,,,,,,,,,,,,,,,,,275.733333333333,0:LIVING,,,,,,,,,,,,,1,Female,,,40.25,BREAST CONSERVING,High,NO,LumA,3,Positve,NEUTRAL,Ductal/NST,NO,Pre,3,Left,0,3.04,YES,125.566666666667,1:Recurred,ER+/HER2- Low Prolif,Living
MB-4900,brca_metabric,,,,,,,,,,,,,,,,,,,,,,,224.6,0:LIVING,,,,,,,,,,,,,1,Female,,,47.61,MASTECTOMY,High,NO,LumB,3,Positve,NEUTRAL,Ductal/NST,YES,Pre,6,Left,0,3.036,NO,224.6,0:Not Recurred,ER+/HER2- High Prolif,Living
MB-4904,brca_metabric,,,,,,,,,,,,,,,,,,,,,,,129.233333333333,1:DECEASED,,,,,,,,,,,,,1,Female,,,64.3,,Moderate,YES,claudin-low,3,Negative,GAIN,Ductal/NST,NO,Post,5,Right,1,5,YES,129.233333333333,0:Not Recurred,HER2+,Died of Other Causes
MB-4906,brca_metabric,,,,,,,,,,,,,,,,,,,,,,,233.866666666667,1:DECEASED,,,,,,,,,,,,,1,Female,,,73.03,MASTECTOMY,Moderate,NO,LumA,3,Positve,NEUTRAL,Ductal/NST,YES,Post,9,Right,2,3.052,NO,233.866666666667,0:Not Recurred,ER+/HER2- High Prolif,Died of Other Causes
MB-4908,brca_metabric,,,,,,,,,,,,,,,,,,,,,,,47.9,1:DECEASED,,,,,,,,,,,,,1,Female,,,69.87,MASTECTOMY,Moderate,NO,LumB,3,Positve,GAIN,Ductal/NST,YES,Post,5,Left,3,5.08,YES,40.9666666666667,1:Recurred,HER2+,Died of Disease
MB-4911,brca_metabric,,,,,,,,,,,,,,,,,,,,,,,31.4333333333333,1:DECEASED,,,,,,,,,,,,,1,Female,,,43.51,MASTECTOMY,High,YES,Basal,3,Negative,NEUTRAL,Ductal/NST,NO,Pre,10,Left,2,5.03,YES,23.4,1:Recurred,ER-/HER2-,Died of Disease
MB-4912,brca_metabric,,,,,,,,,,,,,,,,,,,,,,,50,1:DECEASED,,,,,,,,,,,,,1,Female,,,78.19,BREAST CONSERVING,High,NO,LumB,3,Positve,NEUTRAL,Ductal/NST,YES,Post,8,Right,3,4.056,YES,23.2666666666667,1:Recurred,ER+/HER2- High Prolif,Died of Disease
MB-4925,brca_metabric,,,,,,,,,,,,,,,,,,,,,,,102.766666666667,1:DECEASED,,,,,,,,,,,,,1,Female,,,76.54,MASTECTOMY,Moderate,NO,LumB,3,Positve,NEUTRAL,Ductal/NST,YES,Post,7,Left,1,4.05,NO,102.766666666667,0:Not Recurred,,Died of Other Causes
MB-4928,brca_metabric,,,,,,,,,,,,,,,,,,,,,,,220.033333333333,0:LIVING,,,,,,,,,,,,,1,Female,,,75.2,MASTECTOMY,Moderate,NO,Her2,3,Positve,GAIN,Ductal/NST,YES,Post,5,Right,1,5.044,NO,220.033333333333,0:Not Recurred,,Living
MB-4929,brca_metabric,,,,,,,,,,,,,,,,,,,,,,,40,1:DECEASED,,,,,,,,,,,,,1,Female,,,59.49,MASTECTOMY,Moderate,NO,Her2,3,Positve,GAIN,Ductal/NST,YES,Post,5,Right,6,6.052,YES,12.7,1:Recurred,HER2+,Died of Disease
MB-4930,brca_metabric,,,,,,,,,,,,,,,,,,,,,,,58.4333333333333,0:LIVING,,,,,,,,,,,,,1,Female,,,62.43,MASTECTOMY,High,NO,LumB,3,Positve,GAIN,Ductal/NST,YES,Post,9,Left,2,5.06,YES,58.4333333333333,0:Not Recurred,HER2+,Living
MB-4931,brca_metabric,,,,,,,,,,,,,,,,,,,,,,,30.3666666666667,1:DECEASED,,,,,,,,,,,,,1,Female,,,58.39,MASTECTOMY,High,NO,claudin-low,3,Negative,NEUTRAL,Ductal/NST,YES,Post,10,Left,0,4.06,NO,17.7666666666667,1:Recurred,,Died of Disease
MB-4933,brca_metabric,,,,,,,,,,,,,,,,,,,,,,,272.9,0:LIVING,,,,,,,,,,,,,1,Female,,,50.78,MASTECTOMY,High,NO,LumA,3,Positve,NEUTRAL,Ductal/NST,NO,Post,4ER+,Right,0,3.06,NO,21.8333333333333,1:Recurred,ER+/HER2- High Prolif,Living
MB-4934,brca_metabric,,,,,,,,,,,,,,,,,,,,,,,70.2333333333333,0:LIVING,,,,,,,,,,,,,1,Female,,,74.85,MASTECTOMY,High,NO,LumB,3,Positve,NEUTRAL,Ductal/NST,YES,Post,7,Right,4,5.056,YES,70.2333333333333,0:Not Recurred,ER+/HER2- High Prolif,Living
MB-4935,brca_metabric,,,,,,,,,,,,,,,,,,,,,,,194.2,0:LIVING,,,,,,,,,,,,,1,Female,,,36.35,MASTECTOMY,Moderate,YES,Her2,3,Negative,GAIN,Ductal/NST,YES,Pre,5,Left,3,5.046,NO,194.2,0:Not Recurred,HER2+,Living
MB-4937,brca_metabric,,,,,,,,,,,,,,,,,,,,,,,77.2333333333333,1:DECEASED,,,,,,,,,,,,,1,Female,,,41.09,MASTECTOMY,High,NO,LumB,3,Positve,NEUTRAL,Ductal/NST,NO,Pre,6,Right,0,4.04,NO,32.5666666666667,1:Recurred,ER+/HER2- High Prolif,Died of Disease
MB-4938,brca_metabric,,,,,,,,,,,,,,,,,,,,,,,70.6,1:DECEASED,,,,,,,,,,,,,1,Female,,,33.92,BREAST CONSERVING,High,YES,Basal,3,Negative,NEUTRAL,Ductal/NST,NO,Pre,10,Left,1,4.05,YES,28.3333333333333,1:Recurred,ER-/HER2-,Died of Disease
MB-4941,brca_metabric,,,,,,,,,,,,,,,,,,,,,,,58.6333333333333,1:DECEASED,,,,,,,,,,,,,1,Female,,,57.32,BREAST CONSERVING,Moderate,NO,LumA,3,Positve,NEUTRAL,Ductal/NST,NO,Post,4ER+,Left,0,3.04,YES,54.5,1:Recurred,ER+/HER2- Low Prolif,Died of Disease
MB-4942,brca_metabric,,,,,,,,,,,,,,,,,,,,,,,124.133333333333,1:DECEASED,,,,,,,,,,,,,1,Female,,,60.31,BREAST CONSERVING,Low,NO,claudin-low,3,Negative,GAIN,Ductal/NST,NO,Post,10,Right,0,4.054,YES,124.133333333333,0:Not Recurred,ER-/HER2-,Died of Other Causes
MB-4944,brca_metabric,,,,,,,,,,,,,,,,,,,,,,,237.266666666667,1:DECEASED,,,,,,,,,,,,,1,Female,,,77.77,BREAST CONSERVING,High,NO,LumB,3,Positve,NEUTRAL,Ductal/NST,NO,Post,2,Left,0,3.036,YES,237.266666666667,0:Not Recurred,ER+/HER2- High Prolif,Died of Other Causes
MB-4945,brca_metabric,,,,,,,,,,,,,,,,,,,,,,,20.1333333333333,1:DECEASED,,,,,,,,,,,,,1,Female,,,65.53,MASTECTOMY,Moderate,YES,Basal,3,Negative,NEUTRAL,Ductal/NST,NO,Post,9,Right,1,5.038,NO,15.4666666666667,1:Recurred,ER-/HER2-,Died of Disease
MB-4949,brca_metabric,,,,,,,,,,,,,,,,,,,,,,,216.966666666667,0:LIVING,,,,,,,,,,,,,1,Female,,,69.75,MASTECTOMY,Moderate,NO,LumB,3,Positve,NEUTRAL,Ductal/NST,NO,Post,1,Left,0,4.044,NO,216.966666666667,0:Not Recurred,,Living
MB-4950,brca_metabric,,,,,,,,,,,,,,,,,,,,,,,150.6,1:DECEASED,,,,,,,,,,,,,1,Female,,,69.99,MASTECTOMY,Moderate,NO,LumA,3,Positve,NEUTRAL,Ductal/NST,YES,Post,3,Left,12,6.06,YES,150.6,1:Recurred,ER+/HER2- Low Prolif,Died of Disease
MB-4952,brca_metabric,,,,,,,,,,,,,,,,,,,,,,,184.4,0:LIVING,,,,,,,,,,,,,1,Female,,,67.15,BREAST CONSERVING,Moderate,NO,Her2,3,Negative,GAIN,Ductal/NST,NO,Post,4ER-,Left,0,4.042,YES,184.4,0:Not Recurred,HER2+,Living
MB-4956,brca_metabric,,,,,,,,,,,,,,,,,,,,,,,69.3,1:DECEASED,,,,,,,,,,,,,1,Female,,,69.31,MASTECTOMY,High,NO,LumB,3,Positve,NEUTRAL,Ductal/NST,YES,Post,1,Left,4,6.12,YES,37.4666666666667,1:Recurred,ER+/HER2- High Prolif,Died of Disease
MB-4957,brca_metabric,,,,,,,,,,,,,,,,,,,,,,,197.666666666667,1:DECEASED,,,,,,,,,,,,,1,Female,,,70.38,BREAST CONSERVING,High,NO,LumB,3,,NEUTRAL,Mixed,NO,Post,7,Right,0,3.04,YES,91.2,1:Recurred,,Died of Disease
MB-4959,brca_metabric,,,,,,,,,,,,,,,,,,,,,,,117.566666666667,1:DECEASED,,,,,,,,,,,,,1,Female,,,76.93,BREAST CONSERVING,Moderate,NO,LumA,3,Positve,NEUTRAL,Ductal/NST,YES,Post,3,Left,0,2.026,NO,116.8,1:Recurred,ER+/HER2- Low Prolif,Died of Disease
MB-4961,brca_metabric,,,,,,,,,,,,,,,,,,,,,,,219.466666666667,0:LIVING,,,,,,,,,,,,,1,Female,,,56.94,BREAST CONSERVING,Moderate,NO,LumA,3,Positve,NEUTRAL,Ductal/NST,NO,Post,8,Right,0,3.05,YES,219.466666666667,0:Not Recurred,ER+/HER2- Low Prolif,Living
MB-4962,brca_metabric,,,,,,,,,,,,,,,,,,,,,,,197.833333333333,1:DECEASED,,,,,,,,,,,,,1,Female,,,72.44,BREAST CONSERVING,Moderate,NO,LumA,3,Positve,NEUTRAL,Ductal/NST,YES,Post,8,Left,2,4.028,YES,197.833333333333,1:Recurred,ER+/HER2- Low Prolif,Died of Disease
MB-4965,brca_metabric,,,,,,,,,,,,,,,,,,,,,,,263.6,1:DECEASED,,,,,,,,,,,,,1,Female,,,69.93,MASTECTOMY,Moderate,NO,LumA,3,Positve,NEUTRAL,Mixed,YES,Post,4ER+,Left,0,3.06,NO,263.6,0:Not Recurred,ER+/HER2- High Prolif,Died of Other Causes
MB-4966,brca_metabric,,,,,,,,,,,,,,,,,,,,,,,49.3,1:DECEASED,,,,,,,,,,,,,1,Female,,,55.83,MASTECTOMY,High,NO,LumB,3,Positve,NEUTRAL,Mixed,YES,Post,3,Left,6,4.1,NO,47.3,1:Recurred,ER+/HER2- Low Prolif,Died of Disease
MB-4967,brca_metabric,,,,,,,,,,,,,,,,,,,,,,,130.7,1:DECEASED,,,,,,,,,,,,,1,Female,,,61.16,MASTECTOMY,Moderate,NO,LumA,3,Positve,NEUTRAL,Ductal/NST,YES,Post,3,Right,1,4.03,YES,130.7,0:Not Recurred,ER+/HER2- Low Prolif,Died of Other Causes
MB-4968,brca_metabric,,,,,,,,,,,,,,,,,,,,,,,78.7,0:LIVING,,,,,,,,,,,,,1,Female,,,56.03,MASTECTOMY,High,NO,LumA,3,Positve,NEUTRAL,Lobular,YES,Post,4ER+,Left,5,5.05,YES,78.7,0:Not Recurred,ER+/HER2- Low Prolif,Living
MB-4969,brca_metabric,,,,,,,,,,,,,,,,,,,,,,,198.1,1:DECEASED,,,,,,,,,,,,,1,Female,,,76.81,BREAST CONSERVING,High,NO,LumA,3,Positve,NEUTRAL,Ductal/NST,NO,Post,7,Right,0,3.05,YES,198.1,0:Not Recurred,ER+/HER2- High Prolif,Died of Other Causes
MB-4970,brca_metabric,,,,,,,,,,,,,,,,,,,,,,,88.8,1:DECEASED,,,,,,,,,,,,,1,Female,,,77.45,MASTECTOMY,High,NO,LumB,3,Positve,NEUTRAL,Ductal/NST,NO,Post,8,Left,0,3.06,NO,54.9666666666667,1:Recurred,ER+/HER2- High Prolif,Died of Disease
MB-4974,brca_metabric,,,,,,,,,,,,,,,,,,,,,,,176.1,1:DECEASED,,,,,,,,,,,,,1,Female,,,65.16,BREAST CONSERVING,Moderate,NO,Basal,3,Negative,NEUTRAL,Ductal/NST,NO,Post,10,Left,0,4.036,YES,176.1,0:Not Recurred,ER-/HER2-,Died of Other Causes
MB-4976,brca_metabric,,,,,,,,,,,,,,,,,,,,,,,224.1,1:DECEASED,,,,,,,,,,,,,1,Female,,,73.65,MASTECTOMY,High,NO,LumA,3,Positve,NEUTRAL,Ductal/NST,YES,Post,8,Right,3,3.04,NO,224.1,0:Not Recurred,,Died of Other Causes
MB-4977,brca_metabric,,,,,,,,,,,,,,,,,,,,,,,216.733333333333,1:DECEASED,,,,,,,,,,,,,1,Female,,,72.54,BREAST CONSERVING,Moderate,NO,LumA,3,Positve,NEUTRAL,Ductal/NST,YES,Post,8,Right,5,6.044,YES,199,1:Recurred,ER+/HER2- Low Prolif,Died of Disease
MB-4978,brca_metabric,,,,,,,,,,,,,,,,,,,,,,,198.433333333333,0:LIVING,,,,,,,,,,,,,1,Female,,,58.89,MASTECTOMY,Low,NO,Normal,3,Positve,NEUTRAL,Lobular,YES,Post,3,Left,0,2.04,NO,198.433333333333,0:Not Recurred,ER+/HER2- Low Prolif,Living
MB-4981,brca_metabric,,,,,,,,,,,,,,,,,,,,,,,180.766666666667,1:DECEASED,,,,,,,,,,,,,1,Female,,,69.67,MASTECTOMY,High,NO,LumA,3,Positve,NEUTRAL,Mixed,YES,Post,3,Left,4,6.06,NO,176.766666666667,1:Recurred,ER+/HER2- Low Prolif,Died of Disease
MB-4982,brca_metabric,,,,,,,,,,,,,,,,,,,,,,,19.1666666666667,1:DECEASED,,,,,,,,,,,,,1,Female,,,62.99,MASTECTOMY,Moderate,NO,Her2,3,Positve,GAIN,Ductal/NST,YES,Post,4ER+,Right,5,6.034,YES,9.8,1:Recurred,ER-/HER2-,Died of Disease
MB-4986,brca_metabric,,,,,,,,,,,,,,,,,,,,,,,79.8,1:DECEASED,,,,,,,,,,,,,1,Female,,,41,BREAST CONSERVING,High,NO,LumA,3,Positve,NEUTRAL,Ductal/NST,NO,Pre,9,Right,0,3.1,YES,9.23333333333333,1:Recurred,ER+/HER2- High Prolif,Died of Disease
MB-4987,brca_metabric,,,,,,,,,,,,,,,,,,,,,,,221.766666666667,1:DECEASED,,,,,,,,,,,,,1,Female,,,76.37,MASTECTOMY,Low,NO,LumA,3,Negative,NEUTRAL,Ductal/NST,NO,Post,8,Right,0,3.04,NO,221.766666666667,0:Not Recurred,ER+/HER2- Low Prolif,Died of Other Causes
MB-4991,brca_metabric,,,,,,,,,,,,,,,,,,,,,,,126.866666666667,0:LIVING,,,,,,,,,,,,,1,Female,,,77.13,MASTECTOMY,High,NO,LumB,3,Positve,GAIN,Ductal/NST,YES,Post,6,Right,1,5.08,NO,126.866666666667,0:Not Recurred,ER+/HER2- High Prolif,Living
MB-4992,brca_metabric,,,,,,,,,,,,,,,,,,,,,,,165.366666666667,0:LIVING,,,,,,,,,,,,,1,Female,,,66.47,MASTECTOMY,High,NO,LumA,3,Negative,NEUTRAL,Lobular,NO,Post,3,Left,0,3.066,NO,165.366666666667,0:Not Recurred,ER+/HER2- Low Prolif,Living
MB-4993,brca_metabric,,,,,,,,,,,,,,,,,,,,,,,75.2333333333333,1:DECEASED,,,,,,,,,,,,,1,Female,,,33.55,BREAST CONSERVING,High,YES,Her2,3,Negative,NEUTRAL,Ductal/NST,NO,Pre,4ER-,Left,4,6.1,YES,64.4,1:Recurred,ER-/HER2-,Died of Disease
MB-4994,brca_metabric,,,,,,,,,,,,,,,,,,,,,,,174.133333333333,1:DECEASED,,,,,,,,,,,,,1,Female,,,77.54,BREAST CONSERVING,High,NO,LumB,3,Positve,NEUTRAL,Ductal/NST,NO,Post,8,Left,0,3.044,YES,174.133333333333,0:Not Recurred,ER+/HER2- High Prolif,Died of Other Causes
MB-4996,brca_metabric,,,,,,,,,,,,,,,,,,,,,,,99.7666666666667,1:DECEASED,,,,,,,,,,,,,1,Female,,,69.65,MASTECTOMY,Low,NO,LumA,3,Positve,NEUTRAL,Ductal/NST,YES,Post,7,Right,1,3.036,NO,99.7666666666667,0:Not Recurred,ER+/HER2- Low Prolif,Died of Other Causes
MB-4998,brca_metabric,,,,,,,,,,,,,,,,,,,,,,,65.5666666666667,1:DECEASED,,,,,,,,,,,,,1,Female,,,75.27,MASTECTOMY,High,NO,LumB,3,Positve,NEUTRAL,Lobular,YES,Post,8,Left,6,6.064,NO,17.5666666666667,1:Recurred,ER+/HER2- High Prolif,Died of Disease
MB-4999,brca_metabric,,,,,,,,,,,,,,,,,,,,,,,187.933333333333,0:LIVING,,,,,,,,,,,,,1,Female,,,44.84,MASTECTOMY,Moderate,NO,LumA,3,Positve,NEUTRAL,Ductal/NST,NO,Pre,7,Right,0,3.06,YES,187.933333333333,0:Not Recurred,ER+/HER2- Low Prolif,Living
MB-5001,brca_metabric,,,,,,,,,,,,,,,,,,,,,,,81.8,1:DECEASED,,,,,,,,,,,,,1,Female,,,71.61,MASTECTOMY,High,NO,LumA,3,Positve,NEUTRAL,Ductal/NST,YES,Post,4ER+,Left,1,4.042,NO,18.1,1:Recurred,ER+/HER2- High Prolif,Died of Disease
MB-5004,brca_metabric,,,,,,,,,,,,,,,,,,,,,,,216.733333333333,0:LIVING,,,,,,,,,,,,,1,Female,,,42.84,MASTECTOMY,High,YES,Her2,3,Negative,NEUTRAL,Ductal/NST,NO,Pre,4ER-,Left,2,5.074,YES,216.733333333333,0:Not Recurred,ER+/HER2- Low Prolif,Living
MB-5008,brca_metabric,,,,,,,,,,,,,,,,,,,,,,,223.3,0:LIVING,,,,,,,,,,,,,1,Female,,,65.76,BREAST CONSERVING,High,YES,Her2,3,Negative,NEUTRAL,Ductal/NST,NO,Post,10,Left,2,5.12,YES,223.3,0:Not Recurred,ER-/HER2-,Living
MB-5011,brca_metabric,,,,,,,,,,,,,,,,,,,,,,,80.5,1:DECEASED,,,,,,,,,,,,,1,Female,,,67.68,BREAST CONSERVING,High,NO,LumA,3,Positve,NEUTRAL,Mixed,NO,Post,3,Right,0,3.046,YES,80.5,0:Not Recurred,ER+/HER2- Low Prolif,Died of Other Causes
MB-5013,brca_metabric,,,,,,,,,,,,,,,,,,,,,,,251.2,1:DECEASED,,,,,,,,,,,,,1,Female,,,68.56,BREAST CONSERVING,High,NO,LumA,3,Positve,NEUTRAL,Tubular/ cribriform,YES,Post,3,Left,1,4.04,YES,251.2,0:Not Recurred,ER+/HER2- Low Prolif,Died of Other Causes
MB-5014,brca_metabric,,,,,,,,,,,,,,,,,,,,,,,213.366666666667,0:LIVING,,,,,,,,,,,,,1,Female,,,69.93,BREAST CONSERVING,Moderate,NO,LumB,3,Positve,NEUTRAL,Ductal/NST,YES,Post,6,Left,1,5.04,YES,213.366666666667,0:Not Recurred,ER+/HER2- High Prolif,Living
MB-5015,brca_metabric,,,,,,,,,,,,,,,,,,,,,,,252.3,1:DECEASED,,,,,,,,,,,,,1,Female,,,44.36,BREAST CONSERVING,High,NO,LumA,3,Positve,NEUTRAL,Ductal/NST,NO,Pre,8,Right,0,4.044,YES,252.3,0:Not Recurred,ER+/HER2- Low Prolif,Died of Other Causes
MB-5017,brca_metabric,,,,,,,,,,,,,,,,,,,,,,,144.933333333333,0:LIVING,,,,,,,,,,,,,1,Female,,,65.86,MASTECTOMY,Moderate,NO,claudin-low,3,Positve,NEUTRAL,Ductal/NST,YES,Post,4ER+,Left,6,6.028,YES,144.933333333333,0:Not Recurred,ER+/HER2- High Prolif,Living
MB-5018,brca_metabric,,,,,,,,,,,,,,,,,,,,,,,108.6,1:DECEASED,,,,,,,,,,,,,1,Female,,,72.12,MASTECTOMY,High,NO,LumA,3,Positve,NEUTRAL,Ductal/NST,YES,Post,8,Left,3,4.06,NO,108.6,0:Not Recurred,ER+/HER2- High Prolif,Died of Other Causes
MB-5019,brca_metabric,,,,,,,,,,,,,,,,,,,,,,,37.8,1:DECEASED,,,,,,,,,,,,,1,Female,,,49.88,BREAST CONSERVING,Moderate,NO,Normal,3,Negative,GAIN,Ductal/NST,NO,Pre,5,Right,0,4.024,YES,29.1333333333333,1:Recurred,HER2+,Died of Disease
MB-5020,brca_metabric,,,,,,,,,,,,,,,,,,,,,,,84.8333333333333,1:DECEASED,,,,,,,,,,,,,1,Female,,,62.68,BREAST CONSERVING,Moderate,NO,LumA,3,Positve,LOSS,Mixed,YES,Post,8,Left,4,6.034,YES,25.1666666666667,1:Recurred,ER+/HER2- Low Prolif,Died of Disease
MB-5022,brca_metabric,,,,,,,,,,,,,,,,,,,,,,,118.6,1:DECEASED,,,,,,,,,,,,,1,Female,,,70.71,MASTECTOMY,Moderate,NO,Her2,3,Positve,GAIN,Mixed,YES,Post,5,Right,,5.062,NO,109,1:Recurred,HER2+,Died of Disease
MB-5027,brca_metabric,,,,,,,,,,,,,,,,,,,,,,,189.866666666667,0:LIVING,,,,,,,,,,,,,1,Female,,,46.95,BREAST CONSERVING,Moderate,NO,LumA,3,Positve,NEUTRAL,Mixed,NO,Pre,3,Right,0,4.05,YES,189.866666666667,0:Not Recurred,ER+/HER2- Low Prolif,Living
MB-5033,brca_metabric,,,,,,,,,,,,,,,,,,,,,,,52.7333333333333,1:DECEASED,,,,,,,,,,,,,1,Female,,,63.92,BREAST CONSERVING,Moderate,NO,LumB,3,Positve,NEUTRAL,Mucinous,NO,Post,1,Right,0,2.086,YES,15.8666666666667,1:Recurred,ER+/HER2- High Prolif,Died of Disease
MB-5035,brca_metabric,,,,,,,,,,,,,,,,,,,,,,,213.2,1:DECEASED,,,,,,,,,,,,,1,Female,,,56.47,MASTECTOMY,High,NO,LumA,3,Positve,NEUTRAL,Mixed,NO,Post,3,Left,0,4.11,NO,213.2,1:Recurred,ER+/HER2- High Prolif,Died of Disease
MB-5039,brca_metabric,,,,,,,,,,,,,,,,,,,,,,,62.1333333333333,1:DECEASED,,,,,,,,,,,,,1,Female,,,67.7,MASTECTOMY,High,NO,LumB,3,Positve,GAIN,Ductal/NST,YES,Post,1,Left,1,5.11,YES,41.1,1:Recurred,ER+/HER2- High Prolif,Died of Disease
MB-5040,brca_metabric,,,,,,,,,,,,,,,,,,,,,,,79.1666666666667,1:DECEASED,,,,,,,,,,,,,1,Female,,,72.73,MASTECTOMY,High,NO,LumB,3,Positve,NEUTRAL,Ductal/NST,YES,Post,6,Left,0,4.08,NO,79.1666666666667,0:Not Recurred,ER+/HER2- High Prolif,Died of Other Causes
MB-5041,brca_metabric,,,,,,,,,,,,,,,,,,,,,,,173.933333333333,0:LIVING,,,,,,,,,,,,,1,Female,,,45.4,BREAST CONSERVING,Moderate,NO,claudin-low,3,Positve,NEUTRAL,Ductal/NST,NO,Pre,2,Left,0,4.04,YES,173.933333333333,1:Recurred,ER-/HER2-,Living
MB-5043,brca_metabric,,,,,,,,,,,,,,,,,,,,,,,128.366666666667,1:DECEASED,,,,,,,,,,,,,1,Female,,,70.42,BREAST CONSERVING,Moderate,NO,LumA,3,Positve,NEUTRAL,Mixed,YES,Post,8,Right,6,6.08,YES,118.6,1:Recurred,ER+/HER2- Low Prolif,Died of Disease
MB-5044,brca_metabric,,,,,,,,,,,,,,,,,,,,,,,139.433333333333,0:LIVING,,,,,,,,,,,,,1,Female,,,55.56,BREAST CONSERVING,High,NO,LumB,3,Positve,NEUTRAL,Ductal/NST,NO,Post,4ER+,Left,0,3.034,YES,139.433333333333,0:Not Recurred,ER+/HER2- High Prolif,Living
MB-5045,brca_metabric,,,,,,,,,,,,,,,,,,,,,,,168.3,1:DECEASED,,,,,,,,,,,,,1,Female,,,70.11,BREAST CONSERVING,High,NO,LumA,3,Positve,NEUTRAL,Ductal/NST,NO,Post,4ER+,Left,0,4.05,YES,168.3,0:Not Recurred,ER+/HER2- High Prolif,Died of Other Causes
MB-5048,brca_metabric,,,,,,,,,,,,,,,,,,,,,,,86.3666666666667,1:DECEASED,,,,,,,,,,,,,1,Female,,,44.12,BREAST CONSERVING,Moderate,NO,LumA,3,Positve,NEUTRAL,Ductal/NST,NO,Pre,7,Left,0,3.032,YES,42.8333333333333,1:Recurred,ER+/HER2- High Prolif,Died of Disease
MB-5049,brca_metabric,,,,,,,,,,,,,,,,,,,,,,,255.3,0:LIVING,,,,,,,,,,,,,1,Female,,,61.76,MASTECTOMY,Moderate,NO,LumB,3,Positve,NEUTRAL,Mixed,NO,Post,8,Left,0,3.034,NO,255.3,0:Not Recurred,ER+/HER2- High Prolif,Living
MB-5050,brca_metabric,,,,,,,,,,,,,,,,,,,,,,,184.333333333333,0:LIVING,,,,,,,,,,,,,1,Female,,,55.04,BREAST CONSERVING,Moderate,NO,LumA,3,Positve,NEUTRAL,Mixed,YES,Post,3,Right,0,3.03,YES,184.333333333333,0:Not Recurred,ER+/HER2- Low Prolif,Living
MB-5052,brca_metabric,,,,,,,,,,,,,,,,,,,,,,,34.5666666666667,1:DECEASED,,,,,,,,,,,,,1,Female,,,76.66,MASTECTOMY,Moderate,NO,claudin-low,3,Positve,GAIN,Ductal/NST,YES,Post,4ER+,Left,2,5.07,NO,34.5666666666667,0:Not Recurred,ER-/HER2-,Died of Other Causes
MB-5053,brca_metabric,,,,,,,,,,,,,,,,,,,,,,,150.6,1:DECEASED,,,,,,,,,,,,,1,Female,,,68.21,MASTECTOMY,Moderate,NO,LumA,3,Positve,NEUTRAL,Ductal/NST,NO,Post,3,Right,0,3.042,NO,150.6,0:Not Recurred,ER+/HER2- Low Prolif,Died of Other Causes
MB-5054,brca_metabric,,,,,,,,,,,,,,,,,,,,,,,187.7,0:LIVING,,,,,,,,,,,,,1,Female,,,52.57,MASTECTOMY,Low,NO,Basal,3,Negative,GAIN,Ductal/NST,NO,Post,5,Left,0,4.002,NO,187.7,0:Not Recurred,HER2+,Living
MB-5057,brca_metabric,,,,,,,,,,,,,,,,,,,,,,,56.3333333333333,1:DECEASED,,,,,,,,,,,,,1,Female,,,39.25,BREAST CONSERVING,High,NO,Basal,3,Negative,NEUTRAL,Ductal/NST,NO,Pre,10,Right,0,4.03,NO,3.96666666666667,1:Recurred,ER-/HER2-,Died of Disease
MB-5058,brca_metabric,,,,,,,,,,,,,,,,,,,,,,,178.733333333333,1:DECEASED,,,,,,,,,,,,,1,Female,,,61.04,MASTECTOMY,High,YES,Normal,3,Negative,NEUTRAL,Mixed,YES,Post,7,Right,16,6.03,YES,171.866666666667,1:Recurred,ER-/HER2-,Died of Disease
MB-5059,brca_metabric,,,,,,,,,,,,,,,,,,,,,,,257.633333333333,0:LIVING,,,,,,,,,,,,,1,Female,,,53.69,MASTECTOMY,High,NO,LumA,3,Positve,NEUTRAL,Mixed,NO,Post,8,Left,0,3.034,NO,257.633333333333,0:Not Recurred,ER+/HER2- Low Prolif,Living
MB-5060,brca_metabric,,,,,,,,,,,,,,,,,,,,,,,150.1,1:DECEASED,,,,,,,,,,,,,1,Female,,,75.01,BREAST CONSERVING,High,NO,LumB,3,Positve,NEUTRAL,Ductal/NST,YES,Post,8,Right,1,4.05,YES,150.1,0:Not Recurred,ER+/HER2- High Prolif,Died of Other Causes
MB-5061,brca_metabric,,,,,,,,,,,,,,,,,,,,,,,39.4333333333333,0:LIVING,,,,,,,,,,,,,1,Female,,,71.05,BREAST CONSERVING,High,NO,LumB,3,Positve,NEUTRAL,Ductal/NST,YES,Post,7,Left,2,4.05,YES,39.4333333333333,0:Not Recurred,ER+/HER2- High Prolif,Living
MB-5062,brca_metabric,,,,,,,,,,,,,,,,,,,,,,,168.266666666667,0:LIVING,,,,,,,,,,,,,1,Female,,,75.55,BREAST CONSERVING,High,NO,LumB,3,Positve,GAIN,Ductal/NST,YES,Post,1,Right,1,5.04,YES,75.1666666666667,1:Recurred,HER2+,Living
MB-5063,brca_metabric,,,,,,,,,,,,,,,,,,,,,,,215.166666666667,0:LIVING,,,,,,,,,,,,,1,Female,,,41.54,MASTECTOMY,High,YES,Her2,3,Negative,GAIN,Ductal/NST,NO,Pre,5,Right,1,5.04,YES,215.166666666667,0:Not Recurred,HER2+,Living
MB-5064,brca_metabric,,,,,,,,,,,,,,,,,,,,,,,91.5,0:LIVING,,,,,,,,,,,,,1,Female,,,63.4,MASTECTOMY,High,NO,LumA,3,Positve,LOSS,Ductal/NST,NO,Post,4ER+,Left,0,3.04,NO,91.5,0:Not Recurred,ER+/HER2- Low Prolif,Living
MB-5065,brca_metabric,,,,,,,,,,,,,,,,,,,,,,,184.8,0:LIVING,,,,,,,,,,,,,1,Female,,,68.66,MASTECTOMY,Moderate,NO,claudin-low,3,Negative,NEUTRAL,Mixed,NO,Post,4ER-,Right,0,4.032,NO,184.8,0:Not Recurred,ER-/HER2-,Living
MB-5066,brca_metabric,,,,,,,,,,,,,,,,,,,,,,,94.7,0:LIVING,,,,,,,,,,,,,1,Female,,,53.58,BREAST CONSERVING,Moderate,NO,LumA,3,Positve,NEUTRAL,Ductal/NST,YES,Post,3,Left,1,4.05,YES,94.7,0:Not Recurred,ER+/HER2- Low Prolif,Living
MB-5068,brca_metabric,,,,,,,,,,,,,,,,,,,,,,,182.5,0:LIVING,,,,,,,,,,,,,1,Female,,,71.19,BREAST CONSERVING,High,NO,LumA,3,Positve,NEUTRAL,Ductal/NST,YES,Post,4ER+,Right,0,3.03,YES,182.5,0:Not Recurred,ER+/HER2- Low Prolif,Living
MB-5070,brca_metabric,,,,,,,,,,,,,,,,,,,,,,,213.9,0:LIVING,,,,,,,,,,,,,1,Female,,,47.38,MASTECTOMY,High,YES,Basal,3,Negative,LOSS,Ductal/NST,NO,Pre,10,Right,2,5.06,NO,213.9,0:Not Recurred,ER-/HER2-,Living
MB-5072,brca_metabric,,,,,,,,,,,,,,,,,,,,,,,50.2333333333333,1:DECEASED,,,,,,,,,,,,,1,Female,,,52.23,MASTECTOMY,High,YES,Her2,3,Negative,NEUTRAL,Ductal/NST,NO,Post,4ER-,Left,1,5.06,NO,19.1333333333333,1:Recurred,ER-/HER2-,Died of Disease
MB-5073,brca_metabric,,,,,,,,,,,,,,,,,,,,,,,194.166666666667,1:DECEASED,,,,,,,,,,,,,1,Female,,,67.87,MASTECTOMY,Moderate,NO,claudin-low,3,Positve,NEUTRAL,Ductal/NST,YES,Post,4ER+,Left,0,3.1,NO,194.166666666667,0:Not Recurred,ER+/HER2- Low Prolif,Died of Other Causes
MB-5074,brca_metabric,,,,,,,,,,,,,,,,,,,,,,,221.6,1:DECEASED,,,,,,,,,,,,,1,Female,,,70.59,BREAST CONSERVING,High,NO,LumA,3,Positve,NEUTRAL,Lobular,YES,Post,3,Left,0,4.05,YES,164.133333333333,1:Recurred,ER+/HER2- High Prolif,Died of Other Causes
MB-5076,brca_metabric,,,,,,,,,,,,,,,,,,,,,,,26.8666666666667,1:DECEASED,,,,,,,,,,,,,1,Female,,,28.05,BREAST CONSERVING,High,YES,Basal,3,Negative,NEUTRAL,Ductal/NST,NO,Pre,10,Right,,5.07,YES,23.5666666666667,1:Recurred,ER-/HER2-,Died of Disease
MB-5078,brca_metabric,,,,,,,,,,,,,,,,,,,,,,,87.1,1:DECEASED,,,,,,,,,,,,,1,Female,,,56.33,BREAST CONSERVING,Moderate,NO,LumB,3,Positve,GAIN,Ductal/NST,YES,Post,5,Right,1,4.048,YES,48.7666666666667,1:Recurred,HER2+,Died of Disease
MB-5079,brca_metabric,,,,,,,,,,,,,,,,,,,,,,,199.933333333333,0:LIVING,,,,,,,,,,,,,1,Female,,,66.38,BREAST CONSERVING,Low,NO,LumA,3,Positve,NEUTRAL,Ductal/NST,NO,Post,8,Right,0,3.03,YES,199.933333333333,0:Not Recurred,ER+/HER2- Low Prolif,Living
MB-5081,brca_metabric,,,,,,,,,,,,,,,,,,,,,,,58,1:DECEASED,,,,,,,,,,,,,1,Female,,,43.63,MASTECTOMY,Moderate,NO,Normal,3,Positve,NEUTRAL,Ductal/NST,NO,Pre,9,Right,0,3.032,NO,45.5333333333333,1:Recurred,ER+/HER2- High Prolif,Died of Disease
MB-5084,brca_metabric,,,,,,,,,,,,,,,,,,,,,,,198.1,1:DECEASED,,,,,,,,,,,,,1,Female,,,49,MASTECTOMY,Moderate,NO,LumA,3,Positve,NEUTRAL,Ductal/NST,NO,Pre,8,Left,0,3.04,NO,74.9,1:Recurred,ER+/HER2- Low Prolif,Died of Disease
MB-5086,brca_metabric,,,,,,,,,,,,,,,,,,,,,,,84.2333333333333,1:DECEASED,,,,,,,,,,,,,1,Female,,,65.41,MASTECTOMY,Moderate,NO,LumA,3,Positve,NEUTRAL,Ductal/NST,NO,Post,8,Left,0,2.02,NO,45.9,1:Recurred,,Died of Other Causes
MB-5088,brca_metabric,,,,,,,,,,,,,,,,,,,,,,,199.366666666667,1:DECEASED,,,,,,,,,,,,,1,Female,,,72.38,MASTECTOMY,Moderate,NO,LumA,3,Positve,NEUTRAL,Ductal/NST,YES,Post,8,Left,0,3.06,NO,199.366666666667,0:Not Recurred,ER+/HER2- Low Prolif,Died of Other Causes
MB-5092,brca_metabric,,,,,,,,,,,,,,,,,,,,,,,174.566666666667,1:DECEASED,,,,,,,,,,,,,1,Female,,,76.37,MASTECTOMY,Low,NO,LumA,3,Positve,NEUTRAL,Ductal/NST,YES,Post,3,Right,1,5.04,NO,174.566666666667,0:Not Recurred,ER+/HER2- Low Prolif,Died of Other Causes
MB-5093,brca_metabric,,,,,,,,,,,,,,,,,,,,,,,142.433333333333,1:DECEASED,,,,,,,,,,,,,1,Female,,,69.95,MASTECTOMY,High,NO,Her2,3,Positve,NEUTRAL,Ductal/NST,YES,Post,1,Left,0,3.06,NO,142.433333333333,0:Not Recurred,ER+/HER2- High Prolif,Died of Other Causes
MB-5097,brca_metabric,,,,,,,,,,,,,,,,,,,,,,,61.6,0:LIVING,,,,,,,,,,,,,1,Female,,,56.33,MASTECTOMY,High,NO,LumB,3,Positve,NEUTRAL,Ductal/NST,YES,Post,1,Right,0,3.044,NO,61.6,0:Not Recurred,ER+/HER2- High Prolif,Living
MB-5098,brca_metabric,,,,,,,,,,,,,,,,,,,,,,,186.4,1:DECEASED,,,,,,,,,,,,,1,Female,,,61.92,MASTECTOMY,Moderate,NO,LumA,3,Positve,NEUTRAL,Ductal/NST,NO,Post,9,Left,0,3.036,NO,80.3333333333333,1:Recurred,ER+/HER2- High Prolif,Died of Other Causes
MB-5100,brca_metabric,,,,,,,,,,,,,,,,,,,,,,,19.9,1:DECEASED,,,,,,,,,,,,,1,Female,,,32.74,BREAST CONSERVING,Moderate,YES,claudin-low,3,Negative,NEUTRAL,Ductal/NST,YES,Pre,10,Left,17,6.04,YES,16.1666666666667,1:Recurred,ER-/HER2-,Died of Disease
MB-5101,brca_metabric,,,,,,,,,,,,,,,,,,,,,,,34.3333333333333,1:DECEASED,,,,,,,,,,,,,1,Female,,,67.86,MASTECTOMY,High,NO,LumB,3,Positve,NEUTRAL,Ductal/NST,YES,Post,6,Right,14,5.1,YES,33.5666666666667,1:Recurred,ER+/HER2- High Prolif,Died of Disease
MB-5102,brca_metabric,,,,,,,,,,,,,,,,,,,,,,,30.3666666666667,1:DECEASED,,,,,,,,,,,,,1,Female,,,69.93,BREAST CONSERVING,High,YES,Basal,3,Negative,NEUTRAL,Ductal/NST,YES,Post,10,Left,20,6.04,YES,18.4666666666667,1:Recurred,,Died of Disease
MB-5104,brca_metabric,,,,,,,,,,,,,,,,,,,,,,,122.5,1:DECEASED,,,,,,,,,,,,,1,Female,,,73.81,MASTECTOMY,Moderate,NO,LumA,3,Positve,NEUTRAL,Ductal/NST,NO,Post,8,Left,,3.03,NO,122.5,1:Recurred,ER+/HER2- Low Prolif,Died of Disease
MB-5105,brca_metabric,,,,,,,,,,,,,,,,,,,,,,,204.433333333333,1:DECEASED,,,,,,,,,,,,,1,Female,,,63.24,BREAST CONSERVING,Low,NO,LumA,3,Positve,NEUTRAL,Ductal/NST,NO,Post,8,Left,0,3.022,YES,107.133333333333,1:Recurred,ER+/HER2- High Prolif,Died of Disease
MB-5106,brca_metabric,,,,,,,,,,,,,,,,,,,,,,,190.966666666667,1:DECEASED,,,,,,,,,,,,,1,Female,,,59.5,BREAST CONSERVING,High,NO,LumA,3,Positve,NEUTRAL,Ductal/NST,YES,Post,6,Right,,4.03,YES,162.366666666667,1:Recurred,ER+/HER2- High Prolif,Died of Disease
MB-5107,brca_metabric,,,,,,,,,,,,,,,,,,,,,,,82.6333333333333,1:DECEASED,,,,,,,,,,,,,1,Female,,,61.06,BREAST CONSERVING,High,NO,LumB,3,Positve,GAIN,Ductal/NST,YES,Post,1,Left,0,4.082,YES,70.0333333333333,1:Recurred,ER+/HER2- High Prolif,Died of Disease
MB-5109,brca_metabric,,,,,,,,,,,,,,,,,,,,,,,125.066666666667,1:DECEASED,,,,,,,,,,,,,1,Female,,,64.94,BREAST CONSERVING,High,NO,LumA,3,Positve,NEUTRAL,Ductal/NST,YES,Post,4ER+,Left,,3.03,YES,125.066666666667,0:Not Recurred,ER+/HER2- Low Prolif,Died of Other Causes
MB-5110,brca_metabric,,,,,,,,,,,,,,,,,,,,,,,21.9,1:DECEASED,,,,,,,,,,,,,1,Female,,,59.12,MASTECTOMY,Moderate,NO,Normal,3,Positve,NEUTRAL,Lobular,YES,Post,3,Left,0,1.05,NO,12.6,1:Recurred,ER+/HER2- Low Prolif,Died of Disease
MB-5113,brca_metabric,,,,,,,,,,,,,,,,,,,,,,,175.633333333333,0:LIVING,,,,,,,,,,,,,1,Female,,,43.8,BREAST CONSERVING,Moderate,NO,Normal,3,Positve,NEUTRAL,Ductal/NST,YES,Pre,1,Right,0,3.034,YES,175.633333333333,0:Not Recurred,ER+/HER2- Low Prolif,Living
MB-5114,brca_metabric,,,,,,,,,,,,,,,,,,,,,,,15.3666666666667,1:DECEASED,,,,,,,,,,,,,1,Female,,,57.87,MASTECTOMY,Moderate,NO,Basal,3,Positve,GAIN,Ductal/NST,YES,Post,5,Left,0,4.08,NO,13.6666666666667,1:Recurred,HER2+,Died of Disease
MB-5115,brca_metabric,,,,,,,,,,,,,,,,,,,,,,,77.4,0:LIVING,,,,,,,,,,,,,1,Female,,,40.57,BREAST CONSERVING,High,YES,Basal,3,Negative,NEUTRAL,Ductal/NST,NO,Pre,10,Left,1,5.06,YES,77.4,0:Not Recurred,ER-/HER2-,Living
MB-5116,brca_metabric,,,,,,,,,,,,,,,,,,,,,,,71.7666666666667,1:DECEASED,,,,,,,,,,,,,1,Female,,,74.71,BREAST CONSERVING,High,NO,LumB,3,Positve,GAIN,Ductal/NST,YES,Post,2,Right,7,5.036,YES,67.7,1:Recurred,ER+/HER2- High Prolif,Died of Disease
MB-5117,brca_metabric,,,,,,,,,,,,,,,,,,,,,,,209.266666666667,0:LIVING,,,,,,,,,,,,,1,Female,,,51.09,BREAST CONSERVING,Moderate,NO,LumA,3,Positve,NEUTRAL,Ductal/NST,YES,Post,8,Right,0,3.06,YES,209.266666666667,0:Not Recurred,ER+/HER2- High Prolif,Living
MB-5118,brca_metabric,,,,,,,,,,,,,,,,,,,,,,,211.733333333333,0:LIVING,,,,,,,,,,,,,1,Female,,,72.14,BREAST CONSERVING,Moderate,NO,LumA,3,Positve,NEUTRAL,Ductal/NST,YES,Post,3,Left,0,3.024,YES,211.733333333333,0:Not Recurred,ER+/HER2- Low Prolif,Living
MB-5119,brca_metabric,,,,,,,,,,,,,,,,,,,,,,,59.7666666666667,0:LIVING,,,,,,,,,,,,,1,Female,,,75.33,MASTECTOMY,Moderate,NO,LumA,3,Positve,NEUTRAL,Ductal/NST,NO,Post,7,Left,0,3.04,NO,59.7666666666667,0:Not Recurred,ER+/HER2- Low Prolif,Living
MB-5120,brca_metabric,,,,,,,,,,,,,,,,,,,,,,,27.8,1:DECEASED,,,,,,,,,,,,,1,Female,,,47.24,BREAST CONSERVING,High,YES,Her2,3,Negative,GAIN,Ductal/NST,NO,Pre,5,Left,1,5.06,YES,17.5333333333333,1:Recurred,HER2+,Died of Disease
MB-5121,brca_metabric,,,,,,,,,,,,,,,,,,,,,,,114.9,1:DECEASED,,,,,,,,,,,,,1,Female,,,72.02,MASTECTOMY,High,NO,LumB,3,Positve,NEUTRAL,Lobular,YES,Post,8,Right,0,4.036,NO,113.433333333333,1:Recurred,ER+/HER2- High Prolif,Died of Disease
MB-5122,brca_metabric,,,,,,,,,,,,,,,,,,,,,,,125.7,1:DECEASED,,,,,,,,,,,,,1,Female,,,77.66,MASTECTOMY,Moderate,NO,LumA,3,Positve,NEUTRAL,Mixed,YES,Post,8,Right,5,3.08,YES,125.7,0:Not Recurred,ER+/HER2- Low Prolif,Died of Other Causes
MB-5123,brca_metabric,,,,,,,,,,,,,,,,,,,,,,,90.3,1:DECEASED,,,,,,,,,,,,,1,Female,,,69.72,MASTECTOMY,High,NO,LumA,3,Positve,LOSS,Ductal/NST,YES,Post,7,Left,1,4.04,NO,62.6333333333333,1:Recurred,ER+/HER2- Low Prolif,Died of Disease
MB-5124,brca_metabric,,,,,,,,,,,,,,,,,,,,,,,124.2,1:DECEASED,,,,,,,,,,,,,1,Female,,,83.96,MASTECTOMY,High,NO,LumB,3,Positve,NEUTRAL,Ductal/NST,YES,Post,6,Right,0,3.052,NO,112.466666666667,1:Recurred,ER+/HER2- High Prolif,Died of Disease
MB-5126,brca_metabric,,,,,,,,,,,,,,,,,,,,,,,27.3,1:DECEASED,,,,,,,,,,,,,1,Female,,,63.48,,Moderate,YES,Basal,3,Negative,NEUTRAL,Ductal/NST,NO,Post,10,Right,1,5.02,YES,19.9666666666667,1:Recurred,ER-/HER2-,Died of Disease
MB-5127,brca_metabric,,,,,,,,,,,,,,,,,,,,,,,191.466666666667,1:DECEASED,,,,,,,,,,,,,1,Female,,,74.98,MASTECTOMY,Low,NO,LumB,3,Positve,UNDEF,Mixed,NO,Post,1,Left,0,4.06,YES,191.466666666667,0:Not Recurred,ER+/HER2- High Prolif,Died of Other Causes
MB-5130,brca_metabric,,,,,,,,,,,,,,,,,,,,,,,255,1:DECEASED,,,,,,,,,,,,,1,Female,,,58.61,BREAST CONSERVING,Low,NO,LumA,3,Positve,LOSS,Ductal/NST,NO,Post,7,Right,0,4.03,YES,255,,ER+/HER2- High Prolif,
MB-5131,brca_metabric,,,,,,,,,,,,,,,,,,,,,,,264.133333333333,0:LIVING,,,,,,,,,,,,,1,Female,,,64.08,MASTECTOMY,Moderate,NO,LumA,3,Positve,NEUTRAL,Ductal/NST,YES,Post,8,Right,,4.006,NO,31.8,1:Recurred,ER+/HER2- Low Prolif,Living
MB-5134,brca_metabric,,,,,,,,,,,,,,,,,,,,,,,196.533333333333,0:LIVING,,,,,,,,,,,,,1,Female,,,46.58,BREAST CONSERVING,Moderate,NO,LumA,3,Positve,NEUTRAL,Ductal/NST,NO,Pre,3,Left,0,3.02,YES,196.533333333333,0:Not Recurred,ER+/HER2- Low Prolif,Living
MB-5135,brca_metabric,,,,,,,,,,,,,,,,,,,,,,,37.3666666666667,1:DECEASED,,,,,,,,,,,,,1,Female,,,38.59,BREAST CONSERVING,Moderate,NO,Basal,3,Negative,NEUTRAL,Ductal/NST,NO,Pre,10,Right,0,4.07,YES,28.0333333333333,1:Recurred,,Died of Disease
MB-5136,brca_metabric,,,,,,,,,,,,,,,,,,,,,,,178.733333333333,0:LIVING,,,,,,,,,,,,,1,Female,,,63.22,MASTECTOMY,Moderate,NO,LumA,3,Positve,NEUTRAL,Lobular,YES,Post,4ER+,Right,,4.04,NO,178.733333333333,0:Not Recurred,ER+/HER2- Low Prolif,Living
MB-5137,brca_metabric,,,,,,,,,,,,,,,,,,,,,,,43.2666666666667,0:LIVING,,,,,,,,,,,,,1,Female,,,36.04,BREAST CONSERVING,High,YES,Basal,3,Negative,GAIN,Ductal/NST,NO,Pre,10,Right,,5.05,YES,43.2666666666667,0:Not Recurred,ER-/HER2-,Living
MB-5138,brca_metabric,,,,,,,,,,,,,,,,,,,,,,,37,1:DECEASED,,,,,,,,,,,,,1,Female,,,44.59,,High,YES,Basal,3,Negative,NEUTRAL,Ductal/NST,YES,Pre,10,Right,2,5.03,YES,6.76666666666667,1:Recurred,ER-/HER2-,Died of Disease
MB-5139,brca_metabric,,,,,,,,,,,,,,,,,,,,,,,89.9666666666667,1:DECEASED,,,,,,,,,,,,,1,Female,,,69.16,MASTECTOMY,High,NO,LumB,3,Positve,LOSS,Ductal/NST,YES,Post,1,Right,4,6.058,YES,87.1333333333333,1:Recurred,ER+/HER2- High Prolif,Died of Other Causes
MB-5140,brca_metabric,,,,,,,,,,,,,,,,,,,,,,,134.733333333333,1:DECEASED,,,,,,,,,,,,,1,Female,,,77.31,MASTECTOMY,Moderate,NO,LumB,3,Positve,GAIN,Ductal/NST,YES,Post,1,Right,,5.1,YES,58.3,1:Recurred,ER+/HER2- High Prolif,Died of Disease
MB-5143,brca_metabric,,,,,,,,,,,,,,,,,,,,,,,127.933333333333,1:DECEASED,,,,,,,,,,,,,1,Female,,,78.8,BREAST CONSERVING,Moderate,NO,LumA,3,Positve,NEUTRAL,Ductal/NST,NO,Post,4ER+,Left,0,3.04,YES,127.933333333333,0:Not Recurred,ER+/HER2- Low Prolif,Died of Other Causes
MB-5144,brca_metabric,,,,,,,,,,,,,,,,,,,,,,,213.033333333333,0:LIVING,,,,,,,,,,,,,1,Female,,,57.14,BREAST CONSERVING,High,NO,LumB,3,Positve,GAIN,Ductal/NST,YES,Post,9,Right,0,3.034,YES,213.033333333333,0:Not Recurred,ER+/HER2- High Prolif,Living
MB-5145,brca_metabric,,,,,,,,,,,,,,,,,,,,,,,159.233333333333,1:DECEASED,,,,,,,,,,,,,1,Female,,,61.55,BREAST CONSERVING,Moderate,NO,Normal,3,Positve,NEUTRAL,Mixed,YES,Post,9,Right,0,4.05,YES,61.9666666666667,1:Recurred,ER-/HER2-,Died of Disease
MB-5147,brca_metabric,,,,,,,,,,,,,,,,,,,,,,,20.2666666666667,0:LIVING,,,,,,,,,,,,,1,Female,,,54.61,MASTECTOMY,High,NO,LumA,3,Positve,GAIN,Lobular,YES,Post,5,Right,0,4.05,NO,20.2666666666667,0:Not Recurred,HER2+,Living
MB-5148,brca_metabric,,,,,,,,,,,,,,,,,,,,,,,245.233333333333,1:DECEASED,,,,,,,,,,,,,1,Female,,,76.72,BREAST CONSERVING,Low,NO,Her2,3,Positve,NEUTRAL,Ductal/NST,NO,Post,4ER+,Right,0,4.04,YES,245.233333333333,0:Not Recurred,ER-/HER2-,Died of Other Causes
MB-5150,brca_metabric,,,,,,,,,,,,,,,,,,,,,,,110.833333333333,1:DECEASED,,,,,,,,,,,,,1,Female,,,69.29,MASTECTOMY,Low,NO,Normal,3,Positve,NEUTRAL,Lobular,NO,Post,4ER+,Left,0,3.002,NO,9.1,1:Recurred,ER+/HER2- Low Prolif,Died of Disease
MB-5152,brca_metabric,,,,,,,,,,,,,,,,,,,,,,,115.933333333333,1:DECEASED,,,,,,,,,,,,,1,Female,,,76.19,MASTECTOMY,High,NO,LumA,3,Positve,NEUTRAL,Ductal/NST,YES,Post,7,Right,1,4.034,NO,115.933333333333,0:Not Recurred,ER+/HER2- High Prolif,Died of Other Causes
MB-5154,brca_metabric,,,,,,,,,,,,,,,,,,,,,,,170.833333333333,0:LIVING,,,,,,,,,,,,,1,Female,,,31.87,MASTECTOMY,Low,NO,Normal,3,Negative,GAIN,Ductal/NST,NO,Pre,3,Left,0,4.002,NO,170.833333333333,0:Not Recurred,ER-/HER2-,Living
MB-5155,brca_metabric,,,,,,,,,,,,,,,,,,,,,,,259.933333333333,0:LIVING,,,,,,,,,,,,,1,Female,,,51.08,BREAST CONSERVING,Moderate,YES,Normal,3,Negative,NEUTRAL,Ductal/NST,YES,Post,4ER-,Right,3,2.06,YES,259.933333333333,0:Not Recurred,,Living
MB-5157,brca_metabric,,,,,,,,,,,,,,,,,,,,,,,18.2333333333333,1:DECEASED,,,,,,,,,,,,,1,Female,,,70.68,BREAST CONSERVING,Moderate,NO,Normal,3,Positve,NEUTRAL,Ductal/NST,YES,Post,4ER+,Right,4,6.024,YES,12.8666666666667,1:Recurred,ER-/HER2-,Died of Disease
MB-5158,brca_metabric,,,,,,,,,,,,,,,,,,,,,,,244.166666666667,1:DECEASED,,,,,,,,,,,,,1,Female,,,66.53,BREAST CONSERVING,High,NO,LumA,3,Positve,GAIN,Ductal/NST,YES,Post,7,Right,,3.04,YES,244.166666666667,1:Recurred,ER+/HER2- Low Prolif,Died of Disease
MB-5160,brca_metabric,,,,,,,,,,,,,,,,,,,,,,,87.7333333333333,1:DECEASED,,,,,,,,,,,,,1,Female,,,68.52,BREAST CONSERVING,High,NO,LumB,3,Positve,NEUTRAL,Ductal/NST,YES,Post,8,Right,0,3.05,YES,27.1666666666667,1:Recurred,ER+/HER2- High Prolif,Died of Disease
MB-5161,brca_metabric,,,,,,,,,,,,,,,,,,,,,,,175.333333333333,0:LIVING,,,,,,,,,,,,,1,Female,,,44.41,BREAST CONSERVING,High,NO,Normal,3,Positve,NEUTRAL,Tubular/ cribriform,NO,Pre,4ER+,Right,0,3.024,YES,175.333333333333,0:Not Recurred,ER+/HER2- Low Prolif,Living
MB-5162,brca_metabric,,,,,,,,,,,,,,,,,,,,,,,164.333333333333,0:LIVING,,,,,,,,,,,,,1,Female,,,53.38,MASTECTOMY,Low,NO,claudin-low,3,,NEUTRAL,Ductal/NST,NO,Post,4ER-,Right,0,3.03,NO,164.333333333333,0:Not Recurred,ER-/HER2-,Living
MB-5163,brca_metabric,,,,,,,,,,,,,,,,,,,,,,,212.2,1:DECEASED,,,,,,,,,,,,,1,Female,,,69.04,BREAST CONSERVING,High,NO,LumA,3,Positve,NEUTRAL,Ductal/NST,YES,Post,3,Right,0,4.036,YES,212.2,0:Not Recurred,ER+/HER2- Low Prolif,Died of Other Causes
MB-5164,brca_metabric,,,,,,,,,,,,,,,,,,,,,,,80.5,0:LIVING,,,,,,,,,,,,,1,Female,,,48.76,BREAST CONSERVING,Low,NO,Normal,3,Positve,GAIN,Ductal/NST,NO,Pre,5,Right,0,4.026,YES,80.5,0:Not Recurred,HER2+,Living
MB-5166,brca_metabric,,,,,,,,,,,,,,,,,,,,,,,80.7333333333333,1:DECEASED,,,,,,,,,,,,,1,Female,,,69.23,MASTECTOMY,High,NO,LumB,3,Positve,GAIN,Ductal/NST,YES,Post,5,Right,11,6.06,YES,44.2333333333333,1:Recurred,HER2+,Died of Disease
MB-5167,brca_metabric,,,,,,,,,,,,,,,,,,,,,,,208.4,0:LIVING,,,,,,,,,,,,,1,Female,,,60.46,MASTECTOMY,Moderate,NO,LumB,3,Positve,NEUTRAL,Ductal/NST,YES,Post,8,Left,0,1.06,NO,208.4,0:Not Recurred,ER+/HER2- High Prolif,Living
MB-5169,brca_metabric,,,,,,,,,,,,,,,,,,,,,,,51.9666666666667,1:DECEASED,,,,,,,,,,,,,1,Female,,,62.84,MASTECTOMY,Moderate,NO,LumB,3,Positve,NEUTRAL,Ductal/NST,NO,Post,3,Right,0,4.05,NO,41.6333333333333,1:Recurred,ER+/HER2- High Prolif,Died of Disease
MB-5171,brca_metabric,,,,,,,,,,,,,,,,,,,,,,,185,1:DECEASED,,,,,,,,,,,,,1,Female,,,46.79,BREAST CONSERVING,Low,NO,Normal,3,Positve,NEUTRAL,Ductal/NST,NO,Pre,4ER+,Right,0,3.022,YES,127.7,1:Recurred,ER+/HER2- Low Prolif,Died of Disease
MB-5172,brca_metabric,,,,,,,,,,,,,,,,,,,,,,,184.266666666667,0:LIVING,,,,,,,,,,,,,1,Female,,,49.57,MASTECTOMY,Moderate,YES,Her2,3,Negative,GAIN,Ductal/NST,YES,Pre,5,Right,7,6.08,YES,184.266666666667,0:Not Recurred,HER2+,Living
MB-5173,brca_metabric,,,,,,,,,,,,,,,,,,,,,,,22.1333333333333,1:DECEASED,,,,,,,,,,,,,1,Female,,,69.05,MASTECTOMY,High,NO,Basal,3,Negative,NEUTRAL,Ductal/NST,YES,Post,10,Left,0,4.1,NO,19.8,1:Recurred,ER-/HER2-,Died of Disease
MB-5174,brca_metabric,,,,,,,,,,,,,,,,,,,,,,,151.2,1:DECEASED,,,,,,,,,,,,,1,Female,,,54.69,MASTECTOMY,High,NO,Her2,3,,GAIN,Ductal/NST,NO,Post,5,Right,0,1.03,NO,151.2,0:Not Recurred,HER2+,Died of Other Causes
MB-5175,brca_metabric,,,,,,,,,,,,,,,,,,,,,,,194.7,1:DECEASED,,,,,,,,,,,,,1,Female,,,50.08,BREAST CONSERVING,Moderate,NO,claudin-low,3,Positve,NEUTRAL,Ductal/NST,YES,Post,4ER+,Right,3,2.036,YES,194.7,0:Not Recurred,ER+/HER2- Low Prolif,Died of Other Causes
MB-5176,brca_metabric,,,,,,,,,,,,,,,,,,,,,,,112.633333333333,1:DECEASED,,,,,,,,,,,,,1,Female,,,53.96,BREAST CONSERVING,High,NO,claudin-low,3,Positve,NEUTRAL,,NO,Post,4ER+,Right,0,3.03,YES,112.633333333333,0:Not Recurred,ER+/HER2- High Prolif,Died of Other Causes
MB-5177,brca_metabric,,,,,,,,,,,,,,,,,,,,,,,65.2333333333333,1:DECEASED,,,,,,,,,,,,,1,Female,,,68.53,,,NO,claudin-low,3,Positve,LOSS,Ductal/NST,YES,Post,4ER+,Right,1,5,NO,65.2333333333333,0:Not Recurred,ER+/HER2- High Prolif,Died of Other Causes
MB-5178,brca_metabric,,,,,,,,,,,,,,,,,,,,,,,184.333333333333,0:LIVING,,,,,,,,,,,,,1,Female,,,65.26,MASTECTOMY,Low,NO,Normal,3,Positve,NEUTRAL,Lobular,YES,Post,6,Right,0,4.04,NO,184.333333333333,0:Not Recurred,ER+/HER2- Low Prolif,Living
MB-5179,brca_metabric,,,,,,,,,,,,,,,,,,,,,,,246.6,1:DECEASED,,,,,,,,,,,,,1,Female,,,68.6,MASTECTOMY,Moderate,NO,LumA,3,Positve,NEUTRAL,Mixed,YES,Post,3,Right,0,4.03,NO,246.6,0:Not Recurred,ER+/HER2- Low Prolif,Died of Other Causes
MB-5182,brca_metabric,,,,,,,,,,,,,,,,,,,,,,,134.266666666667,1:DECEASED,,,,,,,,,,,,,1,Female,,,78.04,BREAST CONSERVING,Moderate,NO,LumA,3,Positve,NEUTRAL,Mixed,YES,Post,3,Right,0,4.06,YES,134.266666666667,0:Not Recurred,ER+/HER2- Low Prolif,Died of Other Causes
MB-5183,brca_metabric,,,,,,,,,,,,,,,,,,,,,,,118.533333333333,1:DECEASED,,,,,,,,,,,,,1,Female,,,74.34,BREAST CONSERVING,Moderate,NO,LumA,3,Positve,NEUTRAL,Ductal/NST,YES,Post,8,Left,0,3.03,YES,118.533333333333,0:Not Recurred,ER+/HER2- Low Prolif,Died of Other Causes
MB-5184,brca_metabric,,,,,,,,,,,,,,,,,,,,,,,89.3333333333333,1:DECEASED,,,,,,,,,,,,,1,Female,,,79.76,MASTECTOMY,Moderate,NO,LumA,3,Positve,NEUTRAL,Lobular,NO,Post,4ER+,Right,0,3.04,NO,89.3333333333333,0:Not Recurred,ER+/HER2- Low Prolif,Died of Other Causes
MB-5185,brca_metabric,,,,,,,,,,,,,,,,,,,,,,,77.4666666666667,1:DECEASED,,,,,,,,,,,,,1,Female,,,61.88,MASTECTOMY,Moderate,NO,LumA,3,Positve,NEUTRAL,Ductal/NST,YES,Post,4ER+,Left,0,4.07,NO,74.2,1:Recurred,ER+/HER2- Low Prolif,Died of Disease
MB-5186,brca_metabric,,,,,,,,,,,,,,,,,,,,,,,203.266666666667,0:LIVING,,,,,,,,,,,,,1,Female,,,42.84,BREAST CONSERVING,Low,NO,LumA,3,Positve,GAIN,Ductal/NST,NO,Pre,6,Left,0,1.02,YES,203.266666666667,0:Not Recurred,ER+/HER2- High Prolif,Living
MB-5188,brca_metabric,,,,,,,,,,,,,,,,,,,,,,,19.4,1:DECEASED,,,,,,,,,,,,,1,Female,,,65.44,MASTECTOMY,High,NO,Basal,3,Positve,NEUTRAL,Ductal/NST,YES,Post,10,Left,1,5.05,NO,7.23333333333333,1:Recurred,ER-/HER2-,Died of Disease
MB-5189,brca_metabric,,,,,,,,,,,,,,,,,,,,,,,111.966666666667,1:DECEASED,,,,,,,,,,,,,1,Female,,,69.24,BREAST CONSERVING,Moderate,NO,LumA,3,Positve,NEUTRAL,Ductal/NST,YES,Post,4ER+,Right,9,6.1,NO,45.9333333333333,1:Recurred,ER+/HER2- Low Prolif,Died of Disease
MB-5190,brca_metabric,,,,,,,,,,,,,,,,,,,,,,,242.566666666667,0:LIVING,,,,,,,,,,,,,1,Female,,,53.07,BREAST CONSERVING,Low,NO,Basal,3,Negative,GAIN,,NO,Post,4ER-,Right,0,4.03,YES,242.566666666667,0:Not Recurred,,Living
MB-5191,brca_metabric,,,,,,,,,,,,,,,,,,,,,,,142.166666666667,1:DECEASED,,,,,,,,,,,,,1,Female,,,54.75,MASTECTOMY,Moderate,NO,LumA,3,Positve,NEUTRAL,Lobular,YES,Post,8,Left,0,4.04,NO,142.166666666667,0:Not Recurred,,Died of Other Causes
MB-5193,brca_metabric,,,,,,,,,,,,,,,,,,,,,,,54.2666666666667,1:DECEASED,,,,,,,,,,,,,1,Female,,,88.8,MASTECTOMY,Moderate,NO,LumA,3,Positve,NEUTRAL,Ductal/NST,YES,Post,7,Left,1,3.06,NO,54.2666666666667,0:Not Recurred,ER+/HER2- High Prolif,Died of Other Causes
MB-5195,brca_metabric,,,,,,,,,,,,,,,,,,,,,,,196.866666666667,1:DECEASED,,,,,,,,,,,,,1,Female,,,72.16,BREAST CONSERVING,Moderate,NO,LumA,3,Positve,GAIN,Ductal/NST,YES,Post,5,Left,0,4.03,YES,196.866666666667,1:Recurred,HER2+,Died of Disease
MB-5196,brca_metabric,,,,,,,,,,,,,,,,,,,,,,,94.0333333333333,1:DECEASED,,,,,,,,,,,,,1,Female,,,52.98,MASTECTOMY,High,NO,LumA,3,Positve,NEUTRAL,Ductal/NST,NO,Post,7,Left,0,3.03,NO,10.4333333333333,1:Recurred,ER+/HER2- High Prolif,Died of Disease
MB-5197,brca_metabric,,,,,,,,,,,,,,,,,,,,,,,223.833333333333,1:DECEASED,,,,,,,,,,,,,1,Female,,,62.11,MASTECTOMY,High,NO,LumA,3,Positve,NEUTRAL,Ductal/NST,YES,Post,9,Left,3,4.05,NO,223.833333333333,1:Recurred,ER+/HER2- High Prolif,Died of Disease
MB-5199,brca_metabric,,,,,,,,,,,,,,,,,,,,,,,204.4,0:LIVING,,,,,,,,,,,,,1,Female,,,65.35,MASTECTOMY,Low,NO,Basal,3,Negative,GAIN,Ductal/NST,YES,Post,5,Right,0,4.03,NO,204.4,0:Not Recurred,HER2+,Living
MB-5200,brca_metabric,,,,,,,,,,,,,,,,,,,,,,,52.3,1:DECEASED,,,,,,,,,,,,,1,Female,,,70.23,BREAST CONSERVING,Moderate,NO,LumB,3,Positve,GAIN,Ductal/NST,YES,Post,1,Right,0,4.03,YES,20.3,1:Recurred,ER+/HER2- High Prolif,Died of Disease
MB-5201,brca_metabric,,,,,,,,,,,,,,,,,,,,,,,96.9666666666667,1:DECEASED,,,,,,,,,,,,,1,Female,,,73.17,BREAST CONSERVING,Moderate,NO,LumA,3,Positve,NEUTRAL,Ductal/NST,YES,Post,8,Right,0,3.04,YES,96.9666666666667,0:Not Recurred,ER+/HER2- Low Prolif,Died of Other Causes
MB-5204,brca_metabric,,,,,,,,,,,,,,,,,,,,,,,191.933333333333,1:DECEASED,,,,,,,,,,,,,1,Female,,,76.91,BREAST CONSERVING,Moderate,NO,LumA,3,Positve,NEUTRAL,Ductal/NST,YES,Post,3,Right,3,2.048,NO,160.166666666667,1:Recurred,ER+/HER2- Low Prolif,Died of Other Causes
MB-5205,brca_metabric,,,,,,,,,,,,,,,,,,,,,,,185.3,0:LIVING,,,,,,,,,,,,,1,Female,,,50.24,BREAST CONSERVING,High,YES,Basal,3,Negative,NEUTRAL,Ductal/NST,YES,Post,9,Left,3,5.07,YES,74.9666666666667,1:Recurred,ER-/HER2-,Living
MB-5206,brca_metabric,,,,,,,,,,,,,,,,,,,,,,,205.733333333333,0:LIVING,,,,,,,,,,,,,1,Female,,,67.45,MASTECTOMY,Moderate,NO,LumA,3,Positve,NEUTRAL,Mixed,NO,Post,2,Right,0,3.03,NO,205.733333333333,0:Not Recurred,ER+/HER2- Low Prolif,Living
MB-5208,brca_metabric,,,,,,,,,,,,,,,,,,,,,,,151.9,0:LIVING,,,,,,,,,,,,,1,Female,,,52.43,MASTECTOMY,Moderate,NO,Basal,3,Negative,NEUTRAL,Ductal/NST,NO,Post,10,Left,0,4.054,NO,151.9,0:Not Recurred,ER-/HER2-,Living
MB-5209,brca_metabric,,,,,,,,,,,,,,,,,,,,,,,175.1,1:DECEASED,,,,,,,,,,,,,1,Female,,,79.17,MASTECTOMY,Moderate,NO,Basal,3,Negative,NEUTRAL,Ductal/NST,YES,Post,4ER-,Right,0,4.12,YES,175.1,0:Not Recurred,ER-/HER2-,Died of Other Causes
MB-5211,brca_metabric,,,,,,,,,,,,,,,,,,,,,,,247.833333333333,1:DECEASED,,,,,,,,,,,,,1,Female,,,68.42,MASTECTOMY,High,NO,LumB,3,Positve,NEUTRAL,Ductal/NST,YES,Post,7,Right,0,4.06,NO,247.833333333333,0:Not Recurred,ER+/HER2- High Prolif,Died of Other Causes
MB-5212,brca_metabric,,,,,,,,,,,,,,,,,,,,,,,179.1,1:DECEASED,,,,,,,,,,,,,1,Female,,,80.17,MASTECTOMY,High,NO,LumB,3,Positve,GAIN,Ductal/NST,YES,Post,5,Right,0,4.07,NO,179.1,0:Not Recurred,HER2+,Died of Other Causes
MB-5213,brca_metabric,,,,,,,,,,,,,,,,,,,,,,,43.4,1:DECEASED,,,,,,,,,,,,,1,Female,,,74.98,MASTECTOMY,High,YES,Her2,3,Negative,GAIN,Ductal/NST,YES,Post,5,Left,12,6.05,YES,22.8,1:Recurred,HER2+,Died of Disease
MB-5214,brca_metabric,,,,,,,,,,,,,,,,,,,,,,,107.366666666667,1:DECEASED,,,,,,,,,,,,,1,Female,,,66.57,BREAST CONSERVING,Low,NO,Normal,3,Positve,NEUTRAL,Ductal/NST,YES,Post,2,Left,0,3.04,YES,38,1:Recurred,ER+/HER2- Low Prolif,Died of Other Causes
MB-5215,brca_metabric,,,,,,,,,,,,,,,,,,,,,,,118.7,1:DECEASED,,,,,,,,,,,,,1,Female,,,74.11,MASTECTOMY,High,NO,LumB,3,Positve,NEUTRAL,Ductal/NST,YES,Post,8,Right,6,6.056,YES,117.3,1:Recurred,ER+/HER2- High Prolif,Died of Disease
MB-5218,brca_metabric,,,,,,,,,,,,,,,,,,,,,,,254.966666666667,0:LIVING,,,,,,,,,,,,,1,Female,,,42.11,BREAST CONSERVING,High,NO,LumB,3,Positve,NEUTRAL,Ductal/NST,NO,Pre,1,Left,0,4.02,YES,254.966666666667,0:Not Recurred,ER+/HER2- High Prolif,Living
MB-5219,brca_metabric,,,,,,,,,,,,,,,,,,,,,,,252.9,0:LIVING,,,,,,,,,,,,,1,Female,,,55.77,MASTECTOMY,Moderate,NO,LumA,3,Positve,NEUTRAL,,YES,Post,4ER+,Left,,3.04,NO,252.9,0:Not Recurred,ER+/HER2- Low Prolif,Living
MB-5221,brca_metabric,,,,,,,,,,,,,,,,,,,,,,,131.3,1:DECEASED,,,,,,,,,,,,,1,Female,,,63.53,MASTECTOMY,High,NO,LumA,3,Positve,NEUTRAL,Ductal/NST,NO,Post,8,Left,0,2.04,NO,131.3,0:Not Recurred,ER+/HER2- Low Prolif,Died of Other Causes
MB-5222,brca_metabric,,,,,,,,,,,,,,,,,,,,,,,111.833333333333,1:DECEASED,,,,,,,,,,,,,1,Female,,,76.2,BREAST CONSERVING,Moderate,NO,claudin-low,3,Negative,GAIN,Ductal/NST,YES,Post,10,Right,0,4.03,YES,111.833333333333,0:Not Recurred,ER-/HER2-,Died of Other Causes
MB-5223,brca_metabric,,,,,,,,,,,,,,,,,,,,,,,144.666666666667,1:DECEASED,,,,,,,,,,,,,1,Female,,,42.05,BREAST CONSERVING,Moderate,YES,claudin-low,3,Negative,NEUTRAL,Ductal/NST,NO,Pre,4ER-,Right,2,4.044,YES,136.7,1:Recurred,ER-/HER2-,Died of Disease
MB-5224,brca_metabric,,,,,,,,,,,,,,,,,,,,,,,99.4,1:DECEASED,,,,,,,,,,,,,1,Female,,,90.23,MASTECTOMY,High,NO,LumA,3,Positve,NEUTRAL,Ductal/NST,YES,Post,7,Left,1,5.04,NO,99.4,1:Recurred,ER+/HER2- Low Prolif,Died of Disease
MB-5225,brca_metabric,,,,,,,,,,,,,,,,,,,,,,,43.2666666666667,1:DECEASED,,,,,,,,,,,,,1,Female,,,68.01,BREAST CONSERVING,High,NO,Basal,3,Negative,NEUTRAL,Ductal/NST,YES,Post,10,Left,0,4.06,YES,18.0666666666667,1:Recurred,ER-/HER2-,Died of Disease
MB-5226,brca_metabric,,,,,,,,,,,,,,,,,,,,,,,200.6,0:LIVING,,,,,,,,,,,,,1,Female,,,75.53,BREAST CONSERVING,Moderate,NO,LumB,3,Positve,LOSS,Ductal/NST,NO,Post,4ER+,Left,0,4.03,YES,200.6,0:Not Recurred,ER+/HER2- High Prolif,Living
MB-5227,brca_metabric,,,,,,,,,,,,,,,,,,,,,,,187.033333333333,1:DECEASED,,,,,,,,,,,,,1,Female,,,74.46,MASTECTOMY,High,NO,LumA,3,Positve,NEUTRAL,Ductal/NST,YES,Post,4ER+,Right,1,4.03,NO,187.033333333333,0:Not Recurred,ER+/HER2- High Prolif,Died of Other Causes
MB-5228,brca_metabric,,,,,,,,,,,,,,,,,,,,,,,180.733333333333,1:DECEASED,,,,,,,,,,,,,1,Female,,,72.56,BREAST CONSERVING,Moderate,NO,LumB,3,Positve,NEUTRAL,Ductal/NST,YES,Post,7,Left,0,4.06,YES,180.733333333333,0:Not Recurred,ER+/HER2- High Prolif,Died of Other Causes
MB-5229,brca_metabric,,,,,,,,,,,,,,,,,,,,,,,33.9666666666667,1:DECEASED,,,,,,,,,,,,,1,Female,,,39.99,MASTECTOMY,High,YES,Basal,3,Negative,GAIN,Ductal/NST,NO,Pre,5,Right,1,5.05,NO,25.9333333333333,1:Recurred,HER2+,Died of Disease
MB-5230,brca_metabric,,,,,,,,,,,,,,,,,,,,,,,176.5,0:LIVING,,,,,,,,,,,,,1,Female,,,48.17,BREAST CONSERVING,Moderate,NO,LumA,3,Positve,NEUTRAL,Mucinous,NO,Pre,3,Right,0,3.03,YES,176.5,0:Not Recurred,ER+/HER2- Low Prolif,Living
MB-5231,brca_metabric,,,,,,,,,,,,,,,,,,,,,,,16.5666666666667,1:DECEASED,,,,,,,,,,,,,1,Female,,,61.28,MASTECTOMY,Moderate,NO,Her2,3,Negative,GAIN,Ductal/NST,YES,Post,5,Left,0,3.05,NO,14.1333333333333,1:Recurred,HER2+,Died of Disease
MB-5232,brca_metabric,,,,,,,,,,,,,,,,,,,,,,,211.2,1:DECEASED,,,,,,,,,,,,,1,Female,,,74.53,BREAST CONSERVING,Moderate,NO,Basal,3,Negative,NEUTRAL,Ductal/NST,NO,Post,10,Left,0,3.028,YES,211.2,0:Not Recurred,ER-/HER2-,Died of Other Causes
MB-5233,brca_metabric,,,,,,,,,,,,,,,,,,,,,,,209.033333333333,1:DECEASED,,,,,,,,,,,,,1,Female,,,79.59,BREAST CONSERVING,Moderate,NO,LumB,3,Positve,NEUTRAL,Ductal/NST,YES,Post,8,Right,0,3.06,YES,209.033333333333,0:Not Recurred,ER+/HER2- High Prolif,Died of Other Causes
MB-5235,brca_metabric,,,,,,,,,,,,,,,,,,,,,,,204.2,1:DECEASED,,,,,,,,,,,,,1,Female,,,59.04,BREAST CONSERVING,Moderate,NO,Basal,3,Positve,NEUTRAL,Ductal/NST,NO,Post,9,Right,0,3.012,YES,204.2,1:Recurred,ER-/HER2-,Died of Disease
MB-5236,brca_metabric,,,,,,,,,,,,,,,,,,,,,,,166.666666666667,0:LIVING,,,,,,,,,,,,,1,Female,,,63.02,BREAST CONSERVING,High,YES,Basal,3,Negative,NEUTRAL,Ductal/NST,YES,Post,10,Right,3,5.13,YES,166.666666666667,0:Not Recurred,ER-/HER2-,Living
MB-5238,brca_metabric,,,,,,,,,,,,,,,,,,,,,,,44.1333333333333,1:DECEASED,,,,,,,,,,,,,1,Female,,,46.03,BREAST CONSERVING,Moderate,YES,Normal,3,Negative,GAIN,Ductal/NST,NO,Pre,5,Right,2,5.04,YES,17,1:Recurred,HER2+,Died of Disease
MB-5239,brca_metabric,,,,,,,,,,,,,,,,,,,,,,,192.133333333333,0:LIVING,,,,,,,,,,,,,1,Female,,,69.5,MASTECTOMY,High,NO,LumB,3,,NEUTRAL,Mixed,NO,Post,9,Right,0,3.03,NO,165.833333333333,1:Recurred,ER+/HER2- High Prolif,Living
MB-5240,brca_metabric,,,,,,,,,,,,,,,,,,,,,,,103.833333333333,1:DECEASED,,,,,,,,,,,,,1,Female,,,56.92,BREAST CONSERVING,High,NO,LumA,3,Positve,NEUTRAL,Mixed,NO,Post,7,Right,0,3.024,YES,103.833333333333,0:Not Recurred,ER+/HER2- Low Prolif,Died of Other Causes
MB-5243,brca_metabric,,,,,,,,,,,,,,,,,,,,,,,38.4333333333333,1:DECEASED,,,,,,,,,,,,,1,Female,,,62.79,MASTECTOMY,High,NO,LumB,3,Positve,GAIN,Ductal/NST,YES,Post,1,Right,2,3.11,NO,38.3333333333333,1:Recurred,ER+/HER2- High Prolif,Died of Other Causes
MB-5244,brca_metabric,,,,,,,,,,,,,,,,,,,,,,,216.866666666667,1:DECEASED,,,,,,,,,,,,,1,Female,,,69.2,MASTECTOMY,High,NO,LumB,3,Positve,NEUTRAL,Ductal/NST,YES,Post,6,Left,0,4.08,NO,120.366666666667,1:Recurred,ER+/HER2- High Prolif,Died of Disease
MB-5251,brca_metabric,,,,,,,,,,,,,,,,,,,,,,,112.466666666667,1:DECEASED,,,,,,,,,,,,,1,Female,,,76.77,MASTECTOMY,Moderate,NO,LumA,3,Positve,NEUTRAL,Ductal/NST,YES,Post,3,Left,1,2.04,NO,86.7333333333333,1:Recurred,ER+/HER2- Low Prolif,Died of Disease
MB-5253,brca_metabric,,,,,,,,,,,,,,,,,,,,,,,102.066666666667,1:DECEASED,,,,,,,,,,,,,1,Female,,,69.59,MASTECTOMY,Moderate,NO,LumA,3,Positve,NEUTRAL,Mixed,YES,Post,3,Left,0,3.06,NO,102.066666666667,0:Not Recurred,ER+/HER2- Low Prolif,Died of Other Causes
MB-5255,brca_metabric,,,,,,,,,,,,,,,,,,,,,,,53.5666666666667,0:LIVING,,,,,,,,,,,,,1,Female,,,58.7,BREAST CONSERVING,Low,NO,claudin-low,3,Negative,GAIN,Ductal/NST,NO,Post,4ER-,Left,,4.03,YES,53.5666666666667,0:Not Recurred,ER-/HER2-,Living
MB-5256,brca_metabric,,,,,,,,,,,,,,,,,,,,,,,108.066666666667,1:DECEASED,,,,,,,,,,,,,1,Female,,,70.31,MASTECTOMY,Moderate,NO,LumA,3,Positve,NEUTRAL,Ductal/NST,YES,Post,8,Right,3,4.046,YES,84.7,1:Recurred,ER+/HER2- High Prolif,Died of Disease
MB-5258,brca_metabric,,,,,,,,,,,,,,,,,,,,,,,101.066666666667,1:DECEASED,,,,,,,,,,,,,1,Female,,,72.77,MASTECTOMY,High,NO,Basal,3,Negative,NEUTRAL,Ductal/NST,YES,Post,10,Left,0,4.06,NO,101.066666666667,0:Not Recurred,ER-/HER2-,Died of Other Causes
MB-5259,brca_metabric,,,,,,,,,,,,,,,,,,,,,,,46.1666666666667,1:DECEASED,,,,,,,,,,,,,1,Female,,,41.28,MASTECTOMY,High,YES,Her2,3,Negative,GAIN,Ductal/NST,NO,Pre,5,Right,1,5.07,YES,26.5,1:Recurred,HER2+,Died of Disease
MB-5260,brca_metabric,,,,,,,,,,,,,,,,,,,,,,,202.1,1:DECEASED,,,,,,,,,,,,,1,Female,,,72.23,BREAST CONSERVING,Moderate,NO,LumB,3,Positve,NEUTRAL,Mixed,NO,Post,7,Right,0,4.03,YES,202.1,0:Not Recurred,ER+/HER2- High Prolif,Died of Other Causes
MB-5261,brca_metabric,,,,,,,,,,,,,,,,,,,,,,,116.466666666667,1:DECEASED,,,,,,,,,,,,,1,Female,,,66.12,BREAST CONSERVING,High,NO,LumB,3,Positve,NEUTRAL,Ductal/NST,NO,Post,4ER+,Right,0,3.03,YES,116.466666666667,0:Not Recurred,ER+/HER2- High Prolif,Died of Other Causes
MB-5264,brca_metabric,,,,,,,,,,,,,,,,,,,,,,,199.3,0:LIVING,,,,,,,,,,,,,1,Female,,,46.4,BREAST CONSERVING,High,NO,LumA,3,Positve,NEUTRAL,Ductal/NST,NO,Pre,8,Left,0,4.036,YES,199.3,0:Not Recurred,ER+/HER2- Low Prolif,Living
MB-5266,brca_metabric,,,,,,,,,,,,,,,,,,,,,,,83.6333333333333,1:DECEASED,,,,,,,,,,,,,1,Female,,,76.83,MASTECTOMY,High,NO,LumB,3,Positve,GAIN,Ductal/NST,YES,Post,1,Left,0,4.06,NO,76.6333333333333,1:Recurred,ER+/HER2- High Prolif,Died of Other Causes
MB-5267,brca_metabric,,,,,,,,,,,,,,,,,,,,,,,71.0666666666667,1:DECEASED,,,,,,,,,,,,,1,Female,,,52.77,BREAST CONSERVING,Moderate,NO,LumA,3,Positve,NEUTRAL,Ductal/NST,NO,Post,2,Right,0,3.03,YES,46.3333333333333,1:Recurred,ER+/HER2- Low Prolif,Died of Disease
MB-5268,brca_metabric,,,,,,,,,,,,,,,,,,,,,,,186.133333333333,0:LIVING,,,,,,,,,,,,,1,Female,,,47.98,BREAST CONSERVING,Moderate,NO,LumA,3,Positve,NEUTRAL,Mixed,NO,Pre,3,Right,0,3.06,YES,181.266666666667,1:Recurred,ER+/HER2- Low Prolif,Living
MB-5270,brca_metabric,,,,,,,,,,,,,,,,,,,,,,,187.833333333333,1:DECEASED,,,,,,,,,,,,,1,Female,,,67.1,MASTECTOMY,High,NO,LumA,3,Positve,NEUTRAL,Mixed,YES,Post,8,Left,1,5.07,NO,187.833333333333,0:Not Recurred,ER+/HER2- High Prolif,Died of Other Causes
MB-5271,brca_metabric,,,,,,,,,,,,,,,,,,,,,,,167.5,0:LIVING,,,,,,,,,,,,,1,Female,,,58.25,MASTECTOMY,High,NO,LumB,3,Positve,GAIN,Medullary,YES,Post,9,Left,0,3.08,NO,167.5,0:Not Recurred,ER+/HER2- High Prolif,Living
MB-5272,brca_metabric,,,,,,,,,,,,,,,,,,,,,,,201.933333333333,1:DECEASED,,,,,,,,,,,,,1,Female,,,40.71,BREAST CONSERVING,Moderate,NO,claudin-low,3,Positve,NEUTRAL,Medullary,NO,Pre,4ER+,Left,0,4.04,YES,114.466666666667,1:Recurred,ER+/HER2- High Prolif,Died of Disease
MB-5273,brca_metabric,,,,,,,,,,,,,,,,,,,,,,,60.8666666666667,1:DECEASED,,,,,,,,,,,,,1,Female,,,60.33,MASTECTOMY,High,NO,LumB,3,Positve,NEUTRAL,Ductal/NST,YES,Post,6,Left,0,4.04,NO,44.8,1:Recurred,ER+/HER2- High Prolif,Died of Disease
MB-5275,brca_metabric,,,,,,,,,,,,,,,,,,,,,,,75.9666666666667,1:DECEASED,,,,,,,,,,,,,1,Female,,,72.19,MASTECTOMY,Moderate,NO,Her2,3,Positve,NEUTRAL,Ductal/NST,NO,Post,3,Left,0,3,NO,70.4333333333333,1:Recurred,ER+/HER2- High Prolif,Died of Other Causes
MB-5277,brca_metabric,,,,,,,,,,,,,,,,,,,,,,,221.066666666667,1:DECEASED,,,,,,,,,,,,,1,Female,,,35.78,MASTECTOMY,Low,NO,Normal,3,Positve,NEUTRAL,Ductal/NST,NO,Pre,8,Right,0,3.036,NO,153.233333333333,1:Recurred,ER+/HER2- Low Prolif,Died of Disease
MB-5278,brca_metabric,,,,,,,,,,,,,,,,,,,,,,,99.9666666666667,1:DECEASED,,,,,,,,,,,,,1,Female,,,47.92,MASTECTOMY,Moderate,NO,Normal,3,Positve,NEUTRAL,Mixed,NO,Pre,4ER+,Left,0,1.04,NO,86.3,1:Recurred,ER+/HER2- Low Prolif,Died of Disease
MB-5279,brca_metabric,,,,,,,,,,,,,,,,,,,,,,,68.7666666666667,1:DECEASED,,,,,,,,,,,,,1,Female,,,66.55,MASTECTOMY,High,NO,LumA,3,Positve,NEUTRAL,Ductal/NST,NO,Post,8,Right,0,4.08,NO,30.6,1:Recurred,ER+/HER2- High Prolif,Died of Other Causes
MB-5280,brca_metabric,,,,,,,,,,,,,,,,,,,,,,,77.8666666666667,1:DECEASED,,,,,,,,,,,,,1,Female,,,45.85,MASTECTOMY,Low,NO,Normal,3,Positve,LOSS,Mixed,NO,Pre,1,Left,0,4.004,NO,57.4666666666667,1:Recurred,ER+/HER2- High Prolif,Died of Disease
MB-5281,brca_metabric,,,,,,,,,,,,,,,,,,,,,,,79.3,0:LIVING,,,,,,,,,,,,,1,Female,,,55.72,BREAST CONSERVING,Moderate,NO,LumA,3,Negative,NEUTRAL,Ductal/NST,NO,Post,4ER-,Left,0,4.03,YES,79.3,0:Not Recurred,ER+/HER2- Low Prolif,Living
MB-5284,brca_metabric,,,,,,,,,,,,,,,,,,,,,,,65.3333333333333,1:DECEASED,,,,,,,,,,,,,1,Female,,,68.18,MASTECTOMY,Moderate,NO,LumA,3,Positve,NEUTRAL,Mixed,YES,Post,3,Left,5,6.08,YES,65.3333333333333,0:Not Recurred,ER+/HER2- Low Prolif,Died of Other Causes
MB-5287,brca_metabric,,,,,,,,,,,,,,,,,,,,,,,124,1:DECEASED,,,,,,,,,,,,,1,Female,,,69.46,BREAST CONSERVING,Moderate,NO,LumA,3,Positve,NEUTRAL,Ductal/NST,NO,Post,3,Left,0,3.04,YES,124,0:Not Recurred,ER+/HER2- Low Prolif,Died of Other Causes
MB-5288,brca_metabric,,,,,,,,,,,,,,,,,,,,,,,128.4,1:DECEASED,,,,,,,,,,,,,1,Female,,,70.1,BREAST CONSERVING,High,NO,LumB,3,Positve,NEUTRAL,Ductal/NST,YES,Post,3,Right,2,4.07,YES,128.4,0:Not Recurred,ER+/HER2- High Prolif,Died of Other Causes
MB-5289,brca_metabric,,,,,,,,,,,,,,,,,,,,,,,87,1:DECEASED,,,,,,,,,,,,,1,Female,,,65.45,BREAST CONSERVING,High,NO,LumA,3,Positve,NEUTRAL,Ductal/NST,YES,Post,8,Left,,5.052,YES,87,0:Not Recurred,ER+/HER2- Low Prolif,Died of Other Causes
MB-5290,brca_metabric,,,,,,,,,,,,,,,,,,,,,,,36.9333333333333,1:DECEASED,,,,,,,,,,,,,1,Female,,,69.42,MASTECTOMY,High,NO,LumA,3,Positve,NEUTRAL,Ductal/NST,NO,Post,8,Left,0,3.044,NO,36.9333333333333,0:Not Recurred,ER+/HER2- Low Prolif,Died of Other Causes
MB-5291,brca_metabric,,,,,,,,,,,,,,,,,,,,,,,153.533333333333,0:LIVING,,,,,,,,,,,,,1,Female,,,67.25,BREAST CONSERVING,High,NO,LumB,3,Positve,GAIN,Ductal/NST,YES,Post,9,Right,0,3.03,YES,153.533333333333,0:Not Recurred,ER+/HER2- High Prolif,Living
MB-5292,brca_metabric,,,,,,,,,,,,,,,,,,,,,,,48.4333333333333,1:DECEASED,,,,,,,,,,,,,1,Female,,,82.06,MASTECTOMY,Moderate,NO,LumB,3,Positve,GAIN,Ductal/NST,NO,Post,5,Left,0,3.01,NO,9.43333333333333,1:Recurred,ER+/HER2- High Prolif,Died of Disease
MB-5293,brca_metabric,,,,,,,,,,,,,,,,,,,,,,,208.966666666667,1:DECEASED,,,,,,,,,,,,,1,Female,,,70.86,BREAST CONSERVING,High,NO,LumA,3,Positve,NEUTRAL,Mixed,NO,Post,3,Left,0,3.06,YES,208.966666666667,1:Recurred,ER+/HER2- Low Prolif,Died of Disease
MB-5294,brca_metabric,,,,,,,,,,,,,,,,,,,,,,,195.933333333333,0:LIVING,,,,,,,,,,,,,1,Female,,,31.71,MASTECTOMY,Moderate,YES,Basal,3,Negative,NEUTRAL,Ductal/NST,YES,Pre,10,Right,14,6.198,YES,195.933333333333,0:Not Recurred,ER-/HER2-,Living
MB-5295,brca_metabric,,,,,,,,,,,,,,,,,,,,,,,75.7,1:DECEASED,,,,,,,,,,,,,1,Female,,,60.51,BREAST CONSERVING,Low,NO,Basal,3,Negative,NEUTRAL,Ductal/NST,NO,Post,10,Left,0,3.05,YES,75.7,0:Not Recurred,ER-/HER2-,Died of Other Causes
MB-5296,brca_metabric,,,,,,,,,,,,,,,,,,,,,,,13.8,1:DECEASED,,,,,,,,,,,,,1,Female,,,78.93,MASTECTOMY,Moderate,NO,claudin-low,3,Positve,GAIN,Ductal/NST,YES,Post,5,Right,6,6.08,YES,10.8666666666667,1:Recurred,HER2+,Died of Disease
MB-5298,brca_metabric,,,,,,,,,,,,,,,,,,,,,,,84.9,1:DECEASED,,,,,,,,,,,,,1,Female,,,49.63,BREAST CONSERVING,High,YES,Basal,3,Negative,NEUTRAL,Lobular,NO,Pre,10,Right,5,6.046,NO,22.3333333333333,1:Recurred,ER-/HER2-,Died of Disease
MB-5299,brca_metabric,,,,,,,,,,,,,,,,,,,,,,,16.7,1:DECEASED,,,,,,,,,,,,,1,Female,,,53.35,BREAST CONSERVING,High,YES,Basal,3,Negative,NEUTRAL,Lobular,YES,Post,10,Left,2,5.08,NO,5.03333333333333,1:Recurred,ER-/HER2-,Died of Disease
MB-5300,brca_metabric,,,,,,,,,,,,,,,,,,,,,,,190.166666666667,0:LIVING,,,,,,,,,,,,,1,Female,,,55.53,BREAST CONSERVING,Moderate,NO,LumA,3,Positve,NEUTRAL,Ductal/NST,NO,Post,8,Right,0,2.03,YES,17.8333333333333,1:Recurred,ER+/HER2- Low Prolif,Living
MB-5301,brca_metabric,,,,,,,,,,,,,,,,,,,,,,,241.233333333333,0:LIVING,,,,,,,,,,,,,1,Female,,,64.46,BREAST CONSERVING,Moderate,NO,Her2,3,Negative,NEUTRAL,,NO,Post,8,Left,,3.036,YES,128.333333333333,1:Recurred,ER-/HER2-,Living
MB-5302,brca_metabric,,,,,,,,,,,,,,,,,,,,,,,191.1,0:LIVING,,,,,,,,,,,,,1,Female,,,52.81,MASTECTOMY,High,NO,Normal,3,Positve,NEUTRAL,,YES,Post,3,Left,,2.12,YES,191.1,0:Not Recurred,ER+/HER2- High Prolif,Living
MB-5305,brca_metabric,,,,,,,,,,,,,,,,,,,,,,,149.433333333333,1:DECEASED,,,,,,,,,,,,,1,Female,,,61.88,MASTECTOMY,High,NO,LumA,3,Positve,NEUTRAL,Mixed,YES,Post,8,Right,1,4.06,NO,28.4333333333333,1:Recurred,ER+/HER2- High Prolif,Died of Disease
MB-5306,brca_metabric,,,,,,,,,,,,,,,,,,,,,,,159.733333333333,0:LIVING,,,,,,,,,,,,,1,Female,,,58.26,MASTECTOMY,High,NO,LumA,3,Positve,GAIN,Ductal/NST,NO,Post,7,Left,0,4.03,NO,159.733333333333,0:Not Recurred,ER+/HER2- High Prolif,Living
MB-5308,brca_metabric,,,,,,,,,,,,,,,,,,,,,,,104.766666666667,1:DECEASED,,,,,,,,,,,,,1,Female,,,67.62,BREAST CONSERVING,Low,NO,Normal,3,Positve,NEUTRAL,Ductal/NST,YES,Post,4ER+,Right,0,4.05,YES,78.9333333333333,1:Recurred,ER+/HER2- Low Prolif,Died of Disease
MB-5310,brca_metabric,,,,,,,,,,,,,,,,,,,,,,,153.3,1:DECEASED,,,,,,,,,,,,,1,Female,,,71.4,MASTECTOMY,High,NO,LumA,3,Positve,NEUTRAL,Mixed,YES,Post,3,Left,0,3.06,NO,153.3,0:Not Recurred,ER+/HER2- Low Prolif,Died of Other Causes
MB-5311,brca_metabric,,,,,,,,,,,,,,,,,,,,,,,57.6666666666667,1:DECEASED,,,,,,,,,,,,,1,Female,,,73.01,BREAST CONSERVING,High,NO,claudin-low,3,Positve,NEUTRAL,Ductal/NST,YES,Post,4ER+,Right,0,3.054,YES,0.7,1:Recurred,ER-/HER2-,Died of Disease
MB-5312,brca_metabric,,,,,,,,,,,,,,,,,,,,,,,37.9,1:DECEASED,,,,,,,,,,,,,1,Female,,,50.6,MASTECTOMY,High,YES,Her2,3,Negative,GAIN,Ductal/NST,NO,Post,5,Right,6,6.12,NO,4.03333333333333,1:Recurred,HER2+,Died of Disease
MB-5313,brca_metabric,,,,,,,,,,,,,,,,,,,,,,,46.5333333333333,1:DECEASED,,,,,,,,,,,,,1,Female,,,79.12,MASTECTOMY,Moderate,NO,Her2,3,Positve,NEUTRAL,Lobular,YES,Post,1,Right,14,3.06,NO,38.1666666666667,1:Recurred,ER+/HER2- High Prolif,Died of Disease
MB-5315,brca_metabric,,,,,,,,,,,,,,,,,,,,,,,43.0333333333333,1:DECEASED,,,,,,,,,,,,,1,Female,,,52.13,MASTECTOMY,High,YES,Her2,3,Negative,GAIN,Ductal/NST,YES,Post,4ER-,Left,16,6.16,YES,34.2333333333333,1:Recurred,HER2+,Died of Disease
MB-5317,brca_metabric,,,,,,,,,,,,,,,,,,,,,,,53.6333333333333,1:DECEASED,,,,,,,,,,,,,1,Female,,,69.7,BREAST CONSERVING,High,NO,LumB,3,Positve,NEUTRAL,Mixed,YES,Post,8,Left,1,4.03,YES,49.6333333333333,1:Recurred,ER+/HER2- High Prolif,Died of Disease
MB-5318,brca_metabric,,,,,,,,,,,,,,,,,,,,,,,14.1666666666667,1:DECEASED,,,,,,,,,,,,,1,Female,,,60.96,BREAST CONSERVING,Moderate,NO,LumB,3,Positve,GAIN,Ductal/NST,NO,Post,5,Left,0,4.036,YES,7.03333333333333,1:Recurred,HER2+,Died of Disease
MB-5322,brca_metabric,,,,,,,,,,,,,,,,,,,,,,,102.3,1:DECEASED,,,,,,,,,,,,,1,Female,,,66.58,BREAST CONSERVING,Moderate,NO,LumA,3,Positve,NEUTRAL,Mixed,YES,Post,2,Right,1,4.046,YES,67.4333333333333,1:Recurred,ER+/HER2- High Prolif,Died of Disease
MB-5323,brca_metabric,,,,,,,,,,,,,,,,,,,,,,,226.066666666667,0:LIVING,,,,,,,,,,,,,1,Female,,,31.26,MASTECTOMY,Moderate,NO,claudin-low,3,Negative,LOSS,Ductal/NST,NO,Pre,4ER-,Left,0,4.03,NO,226.066666666667,0:Not Recurred,ER-/HER2-,Living
MB-5324,brca_metabric,,,,,,,,,,,,,,,,,,,,,,,190.1,1:DECEASED,,,,,,,,,,,,,1,Female,,,64.01,MASTECTOMY,Moderate,NO,LumA,3,Positve,NEUTRAL,Mixed,NO,Post,3,Left,0,3.02,NO,190.1,0:Not Recurred,ER+/HER2- Low Prolif,Died of Other Causes
MB-5325,brca_metabric,,,,,,,,,,,,,,,,,,,,,,,204.233333333333,0:LIVING,,,,,,,,,,,,,1,Female,,,43.04,MASTECTOMY,Moderate,YES,claudin-low,3,Negative,NEUTRAL,,YES,Pre,10,Left,,5.16,YES,204.233333333333,0:Not Recurred,ER-/HER2-,Living
MB-5326,brca_metabric,,,,,,,,,,,,,,,,,,,,,,,96.2,1:DECEASED,,,,,,,,,,,,,1,Female,,,79.26,MASTECTOMY,Moderate,NO,Normal,3,Positve,NEUTRAL,Lobular,YES,Post,4ER+,Left,0,2.096,YES,96.2,0:Not Recurred,,Died of Other Causes
MB-5327,brca_metabric,,,,,,,,,,,,,,,,,,,,,,,163.533333333333,0:LIVING,,,,,,,,,,,,,1,Female,,,66.94,BREAST CONSERVING,High,NO,Her2,3,Negative,GAIN,Lobular,YES,Post,5,Left,0,3.05,YES,163.533333333333,0:Not Recurred,HER2+,Living
MB-5328,brca_metabric,,,,,,,,,,,,,,,,,,,,,,,14.2,1:DECEASED,,,,,,,,,,,,,1,Female,,,74.57,BREAST CONSERVING,High,NO,LumB,3,Positve,NEUTRAL,Ductal/NST,YES,Post,1,Left,1,4.1,NO,14.2,0:Not Recurred,ER+/HER2- High Prolif,Died of Other Causes
MB-5329,brca_metabric,,,,,,,,,,,,,,,,,,,,,,,45.7333333333333,1:DECEASED,,,,,,,,,,,,,1,Female,,,64.64,MASTECTOMY,High,YES,LumA,3,Negative,NEUTRAL,Lobular,NO,Post,2,Right,13,6.13,YES,28.2333333333333,1:Recurred,ER+/HER2- Low Prolif,Died of Disease
MB-5330,brca_metabric,,,,,,,,,,,,,,,,,,,,,,,114.533333333333,1:DECEASED,,,,,,,,,,,,,1,Female,,,70.49,MASTECTOMY,High,NO,LumA,3,Positve,NEUTRAL,Lobular,YES,Post,8,Left,0,3.05,NO,114.533333333333,0:Not Recurred,ER+/HER2- Low Prolif,Died of Other Causes
MB-5331,brca_metabric,,,,,,,,,,,,,,,,,,,,,,,124.133333333333,1:DECEASED,,,,,,,,,,,,,1,Female,,,54.69,MASTECTOMY,Moderate,NO,LumA,3,Positve,GAIN,Ductal/NST,NO,Post,2,Right,0,3.046,NO,37.7,1:Recurred,HER2+,Died of Disease
MB-5332,brca_metabric,,,,,,,,,,,,,,,,,,,,,,,98.8333333333333,1:DECEASED,,,,,,,,,,,,,1,Female,,,68.93,MASTECTOMY,High,NO,Her2,3,Positve,GAIN,Ductal/NST,YES,Post,5,Left,1,4.036,NO,70.7333333333333,1:Recurred,ER+/HER2- High Prolif,Died of Disease
MB-5334,brca_metabric,,,,,,,,,,,,,,,,,,,,,,,85.4,1:DECEASED,,,,,,,,,,,,,1,Female,,,78.44,BREAST CONSERVING,High,NO,LumA,3,Positve,NEUTRAL,Ductal/NST,YES,Post,9,Right,0,4.04,YES,85.4,0:Not Recurred,ER+/HER2- High Prolif,Died of Other Causes
MB-5335,brca_metabric,,,,,,,,,,,,,,,,,,,,,,,25.2333333333333,1:DECEASED,,,,,,,,,,,,,1,Female,,,41.81,MASTECTOMY,High,NO,Basal,3,Negative,NEUTRAL,Ductal/NST,NO,Pre,10,Right,0,4.054,NO,10.8666666666667,1:Recurred,ER-/HER2-,Died of Disease
MB-5338,brca_metabric,,,,,,,,,,,,,,,,,,,,,,,51.6666666666667,1:DECEASED,,,,,,,,,,,,,1,Female,,,61.24,BREAST CONSERVING,High,NO,LumB,3,Positve,NEUTRAL,Ductal/NST,YES,Post,1,Right,2,4.04,YES,14.7333333333333,1:Recurred,ER+/HER2- High Prolif,Died of Disease
MB-5339,brca_metabric,,,,,,,,,,,,,,,,,,,,,,,195.866666666667,0:LIVING,,,,,,,,,,,,,1,Female,,,71.78,BREAST CONSERVING,High,NO,NC,3,Positve,NEUTRAL,Ductal/NST,YES,Post,3,Right,2,5.03,YES,195.866666666667,0:Not Recurred,ER+/HER2- High Prolif,Living
MB-5341,brca_metabric,,,,,,,,,,,,,,,,,,,,,,,250.833333333333,0:LIVING,,,,,,,,,,,,,1,Female,,,56.37,BREAST CONSERVING,High,NO,LumB,3,Positve,NEUTRAL,Ductal/NST,NO,Post,2,Right,0,3.04,YES,89.7666666666667,1:Recurred,ER+/HER2- High Prolif,Living
MB-5345,brca_metabric,,,,,,,,,,,,,,,,,,,,,,,216.033333333333,1:DECEASED,,,,,,,,,,,,,1,Female,,,76.87,BREAST CONSERVING,Moderate,NO,Normal,3,Positve,NEUTRAL,Ductal/NST,YES,Post,4ER+,Right,4,4.03,YES,216.033333333333,1:Recurred,ER+/HER2- Low Prolif,Died of Disease
MB-5346,brca_metabric,,,,,,,,,,,,,,,,,,,,,,,194.3,0:LIVING,,,,,,,,,,,,,1,Female,,,52.09,MASTECTOMY,High,YES,Basal,3,Negative,NEUTRAL,Ductal/NST,NO,Post,10,Left,3,5.16,YES,194.3,0:Not Recurred,,Living
MB-5347,brca_metabric,,,,,,,,,,,,,,,,,,,,,,,211.9,1:DECEASED,,,,,,,,,,,,,1,Female,,,56.89,BREAST CONSERVING,High,NO,LumB,3,Positve,NEUTRAL,Ductal/NST,YES,Post,3,Left,1,5.05,YES,169.233333333333,1:Recurred,ER+/HER2- High Prolif,Died of Disease
MB-5348,brca_metabric,,,,,,,,,,,,,,,,,,,,,,,169.666666666667,0:LIVING,,,,,,,,,,,,,1,Female,,,41.27,MASTECTOMY,High,YES,claudin-low,3,Negative,NEUTRAL,Ductal/NST,NO,Pre,10,Left,1,5.03,NO,169.666666666667,0:Not Recurred,ER-/HER2-,Living
MB-5349,brca_metabric,,,,,,,,,,,,,,,,,,,,,,,191,1:DECEASED,,,,,,,,,,,,,1,Female,,,72.88,MASTECTOMY,High,NO,LumA,3,Positve,NEUTRAL,,NO,Post,4ER+,Right,,3.03,NO,97.0666666666667,1:Recurred,ER+/HER2- Low Prolif,Died of Disease
MB-5350,brca_metabric,,,,,,,,,,,,,,,,,,,,,,,53.6333333333333,1:DECEASED,,,,,,,,,,,,,1,Female,,,66.7,BREAST CONSERVING,High,NO,claudin-low,3,Positve,NEUTRAL,Mixed,YES,Post,4ER+,Right,1,5.05,YES,53.5666666666667,1:Recurred,ER-/HER2-,Died of Disease
MB-5351,brca_metabric,,,,,,,,,,,,,,,,,,,,,,,202.1,0:LIVING,,,,,,,,,,,,,1,Female,,,47.35,MASTECTOMY,Moderate,NO,Normal,3,Positve,GAIN,Ductal/NST,NO,Pre,4ER+,Left,0,4.004,NO,202.1,0:Not Recurred,HER2+,Living
MB-5358,brca_metabric,,,,,,,,,,,,,,,,,,,,,,,28.8333333333333,1:DECEASED,,,,,,,,,,,,,1,Female,,,72.88,MASTECTOMY,Moderate,NO,LumA,3,Positve,NEUTRAL,Mixed,YES,Post,3,Right,3,4.114,YES,13.9333333333333,1:Recurred,ER+/HER2- Low Prolif,Died of Disease
MB-5360,brca_metabric,,,,,,,,,,,,,,,,,,,,,,,161.133333333333,1:DECEASED,,,,,,,,,,,,,1,Female,,,66.39,MASTECTOMY,High,NO,LumA,3,Positve,NEUTRAL,Mixed,YES,Post,8,Left,0,3.14,YES,161.133333333333,0:Not Recurred,ER+/HER2- Low Prolif,Died of Other Causes
MB-5361,brca_metabric,,,,,,,,,,,,,,,,,,,,,,,15.3666666666667,1:DECEASED,,,,,,,,,,,,,1,Female,,,76.01,MASTECTOMY,High,NO,LumA,3,Positve,GAIN,Ductal/NST,YES,Post,8,Left,1,4.08,NO,13.0333333333333,1:Recurred,ER+/HER2- High Prolif,Died of Disease
MB-5364,brca_metabric,,,,,,,,,,,,,,,,,,,,,,,125.766666666667,1:DECEASED,,,,,,,,,,,,,1,Female,,,56.89,BREAST CONSERVING,Moderate,NO,Normal,3,Positve,NEUTRAL,Medullary,YES,Post,3,Left,0,4.03,YES,125.766666666667,1:Recurred,ER+/HER2- Low Prolif,Died of Disease
MB-5365,brca_metabric,,,,,,,,,,,,,,,,,,,,,,,23.0333333333333,1:DECEASED,,,,,,,,,,,,,1,Female,,,79.29,MASTECTOMY,High,NO,LumA,3,Positve,NEUTRAL,Ductal/NST,YES,Post,7,Left,2,4.05,NO,13.1,1:Recurred,ER+/HER2- Low Prolif,Died of Disease
MB-5366,brca_metabric,,,,,,,,,,,,,,,,,,,,,,,243.166666666667,0:LIVING,,,,,,,,,,,,,1,Female,,,75.56,MASTECTOMY,High,NO,Her2,3,Positve,GAIN,Lobular,YES,Post,5,Left,1,5.08,NO,243.166666666667,0:Not Recurred,HER2+,Living
MB-5368,brca_metabric,,,,,,,,,,,,,,,,,,,,,,,100.133333333333,1:DECEASED,,,,,,,,,,,,,1,Female,,,77.15,MASTECTOMY,Low,NO,Normal,3,Positve,GAIN,,YES,Post,4ER+,Right,1,5.03,NO,100.133333333333,0:Not Recurred,ER+/HER2- Low Prolif,Died of Other Causes
MB-5369,brca_metabric,,,,,,,,,,,,,,,,,,,,,,,39.3,1:DECEASED,,,,,,,,,,,,,1,Female,,,66.18,BREAST CONSERVING,High,NO,LumA,3,Positve,NEUTRAL,Mixed,YES,Post,8,Left,0,3.05,YES,35.2666666666667,1:Recurred,ER+/HER2- Low Prolif,Died of Disease
MB-5370,brca_metabric,,,,,,,,,,,,,,,,,,,,,,,119.3,1:DECEASED,,,,,,,,,,,,,1,Female,,,62.55,BREAST CONSERVING,Moderate,NO,LumB,3,Positve,NEUTRAL,Ductal/NST,YES,Post,8,Left,0,4.044,YES,70.4333333333333,1:Recurred,ER+/HER2- High Prolif,Died of Other Causes
MB-5373,brca_metabric,,,,,,,,,,,,,,,,,,,,,,,2.53333333333333,0:LIVING,,,,,,,,,,,,,1,Female,,,67.13,BREAST CONSERVING,Low,NO,LumB,3,Positve,NEUTRAL,Ductal/NST,YES,Post,4ER+,Right,1,5.05,YES,2.53333333333333,0:Not Recurred,ER+/HER2- Low Prolif,Living
MB-5377,brca_metabric,,,,,,,,,,,,,,,,,,,,,,,102,1:DECEASED,,,,,,,,,,,,,1,Female,,,35.14,MASTECTOMY,High,YES,LumB,3,Negative,NEUTRAL,Ductal/NST,YES,Pre,8,Right,7,6.09,YES,102,1:Recurred,ER+/HER2- Low Prolif,Died of Disease
MB-5378,brca_metabric,,,,,,,,,,,,,,,,,,,,,,,12.2666666666667,1:DECEASED,,,,,,,,,,,,,1,Female,,,57.99,MASTECTOMY,High,YES,Basal,3,Negative,NEUTRAL,Ductal/NST,NO,Post,10,Right,3,5.09,YES,10.9666666666667,1:Recurred,ER-/HER2-,Died of Disease
MB-5381,brca_metabric,,,,,,,,,,,,,,,,,,,,,,,201.833333333333,1:DECEASED,,,,,,,,,,,,,1,Female,,,44,MASTECTOMY,Moderate,YES,Her2,3,Negative,GAIN,Ductal/NST,YES,Pre,5,Right,2,5.1,YES,201.833333333333,1:Recurred,HER2+,Died of Disease
MB-5382,brca_metabric,,,,,,,,,,,,,,,,,,,,,,,116.233333333333,1:DECEASED,,,,,,,,,,,,,1,Female,,,69.27,BREAST CONSERVING,High,NO,LumA,3,Positve,NEUTRAL,Ductal/NST,YES,Post,7,Right,4,5.06,YES,116.233333333333,0:Not Recurred,ER+/HER2- Low Prolif,Died of Other Causes
MB-5383,brca_metabric,,,,,,,,,,,,,,,,,,,,,,,113.666666666667,1:DECEASED,,,,,,,,,,,,,1,Female,,,83.9,MASTECTOMY,Moderate,NO,LumA,3,Positve,NEUTRAL,Ductal/NST,YES,Post,8,Left,3,4.15,NO,76.7333333333333,1:Recurred,ER+/HER2- Low Prolif,Died of Disease
MB-5384,brca_metabric,,,,,,,,,,,,,,,,,,,,,,,71.1666666666667,1:DECEASED,,,,,,,,,,,,,1,Female,,,61.05,MASTECTOMY,High,NO,LumA,3,Positve,GAIN,,YES,Post,1,Left,0,3.026,NO,62.5333333333333,1:Recurred,ER+/HER2- High Prolif,Died of Other Causes
MB-5385,brca_metabric,,,,,,,,,,,,,,,,,,,,,,,148.8,1:DECEASED,,,,,,,,,,,,,1,Female,,,83.32,BREAST CONSERVING,Moderate,NO,LumA,3,Positve,GAIN,,YES,Post,4ER+,Left,,2.04,YES,148.8,0:Not Recurred,ER+/HER2- Low Prolif,Died of Other Causes
MB-5386,brca_metabric,,,,,,,,,,,,,,,,,,,,,,,192.2,0:LIVING,,,,,,,,,,,,,1,Female,,,65.86,MASTECTOMY,Low,NO,LumB,3,Positve,GAIN,Ductal/NST,YES,Post,7,Left,0,3.04,YES,192.2,0:Not Recurred,ER+/HER2- High Prolif,Living
MB-5387,brca_metabric,,,,,,,,,,,,,,,,,,,,,,,45.6333333333333,1:DECEASED,,,,,,,,,,,,,1,Female,,,45.33,BREAST CONSERVING,High,YES,Basal,3,Negative,NEUTRAL,,NO,Pre,10,Right,,5.026,YES,34.5,1:Recurred,ER-/HER2-,Died of Disease
MB-5388,brca_metabric,,,,,,,,,,,,,,,,,,,,,,,146.933333333333,1:DECEASED,,,,,,,,,,,,,1,Female,,,69.8,BREAST CONSERVING,High,NO,LumA,3,Positve,NEUTRAL,Mixed,NO,Post,7,Right,0,3.03,YES,146.933333333333,0:Not Recurred,ER+/HER2- Low Prolif,Died of Other Causes
MB-5389,brca_metabric,,,,,,,,,,,,,,,,,,,,,,,124.766666666667,1:DECEASED,,,,,,,,,,,,,1,Female,,,64.76,BREAST CONSERVING,High,NO,LumA,3,Positve,NEUTRAL,Ductal/NST,YES,Post,7,Left,0,3.062,YES,124.766666666667,0:Not Recurred,ER+/HER2- High Prolif,Died of Other Causes
MB-5390,brca_metabric,,,,,,,,,,,,,,,,,,,,,,,30.9333333333333,1:DECEASED,,,,,,,,,,,,,1,Female,,,37.27,BREAST CONSERVING,High,YES,Basal,3,Negative,NEUTRAL,Lobular,YES,Pre,10,Left,12,6.026,YES,25.5666666666667,1:Recurred,ER-/HER2-,Died of Disease
MB-5392,brca_metabric,,,,,,,,,,,,,,,,,,,,,,,237.266666666667,0:LIVING,,,,,,,,,,,,,1,Female,,,57.34,MASTECTOMY,High,NO,claudin-low,3,Negative,NEUTRAL,Lobular,YES,Post,4ER-,Right,0,4.028,NO,237.266666666667,0:Not Recurred,ER-/HER2-,Living
MB-5393,brca_metabric,,,,,,,,,,,,,,,,,,,,,,,154,1:DECEASED,,,,,,,,,,,,,1,Female,,,82.72,MASTECTOMY,Moderate,NO,LumB,3,Positve,NEUTRAL,Mixed,NO,Post,7,Right,0,3.044,NO,154,0:Not Recurred,ER+/HER2- Low Prolif,Died of Other Causes
MB-5394,brca_metabric,,,,,,,,,,,,,,,,,,,,,,,193.6,0:LIVING,,,,,,,,,,,,,1,Female,,,72.18,MASTECTOMY,Moderate,NO,Her2,3,Positve,GAIN,,YES,Post,1,Right,,4.056,YES,193.6,0:Not Recurred,,Living
MB-5395,brca_metabric,,,,,,,,,,,,,,,,,,,,,,,165.166666666667,0:LIVING,,,,,,,,,,,,,1,Female,,,71.51,BREAST CONSERVING,High,NO,LumA,3,Positve,NEUTRAL,Ductal/NST,NO,Post,3,Right,0,4.028,YES,165.166666666667,0:Not Recurred,ER+/HER2- Low Prolif,Living
MB-5396,brca_metabric,,,,,,,,,,,,,,,,,,,,,,,165.666666666667,0:LIVING,,,,,,,,,,,,,1,Female,,,61.84,BREAST CONSERVING,Moderate,NO,LumB,3,Positve,NEUTRAL,Ductal/NST,YES,Post,9,Left,0,4.028,YES,165.666666666667,0:Not Recurred,ER+/HER2- High Prolif,Living
MB-5397,brca_metabric,,,,,,,,,,,,,,,,,,,,,,,172.866666666667,1:DECEASED,,,,,,,,,,,,,1,Female,,,61.16,MASTECTOMY,High,NO,LumA,3,Positve,NEUTRAL,Ductal/NST,YES,Post,3,Left,0,4.1,NO,116.366666666667,1:Recurred,ER+/HER2- High Prolif,Died of Disease
MB-5398,brca_metabric,,,,,,,,,,,,,,,,,,,,,,,213,0:LIVING,,,,,,,,,,,,,1,Female,,,71.01,MASTECTOMY,High,NO,LumA,3,Positve,NEUTRAL,Ductal/NST,YES,Post,4ER+,Left,4,5.04,YES,213,0:Not Recurred,ER+/HER2- Low Prolif,Living
MB-5399,brca_metabric,,,,,,,,,,,,,,,,,,,,,,,106.8,1:DECEASED,,,,,,,,,,,,,1,Female,,,73.1,MASTECTOMY,Low,NO,LumA,3,Positve,NEUTRAL,Ductal/NST,YES,Post,3,Left,2,2.044,NO,106.8,1:Recurred,ER+/HER2- Low Prolif,Died of Disease
MB-5401,brca_metabric,,,,,,,,,,,,,,,,,,,,,,,70.1666666666667,0:LIVING,,,,,,,,,,,,,1,Female,,,75.42,MASTECTOMY,Moderate,NO,LumA,3,Positve,NEUTRAL,Mixed,YES,Post,7,Right,0,3.024,NO,70.1666666666667,0:Not Recurred,ER+/HER2- Low Prolif,Living
MB-5402,brca_metabric,,,,,,,,,,,,,,,,,,,,,,,107.766666666667,1:DECEASED,,,,,,,,,,,,,1,Female,,,81.76,MASTECTOMY,High,NO,LumA,3,Positve,GAIN,Ductal/NST,NO,Post,7,Right,0,3.032,NO,107.766666666667,0:Not Recurred,ER+/HER2- High Prolif,Died of Other Causes
MB-5403,brca_metabric,,,,,,,,,,,,,,,,,,,,,,,95.7333333333333,1:DECEASED,,,,,,,,,,,,,1,Female,,,85.94,BREAST CONSERVING,High,NO,LumA,3,Positve,NEUTRAL,Ductal/NST,YES,Post,8,Right,10,5.05,NO,95.7333333333333,0:Not Recurred,ER+/HER2- Low Prolif,Died of Other Causes
MB-5404,brca_metabric,,,,,,,,,,,,,,,,,,,,,,,74.7333333333333,1:DECEASED,,,,,,,,,,,,,1,Female,,,81.57,MASTECTOMY,High,NO,LumA,3,Positve,NEUTRAL,Ductal/NST,YES,Post,8,Right,3,4.07,NO,74.2333333333333,1:Recurred,ER+/HER2- High Prolif,Died of Disease
MB-5405,brca_metabric,,,,,,,,,,,,,,,,,,,,,,,117.6,0:LIVING,,,,,,,,,,,,,1,Female,,,64.43,BREAST CONSERVING,High,NO,claudin-low,3,Positve,NEUTRAL,,YES,Post,3,Right,2,5.05,YES,117.6,0:Not Recurred,ER+/HER2- High Prolif,Living
MB-5406,brca_metabric,,,,,,,,,,,,,,,,,,,,,,,97.4333333333333,1:DECEASED,,,,,,,,,,,,,1,Female,,,80.48,BREAST CONSERVING,High,NO,LumB,3,Positve,NEUTRAL,Mixed,YES,Post,9,Right,5,3.06,YES,95.5333333333333,1:Recurred,,Died of Disease
MB-5407,brca_metabric,,,,,,,,,,,,,,,,,,,,,,,205.6,0:LIVING,,,,,,,,,,,,,1,Female,,,36.03,BREAST CONSERVING,Low,NO,LumA,3,Positve,GAIN,Ductal/NST,NO,Pre,8,Right,0,4.002,YES,15.6666666666667,1:Recurred,ER+/HER2- Low Prolif,Living
MB-5408,brca_metabric,,,,,,,,,,,,,,,,,,,,,,,101.4,0:LIVING,,,,,,,,,,,,,1,Female,,,65.48,BREAST CONSERVING,Moderate,NO,claudin-low,3,Positve,GAIN,Ductal/NST,NO,Post,4ER+,Right,0,3.032,YES,101.4,0:Not Recurred,ER-/HER2-,Living
MB-5409,brca_metabric,,,,,,,,,,,,,,,,,,,,,,,198.133333333333,0:LIVING,,,,,,,,,,,,,1,Female,,,51.62,MASTECTOMY,High,YES,Her2,3,Negative,GAIN,Ductal/NST,YES,Post,5,Left,5,6.044,YES,198.133333333333,0:Not Recurred,HER2+,Living
MB-5410,brca_metabric,,,,,,,,,,,,,,,,,,,,,,,202.766666666667,0:LIVING,,,,,,,,,,,,,1,Female,,,66.45,BREAST CONSERVING,High,NO,LumA,3,Positve,NEUTRAL,Ductal/NST,YES,Post,8,Right,0,4.06,YES,202.766666666667,0:Not Recurred,ER+/HER2- Low Prolif,Living
MB-5411,brca_metabric,,,,,,,,,,,,,,,,,,,,,,,26,1:DECEASED,,,,,,,,,,,,,1,Female,,,43.61,MASTECTOMY,High,YES,Her2,3,Negative,GAIN,Ductal/NST,NO,Pre,5,Left,1,5.036,NO,18.3333333333333,1:Recurred,HER2+,Died of Disease
MB-5412,brca_metabric,,,,,,,,,,,,,,,,,,,,,,,220.233333333333,0:LIVING,,,,,,,,,,,,,1,Female,,,51.87,BREAST CONSERVING,High,NO,LumA,3,Positve,NEUTRAL,Ductal/NST,NO,Post,3,Right,0,3.028,YES,185.3,1:Recurred,ER+/HER2- Low Prolif,Living
MB-5413,brca_metabric,,,,,,,,,,,,,,,,,,,,,,,157.833333333333,1:DECEASED,,,,,,,,,,,,,1,Female,,,71.38,BREAST CONSERVING,Moderate,NO,LumA,3,Positve,GAIN,Ductal/NST,YES,Post,7,Right,,3.03,YES,157.833333333333,0:Not Recurred,ER+/HER2- Low Prolif,Died of Other Causes
MB-5414,brca_metabric,,,,,,,,,,,,,,,,,,,,,,,140.6,1:DECEASED,,,,,,,,,,,,,1,Female,,,61.14,BREAST CONSERVING,High,NO,LumB,3,Positve,GAIN,Ductal/NST,YES,Post,9,Left,1,5.05,YES,140.6,0:Not Recurred,HER2+,Died of Other Causes
MB-5417,brca_metabric,,,,,,,,,,,,,,,,,,,,,,,107.066666666667,0:LIVING,,,,,,,,,,,,,1,Female,,,45.8,MASTECTOMY,High,YES,Her2,3,Negative,GAIN,Ductal/NST,NO,Pre,5,Left,4,6.12,YES,107.066666666667,0:Not Recurred,HER2+,Living
MB-5418,brca_metabric,,,,,,,,,,,,,,,,,,,,,,,207.166666666667,0:LIVING,,,,,,,,,,,,,1,Female,,,64.15,MASTECTOMY,High,NO,LumB,3,Positve,GAIN,Ductal/NST,YES,Post,5,Left,1,5.05,NO,207.166666666667,0:Not Recurred,HER2+,Living
MB-5420,brca_metabric,,,,,,,,,,,,,,,,,,,,,,,193.9,0:LIVING,,,,,,,,,,,,,1,Female,,,71.49,BREAST CONSERVING,Low,NO,Basal,3,Positve,GAIN,Ductal/NST,NO,Post,5,Left,0,4.04,YES,193.9,0:Not Recurred,HER2+,Living
MB-5421,brca_metabric,,,,,,,,,,,,,,,,,,,,,,,194.566666666667,0:LIVING,,,,,,,,,,,,,1,Female,,,68,BREAST CONSERVING,High,NO,Basal,3,Negative,NEUTRAL,Ductal/NST,NO,Post,10,Left,0,4.04,YES,194.566666666667,0:Not Recurred,ER-/HER2-,Living
MB-5422,brca_metabric,,,,,,,,,,,,,,,,,,,,,,,46.0666666666667,1:DECEASED,,,,,,,,,,,,,1,Female,,,47.14,MASTECTOMY,Moderate,NO,LumA,3,Positve,NEUTRAL,Ductal/NST,NO,Pre,6,Right,0,2.064,NO,18.1333333333333,1:Recurred,ER+/HER2- Low Prolif,Died of Disease
MB-5424,brca_metabric,,,,,,,,,,,,,,,,,,,,,,,83.5333333333333,1:DECEASED,,,,,,,,,,,,,1,Female,,,66.42,MASTECTOMY,Moderate,NO,LumA,3,Positve,NEUTRAL,Mixed,NO,Post,2,Right,0,3.026,NO,41.5333333333333,1:Recurred,ER+/HER2- Low Prolif,Died of Disease
MB-5425,brca_metabric,,,,,,,,,,,,,,,,,,,,,,,49.4666666666667,1:DECEASED,,,,,,,,,,,,,1,Female,,,67.59,MASTECTOMY,High,NO,LumA,3,Positve,NEUTRAL,Ductal/NST,YES,Post,7,Left,3,4.08,NO,29.0666666666667,1:Recurred,ER+/HER2- Low Prolif,Died of Disease
MB-5426,brca_metabric,,,,,,,,,,,,,,,,,,,,,,,34.6333333333333,1:DECEASED,,,,,,,,,,,,,1,Female,,,53.69,BREAST CONSERVING,Low,YES,Basal,3,Negative,GAIN,Ductal/NST,YES,Post,10,Left,11,6.05,YES,12.9333333333333,1:Recurred,HER2+,Died of Disease
MB-5427,brca_metabric,,,,,,,,,,,,,,,,,,,,,,,155.733333333333,1:DECEASED,,,,,,,,,,,,,1,Female,,,83.68,BREAST CONSERVING,Moderate,NO,Basal,3,Negative,NEUTRAL,Ductal/NST,YES,Post,9,Right,0,3.05,YES,155.733333333333,0:Not Recurred,ER-/HER2-,Died of Other Causes
MB-5428,brca_metabric,,,,,,,,,,,,,,,,,,,,,,,150.466666666667,0:LIVING,,,,,,,,,,,,,1,Female,,,55.36,BREAST CONSERVING,Low,NO,LumA,3,Positve,NEUTRAL,Mixed,YES,Post,4ER+,Left,0,3.03,YES,150.466666666667,0:Not Recurred,ER+/HER2- Low Prolif,Living
MB-5429,brca_metabric,,,,,,,,,,,,,,,,,,,,,,,30.7,1:DECEASED,,,,,,,,,,,,,1,Female,,,86.04,MASTECTOMY,High,NO,LumA,3,Positve,NEUTRAL,Ductal/NST,NO,Post,4ER+,Left,0,3.04,NO,30.7,0:Not Recurred,ER+/HER2- Low Prolif,Died of Other Causes
MB-5431,brca_metabric,,,,,,,,,,,,,,,,,,,,,,,15.8666666666667,1:DECEASED,,,,,,,,,,,,,1,Female,,,49.91,BREAST CONSERVING,Low,NO,claudin-low,3,Positve,NEUTRAL,Ductal/NST,NO,Pre,4ER+,Left,0,3.03,YES,7.2,1:Recurred,ER-/HER2-,Died of Disease
MB-5432,brca_metabric,,,,,,,,,,,,,,,,,,,,,,,98.5,1:DECEASED,,,,,,,,,,,,,1,Female,,,61,BREAST CONSERVING,High,NO,LumA,3,Positve,NEUTRAL,Ductal/NST,YES,Post,7,Left,1,4.044,YES,98.5,0:Not Recurred,ER+/HER2- High Prolif,Died of Other Causes
MB-5433,brca_metabric,,,,,,,,,,,,,,,,,,,,,,,176.366666666667,1:DECEASED,,,,,,,,,,,,,1,Female,,,69.37,MASTECTOMY,High,NO,LumA,3,Positve,GAIN,Ductal/NST,YES,Post,7,Right,0,3.06,NO,176.366666666667,1:Recurred,ER+/HER2- High Prolif,Died of Disease
MB-5434,brca_metabric,,,,,,,,,,,,,,,,,,,,,,,45.1666666666667,1:DECEASED,,,,,,,,,,,,,1,Female,,,71.07,MASTECTOMY,Low,NO,LumB,3,Positve,NEUTRAL,Ductal/NST,YES,Post,9,Left,1,5.11,NO,38.0333333333333,1:Recurred,ER+/HER2- High Prolif,Died of Disease
MB-5435,brca_metabric,,,,,,,,,,,,,,,,,,,,,,,104,1:DECEASED,,,,,,,,,,,,,1,Female,,,77.09,MASTECTOMY,Moderate,NO,LumB,3,Positve,NEUTRAL,Ductal/NST,YES,Post,9,Left,0,1.05,NO,104,0:Not Recurred,ER+/HER2- High Prolif,Died of Other Causes
MB-5440,brca_metabric,,,,,,,,,,,,,,,,,,,,,,,196.633333333333,0:LIVING,,,,,,,,,,,,,1,Female,,,49.05,BREAST CONSERVING,High,YES,claudin-low,3,Negative,NEUTRAL,Ductal/NST,NO,Pre,10,Left,1,5.036,YES,196.633333333333,0:Not Recurred,ER-/HER2-,Living
MB-5441,brca_metabric,,,,,,,,,,,,,,,,,,,,,,,9.7,1:DECEASED,,,,,,,,,,,,,1,Female,,,90.08,MASTECTOMY,Moderate,NO,Her2,3,Negative,GAIN,Ductal/NST,YES,Post,4ER-,Right,0,4.07,NO,9.7,0:Not Recurred,ER+/HER2- Low Prolif,Died of Other Causes
MB-5442,brca_metabric,,,,,,,,,,,,,,,,,,,,,,,205.8,0:LIVING,,,,,,,,,,,,,1,Female,,,44.93,BREAST CONSERVING,High,YES,Basal,3,Negative,NEUTRAL,Ductal/NST,NO,Pre,10,Right,2,5.07,YES,12.5,1:Recurred,ER-/HER2-,Living
MB-5444,brca_metabric,,,,,,,,,,,,,,,,,,,,,,,240.433333333333,0:LIVING,,,,,,,,,,,,,1,Female,,,49.58,BREAST CONSERVING,Low,NO,LumA,3,Positve,NEUTRAL,Mixed,NO,Pre,7,Left,0,2.03,YES,240.433333333333,0:Not Recurred,ER+/HER2- Low Prolif,Living
MB-5446,brca_metabric,,,,,,,,,,,,,,,,,,,,,,,162.833333333333,1:DECEASED,,,,,,,,,,,,,1,Female,,,51.25,MASTECTOMY,Moderate,YES,Her2,3,Negative,NEUTRAL,Ductal/NST,YES,Post,4ER-,Left,1,5.05,YES,125.4,1:Recurred,ER-/HER2-,Died of Disease
MB-5447,brca_metabric,,,,,,,,,,,,,,,,,,,,,,,148.866666666667,1:DECEASED,,,,,,,,,,,,,1,Female,,,68.1,BREAST CONSERVING,Low,NO,LumB,3,Positve,NEUTRAL,Ductal/NST,YES,Post,6,Left,5,3.024,YES,148.866666666667,1:Recurred,ER+/HER2- High Prolif,Died of Disease
MB-5450,brca_metabric,,,,,,,,,,,,,,,,,,,,,,,190.2,0:LIVING,,,,,,,,,,,,,1,Female,,,38.92,BREAST CONSERVING,Low,NO,claudin-low,3,Negative,NEUTRAL,Ductal/NST,NO,Pre,10,Right,0,4.024,YES,190.2,0:Not Recurred,ER-/HER2-,Living
MB-5451,brca_metabric,,,,,,,,,,,,,,,,,,,,,,,189.9,0:LIVING,,,,,,,,,,,,,1,Female,,,43.44,BREAST CONSERVING,Moderate,NO,LumA,3,Positve,NEUTRAL,Mixed,NO,Pre,8,Right,0,3.03,YES,189.9,0:Not Recurred,ER+/HER2- Low Prolif,Living
MB-5452,brca_metabric,,,,,,,,,,,,,,,,,,,,,,,16.1666666666667,1:DECEASED,,,,,,,,,,,,,1,Female,,,66.2,BREAST CONSERVING,Moderate,NO,LumA,3,Positve,NEUTRAL,Ductal/NST,YES,Post,2,Right,3,4.036,YES,16.1666666666667,0:Not Recurred,,Died of Other Causes
MB-5453,brca_metabric,,,,,,,,,,,,,,,,,,,,,,,57.3,1:DECEASED,,,,,,,,,,,,,1,Female,,,36.99,BREAST CONSERVING,Low,YES,Normal,3,Negative,NEUTRAL,Ductal/NST,NO,Pre,4ER-,Left,3,5.06,YES,46.9,1:Recurred,ER-/HER2-,Died of Disease
MB-5454,brca_metabric,,,,,,,,,,,,,,,,,,,,,,,50.6666666666667,1:DECEASED,,,,,,,,,,,,,1,Female,,,55.57,BREAST CONSERVING,Moderate,NO,LumB,3,Positve,NEUTRAL,Ductal/NST,YES,Post,10,Left,4,6.06,YES,41.1,1:Recurred,ER+/HER2- High Prolif,Died of Disease
MB-5455,brca_metabric,,,,,,,,,,,,,,,,,,,,,,,61.8,1:DECEASED,,,,,,,,,,,,,1,Female,,,73.24,MASTECTOMY,Moderate,NO,LumA,3,Positve,NEUTRAL,Mixed,YES,Post,4ER+,Right,2,4.02,NO,13.5,1:Recurred,ER+/HER2- Low Prolif,Died of Other Causes
MB-5457,brca_metabric,,,,,,,,,,,,,,,,,,,,,,,164.566666666667,1:DECEASED,,,,,,,,,,,,,1,Female,,,52.57,BREAST CONSERVING,Moderate,NO,LumA,3,Positve,NEUTRAL,Ductal/NST,YES,Post,3,Right,0,3.032,NO,46.7333333333333,1:Recurred,ER+/HER2- Low Prolif,Died of Disease
MB-5458,brca_metabric,,,,,,,,,,,,,,,,,,,,,,,183.433333333333,0:LIVING,,,,,,,,,,,,,1,Female,,,54.96,MASTECTOMY,Low,YES,Basal,3,Negative,GAIN,Ductal/NST,NO,Post,5,Right,1,5.05,NO,183.433333333333,0:Not Recurred,HER2+,Living
MB-5459,brca_metabric,,,,,,,,,,,,,,,,,,,,,,,90.8,1:DECEASED,,,,,,,,,,,,,1,Female,,,64.07,BREAST CONSERVING,Moderate,NO,LumB,3,Positve,GAIN,Ductal/NST,YES,Post,5,Right,1,5.04,YES,86.2333333333333,1:Recurred,HER2+,Died of Disease
MB-5460,brca_metabric,,,,,,,,,,,,,,,,,,,,,,,218.633333333333,0:LIVING,,,,,,,,,,,,,1,Female,,,55.59,BREAST CONSERVING,Low,NO,Basal,3,Positve,NEUTRAL,Mixed,NO,Post,9,Left,,4.01,YES,99.0333333333333,1:Recurred,ER+/HER2- High Prolif,Living
MB-5463,brca_metabric,,,,,,,,,,,,,,,,,,,,,,,58.1333333333333,1:DECEASED,,,,,,,,,,,,,1,Female,,,71.91,MASTECTOMY,High,NO,LumB,3,Positve,NEUTRAL,Lobular,YES,Post,9,Right,16,3.096,YES,58.1333333333333,0:Not Recurred,ER+/HER2- High Prolif,Died of Other Causes
MB-5464,brca_metabric,,,,,,,,,,,,,,,,,,,,,,,116.533333333333,1:DECEASED,,,,,,,,,,,,,1,Female,,,65.58,BREAST CONSERVING,Moderate,NO,LumA,3,Positve,NEUTRAL,Ductal/NST,YES,Post,4ER+,Left,2,2.036,YES,116.533333333333,0:Not Recurred,ER+/HER2- Low Prolif,Died of Other Causes
MB-5465,brca_metabric,,,,,,,,,,,,,,,,,,,,,,,18.8,1:DECEASED,,,,,,,,,,,,,1,Female,,,69.83,BREAST CONSERVING,Low,NO,Basal,3,Negative,LOSS,Ductal/NST,YES,Post,10,Right,0,4.05,YES,15.4666666666667,1:Recurred,ER-/HER2-,Died of Disease
MB-5467,brca_metabric,,,,,,,,,,,,,,,,,,,,,,,186.1,0:LIVING,,,,,,,,,,,,,1,Female,,,36.01,MASTECTOMY,,NO,Normal,3,Positve,NEUTRAL,Ductal/NST,NO,Pre,7,Right,,4.02,NO,17.2,1:Recurred,ER+/HER2- High Prolif,Living
MB-5468,brca_metabric,,,,,,,,,,,,,,,,,,,,,,,99.3666666666667,0:LIVING,,,,,,,,,,,,,1,Female,,,48.1,BREAST CONSERVING,High,YES,Basal,3,Negative,GAIN,Ductal/NST,NO,Pre,10,Right,1,5.05,YES,99.3666666666667,0:Not Recurred,ER-/HER2-,Living
MB-5470,brca_metabric,,,,,,,,,,,,,,,,,,,,,,,42.0666666666667,1:DECEASED,,,,,,,,,,,,,1,Female,,,48.07,MASTECTOMY,Moderate,NO,Basal,3,Positve,NEUTRAL,Mixed,NO,Pre,9,Right,0,2,NO,30.6,1:Recurred,ER+/HER2- High Prolif,Died of Disease
MB-5471,brca_metabric,,,,,,,,,,,,,,,,,,,,,,,185.766666666667,0:LIVING,,,,,,,,,,,,,1,Female,,,67.54,MASTECTOMY,Moderate,NO,LumA,3,Positve,NEUTRAL,Ductal/NST,NO,Post,3,Right,0,4.026,NO,185.766666666667,0:Not Recurred,ER+/HER2- High Prolif,Living
MB-5472,brca_metabric,,,,,,,,,,,,,,,,,,,,,,,19.5666666666667,1:DECEASED,,,,,,,,,,,,,1,Female,,,74.78,BREAST CONSERVING,High,NO,LumA,3,Positve,NEUTRAL,Ductal/NST,YES,Post,8,Right,0,3.05,YES,15.5666666666667,1:Recurred,ER+/HER2- Low Prolif,Died of Disease
MB-5473,brca_metabric,,,,,,,,,,,,,,,,,,,,,,,125.9,1:DECEASED,,,,,,,,,,,,,1,Female,,,72.61,MASTECTOMY,High,NO,LumA,3,Positve,NEUTRAL,Ductal/NST,YES,Post,3,Right,5,6.07,YES,125.9,0:Not Recurred,ER+/HER2- Low Prolif,Died of Other Causes
MB-5474,brca_metabric,,,,,,,,,,,,,,,,,,,,,,,226.7,0:LIVING,,,,,,,,,,,,,1,Female,,,46.26,MASTECTOMY,Moderate,YES,claudin-low,3,Negative,GAIN,Ductal/NST,NO,Pre,5,Left,1,5.07,NO,226.7,0:Not Recurred,HER2+,Living
MB-5475,brca_metabric,,,,,,,,,,,,,,,,,,,,,,,2.53333333333333,1:DECEASED,,,,,,,,,,,,,1,Female,,,73.55,MASTECTOMY,High,NO,LumB,3,Positve,NEUTRAL,Ductal/NST,YES,Post,2,Left,3,4.046,NO,2.53333333333333,0:Not Recurred,ER+/HER2- Low Prolif,Died of Other Causes
MB-5477,brca_metabric,,,,,,,,,,,,,,,,,,,,,,,110.466666666667,0:LIVING,,,,,,,,,,,,,1,Female,,,59.02,MASTECTOMY,High,NO,LumB,3,Positve,NEUTRAL,Other,YES,Post,3,Right,0,3.07,NO,110.466666666667,0:Not Recurred,ER+/HER2- High Prolif,Living
MB-5478,brca_metabric,,,,,,,,,,,,,,,,,,,,,,,34.3,1:DECEASED,,,,,,,,,,,,,1,Female,,,72.23,MASTECTOMY,Moderate,NO,LumA,3,Positve,NEUTRAL,Mixed,YES,Post,3,Right,21,6.04,YES,11,1:Recurred,ER+/HER2- Low Prolif,Died of Other Causes
MB-5481,brca_metabric,,,,,,,,,,,,,,,,,,,,,,,46.3666666666667,1:DECEASED,,,,,,,,,,,,,1,Female,,,57.62,BREAST CONSERVING,High,NO,LumB,3,Positve,UNDEF,Ductal/NST,YES,Post,6,Left,1,5.06,YES,24.3666666666667,1:Recurred,ER+/HER2- High Prolif,Died of Disease
MB-5482,brca_metabric,,,,,,,,,,,,,,,,,,,,,,,17.6666666666667,1:DECEASED,,,,,,,,,,,,,1,Female,,,40.75,BREAST CONSERVING,Moderate,YES,Basal,3,Negative,LOSS,Ductal/NST,NO,Pre,10,Right,2,5.032,YES,11.9333333333333,1:Recurred,ER-/HER2-,Died of Disease
MB-5483,brca_metabric,,,,,,,,,,,,,,,,,,,,,,,42.4333333333333,1:DECEASED,,,,,,,,,,,,,1,Female,,,44.5,BREAST CONSERVING,High,YES,Her2,3,Negative,GAIN,Ductal/NST,NO,Pre,5,Right,6,5.05,YES,22,1:Recurred,HER2+,Died of Disease
MB-5484,brca_metabric,,,,,,,,,,,,,,,,,,,,,,,238.5,0:LIVING,,,,,,,,,,,,,1,Female,,,47.3,BREAST CONSERVING,Moderate,NO,LumA,3,Positve,NEUTRAL,Lobular,YES,Pre,7,Right,0,3.04,YES,238.5,0:Not Recurred,ER+/HER2- Low Prolif,Living
MB-5485,brca_metabric,,,,,,,,,,,,,,,,,,,,,,,31.8,1:DECEASED,,,,,,,,,,,,,1,Female,,,80.08,MASTECTOMY,Moderate,NO,LumB,3,Positve,NEUTRAL,Ductal/NST,YES,Post,9,Left,2,5.06,YES,20.6666666666667,1:Recurred,ER+/HER2- High Prolif,Died of Other Causes
MB-5486,brca_metabric,,,,,,,,,,,,,,,,,,,,,,,123.3,1:DECEASED,,,,,,,,,,,,,1,Female,,,75.65,BREAST CONSERVING,High,NO,LumB,3,Positve,LOSS,Ductal/NST,YES,Post,9,Left,0,4.05,YES,117.2,1:Recurred,ER+/HER2- High Prolif,Died of Disease
MB-5489,brca_metabric,,,,,,,,,,,,,,,,,,,,,,,216.966666666667,0:LIVING,,,,,,,,,,,,,1,Female,,,53.6,BREAST CONSERVING,High,NO,LumA,3,Positve,NEUTRAL,Ductal/NST,NO,Post,3,Right,0,3.03,NO,142,1:Recurred,ER+/HER2- Low Prolif,Living
MB-5490,brca_metabric,,,,,,,,,,,,,,,,,,,,,,,51.2,1:DECEASED,,,,,,,,,,,,,1,Female,,,65.31,MASTECTOMY,High,NO,LumA,3,Positve,NEUTRAL,Ductal/NST,NO,Post,8,Left,0,3.08,NO,8.13333333333333,1:Recurred,ER+/HER2- Low Prolif,Died of Disease
MB-5491,brca_metabric,,,,,,,,,,,,,,,,,,,,,,,65.8333333333333,1:DECEASED,,,,,,,,,,,,,1,Female,,,72.25,MASTECTOMY,Moderate,NO,LumB,3,Positve,NEUTRAL,Ductal/NST,NO,Post,8,Right,0,4.13,NO,15.5666666666667,1:Recurred,ER+/HER2- High Prolif,Died of Disease
MB-5492,brca_metabric,,,,,,,,,,,,,,,,,,,,,,,23.3666666666667,1:DECEASED,,,,,,,,,,,,,1,Female,,,74.28,MASTECTOMY,Low,NO,LumA,3,Positve,NEUTRAL,Lobular,YES,Post,3,Right,6,6.102,NO,12.9333333333333,1:Recurred,ER+/HER2- Low Prolif,Died of Disease
MB-5493,brca_metabric,,,,,,,,,,,,,,,,,,,,,,,57.2333333333333,1:DECEASED,,,,,,,,,,,,,1,Female,,,69.84,MASTECTOMY,High,NO,LumB,3,Positve,LOSS,Lobular,YES,Post,2,Right,0,4.102,NO,20.8333333333333,1:Recurred,ER+/HER2- High Prolif,Died of Disease
MB-5495,brca_metabric,,,,,,,,,,,,,,,,,,,,,,,228.8,0:LIVING,,,,,,,,,,,,,1,Female,,,42.64,MASTECTOMY,High,NO,LumA,3,Positve,NEUTRAL,Ductal/NST,YES,Pre,4ER+,Right,0,3.04,NO,228.8,0:Not Recurred,ER+/HER2- Low Prolif,Living
MB-5497,brca_metabric,,,,,,,,,,,,,,,,,,,,,,,237.5,0:LIVING,,,,,,,,,,,,,1,Female,,,69.56,BREAST CONSERVING,Moderate,NO,LumB,3,Positve,LOSS,Ductal/NST,NO,Post,1,Right,0,3.04,YES,27.1666666666667,1:Recurred,ER+/HER2- High Prolif,Living
MB-5498,brca_metabric,,,,,,,,,,,,,,,,,,,,,,,225.166666666667,0:LIVING,,,,,,,,,,,,,1,Female,,,64.1,BREAST CONSERVING,Moderate,NO,Her2,3,Positve,GAIN,Ductal/NST,NO,Post,1,Left,0,4.03,YES,225.166666666667,0:Not Recurred,HER2+,Living
MB-5499,brca_metabric,,,,,,,,,,,,,,,,,,,,,,,123.733333333333,0:LIVING,,,,,,,,,,,,,1,Female,,,65.5,MASTECTOMY,High,NO,LumA,3,Positve,NEUTRAL,Tubular/ cribriform,NO,Post,4ER+,Right,0,2.04,NO,123.733333333333,0:Not Recurred,ER+/HER2- Low Prolif,Living
MB-5502,brca_metabric,,,,,,,,,,,,,,,,,,,,,,,189.733333333333,0:LIVING,,,,,,,,,,,,,1,Female,,,51.62,BREAST CONSERVING,High,NO,LumB,3,Positve,NEUTRAL,Ductal/NST,NO,Post,7,Left,0,3.056,YES,189.733333333333,0:Not Recurred,ER+/HER2- High Prolif,Living
MB-5505,brca_metabric,,,,,,,,,,,,,,,,,,,,,,,164.6,1:DECEASED,,,,,,,,,,,,,1,Female,,,74.26,BREAST CONSERVING,Moderate,NO,LumB,3,Positve,NEUTRAL,Mixed,NO,Post,3,Left,0,3.03,YES,34.1333333333333,1:Recurred,ER+/HER2- High Prolif,Died of Disease
MB-5510,brca_metabric,,,,,,,,,,,,,,,,,,,,,,,103.1,1:DECEASED,,,,,,,,,,,,,1,Female,,,75.73,MASTECTOMY,Moderate,NO,LumA,3,Positve,NEUTRAL,Mixed,YES,Post,3,Left,0,4.07,NO,103.1,1:Recurred,ER+/HER2- Low Prolif,Died of Disease
MB-5511,brca_metabric,,,,,,,,,,,,,,,,,,,,,,,158.966666666667,0:LIVING,,,,,,,,,,,,,1,Female,,,54.18,BREAST CONSERVING,High,NO,Her2,3,Negative,NEUTRAL,Ductal/NST,NO,Post,10,Left,0,4.04,NO,158.966666666667,0:Not Recurred,ER-/HER2-,Living
MB-5513,brca_metabric,,,,,,,,,,,,,,,,,,,,,,,36.6333333333333,1:DECEASED,,,,,,,,,,,,,1,Female,,,86.55,MASTECTOMY,Low,NO,Basal,3,Positve,LOSS,Ductal/NST,YES,Post,6,Right,4,5.058,NO,34.9666666666667,1:Recurred,ER+/HER2- High Prolif,Died of Disease
MB-5514,brca_metabric,,,,,,,,,,,,,,,,,,,,,,,182.9,0:LIVING,,,,,,,,,,,,,1,Female,,,63.45,BREAST CONSERVING,High,NO,LumA,3,Positve,NEUTRAL,Ductal/NST,YES,Post,4ER+,Right,1,4.04,YES,182.9,0:Not Recurred,ER+/HER2- Low Prolif,Living
MB-5518,brca_metabric,,,,,,,,,,,,,,,,,,,,,,,30.8666666666667,1:DECEASED,,,,,,,,,,,,,1,Female,,,72.39,BREAST CONSERVING,High,NO,LumB,3,Positve,NEUTRAL,Ductal/NST,YES,Post,4ER+,Left,1,5.04,YES,22.6333333333333,1:Recurred,ER+/HER2- High Prolif,Died of Disease
MB-5519,brca_metabric,,,,,,,,,,,,,,,,,,,,,,,169.233333333333,1:DECEASED,,,,,,,,,,,,,1,Female,,,72.61,MASTECTOMY,High,NO,LumA,3,Positve,NEUTRAL,Ductal/NST,YES,Post,8,Left,1,4.09,NO,169.233333333333,0:Not Recurred,ER+/HER2- High Prolif,Died of Other Causes
MB-5520,brca_metabric,,,,,,,,,,,,,,,,,,,,,,,16.3,1:DECEASED,,,,,,,,,,,,,1,Female,,,38.49,MASTECTOMY,High,NO,LumA,3,Positve,NEUTRAL,Mixed,YES,Pre,7,Left,4,6.05,NO,0.833333333333333,1:Recurred,ER+/HER2- High Prolif,Died of Disease
MB-5521,brca_metabric,,,,,,,,,,,,,,,,,,,,,,,124.8,0:LIVING,,,,,,,,,,,,,1,Female,,,69.27,BREAST CONSERVING,High,NO,LumB,3,Positve,NEUTRAL,Ductal/NST,YES,Post,4ER+,Left,0,4.09,YES,124.8,0:Not Recurred,ER+/HER2- High Prolif,Living
MB-5525,brca_metabric,,,,,,,,,,,,,,,,,,,,,,,2,0:LIVING,,,,,,,,,,,,,1,Female,,,63.2,BREAST CONSERVING,Moderate,NO,LumB,3,Positve,NEUTRAL,Mucinous,YES,Post,7,Right,0,4.056,YES,2,0:Not Recurred,ER+/HER2- High Prolif,Living
MB-5526,brca_metabric,,,,,,,,,,,,,,,,,,,,,,,151.066666666667,0:LIVING,,,,,,,,,,,,,1,Female,,,45.42,BREAST CONSERVING,High,NO,Basal,3,Negative,NEUTRAL,Ductal/NST,NO,Pre,10,Right,0,4.04,YES,151.066666666667,0:Not Recurred,ER-/HER2-,Living
MB-5527,brca_metabric,,,,,,,,,,,,,,,,,,,,,,,180.566666666667,0:LIVING,,,,,,,,,,,,,1,Female,,,53.48,MASTECTOMY,,YES,claudin-low,3,Negative,GAIN,Ductal/NST,YES,Post,4ER-,Left,8,5.022,YES,180.566666666667,0:Not Recurred,ER-/HER2-,Living
MB-5529,brca_metabric,,,,,,,,,,,,,,,,,,,,,,,14.8,1:DECEASED,,,,,,,,,,,,,1,Female,,,40.21,BREAST CONSERVING,High,YES,Basal,3,Negative,NEUTRAL,Ductal/NST,NO,Pre,10,Left,2,5.07,YES,10.7,1:Recurred,ER-/HER2-,Died of Disease
MB-5530,brca_metabric,,,,,,,,,,,,,,,,,,,,,,,185.933333333333,0:LIVING,,,,,,,,,,,,,1,Female,,,50.61,MASTECTOMY,Low,NO,Basal,3,Positve,NEUTRAL,Ductal/NST,YES,Post,7,Left,2,5.05,NO,185.933333333333,0:Not Recurred,ER+/HER2- High Prolif,Living
MB-5531,brca_metabric,,,,,,,,,,,,,,,,,,,,,,,183.966666666667,0:LIVING,,,,,,,,,,,,,1,Female,,,66.56,BREAST CONSERVING,High,NO,claudin-low,3,Negative,NEUTRAL,Ductal/NST,NO,Post,10,Right,0,3.03,YES,183.966666666667,0:Not Recurred,ER-/HER2-,Living
MB-5532,brca_metabric,,,,,,,,,,,,,,,,,,,,,,,79.8666666666667,1:DECEASED,,,,,,,,,,,,,1,Female,,,69.66,MASTECTOMY,High,NO,LumA,3,Positve,GAIN,Ductal/NST,YES,Post,7,Right,2,4.06,NO,67.0666666666667,1:Recurred,ER+/HER2- High Prolif,Died of Disease
MB-5533,brca_metabric,,,,,,,,,,,,,,,,,,,,,,,158.033333333333,0:LIVING,,,,,,,,,,,,,1,Female,,,71.64,BREAST CONSERVING,Low,NO,Normal,3,Positve,NEUTRAL,Mixed,YES,Post,1,Left,1,5.04,YES,158.033333333333,0:Not Recurred,ER+/HER2- Low Prolif,Living
MB-5534,brca_metabric,,,,,,,,,,,,,,,,,,,,,,,79.1,1:DECEASED,,,,,,,,,,,,,1,Female,,,80.09,MASTECTOMY,Moderate,NO,claudin-low,3,Positve,NEUTRAL,Ductal/NST,YES,Post,4ER+,Left,10,5.05,YES,43.1666666666667,1:Recurred,ER-/HER2-,Died of Disease
MB-5535,brca_metabric,,,,,,,,,,,,,,,,,,,,,,,120.133333333333,1:DECEASED,,,,,,,,,,,,,1,Female,,,49.87,MASTECTOMY,High,YES,Her2,3,Negative,GAIN,Ductal/NST,YES,Pre,5,Left,4,6.044,YES,84.4333333333333,1:Recurred,HER2+,Died of Disease
MB-5540,brca_metabric,,,,,,,,,,,,,,,,,,,,,,,48.4333333333333,1:DECEASED,,,,,,,,,,,,,1,Female,,,76.53,BREAST CONSERVING,High,NO,LumB,3,Positve,GAIN,Mixed,YES,Post,1,Left,4,6.04,NO,21.2666666666667,1:Recurred,ER+/HER2- High Prolif,Died of Disease
MB-5541,brca_metabric,,,,,,,,,,,,,,,,,,,,,,,200.133333333333,0:LIVING,,,,,,,,,,,,,1,Female,,,60.13,BREAST CONSERVING,Moderate,NO,LumA,3,Positve,GAIN,Ductal/NST,YES,Post,4ER+,Left,0,3.04,YES,58.7666666666667,1:Recurred,ER+/HER2- Low Prolif,Living
MB-5543,brca_metabric,,,,,,,,,,,,,,,,,,,,,,,34.4333333333333,1:DECEASED,,,,,,,,,,,,,1,Female,,,79.11,BREAST CONSERVING,Low,NO,LumA,3,Positve,LOSS,Ductal/NST,YES,Post,3,Left,0,4.08,NO,34.4333333333333,0:Not Recurred,ER+/HER2- Low Prolif,Died of Other Causes
MB-5546,brca_metabric,,,,,,,,,,,,,,,,,,,,,,,233.266666666667,0:LIVING,,,,,,,,,,,,,1,Female,,,40.96,MASTECTOMY,,NO,Normal,3,Positve,NEUTRAL,,NO,Pre,7,Right,,3.01,NO,102.4,1:Recurred,ER+/HER2- Low Prolif,Living
MB-5547,brca_metabric,,,,,,,,,,,,,,,,,,,,,,,98.5666666666667,0:LIVING,,,,,,,,,,,,,1,Female,,,43.08,BREAST CONSERVING,Moderate,YES,Basal,3,Negative,NEUTRAL,Ductal/NST,NO,Pre,10,Right,1,5.06,YES,98.5666666666667,0:Not Recurred,ER-/HER2-,Living
MB-5548,brca_metabric,,,,,,,,,,,,,,,,,,,,,,,25.3333333333333,0:LIVING,,,,,,,,,,,,,1,Female,,,62.43,MASTECTOMY,High,NO,claudin-low,3,Negative,NEUTRAL,Ductal/NST,NO,Post,10,Left,0,4.1,NO,25.3333333333333,0:Not Recurred,ER-/HER2-,Living
MB-5549,brca_metabric,,,,,,,,,,,,,,,,,,,,,,,88.9333333333333,1:DECEASED,,,,,,,,,,,,,1,Female,,,54.83,BREAST CONSERVING,Moderate,YES,Her2,3,Negative,GAIN,Ductal/NST,NO,Post,1,Left,2,4.04,YES,68.8333333333333,1:Recurred,ER-/HER2-,Died of Disease
MB-5550,brca_metabric,,,,,,,,,,,,,,,,,,,,,,,171.3,1:DECEASED,,,,,,,,,,,,,1,Female,,,84.3,MASTECTOMY,Moderate,NO,LumA,3,Positve,NEUTRAL,Ductal/NST,YES,Post,3,Left,0,3.052,NO,171.3,0:Not Recurred,ER+/HER2- High Prolif,Died of Other Causes
MB-5551,brca_metabric,,,,,,,,,,,,,,,,,,,,,,,182.233333333333,0:LIVING,,,,,,,,,,,,,1,Female,,,67.24,BREAST CONSERVING,Moderate,NO,Basal,3,Negative,NEUTRAL,Ductal/NST,YES,Post,10,Right,0,4.054,YES,182.233333333333,0:Not Recurred,ER-/HER2-,Living
MB-5552,brca_metabric,,,,,,,,,,,,,,,,,,,,,,,34.7,1:DECEASED,,,,,,,,,,,,,1,Female,,,69.77,BREAST CONSERVING,Moderate,NO,LumB,3,Positve,NEUTRAL,Ductal/NST,YES,Post,6,Left,2,2.08,NO,23.5666666666667,1:Recurred,ER+/HER2- High Prolif,Died of Disease
MB-5553,brca_metabric,,,,,,,,,,,,,,,,,,,,,,,154.5,1:DECEASED,,,,,,,,,,,,,1,Female,,,70.52,MASTECTOMY,Low,NO,LumB,3,Positve,NEUTRAL,Ductal/NST,YES,Post,2,Right,0,3.06,NO,154.5,0:Not Recurred,ER+/HER2- High Prolif,Died of Other Causes
MB-5554,brca_metabric,,,,,,,,,,,,,,,,,,,,,,,229.833333333333,0:LIVING,,,,,,,,,,,,,1,Female,,,57.75,BREAST CONSERVING,Moderate,NO,LumA,3,Positve,NEUTRAL,Lobular,YES,Post,2,Right,0,2.052,YES,229.833333333333,0:Not Recurred,ER+/HER2- High Prolif,Living
MB-5556,brca_metabric,,,,,,,,,,,,,,,,,,,,,,,225.4,0:LIVING,,,,,,,,,,,,,1,Female,,,53.56,BREAST CONSERVING,High,NO,LumB,3,Positve,NEUTRAL,Ductal/NST,YES,Post,1,Right,0,4.04,YES,225.4,0:Not Recurred,ER+/HER2- High Prolif,Living
MB-5558,brca_metabric,,,,,,,,,,,,,,,,,,,,,,,25.0333333333333,0:LIVING,,,,,,,,,,,,,1,Female,,,35.13,MASTECTOMY,Low,YES,Basal,3,Negative,GAIN,Ductal/NST,NO,Pre,5,Right,1,5.15,NO,25.0333333333333,0:Not Recurred,HER2+,Living
MB-5559,brca_metabric,,,,,,,,,,,,,,,,,,,,,,,18.8333333333333,1:DECEASED,,,,,,,,,,,,,1,Female,,,42.12,MASTECTOMY,Low,YES,Basal,3,Negative,NEUTRAL,,NO,Pre,10,Left,1,5.096,YES,11.7333333333333,1:Recurred,ER-/HER2-,Died of Disease
MB-5560,brca_metabric,,,,,,,,,,,,,,,,,,,,,,,186.6,0:LIVING,,,,,,,,,,,,,1,Female,,,44.05,BREAST CONSERVING,Moderate,NO,Basal,3,Negative,LOSS,Ductal/NST,NO,Pre,10,Right,0,3.03,YES,186.6,0:Not Recurred,ER-/HER2-,Living
MB-5562,brca_metabric,,,,,,,,,,,,,,,,,,,,,,,102.966666666667,1:DECEASED,,,,,,,,,,,,,1,Female,,,73.93,BREAST CONSERVING,Moderate,NO,LumB,3,Positve,NEUTRAL,Ductal/NST,NO,Post,2,Left,0,3.03,YES,41.8333333333333,1:Recurred,ER+/HER2- High Prolif,Died of Other Causes
MB-5563,brca_metabric,,,,,,,,,,,,,,,,,,,,,,,117.666666666667,1:DECEASED,,,,,,,,,,,,,1,Female,,,76.3,MASTECTOMY,Low,NO,LumA,3,Positve,GAIN,Lobular,NO,Post,3,Right,0,3.03,NO,117.666666666667,0:Not Recurred,ER+/HER2- Low Prolif,Died of Other Causes
MB-5565,brca_metabric,,,,,,,,,,,,,,,,,,,,,,,194.1,1:DECEASED,,,,,,,,,,,,,1,Female,,,64.27,BREAST CONSERVING,High,YES,claudin-low,3,Negative,NEUTRAL,Ductal/NST,YES,Post,10,Left,2,5.06,YES,194.1,0:Not Recurred,ER-/HER2-,Died of Other Causes
MB-5566,brca_metabric,,,,,,,,,,,,,,,,,,,,,,,234.4,0:LIVING,,,,,,,,,,,,,1,Female,,,38.44,BREAST CONSERVING,High,YES,Basal,3,Negative,NEUTRAL,Ductal/NST,YES,Pre,10,Right,14,6.064,YES,20.5,1:Recurred,ER-/HER2-,Living
MB-5567,brca_metabric,,,,,,,,,,,,,,,,,,,,,,,178.566666666667,1:DECEASED,,,,,,,,,,,,,1,Female,,,74.95,BREAST CONSERVING,Moderate,NO,LumA,3,Positve,NEUTRAL,Mixed,YES,Post,3,Right,0,3.04,YES,178.566666666667,0:Not Recurred,ER+/HER2- Low Prolif,Died of Other Causes
MB-5571,brca_metabric,,,,,,,,,,,,,,,,,,,,,,,153.866666666667,1:DECEASED,,,,,,,,,,,,,1,Female,,,78.84,MASTECTOMY,High,NO,LumA,3,Positve,NEUTRAL,Ductal/NST,YES,Post,7,Left,1,4.05,NO,67.6333333333333,1:Recurred,ER+/HER2- Low Prolif,Died of Disease
MB-5572,brca_metabric,,,,,,,,,,,,,,,,,,,,,,,178.633333333333,0:LIVING,,,,,,,,,,,,,1,Female,,,47.88,BREAST CONSERVING,,NO,claudin-low,3,Negative,NEUTRAL,Ductal/NST,NO,Pre,10,Right,0,4.03,YES,178.633333333333,0:Not Recurred,ER-/HER2-,Living
MB-5575,brca_metabric,,,,,,,,,,,,,,,,,,,,,,,117.666666666667,1:DECEASED,,,,,,,,,,,,,1,Female,,,52.63,BREAST CONSERVING,High,NO,LumB,3,Positve,NEUTRAL,Ductal/NST,YES,Post,1,Left,0,3.04,YES,117.666666666667,0:Not Recurred,ER+/HER2- High Prolif,Died of Other Causes
MB-5576,brca_metabric,,,,,,,,,,,,,,,,,,,,,,,194,0:LIVING,,,,,,,,,,,,,1,Female,,,67.79,BREAST CONSERVING,Moderate,NO,LumB,3,Positve,NEUTRAL,Mixed,YES,Post,1,Left,0,4.04,YES,194,0:Not Recurred,ER+/HER2- High Prolif,Living
MB-5577,brca_metabric,,,,,,,,,,,,,,,,,,,,,,,55.4,1:DECEASED,,,,,,,,,,,,,1,Female,,,68.64,MASTECTOMY,High,NO,claudin-low,3,Positve,NEUTRAL,Lobular,YES,Post,3,Right,8,6.12,NO,45.1666666666667,1:Recurred,ER+/HER2- High Prolif,Died of Disease
MB-5579,brca_metabric,,,,,,,,,,,,,,,,,,,,,,,90.6,1:DECEASED,,,,,,,,,,,,,1,Female,,,68.82,BREAST CONSERVING,Moderate,NO,LumA,3,Positve,NEUTRAL,Mixed,YES,Post,2,Right,4,6.06,YES,80.9666666666667,1:Recurred,ER+/HER2- Low Prolif,Died of Disease
MB-5580,brca_metabric,,,,,,,,,,,,,,,,,,,,,,,71.6333333333333,1:DECEASED,,,,,,,,,,,,,1,Female,,,75.28,MASTECTOMY,Moderate,NO,LumA,3,Positve,NEUTRAL,Ductal/NST,YES,Post,4ER+,Left,0,3.05,NO,71.6333333333333,0:Not Recurred,ER+/HER2- Low Prolif,Died of Other Causes
MB-5582,brca_metabric,,,,,,,,,,,,,,,,,,,,,,,222.333333333333,0:LIVING,,,,,,,,,,,,,1,Female,,,46.43,BREAST CONSERVING,Moderate,NO,LumA,3,Positve,NEUTRAL,Tubular/ cribriform,NO,Pre,3,Left,0,3.02,YES,222.333333333333,0:Not Recurred,ER+/HER2- Low Prolif,Living
MB-5583,brca_metabric,,,,,,,,,,,,,,,,,,,,,,,111.366666666667,0:LIVING,,,,,,,,,,,,,1,Female,,,50.75,BREAST CONSERVING,Moderate,NO,LumA,3,Positve,NEUTRAL,Ductal/NST,NO,Post,7,Left,0,3.032,YES,111.366666666667,0:Not Recurred,ER+/HER2- Low Prolif,Living
MB-5584,brca_metabric,,,,,,,,,,,,,,,,,,,,,,,91.1,1:DECEASED,,,,,,,,,,,,,1,Female,,,69.55,BREAST CONSERVING,High,NO,Her2,3,Positve,NEUTRAL,Ductal/NST,YES,Post,1,Left,0,4.04,NO,91.1,0:Not Recurred,ER+/HER2- High Prolif,Died of Other Causes
MB-5585,brca_metabric,,,,,,,,,,,,,,,,,,,,,,,53.9,1:DECEASED,,,,,,,,,,,,,1,Female,,,75.88,MASTECTOMY,,NO,LumA,3,Positve,NEUTRAL,Ductal/NST,YES,Post,8,Right,,3.07,NO,49.8333333333333,1:Recurred,ER+/HER2- Low Prolif,Died of Disease
MB-5588,brca_metabric,,,,,,,,,,,,,,,,,,,,,,,81.1333333333333,1:DECEASED,,,,,,,,,,,,,1,Female,,,66.55,MASTECTOMY,Moderate,NO,claudin-low,3,Positve,NEUTRAL,Mixed,YES,Post,4ER+,Right,2,5.036,NO,70.2333333333333,1:Recurred,ER-/HER2-,Died of Disease
MB-5589,brca_metabric,,,,,,,,,,,,,,,,,,,,,,,185.133333333333,0:LIVING,,,,,,,,,,,,,1,Female,,,70.86,BREAST CONSERVING,High,NO,LumA,3,Positve,NEUTRAL,Ductal/NST,YES,Post,8,Right,0,3.04,YES,185.133333333333,0:Not Recurred,ER+/HER2- Low Prolif,Living
MB-5590,brca_metabric,,,,,,,,,,,,,,,,,,,,,,,17.8333333333333,0:LIVING,,,,,,,,,,,,,1,Female,,,64.93,BREAST CONSERVING,Moderate,NO,LumB,3,Positve,NEUTRAL,Ductal/NST,YES,Post,4ER+,Right,0,4.052,NO,17.8333333333333,0:Not Recurred,ER+/HER2- High Prolif,Living
MB-5591,brca_metabric,,,,,,,,,,,,,,,,,,,,,,,155.366666666667,1:DECEASED,,,,,,,,,,,,,1,Female,,,46.28,BREAST CONSERVING,Moderate,NO,LumA,3,Positve,NEUTRAL,Ductal/NST,YES,Pre,3,Left,0,3.03,NO,23.3333333333333,1:Recurred,ER+/HER2- Low Prolif,Died of Other Causes
MB-5592,brca_metabric,,,,,,,,,,,,,,,,,,,,,,,26.3333333333333,1:DECEASED,,,,,,,,,,,,,1,Female,,,66.01,BREAST CONSERVING,Low,NO,LumB,3,Positve,NEUTRAL,Lobular,NO,Post,8,Left,0,3.04,YES,17.9333333333333,1:Recurred,ER+/HER2- High Prolif,Died of Other Causes
MB-5593,brca_metabric,,,,,,,,,,,,,,,,,,,,,,,92.5,1:DECEASED,,,,,,,,,,,,,1,Female,,,40.53,MASTECTOMY,Low,YES,Her2,3,Negative,GAIN,Lobular,NO,Pre,5,Left,1,5.07,YES,33.4,1:Recurred,HER2+,Died of Disease
MB-5596,brca_metabric,,,,,,,,,,,,,,,,,,,,,,,167.933333333333,1:DECEASED,,,,,,,,,,,,,1,Female,,,54.27,MASTECTOMY,Moderate,NO,LumA,3,Positve,NEUTRAL,Lobular,YES,Post,3,Right,20,5.06,NO,125.333333333333,1:Recurred,ER+/HER2- Low Prolif,Died of Disease
MB-5597,brca_metabric,,,,,,,,,,,,,,,,,,,,,,,32.7333333333333,1:DECEASED,,,,,,,,,,,,,1,Female,,,75.38,MASTECTOMY,Moderate,NO,LumA,3,Positve,GAIN,Ductal/NST,YES,Post,3,Left,1,4.06,NO,32.7333333333333,0:Not Recurred,ER+/HER2- Low Prolif,Died of Other Causes
MB-5599,brca_metabric,,,,,,,,,,,,,,,,,,,,,,,224.866666666667,0:LIVING,,,,,,,,,,,,,1,Female,,,62.88,BREAST CONSERVING,High,NO,LumA,3,Positve,NEUTRAL,Ductal/NST,YES,Post,7,Right,3,4.04,YES,224.866666666667,0:Not Recurred,ER+/HER2- Low Prolif,Living
MB-5601,brca_metabric,,,,,,,,,,,,,,,,,,,,,,,214.8,1:DECEASED,,,,,,,,,,,,,1,Female,,,61.73,BREAST CONSERVING,High,NO,LumA,3,Positve,NEUTRAL,Ductal/NST,YES,Post,3,Left,3,4.032,YES,214.8,0:Not Recurred,ER+/HER2- Low Prolif,Died of Other Causes
MB-5602,brca_metabric,,,,,,,,,,,,,,,,,,,,,,,224.433333333333,0:LIVING,,,,,,,,,,,,,1,Female,,,39.7,BREAST CONSERVING,High,YES,Basal,3,Negative,NEUTRAL,Ductal/NST,NO,Pre,10,Left,8,6.08,YES,224.433333333333,0:Not Recurred,ER-/HER2-,Living
MB-5603,brca_metabric,,,,,,,,,,,,,,,,,,,,,,,171.633333333333,1:DECEASED,,,,,,,,,,,,,1,Female,,,70.79,MASTECTOMY,High,NO,LumA,3,Positve,NEUTRAL,Ductal/NST,YES,Post,2,Left,2,4.04,YES,171.633333333333,0:Not Recurred,ER+/HER2- Low Prolif,Died of Other Causes
MB-5604,brca_metabric,,,,,,,,,,,,,,,,,,,,,,,145.633333333333,0:LIVING,,,,,,,,,,,,,1,Female,,,66.88,BREAST CONSERVING,High,NO,LumB,3,Positve,GAIN,Ductal/NST,YES,Post,1,Right,2,4.05,YES,145.633333333333,0:Not Recurred,ER+/HER2- High Prolif,Living
MB-5605,brca_metabric,,,,,,,,,,,,,,,,,,,,,,,123.7,0:LIVING,,,,,,,,,,,,,1,Female,,,40.37,BREAST CONSERVING,High,NO,LumB,3,Positve,LOSS,Ductal/NST,NO,Pre,3,Right,0,3.05,YES,123.7,0:Not Recurred,ER+/HER2- High Prolif,Living
MB-5613,brca_metabric,,,,,,,,,,,,,,,,,,,,,,,212.366666666667,1:DECEASED,,,,,,,,,,,,,1,Female,,,80.21,BREAST CONSERVING,High,NO,LumB,3,Positve,NEUTRAL,Ductal/NST,YES,Post,10,Left,1,4.1,NO,212.366666666667,0:Not Recurred,ER+/HER2- High Prolif,Died of Other Causes
MB-5614,brca_metabric,,,,,,,,,,,,,,,,,,,,,,,116.433333333333,1:DECEASED,,,,,,,,,,,,,1,Female,,,62.87,BREAST CONSERVING,Low,NO,LumA,3,Positve,GAIN,Ductal/NST,NO,Post,9,Left,0,4.034,YES,83.7333333333333,1:Recurred,ER+/HER2- Low Prolif,Died of Disease
MB-5616,brca_metabric,,,,,,,,,,,,,,,,,,,,,,,180.633333333333,0:LIVING,,,,,,,,,,,,,1,Female,,,41.53,BREAST CONSERVING,Moderate,YES,claudin-low,3,Negative,NEUTRAL,Ductal/NST,NO,Pre,10,Left,4,6.04,YES,180.633333333333,0:Not Recurred,ER-/HER2-,Living
MB-5617,brca_metabric,,,,,,,,,,,,,,,,,,,,,,,128.2,1:DECEASED,,,,,,,,,,,,,1,Female,,,81.63,BREAST CONSERVING,High,NO,LumA,3,Positve,NEUTRAL,Ductal/NST,YES,Post,4ER+,Right,1,4.064,YES,128.2,0:Not Recurred,ER+/HER2- Low Prolif,Died of Other Causes
MB-5620,brca_metabric,,,,,,,,,,,,,,,,,,,,,,,42.0666666666667,1:DECEASED,,,,,,,,,,,,,1,Female,,,79.42,MASTECTOMY,Moderate,NO,LumA,3,Positve,NEUTRAL,Ductal/NST,YES,Post,8,Left,2,4.062,NO,38.0333333333333,1:Recurred,ER+/HER2- Low Prolif,Died of Disease
MB-5622,brca_metabric,,,,,,,,,,,,,,,,,,,,,,,182.933333333333,0:LIVING,,,,,,,,,,,,,1,Female,,,62.89,BREAST CONSERVING,High,NO,LumB,3,Positve,NEUTRAL,Ductal/NST,YES,Post,1,Left,0,4.046,YES,182.933333333333,0:Not Recurred,ER+/HER2- High Prolif,Living
MB-5623,brca_metabric,,,,,,,,,,,,,,,,,,,,,,,137.8,1:DECEASED,,,,,,,,,,,,,1,Female,,,44.99,MASTECTOMY,High,NO,LumB,3,Positve,NEUTRAL,Ductal/NST,YES,Pre,3,Right,0,3.04,NO,137.8,0:Not Recurred,ER+/HER2- High Prolif,Died of Other Causes
MB-5624,brca_metabric,,,,,,,,,,,,,,,,,,,,,,,136,0:LIVING,,,,,,,,,,,,,1,Female,,,55.43,BREAST CONSERVING,High,YES,Basal,3,Negative,NEUTRAL,Ductal/NST,YES,Post,10,Right,1,5.05,YES,136,0:Not Recurred,,Living
MB-5625,brca_metabric,,,,,,,,,,,,,,,,,,,,,,,32.3,1:DECEASED,,,,,,,,,,,,,1,Female,,,45.51,MASTECTOMY,Moderate,YES,Basal,3,Negative,NEUTRAL,Ductal/NST,NO,Pre,9,Right,,5.08,NO,30.6,1:Recurred,ER-/HER2-,Died of Disease
MB-5626,brca_metabric,,,,,,,,,,,,,,,,,,,,,,,82.9666666666667,0:LIVING,,,,,,,,,,,,,1,Female,,,73.75,MASTECTOMY,High,NO,LumA,3,Positve,NEUTRAL,Ductal/NST,YES,Post,8,Right,5,5.04,YES,82.9666666666667,0:Not Recurred,ER+/HER2- Low Prolif,Living
MB-5628,brca_metabric,,,,,,,,,,,,,,,,,,,,,,,42.6,1:DECEASED,,,,,,,,,,,,,1,Female,,,65.06,BREAST CONSERVING,High,NO,LumB,3,Positve,GAIN,Ductal/NST,YES,Post,5,Right,4,6,YES,14.4666666666667,1:Recurred,ER+/HER2- High Prolif,Died of Disease
MB-5629,brca_metabric,,,,,,,,,,,,,,,,,,,,,,,103.8,1:DECEASED,,,,,,,,,,,,,1,Female,,,71.36,BREAST CONSERVING,Moderate,NO,LumA,3,Positve,NEUTRAL,Ductal/NST,YES,Post,3,Left,0,3.06,YES,103.8,0:Not Recurred,ER+/HER2- High Prolif,Died of Other Causes
MB-5632,brca_metabric,,,,,,,,,,,,,,,,,,,,,,,38.1666666666667,1:DECEASED,,,,,,,,,,,,,1,Female,,,78.55,MASTECTOMY,High,NO,LumB,3,Positve,GAIN,Ductal/NST,YES,Post,9,Left,4,5.07,YES,19.9666666666667,1:Recurred,ER+/HER2- High Prolif,Died of Disease
MB-5633,brca_metabric,,,,,,,,,,,,,,,,,,,,,,,35.0333333333333,1:DECEASED,,,,,,,,,,,,,1,Female,,,62.7,MASTECTOMY,Moderate,YES,claudin-low,3,Negative,NEUTRAL,Ductal/NST,NO,Post,4ER-,Left,7,6.06,YES,29.6666666666667,1:Recurred,ER-/HER2-,Died of Disease
MB-5634,brca_metabric,,,,,,,,,,,,,,,,,,,,,,,62.9,1:DECEASED,,,,,,,,,,,,,1,Female,,,55.53,MASTECTOMY,High,NO,Basal,3,Negative,NEUTRAL,Ductal/NST,NO,Post,10,Right,0,4.06,NO,55.5333333333333,1:Recurred,ER-/HER2-,Died of Disease
MB-5635,brca_metabric,,,,,,,,,,,,,,,,,,,,,,,21.0666666666667,1:DECEASED,,,,,,,,,,,,,1,Female,,,57.2,BREAST CONSERVING,High,NO,LumA,3,Positve,GAIN,Ductal/NST,YES,Post,4ER+,Right,0,3.03,YES,10.0666666666667,1:Recurred,ER+/HER2- Low Prolif,Died of Disease
MB-5636,brca_metabric,,,,,,,,,,,,,,,,,,,,,,,108.3,1:DECEASED,,,,,,,,,,,,,1,Female,,,68.49,MASTECTOMY,High,NO,LumB,3,Positve,GAIN,Ductal/NST,YES,Post,9,Right,2,2.06,NO,74.4333333333333,1:Recurred,ER+/HER2- High Prolif,Died of Other Causes
MB-5638,brca_metabric,,,,,,,,,,,,,,,,,,,,,,,195.7,1:DECEASED,,,,,,,,,,,,,1,Female,,,65.14,BREAST CONSERVING,Moderate,NO,LumA,3,Positve,NEUTRAL,Ductal/NST,YES,Post,7,Left,0,3.04,YES,195.7,0:Not Recurred,ER+/HER2- High Prolif,Died of Other Causes
MB-5640,brca_metabric,,,,,,,,,,,,,,,,,,,,,,,172.3,0:LIVING,,,,,,,,,,,,,1,Female,,,58,MASTECTOMY,Low,NO,Normal,3,Positve,NEUTRAL,Ductal/NST,NO,Post,4ER+,Left,0,3.002,NO,172.3,0:Not Recurred,ER+/HER2- Low Prolif,Living
MB-5641,brca_metabric,,,,,,,,,,,,,,,,,,,,,,,181.866666666667,0:LIVING,,,,,,,,,,,,,1,Female,,,78.64,BREAST CONSERVING,Low,NO,LumB,3,Positve,LOSS,Ductal/NST,YES,Post,2,Left,0,4.044,YES,181.866666666667,0:Not Recurred,ER+/HER2- High Prolif,Living
MB-5642,brca_metabric,,,,,,,,,,,,,,,,,,,,,,,156.8,1:DECEASED,,,,,,,,,,,,,1,Female,,,68.13,MASTECTOMY,Moderate,NO,LumA,3,Positve,NEUTRAL,Ductal/NST,YES,Post,4ER+,Left,1,4.068,YES,156.8,0:Not Recurred,ER+/HER2- Low Prolif,Died of Other Causes
MB-5645,brca_metabric,,,,,,,,,,,,,,,,,,,,,,,22.2333333333333,1:DECEASED,,,,,,,,,,,,,1,Female,,,71.31,BREAST CONSERVING,High,NO,LumA,3,Positve,NEUTRAL,Ductal/NST,YES,Post,7,Right,0,3.04,YES,22.2333333333333,0:Not Recurred,ER+/HER2- Low Prolif,Died of Other Causes
MB-5646,brca_metabric,,,,,,,,,,,,,,,,,,,,,,,167.1,1:DECEASED,,,,,,,,,,,,,1,Female,,,58.4,BREAST CONSERVING,Moderate,NO,LumB,3,Positve,NEUTRAL,Mixed,YES,Post,1,Right,0,4.06,YES,167.1,0:Not Recurred,ER+/HER2- High Prolif,Died of Other Causes
MB-5647,brca_metabric,,,,,,,,,,,,,,,,,,,,,,,30.8,1:DECEASED,,,,,,,,,,,,,1,Female,,,65.43,MASTECTOMY,High,NO,LumA,3,Positve,NEUTRAL,Ductal/NST,YES,Post,6,Right,11,6.07,YES,30.8,0:Not Recurred,ER+/HER2- High Prolif,Died of Other Causes
MB-5648,brca_metabric,,,,,,,,,,,,,,,,,,,,,,,199.966666666667,1:DECEASED,,,,,,,,,,,,,1,Female,,,74.92,BREAST CONSERVING,Low,NO,LumA,3,Positve,NEUTRAL,Ductal/NST,YES,Post,8,Right,,4.08,YES,199.966666666667,0:Not Recurred,ER+/HER2- Low Prolif,Died of Other Causes
MB-5651,brca_metabric,,,,,,,,,,,,,,,,,,,,,,,21,1:DECEASED,,,,,,,,,,,,,1,Female,,,51.98,BREAST CONSERVING,Moderate,YES,claudin-low,3,Negative,NEUTRAL,Mixed,YES,Post,3,Right,1,5.052,YES,13.8,1:Recurred,ER-/HER2-,Died of Disease
MB-5652,brca_metabric,,,,,,,,,,,,,,,,,,,,,,,104.666666666667,1:DECEASED,,,,,,,,,,,,,1,Female,,,68.75,BREAST CONSERVING,Moderate,NO,Normal,3,Negative,GAIN,Ductal/NST,YES,Post,4ER-,Left,0,4.03,YES,104.666666666667,0:Not Recurred,ER-/HER2-,Died of Other Causes
MB-5653,brca_metabric,,,,,,,,,,,,,,,,,,,,,,,194.6,0:LIVING,,,,,,,,,,,,,1,Female,,,60.72,MASTECTOMY,High,NO,LumB,3,Positve,NEUTRAL,Ductal/NST,YES,Post,9,Left,0,4.05,NO,194.6,0:Not Recurred,ER+/HER2- High Prolif,Living
MB-5654,brca_metabric,,,,,,,,,,,,,,,,,,,,,,,173.033333333333,1:DECEASED,,,,,,,,,,,,,1,Female,,,82.94,MASTECTOMY,High,NO,LumB,3,Positve,NEUTRAL,Ductal/NST,YES,Post,8,Left,1,4.11,NO,173.033333333333,0:Not Recurred,ER+/HER2- High Prolif,Died of Other Causes
MB-5655,brca_metabric,,,,,,,,,,,,,,,,,,,,,,,191.8,0:LIVING,,,,,,,,,,,,,1,Female,,,67.57,MASTECTOMY,High,NO,Basal,3,Negative,NEUTRAL,Ductal/NST,YES,Post,10,Right,0,4.05,NO,191.8,0:Not Recurred,ER-/HER2-,Living
MB-5656,brca_metabric,,,,,,,,,,,,,,,,,,,,,,,126.4,1:DECEASED,,,,,,,,,,,,,1,Female,,,74.76,MASTECTOMY,Low,NO,Normal,3,Positve,NEUTRAL,Ductal/NST,NO,Post,3,Left,0,3.032,NO,24.9666666666667,1:Recurred,ER+/HER2- Low Prolif,Died of Other Causes
MB-6001,brca_metabric,,,,,,,,,,,,,,,,,,,,,,,135.3,1:DECEASED,,,,,,,,,,,,,1,Female,,,68.7,MASTECTOMY,Moderate,NO,LumA,5,Positve,NEUTRAL,Mixed,YES,Post,3,Left,0,3.03,NO,135.3,0:Not Recurred,ER+/HER2- Low Prolif,Died of Other Causes
MB-6006,brca_metabric,,,,,,,,,,,,,,,,,,,,,,,63.5666666666667,1:DECEASED,,,,,,,,,,,,,1,Female,,,86.61,MASTECTOMY,Moderate,NO,LumA,5,Positve,NEUTRAL,Lobular,YES,Post,3,Left,0,2.032,NO,63.5666666666667,0:Not Recurred,ER+/HER2- Low Prolif,Died of Other Causes
MB-6007,brca_metabric,,,,,,,,,,,,,,,,,,,,,,,70.5333333333333,1:DECEASED,,,,,,,,,,,,,1,Female,,,70.65,MASTECTOMY,High,NO,Her2,5,Positve,NEUTRAL,Lobular,YES,Post,3,Right,0,3.05,NO,70.5333333333333,0:Not Recurred,ER+/HER2- High Prolif,Died of Other Causes
MB-6008,brca_metabric,,,,,,,,,,,,,,,,,,,,,,,69.1,1:DECEASED,,,,,,,,,,,,,1,Female,,,80.33,MASTECTOMY,High,NO,LumB,5,Positve,NEUTRAL,Lobular,NO,Post,9,Left,0,4.05,NO,29.8666666666667,1:Recurred,ER+/HER2- High Prolif,Died of Disease
MB-6010,brca_metabric,,,,,,,,,,,,,,,,,,,,,,,218.233333333333,0:LIVING,,,,,,,,,,,,,1,Female,,,70.28,MASTECTOMY,High,NO,LumB,5,Positve,NEUTRAL,Ductal/NST,YES,Post,10,Left,0,4.03,NO,218.233333333333,0:Not Recurred,ER+/HER2- High Prolif,Living
MB-6011,brca_metabric,,,,,,,,,,,,,,,,,,,,,,,211.133333333333,1:DECEASED,,,,,,,,,,,,,1,Female,,,59.22,MASTECTOMY,High,NO,LumB,5,Positve,GAIN,Ductal/NST,NO,Post,1,Left,0,1.05,NO,211.133333333333,1:Recurred,ER+/HER2- High Prolif,Died of Disease
MB-6012,brca_metabric,,,,,,,,,,,,,,,,,,,,,,,144.433333333333,1:DECEASED,,,,,,,,,,,,,1,Female,,,67.46,MASTECTOMY,Moderate,NO,LumA,5,Positve,NEUTRAL,Lobular,NO,Post,8,Left,0,3.066,NO,144.433333333333,0:Not Recurred,,Died of Other Causes
MB-6014,brca_metabric,,,,,,,,,,,,,,,,,,,,,,,191.933333333333,1:DECEASED,,,,,,,,,,,,,1,Female,,,44.48,MASTECTOMY,Low,NO,Normal,5,Negative,NEUTRAL,Lobular,NO,Pre,4ER-,Right,0,2.114,NO,191.933333333333,0:Not Recurred,ER+/HER2- Low Prolif,Died of Other Causes
MB-6016,brca_metabric,,,,,,,,,,,,,,,,,,,,,,,143.533333333333,1:DECEASED,,,,,,,,,,,,,1,Female,,,87.32,BREAST CONSERVING,Moderate,NO,LumA,5,Positve,NEUTRAL,Ductal/NST,NO,Post,4ER+,Right,0,3.046,NO,143.533333333333,0:Not Recurred,ER+/HER2- Low Prolif,Died of Other Causes
MB-6017,brca_metabric,,,,,,,,,,,,,,,,,,,,,,,70.9,1:DECEASED,,,,,,,,,,,,,1,Female,,,72.19,MASTECTOMY,Moderate,NO,LumA,5,Positve,NEUTRAL,Ductal/NST,YES,Post,3,Left,0,2.06,NO,70.9,0:Not Recurred,ER+/HER2- Low Prolif,Died of Other Causes
MB-6018,brca_metabric,,,,,,,,,,,,,,,,,,,,,,,143.166666666667,1:DECEASED,,,,,,,,,,,,,1,Female,,,65.03,MASTECTOMY,Low,NO,LumA,5,Positve,NEUTRAL,Ductal/NST,NO,Post,8,Right,0,3.05,NO,143.166666666667,1:Recurred,ER+/HER2- Low Prolif,Died of Disease
MB-6019,brca_metabric,,,,,,,,,,,,,,,,,,,,,,,13.5333333333333,1:DECEASED,,,,,,,,,,,,,1,Female,,,67,MASTECTOMY,High,NO,Normal,5,Positve,NEUTRAL,Ductal/NST,NO,Post,4ER+,Left,0,3.14,NO,13.5333333333333,0:Not Recurred,ER+/HER2- Low Prolif,Died of Other Causes
MB-6020,brca_metabric,,,,,,,,,,,,,,,,,,,,,,,48.2666666666667,1:DECEASED,,,,,,,,,,,,,1,Female,,,75.63,MASTECTOMY,Low,NO,LumB,5,Positve,GAIN,Ductal/NST,NO,Post,1,Left,,3.04,NO,48.2666666666667,0:Not Recurred,HER2+,Died of Other Causes
MB-6021,brca_metabric,,,,,,,,,,,,,,,,,,,,,,,301.233333333333,0:LIVING,,,,,,,,,,,,,1,Female,,,51.94,MASTECTOMY,High,NO,LumA,5,Positve,NEUTRAL,Lobular,NO,Post,3,Right,0,3,NO,301.233333333333,0:Not Recurred,ER+/HER2- Low Prolif,Living
MB-6022,brca_metabric,,,,,,,,,,,,,,,,,,,,,,,52.0666666666667,1:DECEASED,,,,,,,,,,,,,1,Female,,,90,MASTECTOMY,High,NO,LumB,5,Positve,NEUTRAL,Ductal/NST,YES,Post,8,Right,2,4.1,NO,8.33333333333333,1:Recurred,ER+/HER2- High Prolif,Died of Disease
MB-6023,brca_metabric,,,,,,,,,,,,,,,,,,,,,,,232.966666666667,0:LIVING,,,,,,,,,,,,,1,Female,,,60.28,MASTECTOMY,Moderate,NO,Normal,5,Positve,NEUTRAL,Lobular,NO,Post,8,Right,0,3.068,NO,232.966666666667,0:Not Recurred,ER+/HER2- High Prolif,Living
MB-6024,brca_metabric,,,,,,,,,,,,,,,,,,,,,,,252.266666666667,1:DECEASED,,,,,,,,,,,,,1,Female,,,65.63,MASTECTOMY,Moderate,NO,LumA,5,Positve,NEUTRAL,Ductal/NST,NO,Post,8,Right,2,4.04,NO,252.266666666667,1:Recurred,ER+/HER2- Low Prolif,Died of Disease
MB-6026,brca_metabric,,,,,,,,,,,,,,,,,,,,,,,49.7333333333333,1:DECEASED,,,,,,,,,,,,,1,Female,,,87.75,MASTECTOMY,Moderate,NO,LumB,5,Positve,NEUTRAL,Ductal/NST,NO,Post,1,Right,0,3.05,NO,49.7333333333333,0:Not Recurred,ER+/HER2- High Prolif,Died of Other Causes
MB-6029,brca_metabric,,,,,,,,,,,,,,,,,,,,,,,278.366666666667,1:DECEASED,,,,,,,,,,,,,1,Female,,,63.35,BREAST CONSERVING,High,NO,LumA,5,Positve,NEUTRAL,Other,YES,Post,7,Left,6,6.02,YES,141.366666666667,1:Recurred,ER+/HER2- Low Prolif,Died of Disease
MB-6030,brca_metabric,,,,,,,,,,,,,,,,,,,,,,,145.366666666667,1:DECEASED,,,,,,,,,,,,,1,Female,,,66.76,MASTECTOMY,High,NO,LumA,5,Positve,NEUTRAL,Ductal/NST,YES,Post,7,Left,0,2.04,NO,65.8666666666667,1:Recurred,ER+/HER2- Low Prolif,Died of Other Causes
MB-6036,brca_metabric,,,,,,,,,,,,,,,,,,,,,,,287.933333333333,0:LIVING,,,,,,,,,,,,,1,Female,,,44.65,MASTECTOMY,Moderate,NO,claudin-low,5,Negative,GAIN,Ductal/NST,NO,Pre,10,Left,0,4.04,NO,287.933333333333,0:Not Recurred,ER-/HER2-,Living
MB-6039,brca_metabric,,,,,,,,,,,,,,,,,,,,,,,73.1333333333333,1:DECEASED,,,,,,,,,,,,,1,Female,,,65.96,MASTECTOMY,High,NO,Her2,5,Positve,GAIN,Ductal/NST,YES,Post,9,Right,1,5.07,NO,10.5333333333333,1:Recurred,ER+/HER2- High Prolif,Died of Other Causes
MB-6042,brca_metabric,,,,,,,,,,,,,,,,,,,,,,,263.433333333333,0:LIVING,,,,,,,,,,,,,1,Female,,,70.12,MASTECTOMY,High,NO,Normal,5,Positve,NEUTRAL,Ductal/NST,NO,Post,3,Right,0,3.06,NO,263.433333333333,0:Not Recurred,ER+/HER2- Low Prolif,Living
MB-6044,brca_metabric,,,,,,,,,,,,,,,,,,,,,,,219.1,1:DECEASED,,,,,,,,,,,,,1,Female,,,70.64,MASTECTOMY,Moderate,NO,Her2,5,Positve,NEUTRAL,Ductal/NST,NO,Post,6,Right,0,3.06,NO,219.1,0:Not Recurred,ER+/HER2- High Prolif,Died of Other Causes
MB-6047,brca_metabric,,,,,,,,,,,,,,,,,,,,,,,37.8666666666667,1:DECEASED,,,,,,,,,,,,,1,Female,,,72.94,MASTECTOMY,High,NO,Her2,5,Positve,NEUTRAL,Other,YES,Post,9,Right,12,5.03,NO,13.1,1:Recurred,ER+/HER2- High Prolif,Died of Disease
MB-6048,brca_metabric,,,,,,,,,,,,,,,,,,,,,,,168.2,1:DECEASED,,,,,,,,,,,,,1,Female,,,58.84,MASTECTOMY,High,NO,Her2,5,Positve,GAIN,Ductal/NST,YES,Post,9,Left,0,3.05,NO,168.2,0:Not Recurred,HER2+,Died of Other Causes
MB-6049,brca_metabric,,,,,,,,,,,,,,,,,,,,,,,264.233333333333,0:LIVING,,,,,,,,,,,,,1,Female,,,62.29,MASTECTOMY,High,NO,Her2,5,Positve,GAIN,Ductal/NST,NO,Post,5,Left,0,3.08,NO,264.233333333333,0:Not Recurred,HER2+,Living
MB-6050,brca_metabric,,,,,,,,,,,,,,,,,,,,,,,192.2,0:LIVING,,,,,,,,,,,,,1,Female,,,51.07,MASTECTOMY,High,NO,LumA,5,Positve,NEUTRAL,Ductal/NST,NO,Post,8,Right,0,3.04,NO,192.2,0:Not Recurred,ER+/HER2- Low Prolif,Living
MB-6051,brca_metabric,,,,,,,,,,,,,,,,,,,,,,,186.833333333333,1:DECEASED,,,,,,,,,,,,,1,Female,,,65.39,MASTECTOMY,Moderate,NO,LumA,5,Positve,NEUTRAL,Ductal/NST,YES,Post,3,Right,1,4.072,NO,184.866666666667,1:Recurred,ER+/HER2- Low Prolif,Died of Disease
MB-6052,brca_metabric,,,,,,,,,,,,,,,,,,,,,,,255.366666666667,0:LIVING,,,,,,,,,,,,,1,Female,,,36.47,MASTECTOMY,Low,NO,claudin-low,5,Negative,NEUTRAL,Ductal/NST,NO,Pre,4ER-,Left,0,4.03,NO,255.366666666667,0:Not Recurred,ER-/HER2-,Living
MB-6053,brca_metabric,,,,,,,,,,,,,,,,,,,,,,,250.8,0:LIVING,,,,,,,,,,,,,1,Female,,,69.39,MASTECTOMY,Moderate,NO,LumB,5,Positve,NEUTRAL,Ductal/NST,YES,Post,1,Left,2,3.052,NO,250.8,0:Not Recurred,ER+/HER2- High Prolif,Living
MB-6055,brca_metabric,,,,,,,,,,,,,,,,,,,,,,,200.433333333333,0:LIVING,,,,,,,,,,,,,1,Female,,,33.08,BREAST CONSERVING,High,YES,claudin-low,5,Negative,NEUTRAL,Medullary,NO,Pre,10,Left,2,5.05,YES,200.433333333333,0:Not Recurred,ER-/HER2-,Living
MB-6058,brca_metabric,,,,,,,,,,,,,,,,,,,,,,,22.6666666666667,1:DECEASED,,,,,,,,,,,,,1,Female,,,41.79,MASTECTOMY,High,YES,Basal,5,Negative,NEUTRAL,Ductal/NST,NO,Pre,10,Right,2,4.036,NO,18.5666666666667,1:Recurred,ER-/HER2-,Died of Disease
MB-6059,brca_metabric,,,,,,,,,,,,,,,,,,,,,,,278.466666666667,0:LIVING,,,,,,,,,,,,,1,Female,,,50.88,MASTECTOMY,High,YES,Normal,5,Negative,NEUTRAL,Ductal/NST,NO,Post,7,Right,1,4.096,NO,278.466666666667,0:Not Recurred,ER+/HER2- High Prolif,Living
MB-6060,brca_metabric,,,,,,,,,,,,,,,,,,,,,,,38.0333333333333,1:DECEASED,,,,,,,,,,,,,1,Female,,,53.79,MASTECTOMY,High,NO,LumB,5,Positve,GAIN,Ductal/NST,NO,Post,5,Left,0,4.06,NO,38.0333333333333,0:Not Recurred,ER+/HER2- High Prolif,Died of Other Causes
MB-6062,brca_metabric,,,,,,,,,,,,,,,,,,,,,,,282.366666666667,0:LIVING,,,,,,,,,,,,,1,Female,,,31.6,BREAST CONSERVING,High,NO,claudin-low,5,Negative,NEUTRAL,Medullary,NO,Pre,10,Left,0,4.044,YES,282.366666666667,0:Not Recurred,ER-/HER2-,Living
MB-6063,brca_metabric,,,,,,,,,,,,,,,,,,,,,,,15.6,1:DECEASED,,,,,,,,,,,,,1,Female,,,58.9,MASTECTOMY,High,YES,Normal,5,Negative,GAIN,Ductal/NST,NO,Post,5,Left,16,6.24,NO,0.366666666666667,1:Recurred,HER2+,Died of Disease
MB-6065,brca_metabric,,,,,,,,,,,,,,,,,,,,,,,188.533333333333,1:DECEASED,,,,,,,,,,,,,1,Female,,,76.69,MASTECTOMY,High,NO,LumA,5,Positve,NEUTRAL,Ductal/NST,YES,Post,8,Right,1,3.096,NO,188.533333333333,0:Not Recurred,ER+/HER2- Low Prolif,Died of Other Causes
MB-6068,brca_metabric,,,,,,,,,,,,,,,,,,,,,,,182.6,1:DECEASED,,,,,,,,,,,,,1,Female,,,43.75,MASTECTOMY,Moderate,NO,Basal,5,Negative,NEUTRAL,Ductal/NST,NO,Pre,4ER-,Right,0,3,NO,182.6,0:Not Recurred,,Died of Other Causes
MB-6069,brca_metabric,,,,,,,,,,,,,,,,,,,,,,,258.133333333333,1:DECEASED,,,,,,,,,,,,,1,Female,,,75.55,BREAST CONSERVING,Moderate,NO,LumA,5,Positve,NEUTRAL,Ductal/NST,YES,Post,7,Right,5,5.04,YES,258.133333333333,0:Not Recurred,ER+/HER2- Low Prolif,Died of Other Causes
MB-6071,brca_metabric,,,,,,,,,,,,,,,,,,,,,,,57.4,1:DECEASED,,,,,,,,,,,,,1,Female,,,72.81,MASTECTOMY,High,NO,LumA,5,Positve,NEUTRAL,Ductal/NST,YES,Post,7,Left,7,5.068,NO,51.4,1:Recurred,ER+/HER2- High Prolif,Died of Disease
MB-6075,brca_metabric,,,,,,,,,,,,,,,,,,,,,,,182.333333333333,1:DECEASED,,,,,,,,,,,,,1,Female,,,84.04,MASTECTOMY,High,NO,LumB,5,Positve,NEUTRAL,Ductal/NST,NO,Post,7,Left,0,3.05,NO,182.333333333333,1:Recurred,ER+/HER2- High Prolif,Died of Disease
MB-6077,brca_metabric,,,,,,,,,,,,,,,,,,,,,,,170.266666666667,1:DECEASED,,,,,,,,,,,,,1,Female,,,70.92,MASTECTOMY,Low,NO,NC,5,Positve,NEUTRAL,Ductal/NST,NO,Post,7,Left,0,3.032,NO,170.266666666667,0:Not Recurred,ER+/HER2- High Prolif,Died of Other Causes
MB-6079,brca_metabric,,,,,,,,,,,,,,,,,,,,,,,239.166666666667,1:DECEASED,,,,,,,,,,,,,1,Female,,,68.91,BREAST CONSERVING,Moderate,NO,LumB,5,Positve,NEUTRAL,Ductal/NST,YES,Post,9,Right,0,3,YES,174.166666666667,1:Recurred,ER+/HER2- High Prolif,Died of Disease
MB-6080,brca_metabric,,,,,,,,,,,,,,,,,,,,,,,54.1,1:DECEASED,,,,,,,,,,,,,1,Female,,,79.04,MASTECTOMY,High,NO,LumB,5,Positve,NEUTRAL,Medullary,YES,Post,4ER+,Right,5,6.06,YES,27.4333333333333,1:Recurred,ER+/HER2- High Prolif,Died of Disease
MB-6082,brca_metabric,,,,,,,,,,,,,,,,,,,,,,,102.5,1:DECEASED,,,,,,,,,,,,,1,Female,,,46.47,MASTECTOMY,Low,YES,Normal,5,Negative,NEUTRAL,Ductal/NST,NO,Pre,7,Right,8,5.14,NO,102.5,1:Recurred,ER+/HER2- Low Prolif,Died of Disease
MB-6083,brca_metabric,,,,,,,,,,,,,,,,,,,,,,,164.033333333333,1:DECEASED,,,,,,,,,,,,,1,Female,,,73.03,MASTECTOMY,High,NO,LumA,5,Positve,NEUTRAL,Ductal/NST,YES,Post,8,Left,0,3.042,NO,164.033333333333,0:Not Recurred,ER+/HER2- Low Prolif,Died of Other Causes
MB-6085,brca_metabric,,,,,,,,,,,,,,,,,,,,,,,23.9,0:LIVING,,,,,,,,,,,,,1,Female,,,58.38,MASTECTOMY,High,YES,Her2,5,Negative,GAIN,Ductal/NST,YES,Post,4ER-,Right,4,5.052,NO,23.9,0:Not Recurred,ER-/HER2-,Living
MB-6092,brca_metabric,,,,,,,,,,,,,,,,,,,,,,,2.3,1:DECEASED,,,,,,,,,,,,,1,Female,,,80.59,BREAST CONSERVING,Moderate,NO,Normal,5,Positve,NEUTRAL,Mixed,NO,Post,3,Right,0,3.042,NO,2.3,0:Not Recurred,ER+/HER2- Low Prolif,Died of Other Causes
MB-6097,brca_metabric,,,,,,,,,,,,,,,,,,,,,,,159.7,1:DECEASED,,,,,,,,,,,,,1,Female,,,68.59,BREAST CONSERVING,High,NO,LumA,5,Positve,NEUTRAL,Ductal/NST,YES,Post,8,Right,1,4.016,YES,159.7,0:Not Recurred,ER+/HER2- High Prolif,Died of Other Causes
MB-6098,brca_metabric,,,,,,,,,,,,,,,,,,,,,,,10.6333333333333,1:DECEASED,,,,,,,,,,,,,1,Female,,,28.29,MASTECTOMY,High,YES,Basal,5,Negative,NEUTRAL,Ductal/NST,NO,Pre,10,Left,1,5.16,NO,0.7,1:Recurred,,Died of Disease
MB-6100,brca_metabric,,,,,,,,,,,,,,,,,,,,,,,10.0666666666667,1:DECEASED,,,,,,,,,,,,,1,Female,,,53.45,BREAST CONSERVING,High,YES,Her2,5,Negative,GAIN,Ductal/NST,NO,Post,5,Left,2,4.06,YES,8.16666666666667,1:Recurred,,Died of Disease
MB-6101,brca_metabric,,,,,,,,,,,,,,,,,,,,,,,77.5,1:DECEASED,,,,,,,,,,,,,1,Female,,,82.51,MASTECTOMY,High,NO,Normal,5,Positve,NEUTRAL,Ductal/NST,NO,Post,7,Left,0,3.07,NO,77.5,0:Not Recurred,,Died of Other Causes
MB-6103,brca_metabric,,,,,,,,,,,,,,,,,,,,,,,239.4,0:LIVING,,,,,,,,,,,,,1,Female,,,66.28,MASTECTOMY,Low,NO,Normal,5,Positve,NEUTRAL,Mixed,YES,Post,3,Left,0,3,NO,239.4,0:Not Recurred,ER+/HER2- Low Prolif,Living
MB-6105,brca_metabric,,,,,,,,,,,,,,,,,,,,,,,192.2,1:DECEASED,,,,,,,,,,,,,1,Female,,,78.93,MASTECTOMY,Moderate,NO,Her2,5,Positve,NEUTRAL,Mixed,NO,Post,7,Left,0,2.026,NO,192.2,0:Not Recurred,ER+/HER2- High Prolif,Died of Other Causes
MB-6107,brca_metabric,,,,,,,,,,,,,,,,,,,,,,,123.333333333333,1:DECEASED,,,,,,,,,,,,,1,Female,,,71.38,MASTECTOMY,Moderate,NO,Normal,5,Positve,NEUTRAL,Lobular,YES,Post,3,Left,0,4,NO,123.333333333333,0:Not Recurred,ER+/HER2- Low Prolif,Died of Other Causes
MB-6108,brca_metabric,,,,,,,,,,,,,,,,,,,,,,,193.966666666667,0:LIVING,,,,,,,,,,,,,1,Female,,,38.01,MASTECTOMY,High,NO,LumA,5,Positve,LOSS,Ductal/NST,YES,Pre,4ER+,Right,0,3.036,NO,193.966666666667,0:Not Recurred,ER+/HER2- Low Prolif,Living
MB-6113,brca_metabric,,,,,,,,,,,,,,,,,,,,,,,124.566666666667,1:DECEASED,,,,,,,,,,,,,1,Female,,,39.41,MASTECTOMY,High,YES,Her2,5,Negative,GAIN,Ductal/NST,NO,Pre,5,Left,2,4.04,NO,123.966666666667,1:Recurred,HER2+,Died of Disease
MB-6114,brca_metabric,,,,,,,,,,,,,,,,,,,,,,,66.8333333333333,0:LIVING,,,,,,,,,,,,,1,Female,,,70.76,MASTECTOMY,High,YES,Her2,5,Negative,GAIN,Ductal/NST,NO,Post,5,Right,10,5.056,NO,66.8333333333333,0:Not Recurred,ER+/HER2- High Prolif,Living
MB-6116,brca_metabric,,,,,,,,,,,,,,,,,,,,,,,193.133333333333,0:LIVING,,,,,,,,,,,,,1,Female,,,66.13,MASTECTOMY,High,NO,Her2,5,Negative,GAIN,Ductal/NST,NO,Post,5,Right,0,3.06,NO,193.133333333333,0:Not Recurred,HER2+,Living
MB-6118,brca_metabric,,,,,,,,,,,,,,,,,,,,,,,264.6,0:LIVING,,,,,,,,,,,,,1,Female,,,41.11,BREAST CONSERVING,Low,NO,LumA,5,Positve,NEUTRAL,Ductal/NST,NO,Pre,3,Right,0,3.03,YES,94.3333333333333,1:Recurred,ER+/HER2- Low Prolif,Living
MB-6122,brca_metabric,,,,,,,,,,,,,,,,,,,,,,,260.2,0:LIVING,,,,,,,,,,,,,1,Female,,,54.74,MASTECTOMY,Moderate,YES,Basal,5,Negative,LOSS,Ductal/NST,NO,Post,4ER-,Left,3,4.07,NO,260.2,0:Not Recurred,ER-/HER2-,Living
MB-6124,brca_metabric,,,,,,,,,,,,,,,,,,,,,,,115.633333333333,1:DECEASED,,,,,,,,,,,,,1,Female,,,76.99,MASTECTOMY,High,NO,LumA,5,Positve,NEUTRAL,Ductal/NST,YES,Post,3,Right,15,6.03,NO,115.633333333333,0:Not Recurred,ER+/HER2- High Prolif,Died of Other Causes
MB-6125,brca_metabric,,,,,,,,,,,,,,,,,,,,,,,153.9,1:DECEASED,,,,,,,,,,,,,1,Female,,,63.27,MASTECTOMY,Moderate,NO,Normal,5,Positve,NEUTRAL,Ductal/NST,YES,Post,4ER+,Left,0,3.03,NO,153.9,0:Not Recurred,ER+/HER2- Low Prolif,Died of Other Causes
MB-6131,brca_metabric,,,,,,,,,,,,,,,,,,,,,,,257.666666666667,0:LIVING,,,,,,,,,,,,,1,Female,,,57.27,MASTECTOMY,High,NO,Her2,5,Positve,GAIN,Ductal/NST,NO,Post,5,Left,0,3.122,NO,257.666666666667,0:Not Recurred,HER2+,Living
MB-6133,brca_metabric,,,,,,,,,,,,,,,,,,,,,,,61.8,1:DECEASED,,,,,,,,,,,,,1,Female,,,74.6,MASTECTOMY,High,NO,LumA,5,Positve,NEUTRAL,Lobular,NO,Post,3,Right,0,3.078,NO,61.8,1:Recurred,ER+/HER2- High Prolif,Died of Disease
MB-6135,brca_metabric,,,,,,,,,,,,,,,,,,,,,,,78.6,1:DECEASED,,,,,,,,,,,,,1,Female,,,69.38,MASTECTOMY,High,NO,LumB,5,Positve,NEUTRAL,Ductal/NST,YES,Post,9,Right,1,4.03,NO,13,1:Recurred,ER+/HER2- High Prolif,Died of Other Causes
MB-6138,brca_metabric,,,,,,,,,,,,,,,,,,,,,,,25.6333333333333,1:DECEASED,,,,,,,,,,,,,1,Female,,,85.85,MASTECTOMY,Moderate,NO,LumB,5,Positve,NEUTRAL,Mixed,YES,Post,3,Left,4,6.074,NO,24.7333333333333,1:Recurred,ER+/HER2- Low Prolif,Died of Disease
MB-6141,brca_metabric,,,,,,,,,,,,,,,,,,,,,,,78.8666666666667,1:DECEASED,,,,,,,,,,,,,1,Female,,,79.84,MASTECTOMY,High,NO,LumB,5,Positve,NEUTRAL,Lobular,YES,Post,8,Left,4,6,NO,78.8666666666667,0:Not Recurred,ER+/HER2- High Prolif,Died of Other Causes
MB-6143,brca_metabric,,,,,,,,,,,,,,,,,,,,,,,255.6,0:LIVING,,,,,,,,,,,,,1,Female,,,60.6,BREAST CONSERVING,Moderate,NO,claudin-low,5,Negative,NEUTRAL,Ductal/NST,NO,Post,9,Right,0,4.092,YES,255.6,0:Not Recurred,ER-/HER2-,Living
MB-6144,brca_metabric,,,,,,,,,,,,,,,,,,,,,,,254.933333333333,0:LIVING,,,,,,,,,,,,,1,Female,,,64.55,MASTECTOMY,High,NO,claudin-low,5,Positve,NEUTRAL,Medullary,NO,Post,10,Left,0,3.04,NO,254.933333333333,0:Not Recurred,ER-/HER2-,Living
MB-6145,brca_metabric,,,,,,,,,,,,,,,,,,,,,,,34.3333333333333,1:DECEASED,,,,,,,,,,,,,1,Female,,,60.41,MASTECTOMY,High,NO,LumB,5,Positve,LOSS,Mixed,YES,Post,7,Left,3,4.09,NO,21.0666666666667,1:Recurred,ER+/HER2- High Prolif,Died of Disease
MB-6146,brca_metabric,,,,,,,,,,,,,,,,,,,,,,,89.6,1:DECEASED,,,,,,,,,,,,,1,Female,,,51.04,MASTECTOMY,High,NO,Her2,5,Positve,NEUTRAL,Ductal/NST,YES,Post,4ER+,Left,3,5.012,NO,37.2,1:Recurred,ER+/HER2- High Prolif,Died of Disease
MB-6147,brca_metabric,,,,,,,,,,,,,,,,,,,,,,,238.066666666667,1:DECEASED,,,,,,,,,,,,,1,Female,,,76.01,MASTECTOMY,Low,NO,claudin-low,5,Positve,NEUTRAL,Lobular,YES,Post,4ER+,Right,0,2.03,NO,238.066666666667,0:Not Recurred,ER+/HER2- Low Prolif,Died of Other Causes
MB-6149,brca_metabric,,,,,,,,,,,,,,,,,,,,,,,74.9333333333333,1:DECEASED,,,,,,,,,,,,,1,Female,,,70.9,MASTECTOMY,High,NO,LumA,5,Positve,GAIN,Ductal/NST,NO,Post,7,Right,0,2.052,NO,74.9333333333333,0:Not Recurred,ER+/HER2- High Prolif,Died of Other Causes
MB-6150,brca_metabric,,,,,,,,,,,,,,,,,,,,,,,77.6666666666667,1:DECEASED,,,,,,,,,,,,,1,Female,,,59.47,MASTECTOMY,High,NO,LumB,5,Positve,NEUTRAL,Ductal/NST,NO,Post,4ER+,Left,0,3.042,NO,72.7666666666667,1:Recurred,ER+/HER2- High Prolif,Died of Other Causes
MB-6152,brca_metabric,,,,,,,,,,,,,,,,,,,,,,,228.9,0:LIVING,,,,,,,,,,,,,1,Female,,,60.62,MASTECTOMY,High,NO,Basal,5,Positve,NEUTRAL,Ductal/NST,NO,Post,10,Right,0,3.034,NO,228.9,0:Not Recurred,ER-/HER2-,Living
MB-6154,brca_metabric,,,,,,,,,,,,,,,,,,,,,,,195.3,0:LIVING,,,,,,,,,,,,,1,Female,,,71.74,MASTECTOMY,Moderate,NO,LumB,5,Positve,NEUTRAL,Ductal/NST,NO,Post,8,Right,0,3.05,NO,195.3,0:Not Recurred,ER+/HER2- High Prolif,Living
MB-6156,brca_metabric,,,,,,,,,,,,,,,,,,,,,,,58.9333333333333,1:DECEASED,,,,,,,,,,,,,1,Female,,,49.5,MASTECTOMY,High,NO,Her2,5,Positve,GAIN,Ductal/NST,NO,Pre,5,Left,0,4.05,NO,29.1333333333333,1:Recurred,HER2+,Died of Disease
MB-6157,brca_metabric,,,,,,,,,,,,,,,,,,,,,,,15.8666666666667,1:DECEASED,,,,,,,,,,,,,1,Female,,,86.29,MASTECTOMY,Moderate,NO,Basal,5,Positve,GAIN,Ductal/NST,YES,Post,5,Left,14,6.07,YES,12.7,1:Recurred,HER2+,Died of Disease
MB-6160,brca_metabric,,,,,,,,,,,,,,,,,,,,,,,247.366666666667,0:LIVING,,,,,,,,,,,,,1,Female,,,46.23,MASTECTOMY,Moderate,YES,Her2,5,Negative,GAIN,Medullary,NO,Pre,9,Right,1,4,NO,247.366666666667,0:Not Recurred,HER2+,Living
MB-6163,brca_metabric,,,,,,,,,,,,,,,,,,,,,,,88.6666666666667,1:DECEASED,,,,,,,,,,,,,1,Female,,,71.62,MASTECTOMY,High,NO,LumA,5,Positve,NEUTRAL,Mixed,YES,Post,8,Right,6,5.07,NO,48.9333333333333,1:Recurred,ER+/HER2- High Prolif,Died of Other Causes
MB-6164,brca_metabric,,,,,,,,,,,,,,,,,,,,,,,205.9,0:LIVING,,,,,,,,,,,,,1,Female,,,77.45,MASTECTOMY,High,NO,LumB,5,Positve,NEUTRAL,Ductal/NST,YES,Post,3,Left,5,5.026,NO,205.9,0:Not Recurred,ER+/HER2- High Prolif,Living
MB-6167,brca_metabric,,,,,,,,,,,,,,,,,,,,,,,122.8,1:DECEASED,,,,,,,,,,,,,1,Female,,,75.02,MASTECTOMY,High,NO,LumA,5,Positve,NEUTRAL,Lobular,YES,Post,8,Left,6,5.03,NO,122.8,0:Not Recurred,ER+/HER2- Low Prolif,Died of Other Causes
MB-6168,brca_metabric,,,,,,,,,,,,,,,,,,,,,,,225.7,1:DECEASED,,,,,,,,,,,,,1,Female,,,64.95,MASTECTOMY,High,NO,LumA,5,Positve,NEUTRAL,Mixed,NO,Post,7,Left,0,3.04,NO,225.7,0:Not Recurred,ER+/HER2- Low Prolif,Died of Other Causes
MB-6169,brca_metabric,,,,,,,,,,,,,,,,,,,,,,,84.7333333333333,1:DECEASED,,,,,,,,,,,,,1,Female,,,39.17,MASTECTOMY,Moderate,NO,Basal,5,Positve,GAIN,Ductal/NST,NO,Pre,4ER+,Left,0,4.05,NO,84.7333333333333,0:Not Recurred,ER-/HER2-,Died of Other Causes
MB-6171,brca_metabric,,,,,,,,,,,,,,,,,,,,,,,220.3,0:LIVING,,,,,,,,,,,,,1,Female,,,70.91,MASTECTOMY,High,NO,LumA,5,Positve,NEUTRAL,Ductal/NST,YES,Post,3,Left,0,3.08,NO,220.3,0:Not Recurred,ER+/HER2- Low Prolif,Living
MB-6178,brca_metabric,,,,,,,,,,,,,,,,,,,,,,,33.1333333333333,1:DECEASED,,,,,,,,,,,,,1,Female,,,38.58,BREAST CONSERVING,Moderate,NO,Basal,5,Negative,NEUTRAL,Ductal/NST,NO,Pre,10,Left,8,6.064,NO,17.7666666666667,1:Recurred,ER-/HER2-,Died of Disease
MB-6179,brca_metabric,,,,,,,,,,,,,,,,,,,,,,,58.4666666666667,1:DECEASED,,,,,,,,,,,,,1,Female,,,59.08,MASTECTOMY,High,NO,LumA,5,Positve,NEUTRAL,Mixed,NO,Post,8,Right,0,2.066,NO,22.7,1:Recurred,ER+/HER2- High Prolif,Died of Disease
MB-6181,brca_metabric,,,,,,,,,,,,,,,,,,,,,,,54.9333333333333,1:DECEASED,,,,,,,,,,,,,1,Female,,,83.09,MASTECTOMY,High,NO,LumA,5,Positve,NEUTRAL,Ductal/NST,YES,Post,8,Left,1,3.03,NO,54.9333333333333,0:Not Recurred,ER+/HER2- High Prolif,Died of Other Causes
MB-6182,brca_metabric,,,,,,,,,,,,,,,,,,,,,,,208.8,0:LIVING,,,,,,,,,,,,,1,Female,,,56.47,BREAST CONSERVING,High,NO,Her2,5,Positve,GAIN,Ductal/NST,NO,Post,1,Left,0,4.042,YES,208.8,0:Not Recurred,HER2+,Living
MB-6183,brca_metabric,,,,,,,,,,,,,,,,,,,,,,,79.1333333333333,1:DECEASED,,,,,,,,,,,,,1,Female,,,66.24,MASTECTOMY,High,NO,LumB,5,Positve,NEUTRAL,Ductal/NST,NO,Post,8,Left,0,3.036,NO,79.1333333333333,0:Not Recurred,ER+/HER2- High Prolif,Died of Other Causes
MB-6184,brca_metabric,,,,,,,,,,,,,,,,,,,,,,,185.7,1:DECEASED,,,,,,,,,,,,,1,Female,,,35.02,MASTECTOMY,High,YES,Her2,5,Positve,NEUTRAL,Ductal/NST,YES,Pre,2,Right,9,6.1,NO,126.833333333333,1:Recurred,ER+/HER2- High Prolif,Died of Disease
MB-6185,brca_metabric,,,,,,,,,,,,,,,,,,,,,,,197.733333333333,1:DECEASED,,,,,,,,,,,,,1,Female,,,75.44,MASTECTOMY,Low,NO,LumA,5,Positve,NEUTRAL,Mixed,NO,Post,3,Right,0,2.032,NO,197.733333333333,0:Not Recurred,ER+/HER2- Low Prolif,Died of Other Causes
MB-6187,brca_metabric,,,,,,,,,,,,,,,,,,,,,,,37.7666666666667,1:DECEASED,,,,,,,,,,,,,1,Female,,,70.35,MASTECTOMY,Low,NO,claudin-low,5,Positve,GAIN,Ductal/NST,YES,Post,4ER+,Right,0,4.158,NO,37.7666666666667,0:Not Recurred,ER-/HER2-,Died of Other Causes
MB-6188,brca_metabric,,,,,,,,,,,,,,,,,,,,,,,23.7666666666667,0:LIVING,,,,,,,,,,,,,1,Female,,,41.92,MASTECTOMY,High,NO,claudin-low,5,Negative,GAIN,Ductal/NST,NO,Pre,10,Right,11,6.056,NO,23.7666666666667,0:Not Recurred,ER-/HER2-,Living
MB-6189,brca_metabric,,,,,,,,,,,,,,,,,,,,,,,240.2,0:LIVING,,,,,,,,,,,,,1,Female,,,56.25,BREAST CONSERVING,Moderate,NO,LumB,5,Positve,NEUTRAL,Mixed,YES,Post,7,Right,0,3.084,YES,240.2,0:Not Recurred,ER+/HER2- High Prolif,Living
MB-6190,brca_metabric,,,,,,,,,,,,,,,,,,,,,,,24.6333333333333,1:DECEASED,,,,,,,,,,,,,1,Female,,,79.24,MASTECTOMY,High,NO,LumA,5,Positve,NEUTRAL,Ductal/NST,YES,Post,4ER+,Right,3,4.056,NO,24.6333333333333,0:Not Recurred,ER+/HER2- Low Prolif,Died of Other Causes
MB-6192,brca_metabric,,,,,,,,,,,,,,,,,,,,,,,42.6333333333333,1:DECEASED,,,,,,,,,,,,,1,Female,,,78.45,MASTECTOMY,High,NO,LumB,5,Positve,NEUTRAL,Ductal/NST,YES,Post,6,Left,2,4.07,NO,42.6333333333333,0:Not Recurred,ER+/HER2- High Prolif,Died of Other Causes
MB-6194,brca_metabric,,,,,,,,,,,,,,,,,,,,,,,52.4666666666667,1:DECEASED,,,,,,,,,,,,,1,Female,,,44.51,MASTECTOMY,High,YES,Normal,5,Negative,NEUTRAL,Mixed,NO,Pre,4ER-,Left,9,5.05,YES,0,1:Recurred,ER+/HER2- Low Prolif,Died of Disease
MB-6195,brca_metabric,,,,,,,,,,,,,,,,,,,,,,,202.233333333333,0:LIVING,,,,,,,,,,,,,1,Female,,,66.01,MASTECTOMY,High,NO,LumA,5,Positve,NEUTRAL,Lobular,YES,Post,3,Left,0,3.046,NO,202.233333333333,0:Not Recurred,ER+/HER2- Low Prolif,Living
MB-6200,brca_metabric,,,,,,,,,,,,,,,,,,,,,,,30.0666666666667,1:DECEASED,,,,,,,,,,,,,1,Female,,,65.52,MASTECTOMY,High,NO,LumA,5,Positve,NEUTRAL,Ductal/NST,YES,Post,9,Left,1,5.06,NO,18.5666666666667,1:Recurred,ER+/HER2- High Prolif,Died of Disease
MB-6201,brca_metabric,,,,,,,,,,,,,,,,,,,,,,,222.7,1:DECEASED,,,,,,,,,,,,,1,Female,,,79.2,BREAST CONSERVING,High,NO,LumB,5,Positve,NEUTRAL,Ductal/NST,NO,Post,9,Left,0,3.02,YES,222.7,0:Not Recurred,ER+/HER2- High Prolif,Died of Other Causes
MB-6204,brca_metabric,,,,,,,,,,,,,,,,,,,,,,,56.7666666666667,1:DECEASED,,,,,,,,,,,,,1,Female,,,41.08,MASTECTOMY,High,NO,Normal,5,Positve,NEUTRAL,Ductal/NST,YES,Pre,4ER+,Left,0,4.046,NO,56.7666666666667,0:Not Recurred,ER+/HER2- Low Prolif,Died of Other Causes
MB-6206,brca_metabric,,,,,,,,,,,,,,,,,,,,,,,166.733333333333,1:DECEASED,,,,,,,,,,,,,1,Female,,,65.01,,,,,1,Positve,,Ductal/NST,,,,,0,,,166.733333333333,0:Not Recurred,,Died of Other Causes
MB-6207,brca_metabric,,,,,,,,,,,,,,,,,,,,,,,118.3,1:DECEASED,,,,,,,,,,,,,1,Female,,,80.76,MASTECTOMY,High,NO,LumA,5,Positve,NEUTRAL,Ductal/NST,NO,Post,8,Right,0,3.03,NO,118.3,0:Not Recurred,ER+/HER2- Low Prolif,Died of Other Causes
MB-6208,brca_metabric,,,,,,,,,,,,,,,,,,,,,,,221.2,0:LIVING,,,,,,,,,,,,,1,Female,,,56.93,BREAST CONSERVING,High,NO,Normal,5,Positve,NEUTRAL,Ductal/NST,YES,Post,3,Left,2,4.04,YES,221.2,0:Not Recurred,ER+/HER2- High Prolif,Living
MB-6211,brca_metabric,,,,,,,,,,,,,,,,,,,,,,,42.3,1:DECEASED,,,,,,,,,,,,,1,Female,,,82.1,MASTECTOMY,High,NO,LumA,5,Positve,NEUTRAL,Ductal/NST,NO,Post,8,Left,0,3.046,NO,42.3,0:Not Recurred,ER+/HER2- Low Prolif,Died of Other Causes
MB-6212,brca_metabric,,,,,,,,,,,,,,,,,,,,,,,224.233333333333,0:LIVING,,,,,,,,,,,,,1,Female,,,61.81,BREAST CONSERVING,High,NO,LumA,5,Positve,NEUTRAL,Other,NO,Post,7,Left,0,3.03,YES,224.233333333333,0:Not Recurred,ER+/HER2- Low Prolif,Living
MB-6213,brca_metabric,,,,,,,,,,,,,,,,,,,,,,,203.533333333333,1:DECEASED,,,,,,,,,,,,,1,Female,,,60.75,MASTECTOMY,High,NO,LumA,5,Positve,NEUTRAL,Ductal/NST,NO,Post,7,Right,,3.044,NO,203.533333333333,0:Not Recurred,,Died of Other Causes
MB-6214,brca_metabric,,,,,,,,,,,,,,,,,,,,,,,174.5,1:DECEASED,,,,,,,,,,,,,1,Female,,,74.43,MASTECTOMY,High,NO,LumA,5,Positve,NEUTRAL,Ductal/NST,YES,Post,3,Left,1,4.04,NO,174.5,0:Not Recurred,ER+/HER2- Low Prolif,Died of Other Causes
MB-6217,brca_metabric,,,,,,,,,,,,,,,,,,,,,,,211.533333333333,1:DECEASED,,,,,,,,,,,,,1,Female,,,47.51,MASTECTOMY,Moderate,YES,LumB,5,Negative,GAIN,Mucinous,YES,Pre,9,Right,3,3,NO,211.533333333333,0:Not Recurred,ER+/HER2- High Prolif,Died of Other Causes
MB-6218,brca_metabric,,,,,,,,,,,,,,,,,,,,,,,147.766666666667,1:DECEASED,,,,,,,,,,,,,1,Female,,,49.67,MASTECTOMY,High,NO,LumA,5,Positve,GAIN,Ductal/NST,NO,Pre,1,Left,0,4.044,NO,102.5,1:Recurred,ER+/HER2- Low Prolif,Died of Disease
MB-6223,brca_metabric,,,,,,,,,,,,,,,,,,,,,,,221.933333333333,0:LIVING,,,,,,,,,,,,,1,Female,,,58.83,BREAST CONSERVING,High,YES,Basal,5,Negative,NEUTRAL,Medullary,NO,Post,10,Left,2,5.04,YES,221.933333333333,0:Not Recurred,ER-/HER2-,Living
MB-6224,brca_metabric,,,,,,,,,,,,,,,,,,,,,,,35.4666666666667,1:DECEASED,,,,,,,,,,,,,1,Female,,,66.94,MASTECTOMY,High,YES,Her2,5,Negative,GAIN,Ductal/NST,NO,Post,5,Left,31,6.02,YES,26.8666666666667,1:Recurred,ER-/HER2-,Died of Disease
MB-6225,brca_metabric,,,,,,,,,,,,,,,,,,,,,,,117.866666666667,0:LIVING,,,,,,,,,,,,,1,Female,,,68.43,MASTECTOMY,High,NO,LumA,5,Positve,NEUTRAL,Ductal/NST,NO,Post,7,Right,0,3.032,NO,117.866666666667,0:Not Recurred,ER+/HER2- Low Prolif,Living
MB-6226,brca_metabric,,,,,,,,,,,,,,,,,,,,,,,35.3666666666667,1:DECEASED,,,,,,,,,,,,,1,Female,,,73.37,MASTECTOMY,Moderate,NO,Normal,5,Positve,NEUTRAL,Mixed,YES,Post,8,Left,0,3.074,NO,35.3666666666667,0:Not Recurred,ER+/HER2- High Prolif,Died of Other Causes
MB-6228,brca_metabric,,,,,,,,,,,,,,,,,,,,,,,200.1,0:LIVING,,,,,,,,,,,,,1,Female,,,37.33,MASTECTOMY,Moderate,NO,claudin-low,5,Negative,NEUTRAL,Ductal/NST,NO,Pre,4ER-,Left,3,5.04,NO,200.1,0:Not Recurred,ER-/HER2-,Living
MB-6229,brca_metabric,,,,,,,,,,,,,,,,,,,,,,,0.1,1:DECEASED,,,,,,,,,,,,,1,Female,,,75.33,MASTECTOMY,High,NO,LumA,5,Positve,NEUTRAL,Ductal/NST,NO,Post,8,Right,0,2.03,NO,0.1,1:Recurred,ER+/HER2- Low Prolif,Died of Disease
MB-6230,brca_metabric,,,,,,,,,,,,,,,,,,,,,,,74.8,1:DECEASED,,,,,,,,,,,,,1,Female,,,52.95,MASTECTOMY,High,NO,LumA,5,Positve,NEUTRAL,Ductal/NST,YES,Post,3,Left,,5.042,NO,0,1:Recurred,,Died of Disease
MB-6231,brca_metabric,,,,,,,,,,,,,,,,,,,,,,,72.5666666666667,1:DECEASED,,,,,,,,,,,,,1,Female,,,77.96,MASTECTOMY,High,NO,Normal,5,Positve,LOSS,Ductal/NST,NO,Post,3,Left,0,4.04,NO,72.5666666666667,0:Not Recurred,ER+/HER2- Low Prolif,Died of Other Causes
MB-6232,brca_metabric,,,,,,,,,,,,,,,,,,,,,,,85,1:DECEASED,,,,,,,,,,,,,1,Female,,,71.22,MASTECTOMY,High,NO,LumA,5,Positve,NEUTRAL,Mixed,YES,Post,3,Left,4,5.06,NO,85,0:Not Recurred,ER+/HER2- Low Prolif,Died of Other Causes
MB-6233,brca_metabric,,,,,,,,,,,,,,,,,,,,,,,201.166666666667,0:LIVING,,,,,,,,,,,,,1,Female,,,70.65,BREAST CONSERVING,High,NO,LumB,5,Positve,NEUTRAL,Mixed,NO,Post,8,Left,0,2.04,YES,201.166666666667,0:Not Recurred,ER+/HER2- Low Prolif,Living
MB-6234,brca_metabric,,,,,,,,,,,,,,,,,,,,,,,213.366666666667,0:LIVING,,,,,,,,,,,,,1,Female,,,66.35,MASTECTOMY,Moderate,NO,Normal,5,Positve,NEUTRAL,Mixed,NO,Post,4ER+,Left,0,3,NO,213.366666666667,0:Not Recurred,ER+/HER2- Low Prolif,Living
MB-6237,brca_metabric,,,,,,,,,,,,,,,,,,,,,,,105.2,1:DECEASED,,,,,,,,,,,,,1,Female,,,75.62,MASTECTOMY,High,NO,Basal,5,Negative,GAIN,Ductal/NST,NO,Post,10,Right,0,4.04,NO,105.2,0:Not Recurred,ER-/HER2-,Died of Other Causes
MB-6238,brca_metabric,,,,,,,,,,,,,,,,,,,,,,,172.966666666667,1:DECEASED,,,,,,,,,,,,,1,Female,,,84.87,MASTECTOMY,High,NO,LumA,5,Positve,NEUTRAL,Mixed,NO,Post,7,Left,0,3.058,NO,172.966666666667,1:Recurred,ER+/HER2- Low Prolif,Died of Disease
MB-6239,brca_metabric,,,,,,,,,,,,,,,,,,,,,,,200.333333333333,0:LIVING,,,,,,,,,,,,,1,Female,,,52.84,BREAST CONSERVING,High,YES,Normal,5,Positve,NEUTRAL,Mixed,NO,Post,8,Right,6,5.04,YES,200.333333333333,0:Not Recurred,ER+/HER2- High Prolif,Living
MB-6242,brca_metabric,,,,,,,,,,,,,,,,,,,,,,,165.433333333333,0:LIVING,,,,,,,,,,,,,1,Female,,,41.29,BREAST CONSERVING,High,YES,Basal,5,Negative,NEUTRAL,Ductal/NST,NO,Pre,10,Left,8,6.11,YES,165.433333333333,0:Not Recurred,ER-/HER2-,Living
MB-6245,brca_metabric,,,,,,,,,,,,,,,,,,,,,,,177.633333333333,0:LIVING,,,,,,,,,,,,,1,Female,,,47.01,BREAST CONSERVING,High,NO,Basal,5,Negative,NEUTRAL,Ductal/NST,NO,Pre,10,Right,0,4.04,NO,177.633333333333,0:Not Recurred,ER-/HER2-,Living
MB-6246,brca_metabric,,,,,,,,,,,,,,,,,,,,,,,52.9,1:DECEASED,,,,,,,,,,,,,1,Female,,,58.39,MASTECTOMY,High,YES,Her2,5,Negative,GAIN,Ductal/NST,NO,Post,5,Left,2,5.06,NO,52.9,0:Not Recurred,HER2+,Died of Other Causes
MB-6248,brca_metabric,,,,,,,,,,,,,,,,,,,,,,,182.833333333333,0:LIVING,,,,,,,,,,,,,1,Female,,,51.22,MASTECTOMY,High,YES,Basal,5,Negative,NEUTRAL,Ductal/NST,YES,Post,10,Left,1,5.11,YES,182.833333333333,0:Not Recurred,ER-/HER2-,Living
MB-6251,brca_metabric,,,,,,,,,,,,,,,,,,,,,,,14.7,1:DECEASED,,,,,,,,,,,,,1,Female,,,48.59,MASTECTOMY,High,YES,Basal,5,Negative,LOSS,Ductal/NST,NO,Pre,10,Right,1,5.06,YES,12.3666666666667,1:Recurred,,Died of Disease
MB-6253,brca_metabric,,,,,,,,,,,,,,,,,,,,,,,194.366666666667,0:LIVING,,,,,,,,,,,,,1,Female,,,62.9,BREAST CONSERVING,High,NO,LumA,5,Positve,NEUTRAL,Lobular,NO,Post,8,Left,0,2.022,YES,194.366666666667,0:Not Recurred,ER+/HER2- Low Prolif,Living
MB-6254,brca_metabric,,,,,,,,,,,,,,,,,,,,,,,60.9,1:DECEASED,,,,,,,,,,,,,1,Female,,,78.69,MASTECTOMY,Moderate,NO,LumB,5,Positve,NEUTRAL,Mucinous,YES,Post,2,Left,0,3.142,NO,60.9,1:Recurred,ER+/HER2- Low Prolif,Died of Disease
MB-6256,brca_metabric,,,,,,,,,,,,,,,,,,,,,,,127.833333333333,1:DECEASED,,,,,,,,,,,,,1,Female,,,67.33,BREAST CONSERVING,High,NO,LumA,5,Positve,NEUTRAL,Ductal/NST,NO,Post,3,Right,0,2.028,YES,127.833333333333,0:Not Recurred,ER+/HER2- Low Prolif,Died of Other Causes
MB-6257,brca_metabric,,,,,,,,,,,,,,,,,,,,,,,91,0:LIVING,,,,,,,,,,,,,1,Female,,,49.38,BREAST CONSERVING,High,NO,LumB,5,Positve,NEUTRAL,Ductal/NST,YES,Pre,8,Left,0,4.032,YES,91,0:Not Recurred,ER+/HER2- High Prolif,Living
MB-6263,brca_metabric,,,,,,,,,,,,,,,,,,,,,,,75.8666666666667,0:LIVING,,,,,,,,,,,,,1,Female,,,79.42,MASTECTOMY,Moderate,NO,LumA,5,Positve,NEUTRAL,Ductal/NST,YES,Post,4ER+,Left,8,5.048,NO,75.8666666666667,0:Not Recurred,,Living
MB-6271,brca_metabric,,,,,,,,,,,,,,,,,,,,,,,157.733333333333,0:LIVING,,,,,,,,,,,,,1,Female,,,64.4,BREAST CONSERVING,High,NO,LumA,5,Positve,LOSS,Ductal/NST,NO,Post,7,Right,0,3.05,NO,157.733333333333,0:Not Recurred,,Living
MB-6272,brca_metabric,,,,,,,,,,,,,,,,,,,,,,,22.4,1:DECEASED,,,,,,,,,,,,,1,Female,,,36.93,BREAST CONSERVING,Low,YES,claudin-low,5,Negative,NEUTRAL,Ductal/NST,NO,Pre,10,Right,3,5,YES,17.7333333333333,1:Recurred,,Died of Disease
MB-6273,brca_metabric,,,,,,,,,,,,,,,,,,,,,,,189.433333333333,0:LIVING,,,,,,,,,,,,,1,Female,,,43.08,MASTECTOMY,High,YES,LumA,5,Negative,NEUTRAL,Tubular/ cribriform,NO,Pre,3,Right,1,4.032,NO,189.433333333333,0:Not Recurred,,Living
MB-6280,brca_metabric,,,,,,,,,,,,,,,,,,,,,,,27.8666666666667,1:DECEASED,,,,,,,,,,,,,1,Female,,,53.68,MASTECTOMY,High,YES,Basal,5,Negative,NEUTRAL,Ductal/NST,NO,Post,10,Left,1,5.088,YES,9.16666666666667,1:Recurred,,Died of Disease
MB-6281,brca_metabric,,,,,,,,,,,,,,,,,,,,,,,3.5,1:DECEASED,,,,,,,,,,,,,1,Female,,,75.1,BREAST CONSERVING,High,NO,LumB,5,Positve,NEUTRAL,Ductal/NST,YES,Post,6,Left,7,5.01,NO,3.5,0:Not Recurred,,Died of Other Causes
MB-6283,brca_metabric,,,,,,,,,,,,,,,,,,,,,,,92.4,1:DECEASED,,,,,,,,,,,,,1,Female,,,73.07,MASTECTOMY,Low,NO,LumA,5,Positve,NEUTRAL,Lobular,YES,Post,7,Left,1,5.05,NO,92.4,0:Not Recurred,,Died of Other Causes
MB-6284,brca_metabric,,,,,,,,,,,,,,,,,,,,,,,88.3333333333333,1:DECEASED,,,,,,,,,,,,,1,Female,,,67.81,BREAST CONSERVING,Moderate,NO,LumB,5,Positve,LOSS,Other,YES,Post,9,Right,0,3.06,YES,88.3333333333333,0:Not Recurred,,Died of Other Causes
MB-6286,brca_metabric,,,,,,,,,,,,,,,,,,,,,,,49.5333333333333,1:DECEASED,,,,,,,,,,,,,1,Female,,,85.17,MASTECTOMY,Moderate,NO,LumA,5,Positve,NEUTRAL,Ductal/NST,NO,Post,3,Left,0,3.04,NO,49.5333333333333,0:Not Recurred,,Died of Other Causes
MB-6287,brca_metabric,,,,,,,,,,,,,,,,,,,,,,,35.2,1:DECEASED,,,,,,,,,,,,,1,Female,,,58.08,MASTECTOMY,Moderate,YES,LumB,5,Negative,LOSS,Ductal/NST,NO,Post,1,Right,1,5.07,YES,13.8333333333333,1:Recurred,,Died of Disease
MB-6288,brca_metabric,,,,,,,,,,,,,,,,,,,,,,,100.3,1:DECEASED,,,,,,,,,,,,,1,Female,,,74.33,BREAST CONSERVING,High,NO,LumB,5,Positve,NEUTRAL,Ductal/NST,YES,Post,6,Left,0,4.046,YES,61.3,1:Recurred,,Died of Disease
MB-6297,brca_metabric,,,,,,,,,,,,,,,,,,,,,,,170.866666666667,0:LIVING,,,,,,,,,,,,,1,Female,,,52.55,BREAST CONSERVING,High,NO,LumA,5,Positve,GAIN,Ductal/NST,YES,Post,8,Right,0,3.06,YES,170.866666666667,0:Not Recurred,,Living
MB-6300,brca_metabric,,,,,,,,,,,,,,,,,,,,,,,63.8333333333333,1:DECEASED,,,,,,,,,,,,,1,Female,,,62.92,MASTECTOMY,High,NO,LumB,5,Positve,NEUTRAL,Ductal/NST,YES,Post,3,Left,1,4.03,NO,63.8333333333333,0:Not Recurred,,Died of Other Causes
MB-6302,brca_metabric,,,,,,,,,,,,,,,,,,,,,,,125.866666666667,1:DECEASED,,,,,,,,,,,,,1,Female,,,67.78,MASTECTOMY,High,NO,LumB,5,Positve,NEUTRAL,Ductal/NST,YES,Post,9,Left,5,6.054,YES,125.866666666667,0:Not Recurred,ER+/HER2- High Prolif,Died of Other Causes
MB-6305,brca_metabric,,,,,,,,,,,,,,,,,,,,,,,89.5333333333333,1:DECEASED,,,,,,,,,,,,,1,Female,,,52.85,MASTECTOMY,High,YES,claudin-low,5,Negative,GAIN,Medullary,NO,Post,10,Left,3,5.06,YES,40.6333333333333,1:Recurred,ER-/HER2-,Died of Disease
MB-6306,brca_metabric,,,,,,,,,,,,,,,,,,,,,,,64.6,1:DECEASED,,,,,,,,,,,,,1,Female,,,78.22,BREAST CONSERVING,High,NO,LumB,5,Positve,GAIN,Ductal/NST,YES,Post,1,Left,0,4.058,YES,64.6,0:Not Recurred,ER+/HER2- High Prolif,Died of Other Causes
MB-6308,brca_metabric,,,,,,,,,,,,,,,,,,,,,,,151.933333333333,1:DECEASED,,,,,,,,,,,,,1,Female,,,81.75,BREAST CONSERVING,High,NO,LumA,5,Positve,NEUTRAL,Ductal/NST,YES,Post,8,Right,9,5.046,YES,151.933333333333,0:Not Recurred,ER+/HER2- Low Prolif,Died of Other Causes
MB-6312,brca_metabric,,,,,,,,,,,,,,,,,,,,,,,162.766666666667,0:LIVING,,,,,,,,,,,,,1,Female,,,85.02,MASTECTOMY,High,NO,LumB,5,Positve,NEUTRAL,Ductal/NST,YES,Post,9,Right,0,4.078,NO,162.766666666667,0:Not Recurred,ER+/HER2- High Prolif,Living
MB-6314,brca_metabric,,,,,,,,,,,,,,,,,,,,,,,134.833333333333,0:LIVING,,,,,,,,,,,,,1,Female,,,68.57,BREAST CONSERVING,High,NO,Her2,5,Positve,GAIN,Mucinous,NO,Post,1,Left,0,3.028,NO,36.6333333333333,1:Recurred,HER2+,Living
MB-6317,brca_metabric,,,,,,,,,,,,,,,,,,,,,,,29.2333333333333,1:DECEASED,,,,,,,,,,,,,1,Female,,,86.9,MASTECTOMY,Moderate,NO,LumB,5,Positve,GAIN,Ductal/NST,YES,Post,2,Right,3,5.106,NO,29.2333333333333,0:Not Recurred,ER+/HER2- High Prolif,Died of Other Causes
MB-6318,brca_metabric,,,,,,,,,,,,,,,,,,,,,,,109.233333333333,1:DECEASED,,,,,,,,,,,,,1,Female,,,81.37,MASTECTOMY,High,NO,Her2,5,Positve,NEUTRAL,Ductal/NST,NO,Post,10,Right,0,4.07,NO,109.233333333333,0:Not Recurred,ER-/HER2-,Died of Other Causes
MB-6319,brca_metabric,,,,,,,,,,,,,,,,,,,,,,,154.7,0:LIVING,,,,,,,,,,,,,1,Female,,,57.9,BREAST CONSERVING,High,YES,Normal,5,Negative,NEUTRAL,Lobular,YES,Post,3,Right,6,5.124,YES,154.7,0:Not Recurred,ER+/HER2- Low Prolif,Living
MB-6322,brca_metabric,,,,,,,,,,,,,,,,,,,,,,,80.3666666666667,1:DECEASED,,,,,,,,,,,,,1,Female,,,80.93,BREAST CONSERVING,High,NO,LumB,5,Positve,NEUTRAL,Mixed,YES,Post,4ER+,Left,9,5.05,YES,74.2666666666667,1:Recurred,ER+/HER2- High Prolif,Died of Other Causes
MB-6327,brca_metabric,,,,,,,,,,,,,,,,,,,,,,,18.2666666666667,1:DECEASED,,,,,,,,,,,,,1,Female,,,76.56,MASTECTOMY,High,NO,LumB,5,Positve,NEUTRAL,Mucinous,YES,Post,7,Left,10,4.12,YES,15.6,1:Recurred,ER+/HER2- High Prolif,Died of Disease
MB-6328,brca_metabric,,,,,,,,,,,,,,,,,,,,,,,126.666666666667,0:LIVING,,,,,,,,,,,,,1,Female,,,75.89,MASTECTOMY,High,NO,LumA,5,Positve,NEUTRAL,Ductal/NST,YES,Post,2,Right,0,2.06,NO,126.666666666667,0:Not Recurred,ER+/HER2- High Prolif,Living
MB-6329,brca_metabric,,,,,,,,,,,,,,,,,,,,,,,81.5,1:DECEASED,,,,,,,,,,,,,1,Female,,,68.48,BREAST CONSERVING,High,NO,LumB,5,Negative,NEUTRAL,Ductal/NST,YES,Post,9,Right,0,4.046,NO,81.5,0:Not Recurred,ER+/HER2- High Prolif,Died of Other Causes
MB-6330,brca_metabric,,,,,,,,,,,,,,,,,,,,,,,140.333333333333,0:LIVING,,,,,,,,,,,,,1,Female,,,36.81,MASTECTOMY,High,YES,Her2,5,Negative,GAIN,Ductal/NST,YES,Pre,4ER-,Right,2,4.04,YES,140.333333333333,0:Not Recurred,HER2+,Living
MB-6334,brca_metabric,,,,,,,,,,,,,,,,,,,,,,,128.1,0:LIVING,,,,,,,,,,,,,1,Female,,,60.12,MASTECTOMY,High,NO,Her2,5,Negative,GAIN,Ductal/NST,YES,Post,9,Right,0,4.042,NO,128.1,0:Not Recurred,HER2+,Living
MB-6336,brca_metabric,,,,,,,,,,,,,,,,,,,,,,,17.2,1:DECEASED,,,,,,,,,,,,,1,Female,,,63.22,MASTECTOMY,Moderate,YES,Basal,5,Negative,NEUTRAL,Ductal/NST,NO,Post,2,Right,18,6.05,YES,12.2333333333333,1:Recurred,ER-/HER2-,Died of Disease
MB-6337,brca_metabric,,,,,,,,,,,,,,,,,,,,,,,110.866666666667,1:DECEASED,,,,,,,,,,,,,1,Female,,,58.25,MASTECTOMY,High,YES,Basal,5,Negative,GAIN,Ductal/NST,NO,Post,5,Right,14,6.11,YES,110.866666666667,0:Not Recurred,HER2+,Died of Other Causes
MB-6344,brca_metabric,,,,,,,,,,,,,,,,,,,,,,,152.933333333333,1:DECEASED,,,,,,,,,,,,,1,Female,,,82,MASTECTOMY,Moderate,NO,LumB,5,Positve,NEUTRAL,Ductal/NST,NO,Post,1,Right,0,3.12,NO,102.133333333333,1:Recurred,ER+/HER2- High Prolif,Died of Disease
MB-6346,brca_metabric,,,,,,,,,,,,,,,,,,,,,,,281.5,0:LIVING,,,,,,,,,,,,,1,Female,,,63.2,BREAST CONSERVING,High,NO,LumB,5,Positve,NEUTRAL,Mucinous,NO,Post,8,Right,0,3.044,YES,281.5,0:Not Recurred,ER+/HER2- High Prolif,Living
MB-6358,brca_metabric,,,,,,,,,,,,,,,,,,,,,,,37.8666666666667,1:DECEASED,,,,,,,,,,,,,1,Female,,,57.77,MASTECTOMY,High,NO,Her2,5,Positve,GAIN,Lobular,NO,Post,5,Right,0,3.05,NO,37.8666666666667,1:Recurred,HER2+,Died of Disease
MB-6359,brca_metabric,,,,,,,,,,,,,,,,,,,,,,,85.0333333333333,1:DECEASED,,,,,,,,,,,,,1,Female,,,73.42,MASTECTOMY,,NO,Her2,5,Positve,NEUTRAL,Ductal/NST,NO,Post,6,Left,0,3.044,NO,71.5333333333333,1:Recurred,ER+/HER2- High Prolif,Died of Disease
MB-6363,brca_metabric,,,,,,,,,,,,,,,,,,,,,,,16.7,1:DECEASED,,,,,,,,,,,,,1,Female,,,60.77,MASTECTOMY,Moderate,YES,Basal,5,Negative,GAIN,Ductal/NST,NO,Post,5,Right,7,6.05,YES,0,1:Recurred,HER2+,Died of Disease
MB-7000,brca_metabric,,,,,,,,,,,,,,,,,,,,,,,97.4,0:LIVING,,,,,,,,,,,,,1,Female,,,69.28,MASTECTOMY,Moderate,NO,LumB,4,Positve,GAIN,Other,YES,Post,1,Left,1,4.022,NO,97.4,0:Not Recurred,ER+/HER2- High Prolif,Living
MB-7001,brca_metabric,,,,,,,,,,,,,,,,,,,,,,,102.7,0:LIVING,,,,,,,,,,,,,1,Female,,,72.71,BREAST CONSERVING,High,NO,LumA,4,Positve,GAIN,Ductal/NST,YES,Post,5,Left,0,3.02,YES,102.7,0:Not Recurred,HER2+,Living
MB-7002,brca_metabric,,,,,,,,,,,,,,,,,,,,,,,57.9333333333333,0:LIVING,,,,,,,,,,,,,1,Female,,,74.52,MASTECTOMY,Moderate,NO,LumB,4,Positve,LOSS,Ductal/NST,YES,Post,4ER+,Left,0,3.032,NO,57.9333333333333,0:Not Recurred,ER+/HER2- High Prolif,Living
MB-7003,brca_metabric,,,,,,,,,,,,,,,,,,,,,,,91.2333333333333,1:DECEASED,,,,,,,,,,,,,1,Female,,,50.44,MASTECTOMY,Low,NO,Normal,4,Positve,NEUTRAL,Ductal/NST,YES,Post,3,Right,2,4.054,NO,91.2333333333333,0:Not Recurred,ER+/HER2- Low Prolif,Died of Other Causes
MB-7004,brca_metabric,,,,,,,,,,,,,,,,,,,,,,,50.4666666666667,0:LIVING,,,,,,,,,,,,,1,Female,,,74.2,MASTECTOMY,Moderate,NO,LumA,4,Positve,NEUTRAL,Lobular,YES,Post,8,Right,4,5.06,YES,50.4666666666667,0:Not Recurred,ER+/HER2- Low Prolif,Living
MB-7005,brca_metabric,,,,,,,,,,,,,,,,,,,,,,,45.3333333333333,0:LIVING,,,,,,,,,,,,,1,Female,,,70.84,BREAST CONSERVING,High,NO,LumB,4,Positve,NEUTRAL,Ductal/NST,YES,Post,8,Right,2,3.052,YES,45.3333333333333,0:Not Recurred,ER+/HER2- Low Prolif,Living
MB-7006,brca_metabric,,,,,,,,,,,,,,,,,,,,,,,109.933333333333,0:LIVING,,,,,,,,,,,,,1,Female,,,58.8,BREAST CONSERVING,Low,NO,LumA,4,Positve,NEUTRAL,Ductal/NST,YES,Post,3,Left,1,3.038,YES,109.933333333333,0:Not Recurred,ER+/HER2- Low Prolif,Living
MB-7007,brca_metabric,,,,,,,,,,,,,,,,,,,,,,,58.6,0:LIVING,,,,,,,,,,,,,1,Female,,,54.44,MASTECTOMY,High,YES,Basal,4,Negative,GAIN,Ductal/NST,NO,Post,10,Left,1,5.034,YES,58.6,0:Not Recurred,ER-/HER2-,Living
MB-7008,brca_metabric,,,,,,,,,,,,,,,,,,,,,,,50.9,1:DECEASED,,,,,,,,,,,,,1,Female,,,69.94,MASTECTOMY,High,NO,claudin-low,4,Negative,NEUTRAL,Ductal/NST,NO,Post,4ER-,Right,0,4.048,NO,50.9,0:Not Recurred,ER-/HER2-,Died of Other Causes
MB-7009,brca_metabric,,,,,,,,,,,,,,,,,,,,,,,54.7666666666667,1:DECEASED,,,,,,,,,,,,,1,Female,,,68.28,BREAST CONSERVING,High,YES,Basal,4,Negative,NEUTRAL,Ductal/NST,NO,Post,10,Right,2,5.054,YES,19.1,1:Recurred,ER-/HER2-,Died of Disease
MB-7010,brca_metabric,,,,,,,,,,,,,,,,,,,,,,,74.0333333333333,0:LIVING,,,,,,,,,,,,,1,Female,,,70.25,MASTECTOMY,Moderate,NO,LumA,4,Positve,NEUTRAL,Ductal/NST,YES,Post,7,Right,0,2.046,NO,74.0333333333333,0:Not Recurred,ER+/HER2- Low Prolif,Living
MB-7011,brca_metabric,,,,,,,,,,,,,,,,,,,,,,,70.0666666666667,1:DECEASED,,,,,,,,,,,,,1,Female,,,68.9,MASTECTOMY,Moderate,NO,LumB,4,Positve,GAIN,Mixed,YES,Post,9,Left,0,4.08,YES,70.0666666666667,0:Not Recurred,ER+/HER2- High Prolif,Died of Other Causes
MB-7012,brca_metabric,,,,,,,,,,,,,,,,,,,,,,,19.8333333333333,1:DECEASED,,,,,,,,,,,,,1,Female,,,60.96,BREAST CONSERVING,High,YES,Basal,4,Negative,NEUTRAL,Ductal/NST,NO,Post,10,Left,0,4.04,YES,12.6333333333333,1:Recurred,ER-/HER2-,Died of Disease
MB-7013,brca_metabric,,,,,,,,,,,,,,,,,,,,,,,46.4333333333333,0:LIVING,,,,,,,,,,,,,1,Female,,,30.53,BREAST CONSERVING,High,NO,LumA,4,Positve,NEUTRAL,Ductal/NST,YES,Pre,8,Right,0,2.036,YES,46.4333333333333,0:Not Recurred,ER+/HER2- Low Prolif,Living
MB-7014,brca_metabric,,,,,,,,,,,,,,,,,,,,,,,68.7,0:LIVING,,,,,,,,,,,,,1,Female,,,67.57,BREAST CONSERVING,High,NO,Basal,4,Positve,NEUTRAL,Mixed,YES,Post,1,Left,1,5.038,YES,68.7,0:Not Recurred,ER+/HER2- High Prolif,Living
MB-7015,brca_metabric,,,,,,,,,,,,,,,,,,,,,,,78.1666666666667,0:LIVING,,,,,,,,,,,,,1,Female,,,63.79,BREAST CONSERVING,High,NO,LumB,4,Positve,NEUTRAL,Ductal/NST,YES,Post,8,Right,0,4.05,YES,78.1666666666667,0:Not Recurred,ER+/HER2- High Prolif,Living
MB-7017,brca_metabric,,,,,,,,,,,,,,,,,,,,,,,135.333333333333,0:LIVING,,,,,,,,,,,,,1,Female,,,36.63,BREAST CONSERVING,High,YES,claudin-low,4,Negative,NEUTRAL,Mixed,NO,Pre,10,Right,1,5.054,YES,135.333333333333,0:Not Recurred,ER-/HER2-,Living
MB-7018,brca_metabric,,,,,,,,,,,,,,,,,,,,,,,86.5333333333333,1:DECEASED,,,,,,,,,,,,,1,Female,,,72.12,MASTECTOMY,Moderate,YES,Her2,4,Negative,NEUTRAL,Ductal/NST,NO,Post,9,Right,3,4.08,YES,85.7,1:Recurred,ER+/HER2- High Prolif,Died of Disease
MB-7019,brca_metabric,,,,,,,,,,,,,,,,,,,,,,,80.7333333333333,1:DECEASED,,,,,,,,,,,,,1,Female,,,68.44,MASTECTOMY,Moderate,NO,LumB,4,Positve,NEUTRAL,Ductal/NST,YES,Post,3,Left,0,3.042,NO,80.7333333333333,0:Not Recurred,ER+/HER2- Low Prolif,Died of Other Causes
MB-7020,brca_metabric,,,,,,,,,,,,,,,,,,,,,,,71.6333333333333,1:DECEASED,,,,,,,,,,,,,1,Female,,,44.47,MASTECTOMY,Moderate,YES,Her2,4,Negative,GAIN,Ductal/NST,NO,Pre,5,Left,2,5.054,NO,39.2,1:Recurred,HER2+,Died of Disease
MB-7022,brca_metabric,,,,,,,,,,,,,,,,,,,,,,,85.5,0:LIVING,,,,,,,,,,,,,1,Female,,,70.61,MASTECTOMY,High,NO,LumB,4,Positve,NEUTRAL,Ductal/NST,YES,Post,8,Left,0,3.068,NO,85.5,0:Not Recurred,ER+/HER2- High Prolif,Living
MB-7023,brca_metabric,,,,,,,,,,,,,,,,,,,,,,,27.9666666666667,1:DECEASED,,,,,,,,,,,,,1,Female,,,66.66,MASTECTOMY,High,YES,claudin-low,4,Negative,NEUTRAL,Ductal/NST,NO,Post,10,Right,2,5.08,YES,6.46666666666667,1:Recurred,ER-/HER2-,Died of Disease
MB-7024,brca_metabric,,,,,,,,,,,,,,,,,,,,,,,70.2666666666667,0:LIVING,,,,,,,,,,,,,1,Female,,,54.92,MASTECTOMY,High,NO,LumB,4,Positve,NEUTRAL,Ductal/NST,YES,Post,1,Left,0,4.036,NO,70.2666666666667,0:Not Recurred,ER+/HER2- High Prolif,Living
MB-7025,brca_metabric,,,,,,,,,,,,,,,,,,,,,,,80.2333333333333,0:LIVING,,,,,,,,,,,,,1,Female,,,65.22,BREAST CONSERVING,High,NO,claudin-low,4,Negative,NEUTRAL,Ductal/NST,NO,Post,4ER-,,0,4.026,YES,80.2333333333333,0:Not Recurred,ER-/HER2-,Living
MB-7026,brca_metabric,,,,,,,,,,,,,,,,,,,,,,,111.7,1:DECEASED,,,,,,,,,,,,,1,Female,,,35.27,BREAST CONSERVING,Moderate,NO,LumB,4,Positve,GAIN,Ductal/NST,YES,Pre,3,Left,1,4.052,YES,111.7,0:Not Recurred,ER+/HER2- Low Prolif,Died of Other Causes
MB-7027,brca_metabric,,,,,,,,,,,,,,,,,,,,,,,36.9666666666667,1:DECEASED,,,,,,,,,,,,,1,Female,,,60.56,MASTECTOMY,Moderate,YES,Her2,4,Negative,GAIN,Ductal/NST,NO,Post,5,Right,12,6.03,YES,30.2333333333333,1:Recurred,HER2+,Died of Disease
MB-7028,brca_metabric,,,,,,,,,,,,,,,,,,,,,,,89.8,0:LIVING,,,,,,,,,,,,,1,Female,,,65.94,BREAST CONSERVING,High,NO,LumB,4,Positve,NEUTRAL,Ductal/NST,YES,Post,1,Left,2,4.056,YES,89.8,0:Not Recurred,ER+/HER2- High Prolif,Living
MB-7029,brca_metabric,,,,,,,,,,,,,,,,,,,,,,,76.8666666666667,0:LIVING,,,,,,,,,,,,,1,Female,,,43.45,BREAST CONSERVING,Moderate,NO,LumA,4,Positve,LOSS,Ductal/NST,YES,Pre,4ER+,Left,0,2.046,YES,76.8666666666667,0:Not Recurred,ER+/HER2- Low Prolif,Living
MB-7030,brca_metabric,,,,,,,,,,,,,,,,,,,,,,,31.3333333333333,1:DECEASED,,,,,,,,,,,,,1,Female,,,74.21,MASTECTOMY,Low,NO,Basal,4,Positve,NEUTRAL,Other,YES,Post,4ER+,Right,1,4.1,YES,31.3333333333333,0:Not Recurred,ER-/HER2-,Died of Other Causes
MB-7031,brca_metabric,,,,,,,,,,,,,,,,,,,,,,,85.3666666666667,0:LIVING,,,,,,,,,,,,,1,Female,,,60.58,MASTECTOMY,High,YES,Basal,4,Negative,NEUTRAL,Ductal/NST,NO,Post,10,Right,1,5.08,YES,85.3666666666667,0:Not Recurred,,Living
MB-7032,brca_metabric,,,,,,,,,,,,,,,,,,,,,,,71.4666666666667,0:LIVING,,,,,,,,,,,,,1,Female,,,79.36,MASTECTOMY,Moderate,NO,LumA,4,Positve,NEUTRAL,,YES,Post,3,Right,0,2.046,NO,71.4666666666667,0:Not Recurred,ER+/HER2- Low Prolif,Living
MB-7034,brca_metabric,,,,,,,,,,,,,,,,,,,,,,,75.1,0:LIVING,,,,,,,,,,,,,1,Female,,,78.73,MASTECTOMY,Moderate,NO,LumA,4,Positve,NEUTRAL,Ductal/NST,YES,Post,3,Right,0,3.086,NO,75.1,0:Not Recurred,ER+/HER2- Low Prolif,Living
MB-7035,brca_metabric,,,,,,,,,,,,,,,,,,,,,,,32.0666666666667,1:DECEASED,,,,,,,,,,,,,1,Female,,,45.3,MASTECTOMY,Moderate,YES,Her2,4,Negative,GAIN,Ductal/NST,NO,Pre,5,Right,13,6.1,YES,15.1333333333333,1:Recurred,HER2+,Died of Disease
MB-7036,brca_metabric,,,,,,,,,,,,,,,,,,,,,,,120.433333333333,0:LIVING,,,,,,,,,,,,,1,Female,,,54.48,MASTECTOMY,High,YES,Basal,4,Negative,NEUTRAL,Ductal/NST,NO,Post,10,,2,5.036,YES,120.433333333333,0:Not Recurred,ER-/HER2-,Living
MB-7037,brca_metabric,,,,,,,,,,,,,,,,,,,,,,,86.4,0:LIVING,,,,,,,,,,,,,1,Female,,,68.74,BREAST CONSERVING,Moderate,NO,LumA,4,Positve,NEUTRAL,Ductal/NST,NO,Post,8,Left,0,2.03,YES,86.4,0:Not Recurred,ER+/HER2- Low Prolif,Living
MB-7038,brca_metabric,,,,,,,,,,,,,,,,,,,,,,,81.0333333333333,0:LIVING,,,,,,,,,,,,,1,Female,,,57.62,BREAST CONSERVING,High,YES,Basal,4,Negative,NEUTRAL,Ductal/NST,NO,Post,10,Right,1,5.044,YES,81.0333333333333,0:Not Recurred,ER-/HER2-,Living
MB-7039,brca_metabric,,,,,,,,,,,,,,,,,,,,,,,49.2,1:DECEASED,,,,,,,,,,,,,1,Female,,,78.19,MASTECTOMY,Moderate,NO,Basal,4,Positve,NEUTRAL,Mixed,YES,Post,4ER+,Left,1,4.124,NO,48.0333333333333,1:Recurred,ER-/HER2-,Died of Disease
MB-7040,brca_metabric,,,,,,,,,,,,,,,,,,,,,,,71.8333333333333,0:LIVING,,,,,,,,,,,,,1,Female,,,81.32,BREAST CONSERVING,Moderate,NO,LumA,4,Positve,NEUTRAL,Ductal/NST,YES,Post,4ER+,Left,1,4.044,NO,71.8333333333333,0:Not Recurred,ER+/HER2- Low Prolif,Living
MB-7041,brca_metabric,,,,,,,,,,,,,,,,,,,,,,,101.966666666667,1:DECEASED,,,,,,,,,,,,,1,Female,,,79.48,MASTECTOMY,Moderate,NO,LumA,4,Positve,NEUTRAL,Lobular,YES,Post,3,Right,0,1.05,NO,101.966666666667,0:Not Recurred,ER+/HER2- Low Prolif,Died of Other Causes
MB-7042,brca_metabric,,,,,,,,,,,,,,,,,,,,,,,88.5,0:LIVING,,,,,,,,,,,,,1,Female,,,61.72,BREAST CONSERVING,Moderate,NO,LumB,4,Positve,NEUTRAL,Ductal/NST,YES,Post,8,Left,1,3.052,YES,88.5,0:Not Recurred,ER+/HER2- High Prolif,Living
MB-7043,brca_metabric,,,,,,,,,,,,,,,,,,,,,,,91.5333333333333,0:LIVING,,,,,,,,,,,,,1,Female,,,72.65,MASTECTOMY,High,NO,claudin-low,4,Positve,NEUTRAL,Ductal/NST,YES,Post,4ER+,Right,0,4.036,YES,91.5333333333333,0:Not Recurred,ER+/HER2- Low Prolif,Living
MB-7044,brca_metabric,,,,,,,,,,,,,,,,,,,,,,,86.8333333333333,0:LIVING,,,,,,,,,,,,,1,Female,,,67.24,BREAST CONSERVING,Low,NO,claudin-low,4,Positve,NEUTRAL,Ductal/NST,YES,Post,4ER+,Right,0,3.03,YES,86.8333333333333,0:Not Recurred,ER+/HER2- Low Prolif,Living
MB-7045,brca_metabric,,,,,,,,,,,,,,,,,,,,,,,94.9333333333333,1:DECEASED,,,,,,,,,,,,,1,Female,,,61.39,BREAST CONSERVING,High,NO,Her2,4,Negative,NEUTRAL,Ductal/NST,YES,Post,4ER-,Right,0,3.04,YES,93.4,1:Recurred,ER-/HER2-,Died of Disease
MB-7046,brca_metabric,,,,,,,,,,,,,,,,,,,,,,,146.4,1:DECEASED,,,,,,,,,,,,,1,Female,,,76.02,BREAST CONSERVING,Moderate,NO,Her2,4,Positve,GAIN,Ductal/NST,YES,Post,6,,0,3.046,YES,146.4,0:Not Recurred,ER+/HER2- High Prolif,Died of Other Causes
MB-7048,brca_metabric,,,,,,,,,,,,,,,,,,,,,,,88.4666666666667,0:LIVING,,,,,,,,,,,,,1,Female,,,36.27,BREAST CONSERVING,High,NO,Her2,4,Positve,NEUTRAL,Ductal/NST,YES,Pre,1,Right,0,3.028,YES,88.4666666666667,0:Not Recurred,ER+/HER2- High Prolif,Living
MB-7049,brca_metabric,,,,,,,,,,,,,,,,,,,,,,,102.033333333333,0:LIVING,,,,,,,,,,,,,1,Female,,,48.75,BREAST CONSERVING,High,NO,Basal,4,Negative,NEUTRAL,Ductal/NST,NO,Pre,4ER-,Right,0,4.036,YES,102.033333333333,0:Not Recurred,ER-/HER2-,Living
MB-7050,brca_metabric,,,,,,,,,,,,,,,,,,,,,,,65.1333333333333,1:DECEASED,,,,,,,,,,,,,1,Female,,,64.99,BREAST CONSERVING,Moderate,YES,Her2,4,Positve,GAIN,Ductal/NST,YES,Post,5,Right,1,4.045,YES,54.3333333333333,1:Recurred,ER+/HER2- High Prolif,Died of Disease
MB-7051,brca_metabric,,,,,,,,,,,,,,,,,,,,,,,85.9333333333333,1:DECEASED,,,,,,,,,,,,,1,Female,,,63.44,BREAST CONSERVING,High,NO,Her2,4,Positve,NEUTRAL,Ductal/NST,YES,Post,6,Left,0,3.04,YES,73.3333333333333,1:Recurred,ER+/HER2- High Prolif,Died of Disease
MB-7052,brca_metabric,,,,,,,,,,,,,,,,,,,,,,,106.133333333333,0:LIVING,,,,,,,,,,,,,1,Female,,,45.45,BREAST CONSERVING,High,NO,claudin-low,4,Negative,NEUTRAL,Ductal/NST,NO,Pre,9,Right,0,4.0358,YES,106.133333333333,0:Not Recurred,ER-/HER2-,Living
MB-7053,brca_metabric,,,,,,,,,,,,,,,,,,,,,,,122.133333333333,0:LIVING,,,,,,,,,,,,,1,Female,,,45.64,BREAST CONSERVING,High,NO,LumA,4,Positve,NEUTRAL,Ductal/NST,NO,Pre,4ER+,,0,4.029,YES,122.133333333333,0:Not Recurred,ER+/HER2- High Prolif,Living
MB-7054,brca_metabric,,,,,,,,,,,,,,,,,,,,,,,30.4333333333333,1:DECEASED,,,,,,,,,,,,,1,Female,,,73.74,MASTECTOMY,Low,YES,claudin-low,4,Positve,NEUTRAL,Lobular,YES,Post,10,,2,5.0256,NO,22.9333333333333,1:Recurred,ER-/HER2-,Died of Disease
MB-7055,brca_metabric,,,,,,,,,,,,,,,,,,,,,,,9.13333333333333,1:DECEASED,,,,,,,,,,,,,1,Female,,,54.87,MASTECTOMY,Low,NO,Basal,4,Negative,NEUTRAL,Ductal/NST,NO,Post,10,,0,4.052,NO,2.83333333333333,1:Recurred,,Died of Disease
MB-7056,brca_metabric,,,,,,,,,,,,,,,,,,,,,,,117,0:LIVING,,,,,,,,,,,,,1,Female,,,71.82,MASTECTOMY,Moderate,NO,LumA,4,Positve,NEUTRAL,Ductal/NST,YES,Post,3,Right,7,5.042,NO,117,0:Not Recurred,ER+/HER2- Low Prolif,Living
MB-7057,brca_metabric,,,,,,,,,,,,,,,,,,,,,,,43.8333333333333,1:DECEASED,,,,,,,,,,,,,1,Female,,,72.81,MASTECTOMY,High,YES,Normal,4,Negative,NEUTRAL,Ductal/NST,YES,Post,4ER-,Left,2,4.044,NO,43.8333333333333,1:Recurred,ER+/HER2- Low Prolif,Died of Disease
MB-7058,brca_metabric,,,,,,,,,,,,,,,,,,,,,,,122.5,0:LIVING,,,,,,,,,,,,,1,Female,,,45.81,MASTECTOMY,Moderate,NO,Normal,4,Positve,NEUTRAL,Ductal/NST,YES,Pre,3,Left,4,3.054,NO,122.5,0:Not Recurred,ER+/HER2- Low Prolif,Living
MB-7059,brca_metabric,,,,,,,,,,,,,,,,,,,,,,,119.333333333333,0:LIVING,,,,,,,,,,,,,1,Female,,,50.55,MASTECTOMY,High,YES,Her2,4,Negative,GAIN,,NO,Post,5,Left,23,6.048,YES,119.333333333333,0:Not Recurred,HER2+,Living
MB-7060,brca_metabric,,,,,,,,,,,,,,,,,,,,,,,112.666666666667,1:DECEASED,,,,,,,,,,,,,1,Female,,,69.25,MASTECTOMY,High,NO,LumA,4,Positve,LOSS,Lobular,YES,Post,3,Left,6,4.1,YES,63.3,1:Recurred,ER+/HER2- Low Prolif,Died of Other Causes
MB-7061,brca_metabric,,,,,,,,,,,,,,,,,,,,,,,96.7666666666667,1:DECEASED,,,,,,,,,,,,,1,Female,,,61.6,BREAST CONSERVING,Moderate,NO,Normal,4,Positve,NEUTRAL,Ductal/NST,YES,Post,4ER+,,0,3.04,YES,96.7666666666667,0:Not Recurred,ER+/HER2- Low Prolif,Died of Other Causes
MB-7062,brca_metabric,,,,,,,,,,,,,,,,,,,,,,,95.8666666666667,0:LIVING,,,,,,,,,,,,,1,Female,,,63.77,BREAST CONSERVING,High,NO,LumA,4,Positve,NEUTRAL,Ductal/NST,YES,Post,3,,1,3.032,YES,95.8666666666667,0:Not Recurred,ER+/HER2- Low Prolif,Living
MB-7063,brca_metabric,,,,,,,,,,,,,,,,,,,,,,,86.6,0:LIVING,,,,,,,,,,,,,1,Female,,,76.77,BREAST CONSERVING,High,NO,LumA,4,Positve,NEUTRAL,Ductal/NST,YES,Post,3,,0,4.04,YES,86.6,0:Not Recurred,ER+/HER2- Low Prolif,Living
MB-7065,brca_metabric,,,,,,,,,,,,,,,,,,,,,,,107.866666666667,0:LIVING,,,,,,,,,,,,,1,Female,,,45.35,BREAST CONSERVING,Moderate,NO,LumB,4,Positve,NEUTRAL,Ductal/NST,NO,Pre,9,Left,0,3.038,YES,107.866666666667,0:Not Recurred,ER+/HER2- High Prolif,Living
MB-7066,brca_metabric,,,,,,,,,,,,,,,,,,,,,,,89.7666666666667,0:LIVING,,,,,,,,,,,,,1,Female,,,64.24,BREAST CONSERVING,Low,YES,Her2,4,Negative,GAIN,Ductal/NST,NO,Post,3,Right,1,5.037,YES,89.7666666666667,0:Not Recurred,ER+/HER2- Low Prolif,Living
MB-7067,brca_metabric,,,,,,,,,,,,,,,,,,,,,,,105,0:LIVING,,,,,,,,,,,,,1,Female,,,69.64,MASTECTOMY,Low,NO,Her2,4,Negative,GAIN,Ductal/NST,YES,Post,5,Left,0,3.031,NO,105,0:Not Recurred,HER2+,Living
MB-7068,brca_metabric,,,,,,,,,,,,,,,,,,,,,,,98.4666666666667,0:LIVING,,,,,,,,,,,,,1,Female,,,58.95,BREAST CONSERVING,High,NO,Her2,4,Positve,GAIN,Ductal/NST,YES,Post,9,Left,0,4.052,YES,98.4666666666667,0:Not Recurred,HER2+,Living
MB-7069,brca_metabric,,,,,,,,,,,,,,,,,,,,,,,114.6,0:LIVING,,,,,,,,,,,,,1,Female,,,67.6,BREAST CONSERVING,Moderate,NO,Her2,4,Positve,GAIN,Ductal/NST,YES,Post,5,Left,0,4.043,YES,114.6,0:Not Recurred,HER2+,Living
MB-7070,brca_metabric,,,,,,,,,,,,,,,,,,,,,,,108.066666666667,0:LIVING,,,,,,,,,,,,,1,Female,,,68.76,MASTECTOMY,High,NO,Her2,4,Positve,GAIN,Ductal/NST,YES,Post,9,Left,2,5.004,NO,108.066666666667,0:Not Recurred,ER+/HER2- High Prolif,Living
MB-7071,brca_metabric,,,,,,,,,,,,,,,,,,,,,,,102.066666666667,0:LIVING,,,,,,,,,,,,,1,Female,,,27.56,BREAST CONSERVING,Moderate,NO,Her2,4,Positve,NEUTRAL,Lobular,NO,Pre,3,Left,0,4.036,YES,102.066666666667,0:Not Recurred,ER+/HER2- High Prolif,Living
MB-7072,brca_metabric,,,,,,,,,,,,,,,,,,,,,,,52.3333333333333,1:DECEASED,,,,,,,,,,,,,1,Female,,,71.24,MASTECTOMY,Moderate,NO,LumB,4,Positve,GAIN,Mixed,YES,Post,1,Left,14,5.13,YES,31.1666666666667,1:Recurred,ER+/HER2- High Prolif,Died of Disease
MB-7073,brca_metabric,,,,,,,,,,,,,,,,,,,,,,,137.933333333333,1:DECEASED,,,,,,,,,,,,,1,Female,,,54.69,MASTECTOMY,High,YES,Basal,4,Negative,GAIN,Ductal/NST,NO,Post,5,,13,6.04,NO,137.933333333333,0:Not Recurred,HER2+,Died of Other Causes
MB-7074,brca_metabric,,,,,,,,,,,,,,,,,,,,,,,108.166666666667,0:LIVING,,,,,,,,,,,,,1,Female,,,51.36,MASTECTOMY,Low,NO,Normal,4,Positve,NEUTRAL,Ductal/NST,YES,Post,4ER+,Right,0,2.036,NO,108.166666666667,0:Not Recurred,ER+/HER2- Low Prolif,Living
MB-7075,brca_metabric,,,,,,,,,,,,,,,,,,,,,,,111.633333333333,0:LIVING,,,,,,,,,,,,,1,Female,,,64.4,MASTECTOMY,High,NO,LumB,4,Positve,GAIN,Mixed,YES,Post,1,Right,0,3.032,NO,111.633333333333,0:Not Recurred,ER+/HER2- High Prolif,Living
MB-7076,brca_metabric,,,,,,,,,,,,,,,,,,,,,,,142.666666666667,1:DECEASED,,,,,,,,,,,,,1,Female,,,56.13,MASTECTOMY,Moderate,NO,LumA,4,Positve,NEUTRAL,Ductal/NST,YES,Post,7,,0,3.044,NO,142.666666666667,0:Not Recurred,ER+/HER2- Low Prolif,Died of Other Causes
MB-7077,brca_metabric,,,,,,,,,,,,,,,,,,,,,,,101.266666666667,0:LIVING,,,,,,,,,,,,,1,Female,,,37.89,BREAST CONSERVING,High,NO,LumA,4,Positve,NEUTRAL,Ductal/NST,YES,Pre,3,Right,5,5.034,YES,101.266666666667,0:Not Recurred,ER+/HER2- Low Prolif,Living
MB-7078,brca_metabric,,,,,,,,,,,,,,,,,,,,,,,4.16666666666667,1:DECEASED,,,,,,,,,,,,,1,Female,,,74.8,MASTECTOMY,Moderate,NO,claudin-low,4,Negative,NEUTRAL,Ductal/NST,YES,Post,10,,0,4.1,YES,4,1:Recurred,ER-/HER2-,Died of Disease
MB-7079,brca_metabric,,,,,,,,,,,,,,,,,,,,,,,91.0666666666667,0:LIVING,,,,,,,,,,,,,1,Female,,,70.3,MASTECTOMY,Low,NO,claudin-low,4,Positve,NEUTRAL,Ductal/NST,YES,Post,4ER+,Right,1,4.06,NO,91.0666666666667,0:Not Recurred,ER-/HER2-,Living
MB-7080,brca_metabric,,,,,,,,,,,,,,,,,,,,,,,91.2333333333333,0:LIVING,,,,,,,,,,,,,1,Female,,,64.01,MASTECTOMY,High,NO,LumA,4,Positve,NEUTRAL,Ductal/NST,YES,Post,8,Right,0,2.034,NO,91.2333333333333,0:Not Recurred,ER+/HER2- Low Prolif,Living
MB-7081,brca_metabric,,,,,,,,,,,,,,,,,,,,,,,140.233333333333,0:LIVING,,,,,,,,,,,,,1,Female,,,69.12,BREAST CONSERVING,Moderate,NO,claudin-low,4,Negative,NEUTRAL,Ductal/NST,YES,Post,10,Right,0,4.056,YES,140.233333333333,0:Not Recurred,ER-/HER2-,Living
MB-7082,brca_metabric,,,,,,,,,,,,,,,,,,,,,,,98.2666666666667,0:LIVING,,,,,,,,,,,,,1,Female,,,57.07,BREAST CONSERVING,High,YES,Her2,4,Negative,GAIN,Ductal/NST,NO,Post,5,Right,1,5.04,YES,98.2666666666667,0:Not Recurred,HER2+,Living
MB-7083,brca_metabric,,,,,,,,,,,,,,,,,,,,,,,105.466666666667,0:LIVING,,,,,,,,,,,,,1,Female,,,50.42,BREAST CONSERVING,,YES,LumB,4,Positve,NEUTRAL,Ductal/NST,YES,Post,9,Left,0,3.052,YES,105.466666666667,0:Not Recurred,ER+/HER2- High Prolif,Living
MB-7084,brca_metabric,,,,,,,,,,,,,,,,,,,,,,,116.533333333333,0:LIVING,,,,,,,,,,,,,1,Female,,,74.07,MASTECTOMY,High,NO,Basal,4,Negative,GAIN,,YES,Post,10,Right,0,4.12,NO,116.533333333333,0:Not Recurred,ER-/HER2-,Living
MB-7085,brca_metabric,,,,,,,,,,,,,,,,,,,,,,,110.1,0:LIVING,,,,,,,,,,,,,1,Female,,,60.5,MASTECTOMY,Low,NO,Normal,4,Positve,NEUTRAL,Ductal/NST,YES,Post,7,Left,3,4.06,YES,88.6333333333333,1:Recurred,ER+/HER2- Low Prolif,Living
MB-7086,brca_metabric,,,,,,,,,,,,,,,,,,,,,,,123.533333333333,0:LIVING,,,,,,,,,,,,,1,Female,,,70.52,BREAST CONSERVING,High,NO,LumB,4,Positve,NEUTRAL,Mixed,YES,Post,9,,2,4.036,YES,123.533333333333,0:Not Recurred,ER+/HER2- High Prolif,Living
MB-7087,brca_metabric,,,,,,,,,,,,,,,,,,,,,,,5.06666666666667,1:DECEASED,,,,,,,,,,,,,1,Female,,,66.61,BREAST CONSERVING,High,YES,Basal,4,Negative,NEUTRAL,Ductal/NST,YES,Post,10,,3,5.028,YES,5.06666666666667,0:Not Recurred,,Died of Other Causes
MB-7088,brca_metabric,,,,,,,,,,,,,,,,,,,,,,,123.533333333333,0:LIVING,,,,,,,,,,,,,1,Female,,,72.05,MASTECTOMY,Moderate,NO,Her2,4,Positve,GAIN,Ductal/NST,YES,Post,5,,2,5.05,NO,123.533333333333,0:Not Recurred,HER2+,Living
MB-7089,brca_metabric,,,,,,,,,,,,,,,,,,,,,,,118.9,0:LIVING,,,,,,,,,,,,,1,Female,,,47.7,BREAST CONSERVING,Moderate,YES,claudin-low,4,Negative,GAIN,Ductal/NST,NO,Pre,10,Right,1,5.036,YES,118.9,0:Not Recurred,ER-/HER2-,Living
MB-7090,brca_metabric,,,,,,,,,,,,,,,,,,,,,,,109.766666666667,0:LIVING,,,,,,,,,,,,,1,Female,,,48.52,BREAST CONSERVING,High,YES,Basal,4,Negative,NEUTRAL,Ductal/NST,NO,Pre,10,Left,3,5.034,YES,109.766666666667,0:Not Recurred,ER-/HER2-,Living
MB-7091,brca_metabric,,,,,,,,,,,,,,,,,,,,,,,110.266666666667,0:LIVING,,,,,,,,,,,,,1,Female,,,55.71,BREAST CONSERVING,High,NO,LumA,4,Positve,LOSS,Ductal/NST,YES,Post,7,,4,4.036,YES,110.266666666667,0:Not Recurred,ER+/HER2- Low Prolif,Living
MB-7092,brca_metabric,,,,,,,,,,,,,,,,,,,,,,,122.4,0:LIVING,,,,,,,,,,,,,1,Female,,,55.67,BREAST CONSERVING,High,NO,Her2,4,Negative,NEUTRAL,Mixed,YES,Post,1,,0,2.04,YES,122.4,0:Not Recurred,ER+/HER2- High Prolif,Living
MB-7093,brca_metabric,,,,,,,,,,,,,,,,,,,,,,,125.833333333333,1:DECEASED,,,,,,,,,,,,,1,Female,,,76.25,MASTECTOMY,Moderate,YES,LumA,4,Positve,NEUTRAL,Ductal/NST,YES,Post,3,Right,2,3.0338,NO,78.0333333333333,1:Recurred,ER+/HER2- Low Prolif,Died of Other Causes
MB-7094,brca_metabric,,,,,,,,,,,,,,,,,,,,,,,113.366666666667,0:LIVING,,,,,,,,,,,,,1,Female,,,60.75,BREAST CONSERVING,Moderate,NO,LumB,4,Positve,NEUTRAL,Ductal/NST,YES,Post,9,,0,4.0488,YES,113.366666666667,0:Not Recurred,ER+/HER2- High Prolif,Living
MB-7095,brca_metabric,,,,,,,,,,,,,,,,,,,,,,,115.633333333333,0:LIVING,,,,,,,,,,,,,1,Female,,,74.64,BREAST CONSERVING,High,NO,LumA,4,Positve,NEUTRAL,Ductal/NST,YES,Post,8,Right,0,2.05,YES,115.633333333333,0:Not Recurred,ER+/HER2- High Prolif,Living
MB-7096,brca_metabric,,,,,,,,,,,,,,,,,,,,,,,124,0:LIVING,,,,,,,,,,,,,1,Female,,,48.27,BREAST CONSERVING,High,NO,LumA,4,Positve,NEUTRAL,Ductal/NST,YES,Pre,3,,1,4.025,YES,124,0:Not Recurred,,Living
MB-7097,brca_metabric,,,,,,,,,,,,,,,,,,,,,,,65.1666666666667,1:DECEASED,,,,,,,,,,,,,1,Female,,,60.09,MASTECTOMY,High,YES,LumB,4,Positve,NEUTRAL,Ductal/NST,YES,Post,8,Left,2,2.0806,NO,42.1333333333333,1:Recurred,ER+/HER2- High Prolif,Died of Disease
MB-7099,brca_metabric,,,,,,,,,,,,,,,,,,,,,,,163.166666666667,1:DECEASED,,,,,,,,,,,,,1,Female,,,80.31,MASTECTOMY,High,NO,LumB,4,Positve,NEUTRAL,Ductal/NST,YES,Post,9,Right,2,4.076,YES,163.166666666667,0:Not Recurred,ER+/HER2- High Prolif,Died of Other Causes
MB-7100,brca_metabric,,,,,,,,,,,,,,,,,,,,,,,156.333333333333,1:DECEASED,,,,,,,,,,,,,1,Female,,,70.56,BREAST CONSERVING,High,NO,LumB,4,Positve,NEUTRAL,Ductal/NST,YES,Post,8,Left,2,5.056,YES,156.333333333333,0:Not Recurred,ER+/HER2- High Prolif,Died of Other Causes
MB-7101,brca_metabric,,,,,,,,,,,,,,,,,,,,,,,124.266666666667,0:LIVING,,,,,,,,,,,,,1,Female,,,49.16,BREAST CONSERVING,Low,NO,LumA,4,Positve,NEUTRAL,Lobular,YES,Pre,3,Right,0,3.031,YES,124.266666666667,0:Not Recurred,ER+/HER2- Low Prolif,Living
MB-7102,brca_metabric,,,,,,,,,,,,,,,,,,,,,,,104.1,1:DECEASED,,,,,,,,,,,,,1,Female,,,73.16,MASTECTOMY,Moderate,NO,LumB,4,Positve,NEUTRAL,Mixed,YES,Post,3,Left,1,3.04,NO,104.1,0:Not Recurred,ER+/HER2- High Prolif,Died of Other Causes
MB-7104,brca_metabric,,,,,,,,,,,,,,,,,,,,,,,122.833333333333,1:DECEASED,,,,,,,,,,,,,1,Female,,,59.93,BREAST CONSERVING,Moderate,NO,claudin-low,4,Positve,NEUTRAL,Ductal/NST,YES,Post,6,Right,2,5.038,YES,122.833333333333,0:Not Recurred,ER-/HER2-,Died of Other Causes
MB-7106,brca_metabric,,,,,,,,,,,,,,,,,,,,,,,37.5,1:DECEASED,,,,,,,,,,,,,1,Female,,,80.13,MASTECTOMY,Low,NO,LumA,4,Positve,NEUTRAL,Ductal/NST,YES,Post,2,Right,18,4.058,NO,37.5,1:Recurred,ER+/HER2- Low Prolif,Died of Disease
MB-7107,brca_metabric,,,,,,,,,,,,,,,,,,,,,,,56.9333333333333,1:DECEASED,,,,,,,,,,,,,1,Female,,,67.85,MASTECTOMY,Moderate,NO,LumA,4,Positve,NEUTRAL,Ductal/NST,YES,Post,8,Left,3,5.06,NO,43.4333333333333,1:Recurred,ER+/HER2- High Prolif,Died of Disease
MB-7109,brca_metabric,,,,,,,,,,,,,,,,,,,,,,,117.533333333333,0:LIVING,,,,,,,,,,,,,1,Female,,,67.27,MASTECTOMY,High,NO,LumB,4,Positve,GAIN,Ductal/NST,YES,Post,2,Left,16,6.038,NO,117.533333333333,0:Not Recurred,ER+/HER2- High Prolif,Living
MB-7111,brca_metabric,,,,,,,,,,,,,,,,,,,,,,,30.1666666666667,1:DECEASED,,,,,,,,,,,,,1,Female,,,52.12,MASTECTOMY,Moderate,NO,Basal,4,Positve,NEUTRAL,Ductal/NST,YES,Post,1,,5,6.1,NO,30.1666666666667,1:Recurred,ER+/HER2- High Prolif,Died of Disease
MB-7112,brca_metabric,,,,,,,,,,,,,,,,,,,,,,,64.7,1:DECEASED,,,,,,,,,,,,,1,Female,,,40.74,MASTECTOMY,Low,YES,LumB,4,Positve,NEUTRAL,Ductal/NST,NO,Pre,2,Left,0,4.08,NO,38.0666666666667,1:Recurred,ER+/HER2- High Prolif,Died of Disease
MB-7113,brca_metabric,,,,,,,,,,,,,,,,,,,,,,,136.7,1:DECEASED,,,,,,,,,,,,,1,Female,,,66.04,MASTECTOMY,Moderate,NO,LumA,4,Positve,NEUTRAL,Ductal/NST,YES,Post,7,Left,0,2.02,NO,136.7,0:Not Recurred,ER+/HER2- Low Prolif,Died of Other Causes
MB-7114,brca_metabric,,,,,,,,,,,,,,,,,,,,,,,123.266666666667,0:LIVING,,,,,,,,,,,,,1,Female,,,55.57,BREAST CONSERVING,High,NO,Basal,4,Negative,NEUTRAL,Ductal/NST,YES,Post,10,Left,0,4.032,YES,123.266666666667,0:Not Recurred,ER-/HER2-,Living
MB-7115,brca_metabric,,,,,,,,,,,,,,,,,,,,,,,141.733333333333,1:DECEASED,,,,,,,,,,,,,1,Female,,,80.56,MASTECTOMY,High,NO,Her2,4,,GAIN,Ductal/NST,YES,Post,5,,0,4.14,YES,141.733333333333,0:Not Recurred,HER2+,Died of Other Causes
MB-7116,brca_metabric,,,,,,,,,,,,,,,,,,,,,,,33.3666666666667,1:DECEASED,,,,,,,,,,,,,1,Female,,,77.17,MASTECTOMY,High,NO,LumB,4,Positve,NEUTRAL,Ductal/NST,YES,Post,8,,1,4.08,NO,25.3,1:Recurred,ER+/HER2- High Prolif,Died of Disease
MB-7118,brca_metabric,,,,,,,,,,,,,,,,,,,,,,,140.566666666667,0:LIVING,,,,,,,,,,,,,1,Female,,,70.15,MASTECTOMY,Moderate,NO,LumA,4,,NEUTRAL,Ductal/NST,YES,Post,8,Left,0,3.04,NO,140.566666666667,0:Not Recurred,ER+/HER2- Low Prolif,Living
MB-7119,brca_metabric,,,,,,,,,,,,,,,,,,,,,,,128.366666666667,0:LIVING,,,,,,,,,,,,,1,Female,,,54.53,BREAST CONSERVING,High,YES,Basal,4,Negative,NEUTRAL,Ductal/NST,YES,Post,10,Left,2,5.046,YES,128.366666666667,0:Not Recurred,ER-/HER2-,Living
MB-7121,brca_metabric,,,,,,,,,,,,,,,,,,,,,,,88.8333333333333,1:DECEASED,,,,,,,,,,,,,1,Female,,,49.02,MASTECTOMY,Low,YES,claudin-low,4,Negative,NEUTRAL,Ductal/NST,YES,Pre,10,Left,4,6.076,YES,88.8333333333333,0:Not Recurred,ER-/HER2-,Died of Other Causes
MB-7122,brca_metabric,,,,,,,,,,,,,,,,,,,,,,,29.9,1:DECEASED,,,,,,,,,,,,,1,Female,,,83.39,MASTECTOMY,Moderate,NO,Basal,4,Positve,NEUTRAL,Ductal/NST,YES,Post,4ER+,,1,5.06,NO,29.9,0:Not Recurred,ER+/HER2- High Prolif,Died of Other Causes
MB-7123,brca_metabric,,,,,,,,,,,,,,,,,,,,,,,137.666666666667,0:LIVING,,,,,,,,,,,,,1,Female,,,56.97,MASTECTOMY,Moderate,NO,LumA,4,,GAIN,Ductal/NST,YES,Post,1,,0,2.072,NO,137.666666666667,0:Not Recurred,ER+/HER2- Low Prolif,Living
MB-7124,brca_metabric,,,,,,,,,,,,,,,,,,,,,,,139.6,0:LIVING,,,,,,,,,,,,,1,Female,,,71.16,MASTECTOMY,High,NO,LumA,4,,NEUTRAL,Ductal/NST,YES,Post,7,,1,4.04,NO,139.6,0:Not Recurred,ER+/HER2- High Prolif,Living
MB-7127,brca_metabric,,,,,,,,,,,,,,,,,,,,,,,135.333333333333,0:LIVING,,,,,,,,,,,,,1,Female,,,52.43,BREAST CONSERVING,Moderate,NO,Normal,4,Positve,NEUTRAL,Ductal/NST,YES,Post,9,Left,0,3.038,YES,135.333333333333,0:Not Recurred,ER+/HER2- High Prolif,Living
MB-7128,brca_metabric,,,,,,,,,,,,,,,,,,,,,,,60.2666666666667,1:DECEASED,,,,,,,,,,,,,1,Female,,,71.05,MASTECTOMY,High,NO,LumA,4,Positve,GAIN,,YES,Post,5,Left,0,3.042,NO,60.2666666666667,0:Not Recurred,HER2+,Died of Other Causes
MB-7130,brca_metabric,,,,,,,,,,,,,,,,,,,,,,,102.966666666667,1:DECEASED,,,,,,,,,,,,,1,Female,,,72.28,BREAST CONSERVING,High,NO,LumB,4,Positve,GAIN,Ductal/NST,YES,Post,9,Left,3,5.062,YES,102.966666666667,1:Recurred,,Died of Disease
MB-7131,brca_metabric,,,,,,,,,,,,,,,,,,,,,,,134.733333333333,0:LIVING,,,,,,,,,,,,,1,Female,,,58.04,MASTECTOMY,Moderate,NO,LumB,4,Positve,NEUTRAL,Ductal/NST,YES,Post,8,Right,1,5.042,NO,134.733333333333,0:Not Recurred,ER+/HER2- High Prolif,Living
MB-7132,brca_metabric,,,,,,,,,,,,,,,,,,,,,,,131.6,0:LIVING,,,,,,,,,,,,,1,Female,,,69.06,MASTECTOMY,Moderate,NO,LumB,4,Positve,NEUTRAL,Ductal/NST,YES,Post,7,Left,0,3.038,NO,131.6,0:Not Recurred,ER+/HER2- Low Prolif,Living
MB-7133,brca_metabric,,,,,,,,,,,,,,,,,,,,,,,23.8333333333333,1:DECEASED,,,,,,,,,,,,,1,Female,,,71.41,BREAST CONSERVING,High,NO,LumB,4,Positve,NEUTRAL,Lobular,YES,Post,1,Right,2,5.036,YES,22.8,1:Recurred,ER+/HER2- High Prolif,Died of Disease
MB-7135,brca_metabric,,,,,,,,,,,,,,,,,,,,,,,26.7333333333333,1:DECEASED,,,,,,,,,,,,,1,Female,,,56.93,BREAST CONSERVING,Low,YES,Her2,4,Negative,GAIN,Ductal/NST,YES,Post,5,,16,6.052,YES,14.4666666666667,1:Recurred,HER2+,Died of Disease
MB-7137,brca_metabric,,,,,,,,,,,,,,,,,,,,,,,179.8,0:LIVING,,,,,,,,,,,,,1,Female,,,64.24,BREAST CONSERVING,Moderate,NO,LumA,4,Positve,NEUTRAL,Ductal/NST,YES,Post,4ER+,Left,0,2.042,YES,179.8,0:Not Recurred,ER+/HER2- Low Prolif,Living
MB-7138,brca_metabric,,,,,,,,,,,,,,,,,,,,,,,123,1:DECEASED,,,,,,,,,,,,,1,Female,,,68.16,BREAST CONSERVING,High,NO,LumB,4,Positve,NEUTRAL,Ductal/NST,YES,Post,8,Left,0,4.044,YES,123,0:Not Recurred,ER+/HER2- High Prolif,Died of Other Causes
MB-7140,brca_metabric,,,,,,,,,,,,,,,,,,,,,,,90.8,1:DECEASED,,,,,,,,,,,,,1,Female,,,58.27,MASTECTOMY,Moderate,NO,LumB,4,Positve,NEUTRAL,Ductal/NST,YES,Post,8,Right,5,6.12,NO,53.8666666666667,1:Recurred,ER+/HER2- High Prolif,Died of Disease
MB-7141,brca_metabric,,,,,,,,,,,,,,,,,,,,,,,138.566666666667,0:LIVING,,,,,,,,,,,,,1,Female,,,78.16,MASTECTOMY,High,NO,LumA,4,,NEUTRAL,Ductal/NST,YES,Post,7,,0,3.0236,NO,138.566666666667,0:Not Recurred,ER+/HER2- Low Prolif,Living
MB-7142,brca_metabric,,,,,,,,,,,,,,,,,,,,,,,175.9,1:DECEASED,,,,,,,,,,,,,1,Female,,,55.52,MASTECTOMY,High,NO,LumB,4,,NEUTRAL,Ductal/NST,YES,Post,2,Right,0,3.026,NO,139.633333333333,1:Recurred,ER+/HER2- High Prolif,Died of Other Causes
MB-7143,brca_metabric,,,,,,,,,,,,,,,,,,,,,,,186.366666666667,0:LIVING,,,,,,,,,,,,,1,Female,,,61.38,BREAST CONSERVING,High,NO,Her2,4,Negative,GAIN,Ductal/NST,YES,Post,5,Left,0,4.068,YES,186.366666666667,0:Not Recurred,HER2+,Living
MB-7144,brca_metabric,,,,,,,,,,,,,,,,,,,,,,,102.633333333333,1:DECEASED,,,,,,,,,,,,,1,Female,,,59.34,BREAST CONSERVING,High,NO,LumB,4,Positve,NEUTRAL,Ductal/NST,YES,Post,8,Right,0,4.045,YES,102.633333333333,0:Not Recurred,ER+/HER2- High Prolif,Died of Other Causes
MB-7145,brca_metabric,,,,,,,,,,,,,,,,,,,,,,,138.333333333333,0:LIVING,,,,,,,,,,,,,1,Female,,,44.42,BREAST CONSERVING,High,YES,Basal,4,Negative,NEUTRAL,Ductal/NST,NO,Pre,10,Right,2,5.05,YES,138.333333333333,0:Not Recurred,ER-/HER2-,Living
MB-7147,brca_metabric,,,,,,,,,,,,,,,,,,,,,,,168.6,1:DECEASED,,,,,,,,,,,,,1,Female,,,76.98,MASTECTOMY,High,NO,LumB,4,Positve,NEUTRAL,Mixed,YES,Post,6,Right,0,4.06,NO,168.6,0:Not Recurred,ER+/HER2- High Prolif,Died of Other Causes
MB-7148,brca_metabric,,,,,,,,,,,,,,,,,,,,,,,19,1:DECEASED,,,,,,,,,,,,,1,Female,,,62.97,MASTECTOMY,Low,YES,LumA,4,Positve,NEUTRAL,,YES,Post,8,,,6.26,YES,7.2,1:Recurred,ER+/HER2- High Prolif,Died of Disease
MB-7149,brca_metabric,,,,,,,,,,,,,,,,,,,,,,,44.6333333333333,1:DECEASED,,,,,,,,,,,,,1,Female,,,66.52,MASTECTOMY,Moderate,NO,LumB,4,Positve,NEUTRAL,Ductal/NST,YES,Post,9,,14,6.1,YES,40.2333333333333,1:Recurred,ER+/HER2- High Prolif,Died of Other Causes
MB-7150,brca_metabric,,,,,,,,,,,,,,,,,,,,,,,128.966666666667,0:LIVING,,,,,,,,,,,,,1,Female,,,70.88,MASTECTOMY,High,NO,LumB,4,Positve,NEUTRAL,Ductal/NST,NO,Post,3,Right,0,4.074,NO,128.966666666667,0:Not Recurred,ER+/HER2- High Prolif,Living
MB-7151,brca_metabric,,,,,,,,,,,,,,,,,,,,,,,144.433333333333,0:LIVING,,,,,,,,,,,,,1,Female,,,59.06,MASTECTOMY,High,NO,Basal,4,Positve,NEUTRAL,Ductal/NST,YES,Post,10,Left,0,4.042,NO,144.433333333333,0:Not Recurred,ER-/HER2-,Living
MB-7152,brca_metabric,,,,,,,,,,,,,,,,,,,,,,,195.8,1:DECEASED,,,,,,,,,,,,,1,Female,,,62.13,MASTECTOMY,High,NO,Her2,4,Positve,GAIN,Ductal/NST,YES,Post,9,,0,4.036,NO,195.8,0:Not Recurred,ER+/HER2- High Prolif,Died of Other Causes
MB-7153,brca_metabric,,,,,,,,,,,,,,,,,,,,,,,142.8,0:LIVING,,,,,,,,,,,,,1,Female,,,74.11,MASTECTOMY,High,NO,Her2,4,Positve,NEUTRAL,Ductal/NST,YES,Post,8,Right,0,3.05,NO,142.8,0:Not Recurred,ER+/HER2- High Prolif,Living
MB-7154,brca_metabric,,,,,,,,,,,,,,,,,,,,,,,108.466666666667,1:DECEASED,,,,,,,,,,,,,1,Female,,,77.54,MASTECTOMY,High,NO,Basal,4,Negative,NEUTRAL,Ductal/NST,YES,Post,10,Right,0,4.0652,NO,108.466666666667,0:Not Recurred,ER-/HER2-,Died of Other Causes
MB-7155,brca_metabric,,,,,,,,,,,,,,,,,,,,,,,149.766666666667,0:LIVING,,,,,,,,,,,,,1,Female,,,41.14,BREAST CONSERVING,High,YES,Basal,4,Negative,NEUTRAL,Ductal/NST,NO,Pre,10,Left,1,5.0344,YES,149.766666666667,0:Not Recurred,ER-/HER2-,Living
MB-7157,brca_metabric,,,,,,,,,,,,,,,,,,,,,,,219.633333333333,0:LIVING,,,,,,,,,,,,,1,Female,,,56.86,MASTECTOMY,High,NO,LumB,4,Positve,NEUTRAL,Ductal/NST,YES,Post,8,Right,2,4.038,YES,131.6,1:Recurred,ER+/HER2- High Prolif,Living
MB-7158,brca_metabric,,,,,,,,,,,,,,,,,,,,,,,46.4333333333333,1:DECEASED,,,,,,,,,,,,,1,Female,,,50.73,MASTECTOMY,High,YES,claudin-low,4,Negative,NEUTRAL,Ductal/NST,NO,Post,4ER-,,16,6.058,NO,32.2,1:Recurred,ER-/HER2-,Died of Disease
MB-7159,brca_metabric,,,,,,,,,,,,,,,,,,,,,,,21.9333333333333,1:DECEASED,,,,,,,,,,,,,1,Female,,,60.45,BREAST CONSERVING,High,YES,Basal,4,Negative,NEUTRAL,Ductal/NST,YES,Post,10,,0,4.068,YES,9.93333333333333,1:Recurred,,Died of Disease
MB-7160,brca_metabric,,,,,,,,,,,,,,,,,,,,,,,148.066666666667,0:LIVING,,,,,,,,,,,,,1,Female,,,51.34,BREAST CONSERVING,High,NO,Her2,4,Positve,GAIN,Ductal/NST,YES,Post,9,Left,0,4.046,YES,148.066666666667,0:Not Recurred,ER+/HER2- High Prolif,Living
MB-7161,brca_metabric,,,,,,,,,,,,,,,,,,,,,,,121.533333333333,0:LIVING,,,,,,,,,,,,,1,Female,,,47.67,BREAST CONSERVING,Low,NO,LumA,4,Positve,GAIN,Ductal/NST,NO,Pre,6,Left,5,5.092,YES,121.533333333333,0:Not Recurred,ER+/HER2- High Prolif,Living
MB-7162,brca_metabric,,,,,,,,,,,,,,,,,,,,,,,140.2,0:LIVING,,,,,,,,,,,,,1,Female,,,59.84,BREAST CONSERVING,Moderate,NO,LumA,4,Positve,NEUTRAL,Ductal/NST,YES,Post,3,Right,0,2.0276,YES,140.2,0:Not Recurred,ER+/HER2- Low Prolif,Living
MB-7163,brca_metabric,,,,,,,,,,,,,,,,,,,,,,,52.6333333333333,1:DECEASED,,,,,,,,,,,,,1,Female,,,43.81,MASTECTOMY,Moderate,YES,LumA,4,Negative,NEUTRAL,Ductal/NST,YES,Pre,3,,15,5.06,NO,51.6,1:Recurred,ER+/HER2- Low Prolif,Died of Disease
MB-7164,brca_metabric,,,,,,,,,,,,,,,,,,,,,,,211.4,0:LIVING,,,,,,,,,,,,,1,Female,,,49.13,BREAST CONSERVING,High,NO,LumA,4,Positve,NEUTRAL,Ductal/NST,YES,Pre,3,,2,3.0314,YES,211.4,0:Not Recurred,ER+/HER2- Low Prolif,Living
MB-7165,brca_metabric,,,,,,,,,,,,,,,,,,,,,,,147.166666666667,0:LIVING,,,,,,,,,,,,,1,Female,,,28.78,BREAST CONSERVING,High,YES,Basal,4,Negative,NEUTRAL,Ductal/NST,NO,Pre,10,Left,1,5.364,YES,147.166666666667,0:Not Recurred,ER-/HER2-,Living
MB-7167,brca_metabric,,,,,,,,,,,,,,,,,,,,,,,141.033333333333,0:LIVING,,,,,,,,,,,,,1,Female,,,43.26,MASTECTOMY,High,NO,Her2,4,Positve,NEUTRAL,Ductal/NST,YES,Pre,8,Left,0,3.17,YES,141.033333333333,0:Not Recurred,ER+/HER2- Low Prolif,Living
MB-7168,brca_metabric,,,,,,,,,,,,,,,,,,,,,,,150.5,0:LIVING,,,,,,,,,,,,,1,Female,,,60.33,MASTECTOMY,Low,NO,LumA,4,Positve,NEUTRAL,Ductal/NST,YES,Post,7,Right,0,4.05,NO,150.5,0:Not Recurred,ER+/HER2- Low Prolif,Living
MB-7170,brca_metabric,,,,,,,,,,,,,,,,,,,,,,,155.4,0:LIVING,,,,,,,,,,,,,1,Female,,,58.56,BREAST CONSERVING,High,NO,LumA,4,Positve,NEUTRAL,Ductal/NST,YES,Post,4ER+,Left,0,3.04,YES,155.4,0:Not Recurred,,Living
MB-7171,brca_metabric,,,,,,,,,,,,,,,,,,,,,,,160.4,1:DECEASED,,,,,,,,,,,,,1,Female,,,71.82,BREAST CONSERVING,High,NO,LumB,4,Positve,NEUTRAL,Ductal/NST,YES,Post,9,Right,3,5.062,YES,160.4,0:Not Recurred,ER+/HER2- High Prolif,Died of Other Causes
MB-7172,brca_metabric,,,,,,,,,,,,,,,,,,,,,,,149.3,0:LIVING,,,,,,,,,,,,,1,Female,,,62.7,MASTECTOMY,High,NO,LumB,4,Positve,NEUTRAL,Ductal/NST,YES,Post,8,Right,3,4.0366,NO,133.633333333333,1:Recurred,ER+/HER2- High Prolif,Living
MB-7173,brca_metabric,,,,,,,,,,,,,,,,,,,,,,,63.5333333333333,1:DECEASED,,,,,,,,,,,,,1,Female,,,67.4,MASTECTOMY,High,NO,LumA,4,Positve,NEUTRAL,Lobular,YES,Post,8,Right,0,3.0432,NO,63.5333333333333,0:Not Recurred,ER+/HER2- High Prolif,Died of Other Causes
MB-7174,brca_metabric,,,,,,,,,,,,,,,,,,,,,,,140.766666666667,0:LIVING,,,,,,,,,,,,,1,Female,,,60.63,BREAST CONSERVING,High,NO,LumB,4,,NEUTRAL,Ductal/NST,YES,Post,6,Right,0,4.04,YES,140.766666666667,0:Not Recurred,ER+/HER2- High Prolif,Living
MB-7176,brca_metabric,,,,,,,,,,,,,,,,,,,,,,,194.4,1:DECEASED,,,,,,,,,,,,,1,Female,,,50.51,BREAST CONSERVING,High,NO,LumA,4,Positve,NEUTRAL,Ductal/NST,YES,Post,8,Right,1,4.057,YES,194.4,0:Not Recurred,ER+/HER2- High Prolif,Died of Other Causes
MB-7181,brca_metabric,,,,,,,,,,,,,,,,,,,,,,,157.533333333333,0:LIVING,,,,,,,,,,,,,1,Female,,,63.09,BREAST CONSERVING,High,NO,LumB,4,Positve,GAIN,Ductal/NST,YES,Post,1,Left,1,5.042,YES,157.533333333333,0:Not Recurred,ER+/HER2- High Prolif,Living
MB-7182,brca_metabric,,,,,,,,,,,,,,,,,,,,,,,49.4666666666667,1:DECEASED,,,,,,,,,,,,,1,Female,,,58.26,MASTECTOMY,Moderate,YES,Her2,4,Positve,NEUTRAL,Ductal/NST,YES,Post,9,,0,4.054,NO,33.9666666666667,1:Recurred,ER+/HER2- High Prolif,Died of Disease
MB-7185,brca_metabric,,,,,,,,,,,,,,,,,,,,,,,125.033333333333,1:DECEASED,,,,,,,,,,,,,1,Female,,,70.76,BREAST CONSERVING,High,NO,LumA,4,Positve,NEUTRAL,Ductal/NST,YES,Post,8,Left,8,5.0324,YES,125.033333333333,1:Recurred,ER+/HER2- Low Prolif,Died of Disease
MB-7186,brca_metabric,,,,,,,,,,,,,,,,,,,,,,,4.86666666666667,0:LIVING,,,,,,,,,,,,,1,Female,,,48.92,MASTECTOMY,High,NO,LumB,4,Positve,NEUTRAL,Ductal/NST,NO,Pre,7,,6,5.066,NO,4.86666666666667,0:Not Recurred,ER+/HER2- High Prolif,Living
MB-7187,brca_metabric,,,,,,,,,,,,,,,,,,,,,,,146.833333333333,1:DECEASED,,,,,,,,,,,,,1,Female,,,49.35,BREAST CONSERVING,Moderate,YES,Normal,4,Negative,GAIN,Ductal/NST,YES,Pre,5,Left,0,3.0046,YES,81,1:Recurred,HER2+,Died of Disease
MB-7188,brca_metabric,,,,,,,,,,,,,,,,,,,,,,,188.166666666667,1:DECEASED,,,,,,,,,,,,,1,Female,,,68.45,BREAST CONSERVING,High,NO,LumB,4,Positve,NEUTRAL,,YES,Post,7,Left,,1.05,YES,188.166666666667,0:Not Recurred,ER+/HER2- Low Prolif,Died of Other Causes
MB-7189,brca_metabric,,,,,,,,,,,,,,,,,,,,,,,143.6,1:DECEASED,,,,,,,,,,,,,1,Female,,,58.75,BREAST CONSERVING,High,YES,LumB,4,Positve,LOSS,Ductal/NST,YES,Post,1,Right,1,4.042,YES,89.3666666666667,1:Recurred,,Died of Disease
MB-7193,brca_metabric,,,,,,,,,,,,,,,,,,,,,,,87.4666666666667,1:DECEASED,,,,,,,,,,,,,1,Female,,,76.65,MASTECTOMY,Moderate,NO,LumB,4,Positve,GAIN,Ductal/NST,YES,Post,6,,0,4.0304,NO,87.4666666666667,0:Not Recurred,ER+/HER2- High Prolif,Died of Other Causes
MB-7194,brca_metabric,,,,,,,,,,,,,,,,,,,,,,,46.6666666666667,1:DECEASED,,,,,,,,,,,,,1,Female,,,63.71,BREAST CONSERVING,High,YES,LumB,4,Positve,NEUTRAL,Ductal/NST,YES,Post,2,,0,3.043,NO,29.1,1:Recurred,ER+/HER2- High Prolif,Died of Disease
MB-7195,brca_metabric,,,,,,,,,,,,,,,,,,,,,,,80.4333333333333,1:DECEASED,,,,,,,,,,,,,1,Female,,,72.99,MASTECTOMY,Moderate,NO,LumA,4,Positve,NEUTRAL,Lobular,YES,Post,8,,0,3.05,NO,80.4333333333333,0:Not Recurred,ER+/HER2- Low Prolif,Died of Other Causes
MB-7196,brca_metabric,,,,,,,,,,,,,,,,,,,,,,,107.1,1:DECEASED,,,,,,,,,,,,,1,Female,,,67.99,MASTECTOMY,High,NO,Her2,4,Positve,NEUTRAL,Ductal/NST,YES,Post,9,Right,4,6.15,YES,102,1:Recurred,ER+/HER2- High Prolif,Died of Disease
MB-7197,brca_metabric,,,,,,,,,,,,,,,,,,,,,,,187.866666666667,1:DECEASED,,,,,,,,,,,,,1,Female,,,70.58,MASTECTOMY,High,NO,LumB,4,Positve,NEUTRAL,Ductal/NST,YES,Post,8,Right,1,4.04,NO,187.866666666667,0:Not Recurred,ER+/HER2- High Prolif,Died of Other Causes
MB-7198,brca_metabric,,,,,,,,,,,,,,,,,,,,,,,16.7333333333333,1:DECEASED,,,,,,,,,,,,,1,Female,,,67.89,MASTECTOMY,High,NO,Basal,4,Positve,NEUTRAL,Ductal/NST,YES,Post,6,,0,4.08,NO,14.7666666666667,1:Recurred,ER+/HER2- High Prolif,Died of Disease
MB-7199,brca_metabric,,,,,,,,,,,,,,,,,,,,,,,76,1:DECEASED,,,,,,,,,,,,,1,Female,,,81.14,MASTECTOMY,High,NO,LumB,4,Positve,NEUTRAL,Ductal/NST,YES,Post,8,,1,4.04,NO,76,0:Not Recurred,ER+/HER2- High Prolif,Died of Other Causes
MB-7200,brca_metabric,,,,,,,,,,,,,,,,,,,,,,,97.6,1:DECEASED,,,,,,,,,,,,,1,Female,,,71.69,BREAST CONSERVING,Moderate,NO,LumB,4,Positve,NEUTRAL,Ductal/NST,YES,Post,8,Left,0,4.046,YES,97.6,0:Not Recurred,ER+/HER2- High Prolif,Died of Other Causes
MB-7201,brca_metabric,,,,,,,,,,,,,,,,,,,,,,,163.433333333333,0:LIVING,,,,,,,,,,,,,1,Female,,,62.07,BREAST CONSERVING,High,NO,claudin-low,4,Positve,NEUTRAL,Ductal/NST,YES,Post,3,Right,0,3.032,YES,163.433333333333,0:Not Recurred,ER-/HER2-,Living
MB-7205,brca_metabric,,,,,,,,,,,,,,,,,,,,,,,166.033333333333,0:LIVING,,,,,,,,,,,,,1,Female,,,38.17,BREAST CONSERVING,Moderate,YES,Basal,4,Negative,NEUTRAL,Ductal/NST,YES,Pre,10,,2,5.05,YES,166.033333333333,0:Not Recurred,ER-/HER2-,Living
MB-7207,brca_metabric,,,,,,,,,,,,,,,,,,,,,,,55.7333333333333,1:DECEASED,,,,,,,,,,,,,1,Female,,,43.28,MASTECTOMY,,YES,Her2,4,Negative,GAIN,Ductal/NST,YES,Pre,1,Right,1,2.06,YES,14.9333333333333,1:Recurred,ER-/HER2-,Died of Disease
MB-7208,brca_metabric,,,,,,,,,,,,,,,,,,,,,,,45.9333333333333,1:DECEASED,,,,,,,,,,,,,1,Female,,,48.83,MASTECTOMY,High,YES,Basal,4,Negative,NEUTRAL,Ductal/NST,YES,Pre,10,,9,6.0622,YES,11.8333333333333,1:Recurred,ER-/HER2-,Died of Disease
MB-7212,brca_metabric,,,,,,,,,,,,,,,,,,,,,,,52.5,1:DECEASED,,,,,,,,,,,,,1,Female,,,62.26,MASTECTOMY,High,NO,LumA,4,Positve,GAIN,Lobular,YES,Post,3,,0,4.0286,NO,52.5,0:Not Recurred,ER+/HER2- Low Prolif,Died of Other Causes
MB-7215,brca_metabric,,,,,,,,,,,,,,,,,,,,,,,208.966666666667,1:DECEASED,,,,,,,,,,,,,1,Female,,,60.15,BREAST CONSERVING,Moderate,NO,claudin-low,4,Positve,NEUTRAL,Medullary,YES,Post,4ER+,,2,4.031,YES,208.966666666667,0:Not Recurred,ER+/HER2- Low Prolif,Died of Other Causes
MB-7216,brca_metabric,,,,,,,,,,,,,,,,,,,,,,,207.466666666667,1:DECEASED,,,,,,,,,,,,,1,Female,,,79.23,MASTECTOMY,Moderate,NO,LumB,4,Positve,NEUTRAL,Lobular,YES,Post,4ER+,Left,0,3.04,NO,207.466666666667,0:Not Recurred,ER+/HER2- Low Prolif,Died of Other Causes
MB-7217,brca_metabric,,,,,,,,,,,,,,,,,,,,,,,90.4,1:DECEASED,,,,,,,,,,,,,1,Female,,,62.61,BREAST CONSERVING,Low,NO,LumA,4,Positve,NEUTRAL,Ductal/NST,NO,Post,3,Right,0,1.02,YES,90.4,0:Not Recurred,ER+/HER2- Low Prolif,Died of Other Causes
MB-7218,brca_metabric,,,,,,,,,,,,,,,,,,,,,,,165.433333333333,0:LIVING,,,,,,,,,,,,,1,Female,,,57.87,BREAST CONSERVING,Moderate,NO,LumA,4,Positve,NEUTRAL,Lobular,YES,Post,3,,2,3.0252,YES,165.433333333333,0:Not Recurred,ER+/HER2- Low Prolif,Living
MB-7219,brca_metabric,,,,,,,,,,,,,,,,,,,,,,,165.2,0:LIVING,,,,,,,,,,,,,1,Female,,,60.07,MASTECTOMY,High,NO,LumA,4,Positve,NEUTRAL,Ductal/NST,YES,Post,8,Left,1,3.025,YES,108.366666666667,1:Recurred,ER+/HER2- Low Prolif,Living
MB-7220,brca_metabric,,,,,,,,,,,,,,,,,,,,,,,183.2,1:DECEASED,,,,,,,,,,,,,1,Female,,,70.97,BREAST CONSERVING,Moderate,NO,LumB,4,Positve,NEUTRAL,Ductal/NST,YES,Post,8,Left,0,3.0502,YES,1.63333333333333,1:Recurred,ER+/HER2- Low Prolif,Died of Other Causes
MB-7225,brca_metabric,,,,,,,,,,,,,,,,,,,,,,,55,1:DECEASED,,,,,,,,,,,,,1,Female,,,49.61,MASTECTOMY,High,YES,Basal,4,Negative,GAIN,Ductal/NST,YES,Pre,10,,3,5.076,YES,41,1:Recurred,,Died of Disease
MB-7226,brca_metabric,,,,,,,,,,,,,,,,,,,,,,,53.3666666666667,1:DECEASED,,,,,,,,,,,,,1,Female,,,67.88,MASTECTOMY,High,YES,LumB,4,Positve,GAIN,Ductal/NST,YES,Post,6,,3,5.0352,NO,42.2666666666667,1:Recurred,ER+/HER2- High Prolif,Died of Disease
MB-7227,brca_metabric,,,,,,,,,,,,,,,,,,,,,,,63.2,1:DECEASED,,,,,,,,,,,,,1,Female,,,72.66,MASTECTOMY,Moderate,NO,Normal,4,Positve,NEUTRAL,Ductal/NST,YES,Post,3,,0,3.034,NO,63.1,1:Recurred,ER+/HER2- High Prolif,Died of Other Causes
MB-7228,brca_metabric,,,,,,,,,,,,,,,,,,,,,,,239.166666666667,0:LIVING,,,,,,,,,,,,,1,Female,,,58.92,MASTECTOMY,Low,NO,Normal,4,Positve,GAIN,Ductal/NST,YES,Post,7,Left,6,5.07,NO,239.166666666667,0:Not Recurred,ER+/HER2- Low Prolif,Living
MB-7229,brca_metabric,,,,,,,,,,,,,,,,,,,,,,,111.6,1:DECEASED,,,,,,,,,,,,,1,Female,,,73.52,MASTECTOMY,High,NO,LumA,4,Positve,NEUTRAL,Mixed,YES,Post,8,Right,1,5.058,NO,111.6,0:Not Recurred,ER+/HER2- High Prolif,Died of Other Causes
MB-7230,brca_metabric,,,,,,,,,,,,,,,,,,,,,,,182.6,0:LIVING,,,,,,,,,,,,,1,Female,,,51.45,BREAST CONSERVING,Moderate,NO,LumA,4,Positve,NEUTRAL,Ductal/NST,YES,Post,3,Left,0,3.03,YES,182.6,0:Not Recurred,ER+/HER2- High Prolif,Living
MB-7231,brca_metabric,,,,,,,,,,,,,,,,,,,,,,,199.033333333333,1:DECEASED,,,,,,,,,,,,,1,Female,,,68.41,MASTECTOMY,Moderate,NO,LumA,4,Positve,NEUTRAL,Ductal/NST,NO,Post,4ER+,Left,0,1.076,NO,199.033333333333,0:Not Recurred,ER+/HER2- Low Prolif,Died of Other Causes
MB-7232,brca_metabric,,,,,,,,,,,,,,,,,,,,,,,177.6,0:LIVING,,,,,,,,,,,,,1,Female,,,58.37,MASTECTOMY,High,NO,LumA,4,Positve,NEUTRAL,Ductal/NST,NO,Post,8,Right,0,3.00424,NO,177.6,0:Not Recurred,ER+/HER2- Low Prolif,Living
MB-7233,brca_metabric,,,,,,,,,,,,,,,,,,,,,,,222.033333333333,1:DECEASED,,,,,,,,,,,,,1,Female,,,74.76,MASTECTOMY,Moderate,NO,Her2,4,Positve,NEUTRAL,Ductal/NST,YES,Post,8,Left,0,3.0426,NO,222.033333333333,0:Not Recurred,ER+/HER2- Low Prolif,Died of Other Causes
MB-7234,brca_metabric,,,,,,,,,,,,,,,,,,,,,,,222.2,0:LIVING,,,,,,,,,,,,,1,Female,,,63.43,BREAST CONSERVING,High,NO,LumB,4,Positve,NEUTRAL,Ductal/NST,YES,Post,6,Left,0,4.016,YES,222.2,0:Not Recurred,ER+/HER2- High Prolif,Living
MB-7235,brca_metabric,,,,,,,,,,,,,,,,,,,,,,,170.8,0:LIVING,,,,,,,,,,,,,1,Female,,,62.45,MASTECTOMY,High,NO,LumA,4,Positve,GAIN,Other,YES,Post,8,,2,4.04,NO,170.8,0:Not Recurred,ER+/HER2- Low Prolif,Living
MB-7236,brca_metabric,,,,,,,,,,,,,,,,,,,,,,,201.466666666667,1:DECEASED,,,,,,,,,,,,,1,Female,,,51.46,BREAST CONSERVING,Moderate,NO,LumB,4,Positve,GAIN,,YES,Post,8,Left,5,5.04464,YES,131.1,1:Recurred,ER+/HER2- Low Prolif,Died of Other Causes
MB-7237,brca_metabric,,,,,,,,,,,,,,,,,,,,,,,23.9333333333333,1:DECEASED,,,,,,,,,,,,,1,Female,,,77.37,MASTECTOMY,Moderate,NO,NC,4,Positve,GAIN,Ductal/NST,YES,Post,9,,8,5.036,NO,21.4666666666667,1:Recurred,ER+/HER2- High Prolif,Died of Disease
MB-7238,brca_metabric,,,,,,,,,,,,,,,,,,,,,,,23.2666666666667,1:DECEASED,,,,,,,,,,,,,1,Female,,,71.11,MASTECTOMY,High,NO,Her2,4,Positve,NEUTRAL,Ductal/NST,YES,Post,8,,0,4.054,NO,10.2666666666667,1:Recurred,ER+/HER2- High Prolif,Died of Disease
MB-7241,brca_metabric,,,,,,,,,,,,,,,,,,,,,,,171.1,0:LIVING,,,,,,,,,,,,,1,Female,,,47.85,MASTECTOMY,Moderate,NO,LumB,4,Positve,NEUTRAL,Ductal/NST,NO,Pre,7,,1,4.046,NO,171.1,0:Not Recurred,ER+/HER2- Low Prolif,Living
MB-7243,brca_metabric,,,,,,,,,,,,,,,,,,,,,,,148.8,1:DECEASED,,,,,,,,,,,,,1,Female,,,78.89,MASTECTOMY,Moderate,NO,LumA,4,Positve,NEUTRAL,Ductal/NST,YES,Post,8,,0,2.034,NO,148.8,0:Not Recurred,ER+/HER2- Low Prolif,Died of Other Causes
MB-7244,brca_metabric,,,,,,,,,,,,,,,,,,,,,,,184.166666666667,0:LIVING,,,,,,,,,,,,,1,Female,,,54.81,BREAST CONSERVING,Moderate,NO,LumA,4,Positve,NEUTRAL,Ductal/NST,NO,Post,8,Right,1,3.024,YES,184.166666666667,0:Not Recurred,ER+/HER2- Low Prolif,Living
MB-7249,brca_metabric,,,,,,,,,,,,,,,,,,,,,,,58.6666666666667,1:DECEASED,,,,,,,,,,,,,1,Female,,,75.13,BREAST CONSERVING,Low,NO,LumA,4,Positve,GAIN,Ductal/NST,YES,Post,8,,0,1.042,YES,58.6666666666667,0:Not Recurred,ER+/HER2- Low Prolif,Died of Other Causes
MB-7250,brca_metabric,,,,,,,,,,,,,,,,,,,,,,,51,1:DECEASED,,,,,,,,,,,,,1,Female,,,48.45,BREAST CONSERVING,Moderate,NO,Her2,4,Negative,GAIN,Ductal/NST,NO,Pre,5,,0,4.0354,YES,10.5,1:Recurred,HER2+,Died of Disease
MB-7251,brca_metabric,,,,,,,,,,,,,,,,,,,,,,,21.5666666666667,1:DECEASED,,,,,,,,,,,,,1,Female,,,54.66,MASTECTOMY,Moderate,NO,Her2,4,Positve,GAIN,Ductal/NST,YES,Post,5,,5,6.03094,NO,19.7333333333333,1:Recurred,HER2+,Died of Disease
MB-7252,brca_metabric,,,,,,,,,,,,,,,,,,,,,,,35.7,1:DECEASED,,,,,,,,,,,,,1,Female,,,74.8,MASTECTOMY,High,NO,Her2,4,Positve,GAIN,Ductal/NST,YES,Post,4ER+,,5,6.07,NO,32.8333333333333,1:Recurred,ER-/HER2-,Died of Other Causes
MB-7253,brca_metabric,,,,,,,,,,,,,,,,,,,,,,,59.9666666666667,1:DECEASED,,,,,,,,,,,,,1,Female,,,69.72,MASTECTOMY,High,NO,LumB,4,Positve,NEUTRAL,Ductal/NST,YES,Post,3,,0,3.05,NO,57.6333333333333,1:Recurred,ER+/HER2- High Prolif,Died of Disease
MB-7254,brca_metabric,,,,,,,,,,,,,,,,,,,,,,,192.2,0:LIVING,,,,,,,,,,,,,1,Female,,,62.46,MASTECTOMY,Moderate,NO,LumA,4,Positve,NEUTRAL,Ductal/NST,YES,Post,8,,2,4.046,NO,192.2,0:Not Recurred,ER+/HER2- High Prolif,Living
MB-7256,brca_metabric,,,,,,,,,,,,,,,,,,,,,,,34.7,1:DECEASED,,,,,,,,,,,,,1,Female,,,50.92,BREAST CONSERVING,High,YES,Her2,4,Negative,GAIN,Ductal/NST,YES,Post,5,,17,5.08,YES,28,1:Recurred,HER2+,Died of Disease
MB-7258,brca_metabric,,,,,,,,,,,,,,,,,,,,,,,15.0666666666667,1:DECEASED,,,,,,,,,,,,,1,Female,,,45.11,BREAST CONSERVING,High,YES,Basal,4,Negative,NEUTRAL,Ductal/NST,YES,Pre,10,,6,6.06,YES,10,1:Recurred,,Died of Disease
MB-7260,brca_metabric,,,,,,,,,,,,,,,,,,,,,,,31.1666666666667,0:LIVING,,,,,,,,,,,,,1,Female,,,52.41,BREAST CONSERVING,Moderate,YES,Her2,4,Negative,GAIN,Ductal/NST,NO,Post,5,Right,7,6.0483,YES,31.1666666666667,0:Not Recurred,HER2+,Living
MB-7262,brca_metabric,,,,,,,,,,,,,,,,,,,,,,,104.033333333333,1:DECEASED,,,,,,,,,,,,,1,Female,,,83.8,BREAST CONSERVING,Moderate,NO,Her2,4,Positve,NEUTRAL,Ductal/NST,YES,Post,9,Left,1,5.08,NO,104.033333333333,0:Not Recurred,ER+/HER2- High Prolif,Died of Other Causes
MB-7263,brca_metabric,,,,,,,,,,,,,,,,,,,,,,,164.966666666667,1:DECEASED,,,,,,,,,,,,,1,Female,,,63.89,BREAST CONSERVING,High,NO,LumB,4,Positve,GAIN,Ductal/NST,YES,Post,9,Left,2,4.06,YES,98.9,1:Recurred,ER+/HER2- High Prolif,Died of Other Causes
MB-7264,brca_metabric,,,,,,,,,,,,,,,,,,,,,,,42.9666666666667,1:DECEASED,,,,,,,,,,,,,1,Female,,,60.57,BREAST CONSERVING,Moderate,NO,Normal,4,Positve,NEUTRAL,Ductal/NST,YES,Post,4ER+,,11,6.07,YES,22.4,1:Recurred,ER+/HER2- Low Prolif,Died of Disease
MB-7266,brca_metabric,,,,,,,,,,,,,,,,,,,,,,,68.1666666666667,1:DECEASED,,,,,,,,,,,,,1,Female,,,59.82,BREAST CONSERVING,Moderate,NO,LumB,4,Positve,NEUTRAL,Ductal/NST,YES,Post,9,,1,3.08,YES,30.9333333333333,1:Recurred,,Died of Disease
MB-7267,brca_metabric,,,,,,,,,,,,,,,,,,,,,,,195.366666666667,1:DECEASED,,,,,,,,,,,,,1,Female,,,28.37,MASTECTOMY,Moderate,YES,Basal,4,Negative,GAIN,Ductal/NST,NO,Pre,10,Left,3,5.041,YES,138.4,1:Recurred,,Died of Other Causes
MB-7268,brca_metabric,,,,,,,,,,,,,,,,,,,,,,,227.466666666667,0:LIVING,,,,,,,,,,,,,1,Female,,,34.64,MASTECTOMY,Moderate,NO,LumA,4,Positve,LOSS,Ductal/NST,YES,Pre,8,,1,5.1,YES,73.9333333333333,1:Recurred,ER+/HER2- High Prolif,Living
MB-7269,brca_metabric,,,,,,,,,,,,,,,,,,,,,,,21.1666666666667,1:DECEASED,,,,,,,,,,,,,1,Female,,,36.6,BREAST CONSERVING,Moderate,YES,Basal,4,Negative,GAIN,Ductal/NST,YES,Pre,10,,2,5.05,YES,13.3666666666667,1:Recurred,ER-/HER2-,Died of Disease
MB-7270,brca_metabric,,,,,,,,,,,,,,,,,,,,,,,175.166666666667,0:LIVING,,,,,,,,,,,,,1,Female,,,50.84,MASTECTOMY,High,YES,Basal,4,Negative,NEUTRAL,Ductal/NST,NO,Post,10,Left,1,5.032,NO,175.166666666667,0:Not Recurred,ER-/HER2-,Living
MB-7273,brca_metabric,,,,,,,,,,,,,,,,,,,,,,,208.2,0:LIVING,,,,,,,,,,,,,1,Female,,,47.47,BREAST CONSERVING,High,YES,Her2,4,Negative,GAIN,Lobular,NO,Pre,5,Left,1,5.04,YES,208.2,0:Not Recurred,HER2+,Living
MB-7275,brca_metabric,,,,,,,,,,,,,,,,,,,,,,,44.4,1:DECEASED,,,,,,,,,,,,,1,Female,,,30.02,MASTECTOMY,High,YES,Her2,4,Negative,GAIN,Ductal/NST,NO,Pre,5,Right,3,5.04,NO,22.9333333333333,1:Recurred,HER2+,Died of Disease
MB-7276,brca_metabric,,,,,,,,,,,,,,,,,,,,,,,185.333333333333,0:LIVING,,,,,,,,,,,,,1,Female,,,61.27,BREAST CONSERVING,High,NO,LumA,4,Positve,NEUTRAL,Ductal/NST,YES,Post,8,,4,4.04,YES,185.333333333333,0:Not Recurred,ER+/HER2- Low Prolif,Living
MB-7277,brca_metabric,,,,,,,,,,,,,,,,,,,,,,,187.033333333333,0:LIVING,,,,,,,,,,,,,1,Female,,,56.78,MASTECTOMY,High,NO,LumA,4,Positve,NEUTRAL,Ductal/NST,YES,Post,8,,3,4.06,NO,187.033333333333,0:Not Recurred,ER+/HER2- Low Prolif,Living
MB-7278,brca_metabric,,,,,,,,,,,,,,,,,,,,,,,241.3,1:DECEASED,,,,,,,,,,,,,1,Female,,,67.89,MASTECTOMY,High,NO,LumA,4,Positve,NEUTRAL,Ductal/NST,YES,Post,3,Left,1,4.03,NO,241.3,0:Not Recurred,ER+/HER2- Low Prolif,Died of Other Causes
MB-7279,brca_metabric,,,,,,,,,,,,,,,,,,,,,,,21.3,1:DECEASED,,,,,,,,,,,,,1,Female,,,86.14,MASTECTOMY,High,NO,Her2,4,Positve,GAIN,Ductal/NST,YES,Post,9,,3,4.1,NO,19.3333333333333,1:Recurred,HER2+,Died of Disease
MB-7280,brca_metabric,,,,,,,,,,,,,,,,,,,,,,,195.533333333333,0:LIVING,,,,,,,,,,,,,1,Female,,,63.5,MASTECTOMY,High,NO,LumA,4,Positve,NEUTRAL,Ductal/NST,YES,Post,7,Left,6,5.08,NO,195.533333333333,0:Not Recurred,ER+/HER2- High Prolif,Living
MB-7281,brca_metabric,,,,,,,,,,,,,,,,,,,,,,,49.5333333333333,1:DECEASED,,,,,,,,,,,,,1,Female,,,51.22,MASTECTOMY,Moderate,YES,Her2,4,Positve,GAIN,Ductal/NST,YES,Post,5,,3,5.032,YES,24.8666666666667,1:Recurred,HER2+,Died of Disease
MB-7283,brca_metabric,,,,,,,,,,,,,,,,,,,,,,,28.8666666666667,1:DECEASED,,,,,,,,,,,,,1,Female,,,54.42,BREAST CONSERVING,Moderate,YES,LumB,4,Positve,LOSS,Lobular,YES,Post,6,,33,5.06,YES,12.9666666666667,1:Recurred,ER+/HER2- High Prolif,Died of Disease
MB-7284,brca_metabric,,,,,,,,,,,,,,,,,,,,,,,203,1:DECEASED,,,,,,,,,,,,,1,Female,,,61.23,MASTECTOMY,High,NO,LumA,4,Positve,NEUTRAL,Ductal/NST,YES,Post,6,Right,1,5.03,NO,148.933333333333,1:Recurred,ER+/HER2- Low Prolif,Died of Other Causes
MB-7285,brca_metabric,,,,,,,,,,,,,,,,,,,,,,,109,1:DECEASED,,,,,,,,,,,,,1,Female,,,53.14,BREAST CONSERVING,Moderate,NO,claudin-low,4,Positve,GAIN,Ductal/NST,YES,Post,6,,3,4.04,YES,109,1:Recurred,ER+/HER2- Low Prolif,Died of Disease
MB-7286,brca_metabric,,,,,,,,,,,,,,,,,,,,,,,158.633333333333,1:DECEASED,,,,,,,,,,,,,1,Female,,,66.48,MASTECTOMY,High,NO,LumB,4,Positve,NEUTRAL,Ductal/NST,YES,Post,3,Left,3,5.05,NO,158.633333333333,0:Not Recurred,ER+/HER2- High Prolif,Died of Other Causes
MB-7287,brca_metabric,,,,,,,,,,,,,,,,,,,,,,,96.9666666666667,1:DECEASED,,,,,,,,,,,,,1,Female,,,63.09,MASTECTOMY,Moderate,NO,LumB,4,Positve,GAIN,Ductal/NST,YES,Post,5,,10,6.06,NO,64.1333333333333,1:Recurred,ER+/HER2- High Prolif,Died of Disease
MB-7288,brca_metabric,,,,,,,,,,,,,,,,,,,,,,,27.0666666666667,1:DECEASED,,,,,,,,,,,,,1,Female,,,55.7,BREAST CONSERVING,High,NO,LumB,4,Positve,NEUTRAL,Ductal/NST,YES,Post,8,,8,5.06,YES,9.46666666666667,1:Recurred,ER+/HER2- High Prolif,Died of Disease
MB-7289,brca_metabric,,,,,,,,,,,,,,,,,,,,,,,126.666666666667,1:DECEASED,,,,,,,,,,,,,1,Female,,,51.87,MASTECTOMY,Moderate,NO,Normal,4,Positve,GAIN,Ductal/NST,YES,Post,4ER+,,5,5.13,NO,54,1:Recurred,ER+/HER2- Low Prolif,Died of Disease
MB-7291,brca_metabric,,,,,,,,,,,,,,,,,,,,,,,6.83333333333333,1:DECEASED,,,,,,,,,,,,,1,Female,,,53.87,MASTECTOMY,High,NO,claudin-low,4,Positve,GAIN,Ductal/NST,YES,Post,1,,22,6.1,NO,6.26666666666667,1:Recurred,HER2+,Died of Disease
MB-7292,brca_metabric,,,,,,,,,,,,,,,,,,,,,,,78.4666666666667,1:DECEASED,,,,,,,,,,,,,1,Female,,,52.9,BREAST CONSERVING,High,NO,LumB,4,Positve,GAIN,Ductal/NST,YES,Post,6,,1,4.03,YES,33.2,1:Recurred,ER+/HER2- High Prolif,Died of Disease
MB-7293,brca_metabric,,,,,,,,,,,,,,,,,,,,,,,199.233333333333,0:LIVING,,,,,,,,,,,,,1,Female,,,56.9,MASTECTOMY,High,NO,LumA,4,Positve,NEUTRAL,Ductal/NST,YES,Post,3,,1,5.09,NO,199.233333333333,0:Not Recurred,ER+/HER2- Low Prolif,Living
MB-7294,brca_metabric,,,,,,,,,,,,,,,,,,,,,,,82.7333333333333,1:DECEASED,,,,,,,,,,,,,1,Female,,,59.2,MASTECTOMY,High,NO,LumB,4,Positve,GAIN,Ductal/NST,YES,Post,1,,1,4.03,NO,82.7333333333333,1:Recurred,ER+/HER2- High Prolif,Died of Disease
MB-7295,brca_metabric,,,,,,,,,,,,,,,,,,,,,,,196.866666666667,0:LIVING,,,,,,,,,,,,,1,Female,,,43.1,BREAST CONSERVING,High,NO,LumA,4,Positve,NEUTRAL,Lobular,YES,Pre,3,Right,1,5.05,YES,196.866666666667,0:Not Recurred,ER+/HER2- Low Prolif,Living
MB-7296,brca_metabric,,,,,,,,,,,,,,,,,,,,,,,44.7333333333333,1:DECEASED,,,,,,,,,,,,,1,Female,,,42.88,MASTECTOMY,High,NO,LumB,4,Positve,GAIN,Ductal/NST,NO,Pre,5,,1,5.04,YES,16.3,1:Recurred,,Died of Disease
MB-7297,brca_metabric,,,,,,,,,,,,,,,,,,,,,,,175.966666666667,1:DECEASED,,,,,,,,,,,,,1,Female,,,62.9,MASTECTOMY,High,NO,LumB,4,Positve,NEUTRAL,Ductal/NST,YES,Post,1,Left,45,6.05,YES,122.8,1:Recurred,,Died of Disease
MB-7298,brca_metabric,,,,,,,,,,,,,,,,,,,,,,,86.2333333333333,1:DECEASED,,,,,,,,,,,,,1,Female,,,61.16,MASTECTOMY,Moderate,NO,LumB,4,Positve,NEUTRAL,Ductal/NST,YES,Post,1,,12,5.05,NO,86.2333333333333,0:Not Recurred,ER+/HER2- High Prolif,Died of Other Causes
MB-7299,brca_metabric,,,,,,,,,,,,,,,,,,,,,,,201.9,1:DECEASED,,,,,,,,,,,,,1,Female,,,60.02,BREAST CONSERVING,High,NO,LumB,4,Positve,NEUTRAL,Ductal/NST,YES,Post,10,,1,5.04,YES,201.9,0:Not Recurred,ER+/HER2- High Prolif,Died of Other Causes
MTS-T0035,brca_metabric,,,,,,,,,,,,,,,,,,,,,,,,,,,,,,,,,,,,,1,Female,,,55.64,,,,,1,Positve,,Ductal/NST,,,,,0,,,65.5333333333333,0:Not Recurred,,
MTS-T0058,brca_metabric,,,,,,,,,,,,,,,,,,,,,,,,,,,,,,,,,,,,,1,Female,,,48,,,,,9,,,Ductal/NST,,,,,1,2.62,,60.1,0:Not Recurred,,
MTS-T0059,brca_metabric,,,,,,,,,,,,,,,,,,,,,,,,,,,,,,,,,,,,,1,Female,,,82,,,,,9,,,Ductal/NST,,,,,0,1.48,,50,0:Not Recurred,,
MTS-T0060,brca_metabric,,,,,,,,,,,,,,,,,,,,,,,,,,,,,,,,,,,,,1,Female,,,61,,,,,9,,,,,,,,0,1.98,,23.8,1:Recurred,,
MTS-T0061,brca_metabric,,,,,,,,,,,,,,,,,,,,,,,,,,,,,,,,,,,,,1,Female,,,60,,,,,9,,,Ductal/NST,,,,,0,1.38,,68.7,0:Not Recurred,,
MTS-T0062,brca_metabric,,,,,,,,,,,,,,,,,,,,,,,,,,,,,,,,,,,,,1,Female,,,58,,,,,9,,,Ductal/NST,,,,,3,2.4,,66.6333333333333,0:Not Recurred,,
MTS-T0063,brca_metabric,,,,,,,,,,,,,,,,,,,,,,,,,,,,,,,,,,,,,1,Female,,,64,,,,,9,Negative,,Ductal/NST,,,,,0,1.3,,51.8,0:Not Recurred,,
MTS-T0064,brca_metabric,,,,,,,,,,,,,,,,,,,,,,,,,,,,,,,,,,,,,1,Female,,,63,,,,,9,,,Ductal/NST,,,,,0,1.36,,48.2,0:Not Recurred,,
MTS-T0065,brca_metabric,,,,,,,,,,,,,,,,,,,,,,,,,,,,,,,,,,,,,1,Female,,,57,,,,,9,,,Mixed,,,,,,,,0.866666666666667,1:Recurred,,
MTS-T0066,brca_metabric,,,,,,,,,,,,,,,,,,,,,,,,,,,,,,,,,,,,,1,Female,,,73,,,,,9,,,Lobular,,,,,0,1.14,,85.6,1:Recurred,,
MTS-T0067,brca_metabric,,,,,,,,,,,,,,,,,,,,,,,,,,,,,,,,,,,,,1,Female,,,32,,,,,9,,,Ductal/NST,,,,,1,,,181.5,0:Not Recurred,,
MTS-T0068,brca_metabric,,,,,,,,,,,,,,,,,,,,,,,,,,,,,,,,,,,,,1,Female,,,66,,,,,9,,,Ductal/NST,,,,,0,1.44,,48.2333333333333,1:Recurred,,
MTS-T0069,brca_metabric,,,,,,,,,,,,,,,,,,,,,,,,,,,,,,,,,,,,,1,Female,,,78,,,,,9,,,Ductal/NST,,,,,2,2.52,,0.333333333333333,0:Not Recurred,,
MTS-T0070,brca_metabric,,,,,,,,,,,,,,,,,,,,,,,,,,,,,,,,,,,,,1,Female,,,76,,,,,9,Negative,,Ductal/NST,,,,,1,2.9,,35.8333333333333,1:Recurred,,
MTS-T0071,brca_metabric,,,,,,,,,,,,,,,,,,,,,,,,,,,,,,,,,,,,,1,Female,,,64,,,,,9,,,Ductal/NST,,,,,1,2.36,,24.5333333333333,1:Recurred,,
MTS-T0072,brca_metabric,,,,,,,,,,,,,,,,,,,,,,,,,,,,,,,,,,,,,1,Female,,,51,,,,,9,,,Ductal/NST,,,,,0,1.44,,26.7,0:Not Recurred,,
MTS-T0073,brca_metabric,,,,,,,,,,,,,,,,,,,,,,,,,,,,,,,,,,,,,1,Female,,,53,,,,,9,,,Ductal/NST,,,,,,,,43.4,0:Not Recurred,,
MTS-T0074,brca_metabric,,,,,,,,,,,,,,,,,,,,,,,,,,,,,,,,,,,,,1,Female,,,59,,,,,9,,,Mixed,,,,,0,1.42,,69.7666666666667,0:Not Recurred,,
MTS-T0075,brca_metabric,,,,,,,,,,,,,,,,,,,,,,,,,,,,,,,,,,,,,1,Female,,,51,,,,,9,,,Lobular,,,,,,,,218.733333333333,0:Not Recurred,,
MTS-T0076,brca_metabric,,,,,,,,,,,,,,,,,,,,,,,,,,,,,,,,,,,,,1,Female,,,80,,,,,9,,,Lobular,,,,,7,3.8,,69.4666666666667,0:Not Recurred,,
MTS-T0077,brca_metabric,,,,,,,,,,,,,,,,,,,,,,,,,,,,,,,,,,,,,1,Female,,,78,,,,,9,,,Mixed,,,,,10,3.6,,62.8,0:Not Recurred,,
MTS-T0078,brca_metabric,,,,,,,,,,,,,,,,,,,,,,,,,,,,,,,,,,,,,1,Female,,,70,,,,,9,,,Lobular,,,,,0,2.8,,52.1333333333333,0:Not Recurred,,
MTS-T0079,brca_metabric,,,,,,,,,,,,,,,,,,,,,,,,,,,,,,,,,,,,,1,Female,,,78,,,,,9,,,Lobular,,,,,30,4.5,,12.1666666666667,1:Recurred,,
MTS-T0080,brca_metabric,,,,,,,,,,,,,,,,,,,,,,,,,,,,,,,,,,,,,1,Female,,,59,,,,,9,,,Lobular,,,,,0,1.16,,55.7666666666667,0:Not Recurred,,
MTS-T0081,brca_metabric,,,,,,,,,,,,,,,,,,,,,,,,,,,,,,,,,,,,,1,Female,,,76,,,,,9,,,Lobular,,,,,0,2.02,,58.3,0:Not Recurred,,
MTS-T0082,brca_metabric,,,,,,,,,,,,,,,,,,,,,,,,,,,,,,,,,,,,,1,Female,,,75,,,,,9,,,Lobular,,,,,1,3.38,,40.6666666666667,0:Not Recurred,,
MTS-T0083,brca_metabric,,,,,,,,,,,,,,,,,,,,,,,,,,,,,,,,,,,,,1,Female,,,54,,,,,9,,,Lobular,,,,,0,2.02,,44.4666666666667,0:Not Recurred,,
MTS-T0084,brca_metabric,,,,,,,,,,,,,,,,,,,,,,,,,,,,,,,,,,,,,1,Female,,,87,,,,,9,,,Lobular,,,,,0,2.02,,50.7333333333333,0:Not Recurred,,
MTS-T0085,brca_metabric,,,,,,,,,,,,,,,,,,,,,,,,,,,,,,,,,,,,,1,Female,,,67,,,,,9,,,Lobular,,,,,3,2.5,,45.7333333333333,0:Not Recurred,,
MTS-T0086,brca_metabric,,,,,,,,,,,,,,,,,,,,,,,,,,,,,,,,,,,,,1,Female,,,64,,,,,9,Positve,,Lobular,,,,,1,,,44.7333333333333,0:Not Recurred,,
MTS-T0087,brca_metabric,,,,,,,,,,,,,,,,,,,,,,,,,,,,,,,,,,,,,1,Female,,,42,,,,,9,,,Mixed,,,,,4,3.94,,39.9,0:Not Recurred,,
MTS-T0088,brca_metabric,,,,,,,,,,,,,,,,,,,,,,,,,,,,,,,,,,,,,1,Female,,,89,,,,,9,Positve,,Lobular,,,,,0,1.7,,24.3,0:Not Recurred,,
MTS-T0089,brca_metabric,,,,,,,,,,,,,,,,,,,,,,,,,,,,,,,,,,,,,1,Female,,,70,,,,,9,,,Lobular,,,,,0,1.84,,33.8,0:Not Recurred,,
MTS-T0090,brca_metabric,,,,,,,,,,,,,,,,,,,,,,,,,,,,,,,,,,,,,1,Female,,,49,,,,,9,Positve,,Ductal/NST,,,,,2,,,25.0333333333333,0:Not Recurred,,
MTS-T0091,brca_metabric,,,,,,,,,,,,,,,,,,,,,,,,,,,,,,,,,,,,,1,Female,,,65,,,,,9,,,Lobular,,,,,0,1.36,,19.2666666666667,0:Not Recurred,,
MTS-T0092,brca_metabric,,,,,,,,,,,,,,,,,,,,,,,,,,,,,,,,,,,,,1,Female,,,52,,,,,9,Positve,,Ductal/NST,,,,,0,1.6,,19.2,0:Not Recurred,,
MTS-T0093,brca_metabric,,,,,,,,,,,,,,,,,,,,,,,,,,,,,,,,,,,,,1,Female,,,73,,,,,9,Positve,,Lobular,,,,,0,1.72,,26.2333333333333,0:Not Recurred,,
MTS-T0094,brca_metabric,,,,,,,,,,,,,,,,,,,,,,,,,,,,,,,,,,,,,1,Female,,,83,,,,,9,Positve,,Lobular,,,,,0,1.4,,20.9,0:Not Recurred,,
MTS-T0095,brca_metabric,,,,,,,,,,,,,,,,,,,,,,,,,,,,,,,,,,,,,1,Female,,,62,,,,,9,Positve,,Lobular,,,,,5,,,10.1666666666667,0:Not Recurred,,
MTS-T0131,brca_metabric,,,,,,,,,,,,,,,,,,,,,,,,,,,,,,,,,,,,,1,Female,,,36,,,,,7,Negative,,Ductal/NST,,,,,,,,,0:Not Recurred,,
MTS-T0132,brca_metabric,,,,,,,,,,,,,,,,,,,,,,,,,,,,,,,,,,,,,1,Female,,,64,,,,,7,Positve,,Lobular,,,,,,,,,0:Not Recurred,,
MTS-T0133,brca_metabric,,,,,,,,,,,,,,,,,,,,,,,,,,,,,,,,,,,,,1,Female,,,53,,,,,7,Negative,,,,,,,,,,,1:Recurred,,
MTS-T0134,brca_metabric,,,,,,,,,,,,,,,,,,,,,,,,,,,,,,,,,,,,,1,Female,,,40,,,,,7,Positve,,Ductal/NST,,,,,,,,,0:Not Recurred,,
MTS-T0135,brca_metabric,,,,,,,,,,,,,,,,,,,,,,,,,,,,,,,,,,,,,1,Female,,,59,,,,,7,Positve,,Lobular,,,,,,,,,0:Not Recurred,,
MTS-T0136,brca_metabric,,,,,,,,,,,,,,,,,,,,,,,,,,,,,,,,,,,,,1,Female,,,46,,,,,7,Positve,,,,,,,,,,,0:Not Recurred,,
MTS-T0137,brca_metabric,,,,,,,,,,,,,,,,,,,,,,,,,,,,,,,,,,,,,1,Female,,,41,,,,,7,Positve,,Ductal/NST,,,,,,,,,0:Not Recurred,,
MTS-T0138,brca_metabric,,,,,,,,,,,,,,,,,,,,,,,,,,,,,,,,,,,,,1,Female,,,54,,,,,7,Positve,,Ductal/NST,,,,,,,,,0:Not Recurred,,
MTS-T0139,brca_metabric,,,,,,,,,,,,,,,,,,,,,,,,,,,,,,,,,,,,,1,Female,,,70,,,,,7,Negative,,Ductal/NST,,,,,,,,,1:Recurred,,
MTS-T0140,brca_metabric,,,,,,,,,,,,,,,,,,,,,,,,,,,,,,,,,,,,,1,Female,,,45,,,,,7,Positve,,,,,,,,,,,0:Not Recurred,,
MTS-T0141,brca_metabric,,,,,,,,,,,,,,,,,,,,,,,,,,,,,,,,,,,,,1,Female,,,64,,,,,7,Positve,,Ductal/NST,,,,,,,,,0:Not Recurred,,
MTS-T0142,brca_metabric,,,,,,,,,,,,,,,,,,,,,,,,,,,,,,,,,,,,,1,Female,,,35,,,,,7,Positve,,Ductal/NST,,,,,,,,,0:Not Recurred,,
MTS-T0143,brca_metabric,,,,,,,,,,,,,,,,,,,,,,,,,,,,,,,,,,,,,1,Female,,,51,,,,,7,Positve,,,,,,,,,,,0:Not Recurred,,
MTS-T0144,brca_metabric,,,,,,,,,,,,,,,,,,,,,,,,,,,,,,,,,,,,,1,Female,,,43,,,,,7,Positve,,Ductal/NST,,,,,,,,,0:Not Recurred,,
MTS-T0145,brca_metabric,,,,,,,,,,,,,,,,,,,,,,,,,,,,,,,,,,,,,1,Female,,,49,,,,,7,Negative,,Ductal/NST,,,,,,,,,1:Recurred,,
MTS-T0146,brca_metabric,,,,,,,,,,,,,,,,,,,,,,,,,,,,,,,,,,,,,1,Female,,,67,,,,,7,Negative,,Ductal/NST,,,,,,,,,1:Recurred,,
MTS-T0147,brca_metabric,,,,,,,,,,,,,,,,,,,,,,,,,,,,,,,,,,,,,1,Female,,,52,,,,,7,Positve,,Ductal/NST,,,,,,,,,0:Not Recurred,,
MTS-T0148,brca_metabric,,,,,,,,,,,,,,,,,,,,,,,,,,,,,,,,,,,,,1,Female,,,56,,,,,7,Negative,,Ductal/NST,,,,,,,,,0:Not Recurred,,
MTS-T0149,brca_metabric,,,,,,,,,,,,,,,,,,,,,,,,,,,,,,,,,,,,,1,Female,,,35,,,,,7,Positve,,Ductal/NST,,,,,,,,,0:Not Recurred,,
MTS-T0150,brca_metabric,,,,,,,,,,,,,,,,,,,,,,,,,,,,,,,,,,,,,1,Female,,,38,,,,,7,Positve,,Lobular,,,,,,,,,1:Recurred,,
MTS-T0151,brca_metabric,,,,,,,,,,,,,,,,,,,,,,,,,,,,,,,,,,,,,1,Female,,,53,,,,,7,Positve,,Ductal/NST,,,,,,,,,0:Not Recurred,,
MTS-T0152,brca_metabric,,,,,,,,,,,,,,,,,,,,,,,,,,,,,,,,,,,,,1,Female,,,45,,,,,7,Positve,,Ductal/NST,,,,,,,,,0:Not Recurred,,
MTS-T0153,brca_metabric,,,,,,,,,,,,,,,,,,,,,,,,,,,,,,,,,,,,,1,Female,,,58,,,,,7,Positve,,Mixed,,,,,,,,,1:Recurred,,
MTS-T0154,brca_metabric,,,,,,,,,,,,,,,,,,,,,,,,,,,,,,,,,,,,,1,Female,,,58,,,,,7,Positve,,Ductal/NST,,,,,,,,,0:Not Recurred,,
MTS-T0155,brca_metabric,,,,,,,,,,,,,,,,,,,,,,,,,,,,,,,,,,,,,1,Female,,,43,,,,,7,Positve,,Ductal/NST,,,,,,,,,0:Not Recurred,,
MTS-T0156,brca_metabric,,,,,,,,,,,,,,,,,,,,,,,,,,,,,,,,,,,,,1,Female,,,49,,,,,7,Positve,,Lobular,,,,,,,,,0:Not Recurred,,
MTS-T0157,brca_metabric,,,,,,,,,,,,,,,,,,,,,,,,,,,,,,,,,,,,,1,Female,,,62,,,,,7,Negative,,,,,,,,,,,0:Not Recurred,,
MTS-T0158,brca_metabric,,,,,,,,,,,,,,,,,,,,,,,,,,,,,,,,,,,,,1,Female,,,46,,,,,7,Positve,,,,,,,,,,,0:Not Recurred,,
MTS-T0159,brca_metabric,,,,,,,,,,,,,,,,,,,,,,,,,,,,,,,,,,,,,1,Female,,,75,,,,,7,Negative,,,,,,,,,,,0:Not Recurred,,
MTS-T0160,brca_metabric,,,,,,,,,,,,,,,,,,,,,,,,,,,,,,,,,,,,,1,Female,,,36,,,,,7,Negative,,,,,,,,,,,1:Recurred,,
MTS-T0161,brca_metabric,,,,,,,,,,,,,,,,,,,,,,,,,,,,,,,,,,,,,1,Female,,,39,,,,,6,Positve,,,,,,,17,5.6,,,1:Recurred,,
MTS-T0162,brca_metabric,,,,,,,,,,,,,,,,,,,,,,,,,,,,,,,,,,,,,1,Female,,,,,,,,,,,,,,,,0,,,,,,
MTS-T0163,brca_metabric,,,,,,,,,,,,,,,,,,,,,,,,,,,,,,,,,,,,,1,Female,,,50,,,,,6,Positve,,Ductal/NST,,,,,15,7.06,,,1:Recurred,,
MTS-T0164,brca_metabric,,,,,,,,,,,,,,,,,,,,,,,,,,,,,,,,,,,,,1,Female,,,73,,,,,6,Positve,,Ductal/NST,,,,,0,2.26,,,1:Recurred,,
MTS-T0165,brca_metabric,,,,,,,,,,,,,,,,,,,,,,,,,,,,,,,,,,,,,1,Female,,,56.22,,,,,1,Positve,,Ductal/NST,,,,,6,7,,,,,
MTS-T0166,brca_metabric,,,,,,,,,,,,,,,,,,,,,,,,,,,,,,,,,,,,,1,Female,,,44.28,,,,,1,Positve,,Ductal/NST,,,,,0,3.2,,230,0:Not Recurred,,
MTS-T0167,brca_metabric,,,,,,,,,,,,,,,,,,,,,,,,,,,,,,,,,,,,,1,Female,,,58.77,,,,,1,Positve,,Ductal/NST,,,,,0,3.44,,226,0:Not Recurred,,
MTS-T0168,brca_metabric,,,,,,,,,,,,,,,,,,,,,,,,,,,,,,,,,,,,,1,Female,,,57.81,,,,,1,Positve,,Ductal/NST,,,,,0,3.4,,42.8,1:Recurred,,
MTS-T0169,brca_metabric,,,,,,,,,,,,,,,,,,,,,,,,,,,,,,,,,,,,,1,Female,,,50.1,,,,,1,Positve,,Ductal/NST,,,,,0,3.26,,220,0:Not Recurred,,
MTS-T0170,brca_metabric,,,,,,,,,,,,,,,,,,,,,,,,,,,,,,,,,,,,,1,Female,,,40.84,,,,,1,Positve,,Ductal/NST,,,,,1,4.7,,28,1:Recurred,,
MTS-T0171,brca_metabric,,,,,,,,,,,,,,,,,,,,,,,,,,,,,,,,,,,,,1,Female,,,51.24,,,,,1,Positve,,Ductal/NST,,,,,1,5.3,,204,0:Not Recurred,,
MTS-T0172,brca_metabric,,,,,,,,,,,,,,,,,,,,,,,,,,,,,,,,,,,,,1,Female,,,32.84,,,,,1,Negative,,Ductal/NST,,,,,0,4.14,,190,0:Not Recurred,,
MTS-T0173,brca_metabric,,,,,,,,,,,,,,,,,,,,,,,,,,,,,,,,,,,,,1,Female,,,64.2,,,,,1,Positve,,Ductal/NST,,,,,0,4.64,,57.3,0:Not Recurred,,
MTS-T0174,brca_metabric,,,,,,,,,,,,,,,,,,,,,,,,,,,,,,,,,,,,,1,Female,,,38.6,,,,,1,Positve,,Lobular,,,,,0,2.24,,40,1:Recurred,,
MTS-T0175,brca_metabric,,,,,,,,,,,,,,,,,,,,,,,,,,,,,,,,,,,,,1,Female,,,50.65,,,,,1,Negative,,Mixed,,,,,3,5.38,,17.6,1:Recurred,,
MTS-T0176,brca_metabric,,,,,,,,,,,,,,,,,,,,,,,,,,,,,,,,,,,,,1,Female,,,56.49,,,,,1,Negative,,Ductal/NST,,,,,0,4.98,,5.6,1:Recurred,,
MTS-T0177,brca_metabric,,,,,,,,,,,,,,,,,,,,,,,,,,,,,,,,,,,,,1,Female,,,65.7,,,,,1,Negative,,Lobular,,,,,0,4.36,,165,0:Not Recurred,,
MTS-T0178,brca_metabric,,,,,,,,,,,,,,,,,,,,,,,,,,,,,,,,,,,,,1,Female,,,54.54,,,,,1,Positve,,Ductal/NST,,,,,2,5.5,,24,1:Recurred,,
MTS-T0179,brca_metabric,,,,,,,,,,,,,,,,,,,,,,,,,,,,,,,,,,,,,1,Female,,,62.14,,,,,1,Negative,,Other,,,,,0,2.3,,216,0:Not Recurred,,
MTS-T0180,brca_metabric,,,,,,,,,,,,,,,,,,,,,,,,,,,,,,,,,,,,,1,Female,,,52.63,,,,,1,Negative,,Ductal/NST,,,,,0,4.3,,154,1:Recurred,,
MTS-T0181,brca_metabric,,,,,,,,,,,,,,,,,,,,,,,,,,,,,,,,,,,,,1,Female,,,54.84,,,,,1,Negative,,Ductal/NST,,,,,0,2.4,,241,0:Not Recurred,,
MTS-T0182,brca_metabric,,,,,,,,,,,,,,,,,,,,,,,,,,,,,,,,,,,,,1,Female,,,50.52,,,,,1,Negative,,Mixed,,,,,2,5.6,,234,0:Not Recurred,,
MTS-T0183,brca_metabric,,,,,,,,,,,,,,,,,,,,,,,,,,,,,,,,,,,,,1,Female,,,39.78,,,,,1,Negative,,Lobular,,,,,1,5.3,,192,0:Not Recurred,,
MTS-T0184,brca_metabric,,,,,,,,,,,,,,,,,,,,,,,,,,,,,,,,,,,,,1,Female,,,47,,,,,1,Negative,,Ductal/NST,,,,,3,5.9,,7.6,1:Recurred,,
MTS-T0185,brca_metabric,,,,,,,,,,,,,,,,,,,,,,,,,,,,,,,,,,,,,1,Female,,,50.22,,,,,1,Positve,,Ductal/NST,,,,,0,4.46,,2.4,1:Recurred,,
MTS-T0186,brca_metabric,,,,,,,,,,,,,,,,,,,,,,,,,,,,,,,,,,,,,1,Female,,,41.52,,,,,1,Negative,,Mixed,,,,,5,6.84,,10.4,1:Recurred,,
MTS-T0187,brca_metabric,,,,,,,,,,,,,,,,,,,,,,,,,,,,,,,,,,,,,1,Female,,,47.13,,,,,1,Negative,,Ductal/NST,,,,,0,3.26,,211,0:Not Recurred,,
MTS-T0188,brca_metabric,,,,,,,,,,,,,,,,,,,,,,,,,,,,,,,,,,,,,1,Female,,,50.34,,,,,1,Negative,,Medullary,,,,,7,6.6,,34,1:Recurred,,
MTS-T0189,brca_metabric,,,,,,,,,,,,,,,,,,,,,,,,,,,,,,,,,,,,,1,Female,,,50,,,,,1,Negative,,Ductal/NST,,,,,1,5.44,,98.2,0:Not Recurred,,
MTS-T0190,brca_metabric,,,,,,,,,,,,,,,,,,,,,,,,,,,,,,,,,,,,,1,Female,,,40.2,,,,,1,Negative,,Ductal/NST,,,,,2,,,110.666666666667,0:Not Recurred,,
MTS-T0191,brca_metabric,,,,,,,,,,,,,,,,,,,,,,,,,,,,,,,,,,,,,1,Female,,,56.65,,,,,1,Negative,,,,,,,0,,,156.533333333333,0:Not Recurred,,
MTS-T0192,brca_metabric,,,,,,,,,,,,,,,,,,,,,,,,,,,,,,,,,,,,,1,Female,,,83.87,,,,,1,Positve,,Ductal/NST,,,,,1,,,70.5,0:Not Recurred,,
MTS-T0193,brca_metabric,,,,,,,,,,,,,,,,,,,,,,,,,,,,,,,,,,,,,1,Female,,,68.05,,,,,1,Negative,,Ductal/NST,,,,,0,,,15.4,0:Not Recurred,,
MTS-T0194,brca_metabric,,,,,,,,,,,,,,,,,,,,,,,,,,,,,,,,,,,,,1,Female,,,75.68,,,,,1,Negative,,Lobular,,,,,0,,,184.366666666667,0:Not Recurred,,
MTS-T0195,brca_metabric,,,,,,,,,,,,,,,,,,,,,,,,,,,,,,,,,,,,,1,Female,,,40.41,,,,,1,Negative,,Mixed,,,,,0,4.16,,111.533333333333,0:Not Recurred,,
MTS-T0196,brca_metabric,,,,,,,,,,,,,,,,,,,,,,,,,,,,,,,,,,,,,1,Female,,,80.79,,,,,1,Negative,,Ductal/NST,,,,,0,,,119.8,0:Not Recurred,,
MTS-T0197,brca_metabric,,,,,,,,,,,,,,,,,,,,,,,,,,,,,,,,,,,,,1,Female,,,46.65,,,,,1,Negative,,Ductal/NST,,,,,7,,,10.7,1:Recurred,,
MTS-T0198,brca_metabric,,,,,,,,,,,,,,,,,,,,,,,,,,,,,,,,,,,,,1,Female,,,88.45,,,,,1,Positve,,Ductal/NST,,,,,15,,,82.4666666666667,0:Not Recurred,,
MTS-T0199,brca_metabric,,,,,,,,,,,,,,,,,,,,,,,,,,,,,,,,,,,,,1,Female,,,75.61,,,,,1,Positve,,Lobular,,,,,0,,,88.0333333333333,0:Not Recurred,,
MTS-T0200,brca_metabric,,,,,,,,,,,,,,,,,,,,,,,,,,,,,,,,,,,,,1,Female,,,58.85,,,,,1,Positve,,Lobular,,,,,0,,,101.333333333333,1:Recurred,,
MTS-T0201,brca_metabric,,,,,,,,,,,,,,,,,,,,,,,,,,,,,,,,,,,,,1,Female,,,43.28,,,,,1,Negative,,Ductal/NST,,,,,3,,,51.2666666666667,1:Recurred,,
MTS-T0202,brca_metabric,,,,,,,,,,,,,,,,,,,,,,,,,,,,,,,,,,,,,1,Female,,,56.8,,,,,1,Positve,,Ductal/NST,,,,,4,,,63.5666666666667,1:Recurred,,
MTS-T0203,brca_metabric,,,,,,,,,,,,,,,,,,,,,,,,,,,,,,,,,,,,,1,Female,,,50.99,,,,,1,Positve,,Ductal/NST,,,,,0,,,136.233333333333,0:Not Recurred,,
MTS-T0204,brca_metabric,,,,,,,,,,,,,,,,,,,,,,,,,,,,,,,,,,,,,1,Female,,,47.93,,,,,1,Negative,,Ductal/NST,,,,,2,,,13.4666666666667,1:Recurred,,
MTS-T0205,brca_metabric,,,,,,,,,,,,,,,,,,,,,,,,,,,,,,,,,,,,,1,Female,,,77.73,,,,,1,Positve,,Ductal/NST,,,,,0,,,38.4666666666667,1:Recurred,,
MTS-T0206,brca_metabric,,,,,,,,,,,,,,,,,,,,,,,,,,,,,,,,,,,,,1,Female,,,65.24,,,,,1,Positve,,Lobular,,,,,1,,,42.8,1:Recurred,,
MTS-T0207,brca_metabric,,,,,,,,,,,,,,,,,,,,,,,,,,,,,,,,,,,,,1,Female,,,72.77,,,,,1,Positve,,Ductal/NST,,,,,1,,,150.733333333333,0:Not Recurred,,
MTS-T0208,brca_metabric,,,,,,,,,,,,,,,,,,,,,,,,,,,,,,,,,,,,,1,Female,,,52.28,,,,,1,Positve,,Ductal/NST,,,,,5,,,113.4,1:Recurred,,
MTS-T0209,brca_metabric,,,,,,,,,,,,,,,,,,,,,,,,,,,,,,,,,,,,,1,Female,,,82.41,,,,,1,Negative,,Ductal/NST,,,,,0,,,38.2666666666667,0:Not Recurred,,
MTS-T0210,brca_metabric,,,,,,,,,,,,,,,,,,,,,,,,,,,,,,,,,,,,,1,Female,,,66.13,,,,,1,Positve,,Lobular,,,,,0,,,157.733333333333,0:Not Recurred,,
MTS-T0211,brca_metabric,,,,,,,,,,,,,,,,,,,,,,,,,,,,,,,,,,,,,1,Female,,,54.59,,,,,1,Negative,,Mixed,,,,,0,,,17.3666666666667,1:Recurred,,
MTS-T0212,brca_metabric,,,,,,,,,,,,,,,,,,,,,,,,,,,,,,,,,,,,,1,Female,,,70.34,,,,,1,Positve,,Ductal/NST,,,,,4,,,1.9,0:Not Recurred,,
MTS-T0213,brca_metabric,,,,,,,,,,,,,,,,,,,,,,,,,,,,,,,,,,,,,1,Female,,,73.42,,,,,1,Positve,,,,,,,2,,,39.5666666666667,0:Not Recurred,,
MTS-T0214,brca_metabric,,,,,,,,,,,,,,,,,,,,,,,,,,,,,,,,,,,,,1,Female,,,79.92,,,,,1,Positve,,Ductal/NST,,,,,0,,,151.333333333333,0:Not Recurred,,
MTS-T0215,brca_metabric,,,,,,,,,,,,,,,,,,,,,,,,,,,,,,,,,,,,,1,Female,,,46.99,,,,,1,Negative,,Mixed,,,,,0,,,159.866666666667,0:Not Recurred,,
MTS-T0216,brca_metabric,,,,,,,,,,,,,,,,,,,,,,,,,,,,,,,,,,,,,1,Female,,,45.54,,,,,1,Positve,,Mixed,,,,,0,,,177.566666666667,0:Not Recurred,,
MTS-T0217,brca_metabric,,,,,,,,,,,,,,,,,,,,,,,,,,,,,,,,,,,,,1,Female,,,58.5,,,,,1,Positve,,Ductal/NST,,,,,0,,,25.6,1:Recurred,,
MTS-T0218,brca_metabric,,,,,,,,,,,,,,,,,,,,,,,,,,,,,,,,,,,,,1,Female,,,70.5,,,,,1,Negative,,Ductal/NST,,,,,0,,,168.366666666667,0:Not Recurred,,
MTS-T0219,brca_metabric,,,,,,,,,,,,,,,,,,,,,,,,,,,,,,,,,,,,,1,Female,,,50.78,,,,,1,Positve,,Ductal/NST,,,,,1,,,151.9,1:Recurred,,
MTS-T0220,brca_metabric,,,,,,,,,,,,,,,,,,,,,,,,,,,,,,,,,,,,,1,Female,,,44.19,,,,,1,Positve,,Ductal/NST,,,,,0,,,162.366666666667,0:Not Recurred,,
MTS-T0221,brca_metabric,,,,,,,,,,,,,,,,,,,,,,,,,,,,,,,,,,,,,1,Female,,,40.48,,,,,1,Negative,,Ductal/NST,,,,,2,,,82.9333333333333,1:Recurred,,
MTS-T0222,brca_metabric,,,,,,,,,,,,,,,,,,,,,,,,,,,,,,,,,,,,,1,Female,,,52.28,,,,,1,Negative,,Ductal/NST,,,,,0,,,166.4,0:Not Recurred,,
MTS-T0223,brca_metabric,,,,,,,,,,,,,,,,,,,,,,,,,,,,,,,,,,,,,1,Female,,,74.4,,,,,1,Positve,,Ductal/NST,,,,,1,,,114.266666666667,0:Not Recurred,,
MTS-T0224,brca_metabric,,,,,,,,,,,,,,,,,,,,,,,,,,,,,,,,,,,,,1,Female,,,56.09,,,,,1,Positve,,Ductal/NST,,,,,2,,,82.7333333333333,1:Recurred,,
MTS-T0225,brca_metabric,,,,,,,,,,,,,,,,,,,,,,,,,,,,,,,,,,,,,1,Female,,,66.04,,,,,1,Positve,,Ductal/NST,,,,,10,,,102.166666666667,1:Recurred,,
MTS-T0226,brca_metabric,,,,,,,,,,,,,,,,,,,,,,,,,,,,,,,,,,,,,1,Female,,,65.22,,,,,1,Positve,,Ductal/NST,,,,,4,,,162.366666666667,1:Recurred,,
MTS-T0227,brca_metabric,,,,,,,,,,,,,,,,,,,,,,,,,,,,,,,,,,,,,1,Female,,,63.19,,,,,1,Positve,,Ductal/NST,,,,,0,,,175.933333333333,0:Not Recurred,,
MTS-T0228,brca_metabric,,,,,,,,,,,,,,,,,,,,,,,,,,,,,,,,,,,,,1,Female,,,65.71,,,,,1,Positve,,Ductal/NST,,,,,1,,,103.7,1:Recurred,,
MTS-T0229,brca_metabric,,,,,,,,,,,,,,,,,,,,,,,,,,,,,,,,,,,,,1,Female,,,62.29,,,,,1,Positve,,Ductal/NST,,,,,3,,,187.6,0:Not Recurred,,
MTS-T0230,brca_metabric,,,,,,,,,,,,,,,,,,,,,,,,,,,,,,,,,,,,,1,Female,,,47.55,,,,,1,Negative,,Lobular,,,,,6,,,42.5,1:Recurred,,
MTS-T0231,brca_metabric,,,,,,,,,,,,,,,,,,,,,,,,,,,,,,,,,,,,,1,Female,,,42.57,,,,,1,Negative,,Ductal/NST,,,,,14,,,34.9333333333333,1:Recurred,,
MTS-T0232,brca_metabric,,,,,,,,,,,,,,,,,,,,,,,,,,,,,,,,,,,,,1,Female,,,69.55,,,,,1,Positve,,Ductal/NST,,,,,1,,,9.83333333333333,0:Not Recurred,,
MTS-T0233,brca_metabric,,,,,,,,,,,,,,,,,,,,,,,,,,,,,,,,,,,,,1,Female,,,64.19,,,,,1,Positve,,Ductal/NST,,,,,1,,,134.866666666667,0:Not Recurred,,
MTS-T0234,brca_metabric,,,,,,,,,,,,,,,,,,,,,,,,,,,,,,,,,,,,,1,Female,,,59.48,,,,,1,Positve,,Ductal/NST,,,,,1,,,199.7,0:Not Recurred,,
MTS-T0235,brca_metabric,,,,,,,,,,,,,,,,,,,,,,,,,,,,,,,,,,,,,1,Female,,,63.01,,,,,1,Negative,,Ductal/NST,,,,,0,4.38,,91.7333333333333,0:Not Recurred,,
MTS-T0236,brca_metabric,,,,,,,,,,,,,,,,,,,,,,,,,,,,,,,,,,,,,1,Female,,,59.61,,,,,1,Positve,,Ductal/NST,,,,,0,4.42,,152.466666666667,0:Not Recurred,,
MTS-T0237,brca_metabric,,,,,,,,,,,,,,,,,,,,,,,,,,,,,,,,,,,,,1,Female,,,67.36,,,,,1,Negative,,Ductal/NST,,,,,3,5.66,,38.5,1:Recurred,,
MTS-T0238,brca_metabric,,,,,,,,,,,,,,,,,,,,,,,,,,,,,,,,,,,,,1,Female,,,49.98,,,,,1,Negative,,Ductal/NST,,,,,1,5.92,,72.8333333333333,0:Not Recurred,,
MTS-T0239,brca_metabric,,,,,,,,,,,,,,,,,,,,,,,,,,,,,,,,,,,,,1,Female,,,54.15,,,,,1,Positve,,Ductal/NST,,,,,0,,,147.933333333333,0:Not Recurred,,
MTS-T0240,brca_metabric,,,,,,,,,,,,,,,,,,,,,,,,,,,,,,,,,,,,,1,Female,,,63.93,,,,,1,Positve,,Ductal/NST,,,,,0,,,35.6,1:Recurred,,
MTS-T0241,brca_metabric,,,,,,,,,,,,,,,,,,,,,,,,,,,,,,,,,,,,,1,Female,,,61.83,,,,,1,Positve,,Ductal/NST,,,,,1,,,100.1,0:Not Recurred,,
MTS-T0242,brca_metabric,,,,,,,,,,,,,,,,,,,,,,,,,,,,,,,,,,,,,1,Female,,,62.81,,,,,1,Negative,,Ductal/NST,,,,,0,,,26.5666666666667,0:Not Recurred,,
MTS-T0243,brca_metabric,,,,,,,,,,,,,,,,,,,,,,,,,,,,,,,,,,,,,1,Female,,,70.24,,,,,1,Positve,,Ductal/NST,,,,,0,,,123.266666666667,0:Not Recurred,,
MTS-T0244,brca_metabric,,,,,,,,,,,,,,,,,,,,,,,,,,,,,,,,,,,,,1,Female,,,63.07,,,,,1,Negative,,Ductal/NST,,,,,0,4.74,,122.266666666667,0:Not Recurred,,
MTS-T0245,brca_metabric,,,,,,,,,,,,,,,,,,,,,,,,,,,,,,,,,,,,,1,Female,,,57.43,,,,,1,Positve,,Lobular,,,,,0,,,,,,
MTS-T0246,brca_metabric,,,,,,,,,,,,,,,,,,,,,,,,,,,,,,,,,,,,,1,Female,,,86.4,,,,,1,Negative,,Ductal/NST,,,,,1,5.74,,43.8,0:Not Recurred,,
MTS-T0247,brca_metabric,,,,,,,,,,,,,,,,,,,,,,,,,,,,,,,,,,,,,1,Female,,,35.01,,,,,1,Positve,,Ductal/NST,,,,,0,3.4,,122.733333333333,0:Not Recurred,,
MTS-T0248,brca_metabric,,,,,,,,,,,,,,,,,,,,,,,,,,,,,,,,,,,,,1,Female,,,76.34,,,,,1,Negative,,Ductal/NST,,,,,0,4.64,,104.466666666667,0:Not Recurred,,
MTS-T0249,brca_metabric,,,,,,,,,,,,,,,,,,,,,,,,,,,,,,,,,,,,,1,Female,,,46.81,,,,,1,Negative,,Medullary,,,,,0,,,112.933333333333,1:Recurred,,
MTS-T0250,brca_metabric,,,,,,,,,,,,,,,,,,,,,,,,,,,,,,,,,,,,,1,Female,,,,,,,,,,,,,,,,0,,,,,,
MTS-T0251,brca_metabric,,,,,,,,,,,,,,,,,,,,,,,,,,,,,,,,,,,,,1,Female,,,,,,,,,,,,,,,,0,,,,,,
MTS-T0252,brca_metabric,,,,,,,,,,,,,,,,,,,,,,,,,,,,,,,,,,,,,1,Female,,,68.83,,,,,1,Positve,,Ductal/NST,,,,,0,3.48,,108,0:Not Recurred,,
MTS-T0253,brca_metabric,,,,,,,,,,,,,,,,,,,,,,,,,,,,,,,,,,,,,1,Female,,,40.86,,,,,1,Positve,,Ductal/NST,,,,,1,4.82,,140.5,0:Not Recurred,,
MTS-T0254,brca_metabric,,,,,,,,,,,,,,,,,,,,,,,,,,,,,,,,,,,,,1,Female,,,69.75,,,,,1,Negative,,Mixed,,,,,2,5.34,,37.0666666666667,0:Not Recurred,,
MTS-T0255,brca_metabric,,,,,,,,,,,,,,,,,,,,,,,,,,,,,,,,,,,,,1,Female,,,69.55,,,,,1,Positve,,Ductal/NST,,,,,0,3.62,,99.5666666666667,0:Not Recurred,,
MTS-T0256,brca_metabric,,,,,,,,,,,,,,,,,,,,,,,,,,,,,,,,,,,,,1,Female,,,63.58,,,,,1,Negative,,Ductal/NST,,,,,1,,,18.2,1:Recurred,,
MTS-T0257,brca_metabric,,,,,,,,,,,,,,,,,,,,,,,,,,,,,,,,,,,,,1,Female,,,62.61,,,,,1,Positve,,Medullary,,,,,0,,,0.0333333333333333,1:Recurred,,
MTS-T0258,brca_metabric,,,,,,,,,,,,,,,,,,,,,,,,,,,,,,,,,,,,,1,Female,,,50.58,,,,,1,Negative,,Ductal/NST,,,,,0,4.7,,57.2666666666667,1:Recurred,,
MTS-T0259,brca_metabric,,,,,,,,,,,,,,,,,,,,,,,,,,,,,,,,,,,,,1,Female,,,63.6,,,,,1,Positve,,Ductal/NST,,,,,1,3.26,,65.7,0:Not Recurred,,
MTS-T0260,brca_metabric,,,,,,,,,,,,,,,,,,,,,,,,,,,,,,,,,,,,,1,Female,,,56.95,,,,,1,Positve,,Lobular,,,,,0,,,56.5,1:Recurred,,
MTS-T0261,brca_metabric,,,,,,,,,,,,,,,,,,,,,,,,,,,,,,,,,,,,,1,Female,,,50.95,,,,,1,Positve,,Ductal/NST,,,,,3,4.06,,126.533333333333,1:Recurred,,
MTS-T0262,brca_metabric,,,,,,,,,,,,,,,,,,,,,,,,,,,,,,,,,,,,,1,Female,,,51.33,,,,,1,Positve,,Ductal/NST,,,,,0,4.3,,101.833333333333,0:Not Recurred,,
MTS-T0266,brca_metabric,,,,,,,,,,,,,,,,,,,,,,,,,,,,,,,,,,,,,1,Female,,,56.39,,,,,1,Positve,,Ductal/NST,,,,,0,,,169.366666666667,0:Not Recurred,,
MTS-T0273,brca_metabric,,,,,,,,,,,,,,,,,,,,,,,,,,,,,,,,,,,,,1,Female,,,86.17,,,,,1,Positve,,Ductal/NST,,,,,2,4.34,,112.6,0:Not Recurred,,
MTS-T0275,brca_metabric,,,,,,,,,,,,,,,,,,,,,,,,,,,,,,,,,,,,,1,Female,,,53.21,,,,,1,Negative,,Medullary,,,,,0,4.44,,114.066666666667,0:Not Recurred,,
MTS-T0276,brca_metabric,,,,,,,,,,,,,,,,,,,,,,,,,,,,,,,,,,,,,1,Female,,,70,,,,,1,Negative,,Lobular,,,,,7,6.13,,11.9,1:Recurred,,
MTS-T0279,brca_metabric,,,,,,,,,,,,,,,,,,,,,,,,,,,,,,,,,,,,,1,Female,,,63.51,,,,,1,Positve,,Ductal/NST,,,,,0,3.7,,70.0666666666667,0:Not Recurred,,
MTS-T0281,brca_metabric,,,,,,,,,,,,,,,,,,,,,,,,,,,,,,,,,,,,,1,Female,,,74.28,,,,,1,Positve,,Ductal/NST,,,,,1,4.44,,129.466666666667,1:Recurred,,
MTS-T0285,brca_metabric,,,,,,,,,,,,,,,,,,,,,,,,,,,,,,,,,,,,,1,Female,,,54.8,,,,,1,Positve,,Mixed,,,,,0,3.22,,166.8,0:Not Recurred,,
MTS-T0286,brca_metabric,,,,,,,,,,,,,,,,,,,,,,,,,,,,,,,,,,,,,1,Female,,,61.07,,,,,1,Positve,,Ductal/NST,,,,,0,4.38,,85.2,1:Recurred,,
MTS-T0299,brca_metabric,,,,,,,,,,,,,,,,,,,,,,,,,,,,,,,,,,,,,1,Female,,,56.76,,,,,1,Negative,,Ductal/NST,,,,,18,6.72,,2.63333333333333,1:Recurred,,
MTS-T0303,brca_metabric,,,,,,,,,,,,,,,,,,,,,,,,,,,,,,,,,,,,,1,Female,,,51.34,,,,,1,Negative,,Ductal/NST,,,,,3,5.44,,4.4,1:Recurred,,
MTS-T0304,brca_metabric,,,,,,,,,,,,,,,,,,,,,,,,,,,,,,,,,,,,,1,Female,,,68.08,,,,,1,Positve,,Ductal/NST,,,,,2,5.2,,101.733333333333,0:Not Recurred,,
MTS-T0305,brca_metabric,,,,,,,,,,,,,,,,,,,,,,,,,,,,,,,,,,,,,1,Female,,,86.21,,,,,1,Positve,,Ductal/NST,,,,,11,6.6,,40.0333333333333,0:Not Recurred,,
MTS-T0312,brca_metabric,,,,,,,,,,,,,,,,,,,,,,,,,,,,,,,,,,,,,1,Female,,,67.5,,,,,1,Positve,,Ductal/NST,,,,,2,4.5,,106.466666666667,0:Not Recurred,,
MTS-T0313,brca_metabric,,,,,,,,,,,,,,,,,,,,,,,,,,,,,,,,,,,,,1,Female,,,37.79,,,,,1,Negative,,Ductal/NST,,,,,2,5.48,,158.533333333333,0:Not Recurred,,
MTS-T0325,brca_metabric,,,,,,,,,,,,,,,,,,,,,,,,,,,,,,,,,,,,,1,Female,,,38.26,,,,,1,Negative,,Ductal/NST,,,,,0,4.8,,8.4,1:Recurred,,
MTS-T0327,brca_metabric,,,,,,,,,,,,,,,,,,,,,,,,,,,,,,,,,,,,,1,Female,,,46,,,,,8,Positve,,Mixed,,,,,,3.44,,10,1:Recurred,,
MTS-T0328,brca_metabric,,,,,,,,,,,,,,,,,,,,,,,,,,,,,,,,,,,,,1,Female,,,36,,,,,8,Positve,,,,,,,,5.24,,203,0:Not Recurred,,
MTS-T0329,brca_metabric,,,,,,,,,,,,,,,,,,,,,,,,,,,,,,,,,,,,,1,Female,,,61,,,,,8,Negative,,Ductal/NST,,,,,,4.3,,193,0:Not Recurred,,
MTS-T0330,brca_metabric,,,,,,,,,,,,,,,,,,,,,,,,,,,,,,,,,,,,,1,Female,,,44,,,,,8,Negative,,Ductal/NST,,,,,,4.5,,3,1:Recurred,,
MTS-T0331,brca_metabric,,,,,,,,,,,,,,,,,,,,,,,,,,,,,,,,,,,,,1,Female,,,43,,,,,8,Positve,,Mixed,,,,,,2.4,,192,0:Not Recurred,,
MTS-T0332,brca_metabric,,,,,,,,,,,,,,,,,,,,,,,,,,,,,,,,,,,,,1,Female,,,70,,,,,8,Negative,,,,,,,,3.3,,14,1:Recurred,,
MTS-T0333,brca_metabric,,,,,,,,,,,,,,,,,,,,,,,,,,,,,,,,,,,,,1,Female,,,46,,,,,8,Positve,,Ductal/NST,,,,,,3.4,,17,1:Recurred,,
MTS-T0334,brca_metabric,,,,,,,,,,,,,,,,,,,,,,,,,,,,,,,,,,,,,1,Female,,,43,,,,,8,Positve,,,,,,,,4.2,,53,1:Recurred,,
MTS-T0335,brca_metabric,,,,,,,,,,,,,,,,,,,,,,,,,,,,,,,,,,,,,1,Female,,,63,,,,,8,Positve,,,,,,,,2.32,,198,0:Not Recurred,,
MTS-T0336,brca_metabric,,,,,,,,,,,,,,,,,,,,,,,,,,,,,,,,,,,,,1,Female,,,60,,,,,8,Negative,,Ductal/NST,,,,,,5.28,,23,1:Recurred,,
MTS-T0337,brca_metabric,,,,,,,,,,,,,,,,,,,,,,,,,,,,,,,,,,,,,1,Female,,,65,,,,,8,Positve,,Tubular/ cribriform,,,,,,2.3,,204,1:Recurred,,
MTS-T0338,brca_metabric,,,,,,,,,,,,,,,,,,,,,,,,,,,,,,,,,,,,,1,Female,,,70,,,,,8,Positve,,Mixed,,,,,,3.3,,61,1:Recurred,,
MTS-T0339,brca_metabric,,,,,,,,,,,,,,,,,,,,,,,,,,,,,,,,,,,,,1,Female,,,67,,,,,8,Positve,,Ductal/NST,,,,,,4.32,,193,,,
MTS-T0340,brca_metabric,,,,,,,,,,,,,,,,,,,,,,,,,,,,,,,,,,,,,1,Female,,,64,,,,,8,Positve,,,,,,,,4.6,,97,1:Recurred,,
MTS-T0341,brca_metabric,,,,,,,,,,,,,,,,,,,,,,,,,,,,,,,,,,,,,1,Female,,,64,,,,,8,Positve,,Ductal/NST,,,,,,4.14,,192,0:Not Recurred,,
MTS-T0342,brca_metabric,,,,,,,,,,,,,,,,,,,,,,,,,,,,,,,,,,,,,1,Female,,,63,,,,,8,Positve,,Lobular,,,,,,2.28,,211,0:Not Recurred,,
MTS-T0343,brca_metabric,,,,,,,,,,,,,,,,,,,,,,,,,,,,,,,,,,,,,1,Female,,,50,,,,,8,Positve,,Mixed,,,,,,4.24,,42,1:Recurred,,
MTS-T0344,brca_metabric,,,,,,,,,,,,,,,,,,,,,,,,,,,,,,,,,,,,,1,Female,,,57,,,,,8,Positve,,Mixed,,,,,,3.22,,102,0:Not Recurred,,
MTS-T0345,brca_metabric,,,,,,,,,,,,,,,,,,,,,,,,,,,,,,,,,,,,,1,Female,,,45,,,,,8,Negative,,Mixed,,,,,,2.28,,203,1:Recurred,,
MTS-T0346,brca_metabric,,,,,,,,,,,,,,,,,,,,,,,,,,,,,,,,,,,,,1,Female,,,54,,,,,8,Positve,,Ductal/NST,,,,,,4.7,,48,1:Recurred,,
MTS-T0347,brca_metabric,,,,,,,,,,,,,,,,,,,,,,,,,,,,,,,,,,,,,1,Female,,,45,,,,,8,Negative,,Ductal/NST,,,,,,3.3,,192,0:Not Recurred,,
MTS-T0348,brca_metabric,,,,,,,,,,,,,,,,,,,,,,,,,,,,,,,,,,,,,1,Female,,,50,,,,,8,Negative,,Ductal/NST,,,,,,4.3,,192,0:Not Recurred,,
MTS-T0349,brca_metabric,,,,,,,,,,,,,,,,,,,,,,,,,,,,,,,,,,,,,1,Female,,,45,,,,,8,Positve,,Mixed,,,,,,5.38,,82,1:Recurred,,
MTS-T0350,brca_metabric,,,,,,,,,,,,,,,,,,,,,,,,,,,,,,,,,,,,,1,Female,,,49,,,,,8,Positve,,Mixed,,,,,,2.2,,200,0:Not Recurred,,
MTS-T0351,brca_metabric,,,,,,,,,,,,,,,,,,,,,,,,,,,,,,,,,,,,,1,Female,,,63,,,,,8,Negative,,Mixed,,,,,,5.26,,22,1:Recurred,,
MTS-T0352,brca_metabric,,,,,,,,,,,,,,,,,,,,,,,,,,,,,,,,,,,,,1,Female,,,60,,,,,8,Positve,,Mixed,,,,,,3.3,,197,0:Not Recurred,,
MTS-T0353,brca_metabric,,,,,,,,,,,,,,,,,,,,,,,,,,,,,,,,,,,,,1,Female,,,62,,,,,8,Negative,,,,,,,,4.02,,194,0:Not Recurred,,
MTS-T0354,brca_metabric,,,,,,,,,,,,,,,,,,,,,,,,,,,,,,,,,,,,,1,Female,,,65,,,,,8,Positve,,,,,,,,3.2,,85,1:Recurred,,
MTS-T0355,brca_metabric,,,,,,,,,,,,,,,,,,,,,,,,,,,,,,,,,,,,,1,Female,,,68,,,,,8,Positve,,Mixed,,,,,,3.44,,143,1:Recurred,,
MTS-T0356,brca_metabric,,,,,,,,,,,,,,,,,,,,,,,,,,,,,,,,,,,,,1,Female,,,56,,,,,8,Positve,,Ductal/NST,,,,,,3.34,,189,0:Not Recurred,,
MTS-T0357,brca_metabric,,,,,,,,,,,,,,,,,,,,,,,,,,,,,,,,,,,,,1,Female,,,41,,,,,8,Negative,,Mixed,,,,,,4.6,,19,1:Recurred,,
MTS-T0358,brca_metabric,,,,,,,,,,,,,,,,,,,,,,,,,,,,,,,,,,,,,1,Female,,,63,,,,,8,Positve,,,,,,,,3.44,,168,,,
MTS-T0359,brca_metabric,,,,,,,,,,,,,,,,,,,,,,,,,,,,,,,,,,,,,1,Female,,,66,,,,,8,Positve,,Mixed,,,,,,2.18,,64,1:Recurred,,
MTS-T0360,brca_metabric,,,,,,,,,,,,,,,,,,,,,,,,,,,,,,,,,,,,,1,Female,,,42,,,,,8,Negative,,Medullary,,,,,,4.32,,12,1:Recurred,,
MTS-T0361,brca_metabric,,,,,,,,,,,,,,,,,,,,,,,,,,,,,,,,,,,,,1,Female,,,49,,,,,8,Negative,,Ductal/NST,,,,,,6.36,,23,1:Recurred,,
MTS-T0362,brca_metabric,,,,,,,,,,,,,,,,,,,,,,,,,,,,,,,,,,,,,1,Female,,,65,,,,,8,Positve,,Mixed,,,,,,4.4,,200,0:Not Recurred,,
MTS-T0363,brca_metabric,,,,,,,,,,,,,,,,,,,,,,,,,,,,,,,,,,,,,1,Female,,,45,,,,,8,Negative,,Ductal/NST,,,,,,5.36,,155,,,
MTS-T0364,brca_metabric,,,,,,,,,,,,,,,,,,,,,,,,,,,,,,,,,,,,,1,Female,,,53,,,,,8,Positve,,Mixed,,,,,,2.34,,171,0:Not Recurred,,
MTS-T0365,brca_metabric,,,,,,,,,,,,,,,,,,,,,,,,,,,,,,,,,,,,,1,Female,,,57,,,,,8,Positve,,Ductal/NST,,,,,,5.4,,182,0:Not Recurred,,
MTS-T0366,brca_metabric,,,,,,,,,,,,,,,,,,,,,,,,,,,,,,,,,,,,,1,Female,,,57,,,,,8,Positve,,,,,,,,5.48,,56,1:Recurred,,
MTS-T0367,brca_metabric,,,,,,,,,,,,,,,,,,,,,,,,,,,,,,,,,,,,,1,Female,,,52,,,,,8,Positve,,Mixed,,,,,,4.3,,188,,,
MTS-T0368,brca_metabric,,,,,,,,,,,,,,,,,,,,,,,,,,,,,,,,,,,,,1,Female,,,54,,,,,8,Negative,,Ductal/NST,,,,,,4.5,,205,0:Not Recurred,,
MTS-T0369,brca_metabric,,,,,,,,,,,,,,,,,,,,,,,,,,,,,,,,,,,,,1,Female,,,32,,,,,8,Positve,,Mixed,,,,,,3.3,,91,1:Recurred,,
MTS-T0370,brca_metabric,,,,,,,,,,,,,,,,,,,,,,,,,,,,,,,,,,,,,1,Female,,,56,,,,,8,Negative,,Mixed,,,,,,2.44,,111,0:Not Recurred,,
MTS-T0371,brca_metabric,,,,,,,,,,,,,,,,,,,,,,,,,,,,,,,,,,,,,1,Female,,,47,,,,,8,Negative,,Ductal/NST,,,,,,4.6,,193,0:Not Recurred,,
MTS-T0372,brca_metabric,,,,,,,,,,,,,,,,,,,,,,,,,,,,,,,,,,,,,1,Female,,,67,,,,,8,Positve,,Ductal/NST,,,,,,4.4,,74,1:Recurred,,
MTS-T0373,brca_metabric,,,,,,,,,,,,,,,,,,,,,,,,,,,,,,,,,,,,,1,Female,,,55,,,,,8,Negative,,Ductal/NST,,,,,,5.74,,28,1:Recurred,,
MTS-T0374,brca_metabric,,,,,,,,,,,,,,,,,,,,,,,,,,,,,,,,,,,,,1,Female,,,66,,,,,8,Negative,,,,,,,,5.26,,30,0:Not Recurred,,
MTS-T0375,brca_metabric,,,,,,,,,,,,,,,,,,,,,,,,,,,,,,,,,,,,,1,Female,,,63,,,,,8,Positve,,Tubular/ cribriform,,,,,,2.3,,184,0:Not Recurred,,
MTS-T0376,brca_metabric,,,,,,,,,,,,,,,,,,,,,,,,,,,,,,,,,,,,,1,Female,,,63,,,,,8,Negative,,Ductal/NST,,,,,,6.5,,7,1:Recurred,,
MTS-T0377,brca_metabric,,,,,,,,,,,,,,,,,,,,,,,,,,,,,,,,,,,,,1,Female,,,68,,,,,8,Positve,,Ductal/NST,,,,,,4.34,,176,0:Not Recurred,,
MTS-T0378,brca_metabric,,,,,,,,,,,,,,,,,,,,,,,,,,,,,,,,,,,,,1,Female,,,40,,,,,8,Negative,,Ductal/NST,,,,,,4.6,,199,0:Not Recurred,,
MTS-T0379,brca_metabric,,,,,,,,,,,,,,,,,,,,,,,,,,,,,,,,,,,,,1,Female,,,40,,,,,8,Positve,,Mixed,,,,,,4.34,,156,,,
MTS-T0380,brca_metabric,,,,,,,,,,,,,,,,,,,,,,,,,,,,,,,,,,,,,1,Female,,,47,,,,,8,Negative,,Ductal/NST,,,,,,2.4,,98,1:Recurred,,
MTS-T0381,brca_metabric,,,,,,,,,,,,,,,,,,,,,,,,,,,,,,,,,,,,,1,Female,,,67,,,,,8,Positve,,Ductal/NST,,,,,,3.5,,193,0:Not Recurred,,
MTS-T0382,brca_metabric,,,,,,,,,,,,,,,,,,,,,,,,,,,,,,,,,,,,,1,Female,,,47,,,,,8,Negative,,Ductal/NST,,,,,,3.3,,189,0:Not Recurred,,
MTS-T0383,brca_metabric,,,,,,,,,,,,,,,,,,,,,,,,,,,,,,,,,,,,,1,Female,,,65,,,,,8,Positve,,Ductal/NST,,,,,,4.42,,182,0:Not Recurred,,
MTS-T0384,brca_metabric,,,,,,,,,,,,,,,,,,,,,,,,,,,,,,,,,,,,,1,Female,,,57,,,,,8,Positve,,Mixed,,,,,,4.34,,114,1:Recurred,,
MTS-T0385,brca_metabric,,,,,,,,,,,,,,,,,,,,,,,,,,,,,,,,,,,,,1,Female,,,66,,,,,8,Positve,,Mixed,,,,,,4.28,,179,0:Not Recurred,,
MTS-T0386,brca_metabric,,,,,,,,,,,,,,,,,,,,,,,,,,,,,,,,,,,,,1,Female,,,69,,,,,8,Positve,,Ductal/NST,,,,,,4.54,,159,0:Not Recurred,,
MTS-T0387,brca_metabric,,,,,,,,,,,,,,,,,,,,,,,,,,,,,,,,,,,,,1,Female,,,64,,,,,8,Positve,,,,,,,,3.2,,142,0:Not Recurred,,
MTS-T0388,brca_metabric,,,,,,,,,,,,,,,,,,,,,,,,,,,,,,,,,,,,,1,Female,,,63,,,,,8,Positve,,,,,,,,4.12,,178,0:Not Recurred,,
MTS-T0389,brca_metabric,,,,,,,,,,,,,,,,,,,,,,,,,,,,,,,,,,,,,1,Female,,,57,,,,,8,Positve,,Ductal/NST,,,,,,3.26,,100,0:Not Recurred,,
MTS-T0390,brca_metabric,,,,,,,,,,,,,,,,,,,,,,,,,,,,,,,,,,,,,1,Female,,,65,,,,,8,Positve,,Ductal/NST,,,,,,6.9,,20,1:Recurred,,
MTS-T0391,brca_metabric,,,,,,,,,,,,,,,,,,,,,,,,,,,,,,,,,,,,,1,Female,,,69,,,,,8,Negative,,Ductal/NST,,,,,,4.52,,165,0:Not Recurred,,
MTS-T0392,brca_metabric,,,,,,,,,,,,,,,,,,,,,,,,,,,,,,,,,,,,,1,Female,,,47,,,,,8,Negative,,Ductal/NST,,,,,,4.44,,180,0:Not Recurred,,
MTS-T0393,brca_metabric,,,,,,,,,,,,,,,,,,,,,,,,,,,,,,,,,,,,,1,Female,,,62,,,,,8,Positve,,Mixed,,,,,,4.5,,174,0:Not Recurred,,
MTS-T0394,brca_metabric,,,,,,,,,,,,,,,,,,,,,,,,,,,,,,,,,,,,,1,Female,,,61,,,,,8,Positve,,Mixed,,,,,,2.2,,186,0:Not Recurred,,
MTS-T0395,brca_metabric,,,,,,,,,,,,,,,,,,,,,,,,,,,,,,,,,,,,,1,Female,,,66,,,,,8,Positve,,Mixed,,,,,,2.2,,190,0:Not Recurred,,
MTS-T0396,brca_metabric,,,,,,,,,,,,,,,,,,,,,,,,,,,,,,,,,,,,,1,Female,,,53,,,,,8,Positve,,Mixed,,,,,,3.4,,194,0:Not Recurred,,
MTS-T0397,brca_metabric,,,,,,,,,,,,,,,,,,,,,,,,,,,,,,,,,,,,,1,Female,,,69,,,,,8,Positve,,Mixed,,,,,,3.6,,133,0:Not Recurred,,
MTS-T0398,brca_metabric,,,,,,,,,,,,,,,,,,,,,,,,,,,,,,,,,,,,,1,Female,,,64,,,,,8,Negative,,Ductal/NST,,,,,,4.4,,179,0:Not Recurred,,
MTS-T0399,brca_metabric,,,,,,,,,,,,,,,,,,,,,,,,,,,,,,,,,,,,,1,Female,,,58,,,,,8,Positve,,,,,,,,4.3,,182,0:Not Recurred,,
MTS-T0400,brca_metabric,,,,,,,,,,,,,,,,,,,,,,,,,,,,,,,,,,,,,1,Female,,,69,,,,,8,Negative,,Ductal/NST,,,,,,4.5,,181,0:Not Recurred,,
MTS-T0401,brca_metabric,,,,,,,,,,,,,,,,,,,,,,,,,,,,,,,,,,,,,1,Female,,,62,,,,,8,Positve,,Ductal/NST,,,,,,3.5,,156,,,
MTS-T0402,brca_metabric,,,,,,,,,,,,,,,,,,,,,,,,,,,,,,,,,,,,,1,Female,,,59,,,,,8,Positve,,Ductal/NST,,,,,,4.54,,185,0:Not Recurred,,
MTS-T0403,brca_metabric,,,,,,,,,,,,,,,,,,,,,,,,,,,,,,,,,,,,,1,Female,,,52,,,,,8,Positve,,Ductal/NST,,,,,,4.3,,55,1:Recurred,,
MTS-T0404,brca_metabric,,,,,,,,,,,,,,,,,,,,,,,,,,,,,,,,,,,,,1,Female,,,68,,,,,8,Positve,,Mixed,,,,,,2.3,,185,0:Not Recurred,,
MTS-T0405,brca_metabric,,,,,,,,,,,,,,,,,,,,,,,,,,,,,,,,,,,,,1,Female,,,55,,,,,8,Positve,,Ductal/NST,,,,,,3.3,,117,1:Recurred,,
MTS-T0406,brca_metabric,,,,,,,,,,,,,,,,,,,,,,,,,,,,,,,,,,,,,1,Female,,,51,,,,,8,Positve,,Mixed,,,,,,4.4,,72,1:Recurred,,
MTS-T0407,brca_metabric,,,,,,,,,,,,,,,,,,,,,,,,,,,,,,,,,,,,,1,Female,,,55,,,,,8,Positve,,Mixed,,,,,,6.44,,55,1:Recurred,,
MTS-T0408,brca_metabric,,,,,,,,,,,,,,,,,,,,,,,,,,,,,,,,,,,,,1,Female,,,68,,,,,8,Positve,,,,,,,,3.18,,81,0:Not Recurred,,
MTS-T0409,brca_metabric,,,,,,,,,,,,,,,,,,,,,,,,,,,,,,,,,,,,,1,Female,,,41,,,,,7,Positve,,Ductal/NST,,,,,,,,,1:Recurred,,
MTS-T0456,brca_metabric,,,,,,,,,,,,,,,,,,,,,,,,,,,,,,,,,,,,,1,Female,,,53.55,,,,,1,Positve,,Ductal/NST,,,,,0,3.5,,191.133333333333,0:Not Recurred,,
MTS-T0466,brca_metabric,,,,,,,,,,,,,,,,,,,,,,,,,,,,,,,,,,,,,1,Female,,,47.88,,,,,1,Negative,,Ductal/NST,,,,,8,6.22,,32.0333333333333,1:Recurred,,
MTS-T0468,brca_metabric,,,,,,,,,,,,,,,,,,,,,,,,,,,,,,,,,,,,,1,Female,,,81.55,,,,,1,Positve,,Ductal/NST,,,,,1,4.6,,107.966666666667,0:Not Recurred,,
MTS-T0479,brca_metabric,,,,,,,,,,,,,,,,,,,,,,,,,,,,,,,,,,,,,1,Female,,,57.07,,,,,1,Negative,,Ductal/NST,,,,,14,5.48,,16.8,1:Recurred,,
MTS-T0490,brca_metabric,,,,,,,,,,,,,,,,,,,,,,,,,,,,,,,,,,,,,1,Female,,,74.13,,,,,1,Positve,,Ductal/NST,,,,,0,3.42,,188.133333333333,0:Not Recurred,,
MTS-T0508,brca_metabric,,,,,,,,,,,,,,,,,,,,,,,,,,,,,,,,,,,,,1,Female,,,74.05,,,,,1,Positve,,Ductal/NST,,,,,2,4.5,,40.1666666666667,0:Not Recurred,,
MTS-T0510,brca_metabric,,,,,,,,,,,,,,,,,,,,,,,,,,,,,,,,,,,,,1,Female,,,32.87,,,,,1,Negative,,,,,,,4,7.2,,237.066666666667,0:Not Recurred,,
MTS-T0515,brca_metabric,,,,,,,,,,,,,,,,,,,,,,,,,,,,,,,,,,,,,1,Female,,,70.28,,,,,1,Positve,,Ductal/NST,,,,,0,3.24,,187.7,0:Not Recurred,,
MTS-T0516,brca_metabric,,,,,,,,,,,,,,,,,,,,,,,,,,,,,,,,,,,,,1,Female,,,65.66,,,,,1,Positve,,Ductal/NST,,,,,0,3.4,,190.7,0:Not Recurred,,
MTS-T0525,brca_metabric,,,,,,,,,,,,,,,,,,,,,,,,,,,,,,,,,,,,,1,Female,,,51.66,,,,,1,Positve,,Ductal/NST,,,,,0,3.3,,191.6,0:Not Recurred,,
MTS-T0528,brca_metabric,,,,,,,,,,,,,,,,,,,,,,,,,,,,,,,,,,,,,1,Female,,,81.33,,,,,1,Negative,,Ductal/NST,,,,,0,5.3,,135.8,0:Not Recurred,,
MTS-T0558,brca_metabric,,,,,,,,,,,,,,,,,,,,,,,,,,,,,,,,,,,,,1,Female,,,72.01,,,,,1,Positve,,Ductal/NST,,,,,1,4.4,,124.666666666667,0:Not Recurred,,
MTS-T0600,brca_metabric,,,,,,,,,,,,,,,,,,,,,,,,,,,,,,,,,,,,,1,Female,,,67.42,,,,,1,Positve,,Lobular,,,,,0,,,203.9,0:Not Recurred,,
MTS-T0602,brca_metabric,,,,,,,,,,,,,,,,,,,,,,,,,,,,,,,,,,,,,1,Female,,,56.88,,,,,1,Positve,,Ductal/NST,,,,,0,,,41.7,0:Not Recurred,,
MTS-T0646,brca_metabric,,,,,,,,,,,,,,,,,,,,,,,,,,,,,,,,,,,,,1,Female,,,63.54,,,,,1,Negative,,Ductal/NST,,,,,0,4.68,,184,0:Not Recurred,,
MTS-T0652,brca_metabric,,,,,,,,,,,,,,,,,,,,,,,,,,,,,,,,,,,,,1,Female,,,59.27,,,,,1,Positve,,Ductal/NST,,,,,0,,,204.266666666667,0:Not Recurred,,
MTS-T0673,brca_metabric,,,,,,,,,,,,,,,,,,,,,,,,,,,,,,,,,,,,,1,Female,,,65.81,,,,,1,Positve,,Ductal/NST,,,,,2,4.28,,42.8,1:Recurred,,
MTS-T0685,brca_metabric,,,,,,,,,,,,,,,,,,,,,,,,,,,,,,,,,,,,,1,Female,,,63.25,,,,,1,Negative,,Lobular,,,,,0,4.7,,8.8,1:Recurred,,
MTS-T0689,brca_metabric,,,,,,,,,,,,,,,,,,,,,,,,,,,,,,,,,,,,,1,Female,,,52,,,,,7,Negative,,Ductal/NST,,,,,,,,,1:Recurred,,
MTS-T0690,brca_metabric,,,,,,,,,,,,,,,,,,,,,,,,,,,,,,,,,,,,,1,Female,,,54,,,,,7,Positve,,Ductal/NST,,,,,,,,,0:Not Recurred,,
MTS-T0691,brca_metabric,,,,,,,,,,,,,,,,,,,,,,,,,,,,,,,,,,,,,1,Female,,,39,,,,,7,Positve,,Mucinous,,,,,,,,,0:Not Recurred,,
MTS-T0692,brca_metabric,,,,,,,,,,,,,,,,,,,,,,,,,,,,,,,,,,,,,1,Female,,,53,,,,,7,Positve,,,,,,,,,,,0:Not Recurred,,
MTS-T0693,brca_metabric,,,,,,,,,,,,,,,,,,,,,,,,,,,,,,,,,,,,,1,Female,,,52,,,,,7,Positve,,Ductal/NST,,,,,,,,,0:Not Recurred,,
MTS-T0694,brca_metabric,,,,,,,,,,,,,,,,,,,,,,,,,,,,,,,,,,,,,1,Female,,,35,,,,,7,Negative,,Ductal/NST,,,,,,,,,1:Recurred,,
MTS-T0695,brca_metabric,,,,,,,,,,,,,,,,,,,,,,,,,,,,,,,,,,,,,1,Female,,,45,,,,,7,Positve,,Ductal/NST,,,,,,,,,0:Not Recurred,,
MTS-T0696,brca_metabric,,,,,,,,,,,,,,,,,,,,,,,,,,,,,,,,,,,,,1,Female,,,51,,,,,7,Positve,,Ductal/NST,,,,,,,,,1:Recurred,,
MTS-T0697,brca_metabric,,,,,,,,,,,,,,,,,,,,,,,,,,,,,,,,,,,,,1,Female,,,53,,,,,7,Positve,,Ductal/NST,,,,,,,,,0:Not Recurred,,
MTS-T0698,brca_metabric,,,,,,,,,,,,,,,,,,,,,,,,,,,,,,,,,,,,,1,Female,,,51,,,,,7,Positve,,Ductal/NST,,,,,,,,,1:Recurred,,
MTS-T0699,brca_metabric,,,,,,,,,,,,,,,,,,,,,,,,,,,,,,,,,,,,,1,Female,,,47,,,,,7,Positve,,Ductal/NST,,,,,,,,,1:Recurred,,
MTS-T0700,brca_metabric,,,,,,,,,,,,,,,,,,,,,,,,,,,,,,,,,,,,,1,Female,,,36,,,,,7,Negative,,Ductal/NST,,,,,,,,,0:Not Recurred,,
MTS-T0701,brca_metabric,,,,,,,,,,,,,,,,,,,,,,,,,,,,,,,,,,,,,1,Female,,,49,,,,,7,Positve,,Lobular,,,,,,,,,1:Recurred,,
MTS-T0702,brca_metabric,,,,,,,,,,,,,,,,,,,,,,,,,,,,,,,,,,,,,1,Female,,,58,,,,,7,Negative,,Ductal/NST,,,,,,,,,0:Not Recurred,,
MTS-T0703,brca_metabric,,,,,,,,,,,,,,,,,,,,,,,,,,,,,,,,,,,,,1,Female,,,52,,,,,7,Positve,,Ductal/NST,,,,,,,,,0:Not Recurred,,
MTS-T0704,brca_metabric,,,,,,,,,,,,,,,,,,,,,,,,,,,,,,,,,,,,,1,Female,,,47,,,,,7,Negative,,Ductal/NST,,,,,,,,,1:Recurred,,
MTS-T0705,brca_metabric,,,,,,,,,,,,,,,,,,,,,,,,,,,,,,,,,,,,,1,Female,,,34,,,,,7,Negative,,Ductal/NST,,,,,,,,,1:Recurred,,
MTS-T0706,brca_metabric,,,,,,,,,,,,,,,,,,,,,,,,,,,,,,,,,,,,,1,Female,,,52,,,,,7,Positve,,,,,,,,,,,0:Not Recurred,,
MTS-T0707,brca_metabric,,,,,,,,,,,,,,,,,,,,,,,,,,,,,,,,,,,,,1,Female,,,43,,,,,7,Negative,,Ductal/NST,,,,,,,,,1:Recurred,,
MTS-T0708,brca_metabric,,,,,,,,,,,,,,,,,,,,,,,,,,,,,,,,,,,,,1,Female,,,43,,,,,7,Negative,,Ductal/NST,,,,,,,,,0:Not Recurred,,
MTS-T0709,brca_metabric,,,,,,,,,,,,,,,,,,,,,,,,,,,,,,,,,,,,,1,Female,,,45,,,,,7,Negative,,Ductal/NST,,,,,,,,,1:Recurred,,
MTS-T0710,brca_metabric,,,,,,,,,,,,,,,,,,,,,,,,,,,,,,,,,,,,,1,Female,,,52,,,,,7,Negative,,Ductal/NST,,,,,,,,,0:Not Recurred,,
MTS-T0711,brca_metabric,,,,,,,,,,,,,,,,,,,,,,,,,,,,,,,,,,,,,1,Female,,,56,,,,,7,Positve,,,,,,,,,,,1:Recurred,,
MTS-T0712,brca_metabric,,,,,,,,,,,,,,,,,,,,,,,,,,,,,,,,,,,,,1,Female,,,46,,,,,7,Positve,,Ductal/NST,,,,,,,,,1:Recurred,,
MTS-T0713,brca_metabric,,,,,,,,,,,,,,,,,,,,,,,,,,,,,,,,,,,,,1,Female,,,50,,,,,7,Negative,,Ductal/NST,,,,,,,,,0:Not Recurred,,
MTS-T0714,brca_metabric,,,,,,,,,,,,,,,,,,,,,,,,,,,,,,,,,,,,,1,Female,,,43,,,,,7,Negative,,Medullary,,,,,,,,,0:Not Recurred,,
MTS-T0715,brca_metabric,,,,,,,,,,,,,,,,,,,,,,,,,,,,,,,,,,,,,1,Female,,,45,,,,,7,Positve,,Ductal/NST,,,,,,,,,0:Not Recurred,,
MTS-T0716,brca_metabric,,,,,,,,,,,,,,,,,,,,,,,,,,,,,,,,,,,,,1,Female,,,36,,,,,7,Positve,,Ductal/NST,,,,,,,,,1:Recurred,,
MTS-T0717,brca_metabric,,,,,,,,,,,,,,,,,,,,,,,,,,,,,,,,,,,,,1,Female,,,42,,,,,7,Positve,,Ductal/NST,,,,,,,,,0:Not Recurred,,
MTS-T0718,brca_metabric,,,,,,,,,,,,,,,,,,,,,,,,,,,,,,,,,,,,,1,Female,,,58,,,,,7,Positve,,,,,,,,,,,1:Recurred,,
MTS-T0719,brca_metabric,,,,,,,,,,,,,,,,,,,,,,,,,,,,,,,,,,,,,1,Female,,,43,,,,,7,Positve,,Ductal/NST,,,,,,,,,0:Not Recurred,,
MTS-T0720,brca_metabric,,,,,,,,,,,,,,,,,,,,,,,,,,,,,,,,,,,,,1,Female,,,60,,,,,7,Positve,,Ductal/NST,,,,,,,,,0:Not Recurred,,
MTS-T0721,brca_metabric,,,,,,,,,,,,,,,,,,,,,,,,,,,,,,,,,,,,,1,Female,,,39,,,,,7,Positve,,,,,,,,,,,1:Recurred,,
MTS-T0722,brca_metabric,,,,,,,,,,,,,,,,,,,,,,,,,,,,,,,,,,,,,1,Female,,,45,,,,,7,Positve,,Ductal/NST,,,,,,,,,0:Not Recurred,,
MTS-T0723,brca_metabric,,,,,,,,,,,,,,,,,,,,,,,,,,,,,,,,,,,,,1,Female,,,60,,,,,7,Positve,,Ductal/NST,,,,,,,,,0:Not Recurred,,
MTS-T0724,brca_metabric,,,,,,,,,,,,,,,,,,,,,,,,,,,,,,,,,,,,,1,Female,,,43,,,,,7,Positve,,Ductal/NST,,,,,,,,,0:Not Recurred,,
MTS-T0725,brca_metabric,,,,,,,,,,,,,,,,,,,,,,,,,,,,,,,,,,,,,1,Female,,,46,,,,,7,Positve,,Ductal/NST,,,,,,,,,1:Recurred,,
MTS-T0726,brca_metabric,,,,,,,,,,,,,,,,,,,,,,,,,,,,,,,,,,,,,1,Female,,,65,,,,,7,Positve,,Ductal/NST,,,,,,,,,0:Not Recurred,,
MTS-T0737,brca_metabric,,,,,,,,,,,,,,,,,,,,,,,,,,,,,,,,,,,,,1,Female,,,59.18,,,,,1,Negative,,Ductal/NST,,,,,0,4.44,,56.2333333333333,0:Not Recurred,,
MTS-T0788,brca_metabric,,,,,,,,,,,,,,,,,,,,,,,,,,,,,,,,,,,,,1,Female,,,62.72,,,,,1,Positve,,Ductal/NST,,,,,0,4.5,,83.0666666666667,1:Recurred,,
MTS-T0824,brca_metabric,,,,,,,,,,,,,,,,,,,,,,,,,,,,,,,,,,,,,1,Female,,,74.7,,,,,1,Negative,,Ductal/NST,,,,,0,4.64,,23.7333333333333,1:Recurred,,
MTS-T0877,brca_metabric,,,,,,,,,,,,,,,,,,,,,,,,,,,,,,,,,,,,,1,Female,,,78.94,,,,,1,Positve,,Ductal/NST,,,,,4,7.1,,24.7333333333333,1:Recurred,,
MTS-T0883,brca_metabric,,,,,,,,,,,,,,,,,,,,,,,,,,,,,,,,,,,,,1,Female,,,74.41,,,,,1,Positve,,Ductal/NST,,,,,0,3.4,,226.833333333333,0:Not Recurred,,
MTS-T0911,brca_metabric,,,,,,,,,,,,,,,,,,,,,,,,,,,,,,,,,,,,,1,Female,,,64.33,,,,,1,Positve,,Ductal/NST,,,,,1,5.44,,23.6,1:Recurred,,
MTS-T0927,brca_metabric,,,,,,,,,,,,,,,,,,,,,,,,,,,,,,,,,,,,,1,Female,,,73.15,,,,,1,Negative,,Ductal/NST,,,,,0,,,109.1,0:Not Recurred,,
MTS-T0951,brca_metabric,,,,,,,,,,,,,,,,,,,,,,,,,,,,,,,,,,,,,1,Female,,,61.18,,,,,1,Positve,,,,,,,0,,,205,0:Not Recurred,,
MTS-T1000,brca_metabric,,,,,,,,,,,,,,,,,,,,,,,,,,,,,,,,,,,,,1,Female,,,,,,,,,,,,,,,,0,,,,,,
MTS-T1020,brca_metabric,,,,,,,,,,,,,,,,,,,,,,,,,,,,,,,,,,,,,1,Female,,,62.45,,,,,1,Negative,,Ductal/NST,,,,,0,,,199.5,0:Not Recurred,,
MTS-T1047,brca_metabric,,,,,,,,,,,,,,,,,,,,,,,,,,,,,,,,,,,,,1,Female,,,,,,,,,,,,,,,,0,,,,,,
MTS-T1088,brca_metabric,,,,,,,,,,,,,,,,,,,,,,,,,,,,,,,,,,,,,1,Female,,,52.12,,,,,1,Positve,,Ductal/NST,,,,,0,3.52,,125.5,0:Not Recurred,,
MTS-T1134,brca_metabric,,,,,,,,,,,,,,,,,,,,,,,,,,,,,,,,,,,,,1,Female,,,62.97,,,,,1,Positve,,Ductal/NST,,,,,19,6.26,,7.2,1:Recurred,,
MTS-T1138,brca_metabric,,,,,,,,,,,,,,,,,,,,,,,,,,,,,,,,,,,,,1,Female,,,69.63,,,,,1,Positve,,Ductal/NST,,,,,0,,,88.0333333333333,0:Not Recurred,,
MTS-T1161,brca_metabric,,,,,,,,,,,,,,,,,,,,,,,,,,,,,,,,,,,,,1,Female,,,,,,,,,,,,,,,,0,,,,,,
MTS-T1185,brca_metabric,,,,,,,,,,,,,,,,,,,,,,,,,,,,,,,,,,,,,1,Female,,,76.32,,,,,1,Positve,,Ductal/NST,,,,,0,4.22,,93.5666666666667,0:Not Recurred,,
MTS-T1189,brca_metabric,,,,,,,,,,,,,,,,,,,,,,,,,,,,,,,,,,,,,1,Female,,,70.6,,,,,1,Positve,,Ductal/NST,,,,,4,,,178.5,0:Not Recurred,,
MTS-T1191,brca_metabric,,,,,,,,,,,,,,,,,,,,,,,,,,,,,,,,,,,,,1,Female,,,55.07,,,,,1,Positve,,Ductal/NST,,,,,2,,,36.3,1:Recurred,,
MTS-T1203,brca_metabric,,,,,,,,,,,,,,,,,,,,,,,,,,,,,,,,,,,,,1,Female,,,36.95,,,,,1,Positve,,Ductal/NST,,,,,0,3.18,,39.2,1:Recurred,,
MTS-T1213,brca_metabric,,,,,,,,,,,,,,,,,,,,,,,,,,,,,,,,,,,,,1,Female,,,50.92,,,,,1,Positve,,Mixed,,,,,1,,,18.4666666666667,1:Recurred,,
MTS-T1223,brca_metabric,,,,,,,,,,,,,,,,,,,,,,,,,,,,,,,,,,,,,1,Female,,,50.01,,,,,1,Negative,,Other,,,,,1,,,75.5,1:Recurred,,
MTS-T1240,brca_metabric,,,,,,,,,,,,,,,,,,,,,,,,,,,,,,,,,,,,,1,Female,,,57.94,,,,,1,Positve,,Ductal/NST,,,,,5,5.68,,2.23333333333333,1:Recurred,,
MTS-T1248,brca_metabric,,,,,,,,,,,,,,,,,,,,,,,,,,,,,,,,,,,,,1,Female,,,32.69,,,,,1,Negative,,Medullary,,,,,0,,,15.0666666666667,1:Recurred,,
MTS-T1259,brca_metabric,,,,,,,,,,,,,,,,,,,,,,,,,,,,,,,,,,,,,1,Female,,,42.39,,,,,1,Negative,,Ductal/NST,,,,,3,,,212.9,0:Not Recurred,,
MTS-T1264,brca_metabric,,,,,,,,,,,,,,,,,,,,,,,,,,,,,,,,,,,,,1,Female,,,46.5,,,,,1,Positve,,Ductal/NST,,,,,4,7,,165.166666666667,0:Not Recurred,,
MTS-T1269,brca_metabric,,,,,,,,,,,,,,,,,,,,,,,,,,,,,,,,,,,,,1,Female,,,86.16,,,,,1,Positve,,Ductal/NST,,,,,1,4.4,,29.1666666666667,0:Not Recurred,,
MTS-T1270,brca_metabric,,,,,,,,,,,,,,,,,,,,,,,,,,,,,,,,,,,,,1,Female,,,79.9,,,,,1,Negative,,Ductal/NST,,,,,4,7,,12.1,0:Not Recurred,,
MTS-T1272,brca_metabric,,,,,,,,,,,,,,,,,,,,,,,,,,,,,,,,,,,,,1,Female,,,53.69,,,,,1,Positve,,Mixed,,,,,0,,,114.866666666667,1:Recurred,,
MTS-T1273,brca_metabric,,,,,,,,,,,,,,,,,,,,,,,,,,,,,,,,,,,,,1,Female,,,73.89,,,,,1,Positve,,Ductal/NST,,,,,0,2.02,,140.866666666667,0:Not Recurred,,
MTS-T1275,brca_metabric,,,,,,,,,,,,,,,,,,,,,,,,,,,,,,,,,,,,,1,Female,,,82.84,,,,,1,Positve,,Ductal/NST,,,,,0,3.28,,102.733333333333,0:Not Recurred,,
MTS-T1276,brca_metabric,,,,,,,,,,,,,,,,,,,,,,,,,,,,,,,,,,,,,1,Female,,,82.49,,,,,1,Positve,,Lobular,,,,,7,6.5,,27.8666666666667,1:Recurred,,
MTS-T1277,brca_metabric,,,,,,,,,,,,,,,,,,,,,,,,,,,,,,,,,,,,,1,Female,,,59.91,,,,,1,Positve,,Mixed,,,,,0,4.28,,91.3,1:Recurred,,
MTS-T1278,brca_metabric,,,,,,,,,,,,,,,,,,,,,,,,,,,,,,,,,,,,,1,Female,,,69.47,,,,,1,Positve,,Ductal/NST,,,,,1,4.46,,124.833333333333,0:Not Recurred,,
MTS-T1279,brca_metabric,,,,,,,,,,,,,,,,,,,,,,,,,,,,,,,,,,,,,1,Female,,,60,,,,,7,Positve,,,,,,,,,,,0:Not Recurred,,
MTS-T1280,brca_metabric,,,,,,,,,,,,,,,,,,,,,,,,,,,,,,,,,,,,,1,Female,,,59,,,,,7,Negative,,Ductal/NST,,,,,,,,,1:Recurred,,
MTS-T1281,brca_metabric,,,,,,,,,,,,,,,,,,,,,,,,,,,,,,,,,,,,,1,Female,,,47,,,,,7,Positve,,,,,,,,,,,0:Not Recurred,,
MTS-T1282,brca_metabric,,,,,,,,,,,,,,,,,,,,,,,,,,,,,,,,,,,,,1,Female,,,31,,,,,7,Positve,,,,,,,,,,,0:Not Recurred,,
MTS-T1283,brca_metabric,,,,,,,,,,,,,,,,,,,,,,,,,,,,,,,,,,,,,1,Female,,,65,,,,,7,Positve,,Ductal/NST,,,,,,,,,0:Not Recurred,,
MTS-T1284,brca_metabric,,,,,,,,,,,,,,,,,,,,,,,,,,,,,,,,,,,,,1,Female,,,47,,,,,7,Positve,,Ductal/NST,,,,,,,,,0:Not Recurred,,
MTS-T1285,brca_metabric,,,,,,,,,,,,,,,,,,,,,,,,,,,,,,,,,,,,,1,Female,,,62,,,,,7,Positve,,Ductal/NST,,,,,,,,,0:Not Recurred,,
MTS-T1286,brca_metabric,,,,,,,,,,,,,,,,,,,,,,,,,,,,,,,,,,,,,1,Female,,,51,,,,,7,Positve,,Ductal/NST,,,,,,,,,0:Not Recurred,,
MTS-T1287,brca_metabric,,,,,,,,,,,,,,,,,,,,,,,,,,,,,,,,,,,,,1,Female,,,57,,,,,7,Positve,,Ductal/NST,,,,,,,,,0:Not Recurred,,
MTS-T1288,brca_metabric,,,,,,,,,,,,,,,,,,,,,,,,,,,,,,,,,,,,,1,Female,,,52,,,,,7,Positve,,,,,,,,,,,0:Not Recurred,,
MTS-T1289,brca_metabric,,,,,,,,,,,,,,,,,,,,,,,,,,,,,,,,,,,,,1,Female,,,46,,,,,7,Negative,,,,,,,,,,,0:Not Recurred,,
MTS-T1290,brca_metabric,,,,,,,,,,,,,,,,,,,,,,,,,,,,,,,,,,,,,1,Female,,,64,,,,,7,Negative,,Ductal/NST,,,,,,,,,0:Not Recurred,,
MTS-T1291,brca_metabric,,,,,,,,,,,,,,,,,,,,,,,,,,,,,,,,,,,,,1,Female,,,47,,,,,7,Negative,,Ductal/NST,,,,,,,,,0:Not Recurred,,
MTS-T1292,brca_metabric,,,,,,,,,,,,,,,,,,,,,,,,,,,,,,,,,,,,,1,Female,,,61,,,,,7,Negative,,Ductal/NST,,,,,,,,,0:Not Recurred,,
MTS-T1293,brca_metabric,,,,,,,,,,,,,,,,,,,,,,,,,,,,,,,,,,,,,1,Female,,,56,,,,,7,Negative,,Ductal/NST,,,,,,,,,1:Recurred,,
MTS-T1294,brca_metabric,,,,,,,,,,,,,,,,,,,,,,,,,,,,,,,,,,,,,1,Female,,,37,,,,,7,Negative,,Ductal/NST,,,,,,,,,1:Recurred,,
MTS-T1295,brca_metabric,,,,,,,,,,,,,,,,,,,,,,,,,,,,,,,,,,,,,1,Female,,,37,,,,,7,Negative,,,,,,,,,,,0:Not Recurred,,
MTS-T1296,brca_metabric,,,,,,,,,,,,,,,,,,,,,,,,,,,,,,,,,,,,,1,Female,,,37,,,,,7,Positve,,Lobular,,,,,,,,,0:Not Recurred,,
MTS-T1297,brca_metabric,,,,,,,,,,,,,,,,,,,,,,,,,,,,,,,,,,,,,1,Female,,,55,,,,,7,Negative,,,,,,,,,,,1:Recurred,,
MTS-T1298,brca_metabric,,,,,,,,,,,,,,,,,,,,,,,,,,,,,,,,,,,,,1,Female,,,37,,,,,7,Positve,,Ductal/NST,,,,,,,,,0:Not Recurred,,
MTS-T1299,brca_metabric,,,,,,,,,,,,,,,,,,,,,,,,,,,,,,,,,,,,,1,Female,,,60,,,,,7,Negative,,Ductal/NST,,,,,,,,,0:Not Recurred,,
MTS-T1300,brca_metabric,,,,,,,,,,,,,,,,,,,,,,,,,,,,,,,,,,,,,1,Female,,,49,,,,,7,Positve,,,,,,,,,,,1:Recurred,,
MTS-T1301,brca_metabric,,,,,,,,,,,,,,,,,,,,,,,,,,,,,,,,,,,,,1,Female,,,40,,,,,7,Negative,,Ductal/NST,,,,,,,,,0:Not Recurred,,
MTS-T1302,brca_metabric,,,,,,,,,,,,,,,,,,,,,,,,,,,,,,,,,,,,,1,Female,,,42,,,,,7,Positve,,Lobular,,,,,,,,,1:Recurred,,
MTS-T1303,brca_metabric,,,,,,,,,,,,,,,,,,,,,,,,,,,,,,,,,,,,,1,Female,,,30,,,,,7,Positve,,,,,,,,,,,1:Recurred,,
MTS-T1304,brca_metabric,,,,,,,,,,,,,,,,,,,,,,,,,,,,,,,,,,,,,1,Female,,,42,,,,,7,Positve,,Ductal/NST,,,,,,,,,1:Recurred,,
MTS-T1305,brca_metabric,,,,,,,,,,,,,,,,,,,,,,,,,,,,,,,,,,,,,1,Female,,,41,,,,,7,Negative,,,,,,,,,,,0:Not Recurred,,
MTS-T1306,brca_metabric,,,,,,,,,,,,,,,,,,,,,,,,,,,,,,,,,,,,,1,Female,,,58,,,,,7,Positve,,Ductal/NST,,,,,,,,,0:Not Recurred,,
MTS-T1307,brca_metabric,,,,,,,,,,,,,,,,,,,,,,,,,,,,,,,,,,,,,1,Female,,,55,,,,,7,Negative,,Ductal/NST,,,,,,,,,0:Not Recurred,,
MTS-T1308,brca_metabric,,,,,,,,,,,,,,,,,,,,,,,,,,,,,,,,,,,,,1,Female,,,40,,,,,7,Positve,,Ductal/NST,,,,,,,,,0:Not Recurred,,
MTS-T1309,brca_metabric,,,,,,,,,,,,,,,,,,,,,,,,,,,,,,,,,,,,,1,Female,,,27,,,,,7,Positve,,,,,,,,,,,1:Recurred,,
MTS-T1310,brca_metabric,,,,,,,,,,,,,,,,,,,,,,,,,,,,,,,,,,,,,1,Female,,,32,,,,,7,Positve,,Ductal/NST,,,,,,,,,0:Not Recurred,,
MTS-T1311,brca_metabric,,,,,,,,,,,,,,,,,,,,,,,,,,,,,,,,,,,,,1,Female,,,36,,,,,7,Positve,,Ductal/NST,,,,,,,,,0:Not Recurred,,
MTS-T1312,brca_metabric,,,,,,,,,,,,,,,,,,,,,,,,,,,,,,,,,,,,,1,Female,,,59,,,,,7,Negative,,,,,,,,,,,1:Recurred,,
MTS-T1313,brca_metabric,,,,,,,,,,,,,,,,,,,,,,,,,,,,,,,,,,,,,1,Female,,,61,,,,,7,Positve,,Ductal/NST,,,,,,,,,1:Recurred,,
MTS-T1314,brca_metabric,,,,,,,,,,,,,,,,,,,,,,,,,,,,,,,,,,,,,1,Female,,,69,,,,,7,Positve,,,,,,,,,,,0:Not Recurred,,
MTS-T1326,brca_metabric,,,,,,,,,,,,,,,,,,,,,,,,,,,,,,,,,,,,,1,Female,,,70.05,,,,,1,Positve,,Ductal/NST,,,,,0,4.42,,86.0666666666667,0:Not Recurred,,
MTS-T1329,brca_metabric,,,,,,,,,,,,,,,,,,,,,,,,,,,,,,,,,,,,,1,Female,,,68.48,,,,,1,Positve,,Ductal/NST,,,,,0,3.28,,173.6,0:Not Recurred,,
MTS-T1366,brca_metabric,,,,,,,,,,,,,,,,,,,,,,,,,,,,,,,,,,,,,1,Female,,,73.78,,,,,1,Positve,,Ductal/NST,,,,,2,5.42,,73.2666666666667,1:Recurred,,
MTS-T1454,brca_metabric,,,,,,,,,,,,,,,,,,,,,,,,,,,,,,,,,,,,,1,Female,,,60.98,,,,,1,Negative,,Ductal/NST,,,,,0,3.2,,255.9,0:Not Recurred,,
MTS-T1501,brca_metabric,,,,,,,,,,,,,,,,,,,,,,,,,,,,,,,,,,,,,1,Female,,,86,,,,,1,Positve,,Ductal/NST,,,,,0,4.6,,23.5,1:Recurred,,
MTS-T1502,brca_metabric,,,,,,,,,,,,,,,,,,,,,,,,,,,,,,,,,,,,,1,Female,,,54.82,,,,,1,Positve,,Ductal/NST,,,,,0,4.6,,41.0333333333333,1:Recurred,,
MTS-T1503,brca_metabric,,,,,,,,,,,,,,,,,,,,,,,,,,,,,,,,,,,,,1,Female,,,44.11,,,,,1,Negative,,Ductal/NST,,,,,3,5.8,,300.966666666667,0:Not Recurred,,
MTS-T1504,brca_metabric,,,,,,,,,,,,,,,,,,,,,,,,,,,,,,,,,,,,,1,Female,,,51.7,,,,,1,Negative,,Ductal/NST,,,,,0,4.3,,263.2,0:Not Recurred,,
MTS-T1514,brca_metabric,,,,,,,,,,,,,,,,,,,,,,,,,,,,,,,,,,,,,1,Female,,,76,,,,,1,Positve,,,,,,,0,3.2,,68.3,0:Not Recurred,,
MTS-T1515,brca_metabric,,,,,,,,,,,,,,,,,,,,,,,,,,,,,,,,,,,,,1,Female,,,40.94,,,,,1,Positve,,Ductal/NST,,,,,0,4.4,,15.8,1:Recurred,,
MTS-T1516,brca_metabric,,,,,,,,,,,,,,,,,,,,,,,,,,,,,,,,,,,,,1,Female,,,43.89,,,,,1,Negative,,Mixed,,,,,2,5.6,,10.9333333333333,1:Recurred,,
MTS-T1517,brca_metabric,,,,,,,,,,,,,,,,,,,,,,,,,,,,,,,,,,,,,1,Female,,,61.55,,,,,1,Negative,,Other,,,,,0,4.5,,306.866666666667,0:Not Recurred,,
MTS-T1522,brca_metabric,,,,,,,,,,,,,,,,,,,,,,,,,,,,,,,,,,,,,1,Female,,,81.59,,,,,1,Positve,,Ductal/NST,,,,,0,,,74.9,0:Not Recurred,,
MTS-T1525,brca_metabric,,,,,,,,,,,,,,,,,,,,,,,,,,,,,,,,,,,,,1,Female,,,76.18,,,,,1,Positve,,Ductal/NST,,,,,1,4.5,,139.333333333333,0:Not Recurred,,
MTS-T1526,brca_metabric,,,,,,,,,,,,,,,,,,,,,,,,,,,,,,,,,,,,,1,Female,,,35.45,,,,,1,Negative,,Ductal/NST,,,,,0,5,,272.933333333333,0:Not Recurred,,
MTS-T1527,brca_metabric,,,,,,,,,,,,,,,,,,,,,,,,,,,,,,,,,,,,,1,Female,,,64.51,,,,,1,Negative,,,,,,,0,4.42,,293.066666666667,0:Not Recurred,,
MTS-T1537,brca_metabric,,,,,,,,,,,,,,,,,,,,,,,,,,,,,,,,,,,,,1,Female,,,71.88,,,,,1,Positve,,Ductal/NST,,,,,0,4.6,,119.933333333333,0:Not Recurred,,
MTS-T1548,brca_metabric,,,,,,,,,,,,,,,,,,,,,,,,,,,,,,,,,,,,,1,Female,,,37.09,,,,,1,Negative,,Ductal/NST,,,,,11,6.5,,233.566666666667,0:Not Recurred,,
MTS-T1549,brca_metabric,,,,,,,,,,,,,,,,,,,,,,,,,,,,,,,,,,,,,1,Female,,,57.41,,,,,1,Positve,,Ductal/NST,,,,,0,4.36,,281.166666666667,0:Not Recurred,,
MTS-T1560,brca_metabric,,,,,,,,,,,,,,,,,,,,,,,,,,,,,,,,,,,,,1,Female,,,53.81,,,,,1,Positve,,Ductal/NST,,,,,5,6.5,,54.1333333333333,1:Recurred,,
MTS-T1561,brca_metabric,,,,,,,,,,,,,,,,,,,,,,,,,,,,,,,,,,,,,1,Female,,,65.04,,,,,1,Positve,,Ductal/NST,,,,,0,4.6,,72.7333333333333,1:Recurred,,
MTS-T1571,brca_metabric,,,,,,,,,,,,,,,,,,,,,,,,,,,,,,,,,,,,,1,Female,,,78,,,,,1,Positve,,Lobular,,,,,1,5.8,,110.433333333333,1:Recurred,,
MTS-T1576,brca_metabric,,,,,,,,,,,,,,,,,,,,,,,,,,,,,,,,,,,,,1,Female,,,46.14,,,,,1,Negative,,Ductal/NST,,,,,20,6.26,,164.233333333333,1:Recurred,,
MTS-T1582,brca_metabric,,,,,,,,,,,,,,,,,,,,,,,,,,,,,,,,,,,,,1,Female,,,71.74,,,,,1,Negative,,Ductal/NST,,,,,8,6.6,,11.9,1:Recurred,,
MTS-T1583,brca_metabric,,,,,,,,,,,,,,,,,,,,,,,,,,,,,,,,,,,,,1,Female,,,78.27,,,,,1,Positve,,Ductal/NST,,,,,3,5.5,,43.0666666666667,1:Recurred,,
MTS-T1605,brca_metabric,,,,,,,,,,,,,,,,,,,,,,,,,,,,,,,,,,,,,1,Female,,,70.68,,,,,1,Positve,,Ductal/NST,,,,,3,5.9,,7.7,1:Recurred,,
MTS-T1616,brca_metabric,,,,,,,,,,,,,,,,,,,,,,,,,,,,,,,,,,,,,1,Female,,,71.2,,,,,1,Positve,,Ductal/NST,,,,,0,3.4,,46.0333333333333,1:Recurred,,
MTS-T1633,brca_metabric,,,,,,,,,,,,,,,,,,,,,,,,,,,,,,,,,,,,,1,Female,,,29.96,,,,,1,Negative,,Ductal/NST,,,,,0,5,,12.9333333333333,1:Recurred,,
MTS-T1659,brca_metabric,,,,,,,,,,,,,,,,,,,,,,,,,,,,,,,,,,,,,1,Female,,,73.84,,,,,1,Positve,,Ductal/NST,,,,,0,4.4,,56.8,0:Not Recurred,,
MTS-T1706,brca_metabric,,,,,,,,,,,,,,,,,,,,,,,,,,,,,,,,,,,,,1,Female,,,63.02,,,,,1,Positve,,Ductal/NST,,,,,0,3.44,,195,0:Not Recurred,,
MTS-T1774,brca_metabric,,,,,,,,,,,,,,,,,,,,,,,,,,,,,,,,,,,,,1,Female,,,60.55,,,,,1,Positve,,Ductal/NST,,,,,1,,,115.033333333333,0:Not Recurred,,
MTS-T1800,brca_metabric,,,,,,,,,,,,,,,,,,,,,,,,,,,,,,,,,,,,,1,Female,,,54.27,,,,,1,Negative,,Ductal/NST,,,,,0,,,175.3,0:Not Recurred,,
MTS-T1829,brca_metabric,,,,,,,,,,,,,,,,,,,,,,,,,,,,,,,,,,,,,1,Female,,,78.29,,,,,1,Positve,,Mixed,,,,,3,,,27.2333333333333,0:Not Recurred,,
MTS-T1847,brca_metabric,,,,,,,,,,,,,,,,,,,,,,,,,,,,,,,,,,,,,1,Female,,,75.92,,,,,1,Positve,,Ductal/NST,,,,,0,,,92.7,1:Recurred,,
MTS-T1865,brca_metabric,,,,,,,,,,,,,,,,,,,,,,,,,,,,,,,,,,,,,1,Female,,,82.28,,,,,1,Positve,,Ductal/NST,,,,,0,,,61.8333333333333,0:Not Recurred,,
MTS-T1872,brca_metabric,,,,,,,,,,,,,,,,,,,,,,,,,,,,,,,,,,,,,1,Female,,,37.22,,,,,1,Positve,,Ductal/NST,,,,,0,3.4,,12.5,1:Recurred,,
MTS-T1922,brca_metabric,,,,,,,,,,,,,,,,,,,,,,,,,,,,,,,,,,,,,1,Female,,,42.85,,,,,1,Positve,,Ductal/NST,,,,,0,2.9,,324.633333333333,0:Not Recurred,,
MTS-T1945,brca_metabric,,,,,,,,,,,,,,,,,,,,,,,,,,,,,,,,,,,,,1,Female,,,63.72,,,,,1,Positve,,Mixed,,,,,0,3.8,,120.266666666667,1:Recurred,,
MTS-T1954,brca_metabric,,,,,,,,,,,,,,,,,,,,,,,,,,,,,,,,,,,,,1,Female,,,67.7,,,,,1,Positve,,Lobular,,,,,0,,,56.6333333333333,1:Recurred,,
MTS-T1962,brca_metabric,,,,,,,,,,,,,,,,,,,,,,,,,,,,,,,,,,,,,1,Female,,,54.02,,,,,1,Positve,,Ductal/NST,,,,,0,3.24,,12.7333333333333,1:Recurred,,
MTS-T1971,brca_metabric,,,,,,,,,,,,,,,,,,,,,,,,,,,,,,,,,,,,,1,Female,,,76.7,,,,,1,Positve,,Ductal/NST,,,,,0,3.4,,72.8,0:Not Recurred,,
MTS-T1973,brca_metabric,,,,,,,,,,,,,,,,,,,,,,,,,,,,,,,,,,,,,1,Female,,,75.3,,,,,1,Positve,,Mixed,,,,,3,5.78,,96,0:Not Recurred,,
MTS-T1983,brca_metabric,,,,,,,,,,,,,,,,,,,,,,,,,,,,,,,,,,,,,1,Female,,,86.69,,,,,1,Positve,,Mixed,,,,,9,6.56,,30.8333333333333,1:Recurred,,
MTS-T1985,brca_metabric,,,,,,,,,,,,,,,,,,,,,,,,,,,,,,,,,,,,,1,Female,,,62.8,,,,,1,Negative,,,,,,,1,5.9,,25.5666666666667,1:Recurred,,
MTS-T1991,brca_metabric,,,,,,,,,,,,,,,,,,,,,,,,,,,,,,,,,,,,,1,Female,,,73.51,,,,,1,Positve,,Mixed,,,,,0,3.32,,59.4666666666667,0:Not Recurred,,
MTS-T2018,brca_metabric,,,,,,,,,,,,,,,,,,,,,,,,,,,,,,,,,,,,,1,Female,,,71.97,,,,,1,Positve,,Other,,,,,0,,,89.9666666666667,0:Not Recurred,,
MTS-T2030,brca_metabric,,,,,,,,,,,,,,,,,,,,,,,,,,,,,,,,,,,,,1,Female,,,32.95,,,,,1,Negative,,Mixed,,,,,1,5.6,,47.0333333333333,0:Not Recurred,,
MTS-T2031,brca_metabric,,,,,,,,,,,,,,,,,,,,,,,,,,,,,,,,,,,,,1,Female,,,50.69,,,,,1,Negative,,Ductal/NST,,,,,1,5.4,,105.533333333333,0:Not Recurred,,
MTS-T2043,brca_metabric,,,,,,,,,,,,,,,,,,,,,,,,,,,,,,,,,,,,,1,Female,,,47.47,,,,,1,Negative,,Ductal/NST,,,,,9,,,83,1:Recurred,,
MTS-T2044,brca_metabric,,,,,,,,,,,,,,,,,,,,,,,,,,,,,,,,,,,,,1,Female,,,81.05,,,,,1,Positve,,Ductal/NST,,,,,0,2.54,,92.6,0:Not Recurred,,
MTS-T2047,brca_metabric,,,,,,,,,,,,,,,,,,,,,,,,,,,,,,,,,,,,,1,Female,,,51.29,,,,,1,Positve,,Mixed,,,,,0,3.26,,181.433333333333,1:Recurred,,
MTS-T2053,brca_metabric,,,,,,,,,,,,,,,,,,,,,,,,,,,,,,,,,,,,,1,Female,,,62.91,,,,,1,Positve,,Ductal/NST,,,,,0,,,28,1:Recurred,,
MTS-T2054,brca_metabric,,,,,,,,,,,,,,,,,,,,,,,,,,,,,,,,,,,,,1,Female,,,42.08,,,,,1,Positve,,Ductal/NST,,,,,0,3.7,,75.2,1:Recurred,,
MTS-T2055,brca_metabric,,,,,,,,,,,,,,,,,,,,,,,,,,,,,,,,,,,,,1,Female,,,45.99,,,,,1,Negative,,Ductal/NST,,,,,0,4.6,,337.366666666667,0:Not Recurred,,
MTS-T2064,brca_metabric,,,,,,,,,,,,,,,,,,,,,,,,,,,,,,,,,,,,,1,Female,,,48.49,,,,,1,Negative,,Mixed,,,,,0,4.8,,363.866666666667,0:Not Recurred,,
MTS-T2065,brca_metabric,,,,,,,,,,,,,,,,,,,,,,,,,,,,,,,,,,,,,1,Female,,,59.35,,,,,1,Negative,,Ductal/NST,,,,,0,5,,389.333333333333,0:Not Recurred,,
MTS-T2066,brca_metabric,,,,,,,,,,,,,,,,,,,,,,,,,,,,,,,,,,,,,1,Female,,,40.87,,,,,1,Negative,,Ductal/NST,,,,,2,5.34,,53,1:Recurred,,
MTS-T2068,brca_metabric,,,,,,,,,,,,,,,,,,,,,,,,,,,,,,,,,,,,,1,Female,,,70.92,,,,,1,Positve,,Ductal/NST,,,,,0,4.16,,11.5333333333333,1:Recurred,,
MTS-T2073,brca_metabric,,,,,,,,,,,,,,,,,,,,,,,,,,,,,,,,,,,,,1,Female,,,67.28,,,,,1,Positve,,,,,,,0,3.4,,64.7666666666667,1:Recurred,,
MTS-T2074,brca_metabric,,,,,,,,,,,,,,,,,,,,,,,,,,,,,,,,,,,,,1,Female,,,69.72,,,,,1,Positve,,Ductal/NST,,,,,0,3.5,,27.2333333333333,1:Recurred,,
MTS-T2075,brca_metabric,,,,,,,,,,,,,,,,,,,,,,,,,,,,,,,,,,,,,1,Female,,,69.58,,,,,1,Positve,,,,,,,0,,,1.7,1:Recurred,,
MTS-T2076,brca_metabric,,,,,,,,,,,,,,,,,,,,,,,,,,,,,,,,,,,,,1,Female,,,47.87,,,,,1,Negative,,,,,,,0,,,374.966666666667,0:Not Recurred,,
MTS-T2083,brca_metabric,,,,,,,,,,,,,,,,,,,,,,,,,,,,,,,,,,,,,1,Female,,,59.42,,,,,1,Positve,,Ductal/NST,,,,,0,,,121.866666666667,1:Recurred,,
MTS-T2084,brca_metabric,,,,,,,,,,,,,,,,,,,,,,,,,,,,,,,,,,,,,1,Female,,,46.21,,,,,1,Negative,,Ductal/NST,,,,,6,5.7,,9.46666666666667,1:Recurred,,
MTS-T2085,brca_metabric,,,,,,,,,,,,,,,,,,,,,,,,,,,,,,,,,,,,,1,Female,,,77.97,,,,,1,Positve,,Lobular,,,,,0,4.4,,57.6,1:Recurred,,
MTS-T2086,brca_metabric,,,,,,,,,,,,,,,,,,,,,,,,,,,,,,,,,,,,,1,Female,,,28.83,,,,,1,Positve,,Ductal/NST,,,,,0,4.42,,330.666666666667,0:Not Recurred,,
MTS-T2087,brca_metabric,,,,,,,,,,,,,,,,,,,,,,,,,,,,,,,,,,,,,1,Female,,,44.04,,,,,1,Positve,,Mixed,,,,,0,,,26.8,0:Not Recurred,,
MTS-T2090,brca_metabric,,,,,,,,,,,,,,,,,,,,,,,,,,,,,,,,,,,,,1,Female,,,81.42,,,,,1,Positve,,Ductal/NST,,,,,5,,,76.6,0:Not Recurred,,
MTS-T2094,brca_metabric,,,,,,,,,,,,,,,,,,,,,,,,,,,,,,,,,,,,,1,Female,,,52.11,,,,,1,Negative,,Ductal/NST,,,,,0,3.5,,9.5,1:Recurred,,
MTS-T2095,brca_metabric,,,,,,,,,,,,,,,,,,,,,,,,,,,,,,,,,,,,,1,Female,,,55.17,,,,,1,Negative,,Ductal/NST,,,,,0,5,,100.166666666667,0:Not Recurred,,
MTS-T2096,brca_metabric,,,,,,,,,,,,,,,,,,,,,,,,,,,,,,,,,,,,,1,Female,,,57.19,,,,,1,Positve,,Mixed,,,,,0,,,14,1:Recurred,,
MTS-T2097,brca_metabric,,,,,,,,,,,,,,,,,,,,,,,,,,,,,,,,,,,,,1,Female,,,66.83,,,,,1,Positve,,Ductal/NST,,,,,9,6.9,,17.6666666666667,1:Recurred,,
MTS-T2104,brca_metabric,,,,,,,,,,,,,,,,,,,,,,,,,,,,,,,,,,,,,1,Female,,,66.74,,,,,1,Positve,,Ductal/NST,,,,,0,4.8,,120.6,0:Not Recurred,,
MTS-T2105,brca_metabric,,,,,,,,,,,,,,,,,,,,,,,,,,,,,,,,,,,,,1,Female,,,77.09,,,,,1,Positve,,Ductal/NST,,,,,0,,,9.83333333333333,0:Not Recurred,,
MTS-T2106,brca_metabric,,,,,,,,,,,,,,,,,,,,,,,,,,,,,,,,,,,,,1,Female,,,53.73,,,,,1,Positve,,Ductal/NST,,,,,0,4.4,,66.4,1:Recurred,,
MTS-T2107,brca_metabric,,,,,,,,,,,,,,,,,,,,,,,,,,,,,,,,,,,,,1,Female,,,67.01,,,,,1,Positve,,Ductal/NST,,,,,0,3.6,,120.133333333333,0:Not Recurred,,
MTS-T2115,brca_metabric,,,,,,,,,,,,,,,,,,,,,,,,,,,,,,,,,,,,,1,Female,,,57.83,,,,,1,Negative,,Ductal/NST,,,,,0,3.6,,28.2,1:Recurred,,
MTS-T2116,brca_metabric,,,,,,,,,,,,,,,,,,,,,,,,,,,,,,,,,,,,,1,Female,,,60.02,,,,,1,Negative,,Ductal/NST,,,,,0,,,168.866666666667,0:Not Recurred,,
MTS-T2117,brca_metabric,,,,,,,,,,,,,,,,,,,,,,,,,,,,,,,,,,,,,1,Female,,,52.25,,,,,1,Negative,,Ductal/NST,,,,,0,,,19.8333333333333,1:Recurred,,
MTS-T2118,brca_metabric,,,,,,,,,,,,,,,,,,,,,,,,,,,,,,,,,,,,,1,Female,,,50.39,,,,,1,Negative,,Mixed,,,,,12,6.4,,8.56666666666667,1:Recurred,,
MTS-T2126,brca_metabric,,,,,,,,,,,,,,,,,,,,,,,,,,,,,,,,,,,,,1,Female,,,72.64,,,,,1,Positve,,Ductal/NST,,,,,0,4.3,,55.7,1:Recurred,,
MTS-T2127,brca_metabric,,,,,,,,,,,,,,,,,,,,,,,,,,,,,,,,,,,,,1,Female,,,72.9,,,,,1,Negative,,Lobular,,,,,0,3.6,,33.6333333333333,0:Not Recurred,,
MTS-T2128,brca_metabric,,,,,,,,,,,,,,,,,,,,,,,,,,,,,,,,,,,,,1,Female,,,45.24,,,,,1,Negative,,Ductal/NST,,,,,0,,,55.5333333333333,1:Recurred,,
MTS-T2129,brca_metabric,,,,,,,,,,,,,,,,,,,,,,,,,,,,,,,,,,,,,1,Female,,,62.36,,,,,1,Negative,,Ductal/NST,,,,,0,,,1.03333333333333,1:Recurred,,
MTS-T2150,brca_metabric,,,,,,,,,,,,,,,,,,,,,,,,,,,,,,,,,,,,,1,Female,,,64.69,,,,,1,Positve,,,,,,,1,6.44,,132,0:Not Recurred,,
MTS-T2153,brca_metabric,,,,,,,,,,,,,,,,,,,,,,,,,,,,,,,,,,,,,1,Female,,,67.57,,,,,1,Negative,,,,,,,0,4.44,,26.2666666666667,0:Not Recurred,,
MTS-T2167,brca_metabric,,,,,,,,,,,,,,,,,,,,,,,,,,,,,,,,,,,,,1,Female,,,73.59,,,,,1,Negative,,,,,,,0,,,201,0:Not Recurred,,
MTS-T2178,brca_metabric,,,,,,,,,,,,,,,,,,,,,,,,,,,,,,,,,,,,,1,Female,,,61.47,,,,,1,Positve,,,,,,,0,3.46,,195,0:Not Recurred,,
MTS-T2189,brca_metabric,,,,,,,,,,,,,,,,,,,,,,,,,,,,,,,,,,,,,1,Female,,,52,,,,,1,Positve,,,,,,,0,2.44,,31.2,1:Recurred,,
MTS-T2190,brca_metabric,,,,,,,,,,,,,,,,,,,,,,,,,,,,,,,,,,,,,1,Female,,,47.6,,,,,1,Positve,,,,,,,1,4.46,,55.8,1:Recurred,,
MTS-T2191,brca_metabric,,,,,,,,,,,,,,,,,,,,,,,,,,,,,,,,,,,,,1,Female,,,35.78,,,,,1,Negative,,,,,,,1,5.46,,203,0:Not Recurred,,
MTS-T2206,brca_metabric,,,,,,,,,,,,,,,,,,,,,,,,,,,,,,,,,,,,,1,Female,,,43.39,,,,,1,Positve,,,,,,,6,,,197.466666666667,0:Not Recurred,,
MTS-T2212,brca_metabric,,,,,,,,,,,,,,,,,,,,,,,,,,,,,,,,,,,,,1,Female,,,73.45,,,,,1,Negative,,,,,,,0,,,151.766666666667,1:Recurred,,
MTS-T2291,brca_metabric,,,,,,,,,,,,,,,,,,,,,,,,,,,,,,,,,,,,,1,Female,,,55.06,,,,,1,Positve,,,,,,,1,4.8,,24,1:Recurred,,
MTS-T2304,brca_metabric,,,,,,,,,,,,,,,,,,,,,,,,,,,,,,,,,,,,,1,Female,,,33.96,,,,,1,Negative,,,,,,,0,2.5,,201,0:Not Recurred,,
MTS-T2320,brca_metabric,,,,,,,,,,,,,,,,,,,,,,,,,,,,,,,,,,,,,1,Female,,,47.28,,,,,1,Positve,,,,,,,0,3.5,,229,,,
MTS-T2391,brca_metabric,,,,,,,,,,,,,,,,,,,,,,,,,,,,,,,,,,,,,1,Female,,,45.33,,,,,1,Negative,,,,,,,2,5.026,,34.5,1:Recurred,,
MTS-T2392,brca_metabric,,,,,,,,,,,,,,,,,,,,,,,,,,,,,,,,,,,,,1,Female,,,43.04,,,,,1,Negative,,,,,,,2,5.16,,204.233333333333,0:Not Recurred,,
MTS-T2393,brca_metabric,,,,,,,,,,,,,,,,,,,,,,,,,,,,,,,,,,,,,1,Female,,,59.5,,,,,1,Positve,,Ductal/NST,,,,,2,4.03,,162.366666666667,1:Recurred,,
MTS-T2398,brca_metabric,,,,,,,,,,,,,,,,,,,,,,,,,,,,,,,,,,,,,1,Female,,,58.7,,,,,1,Negative,,Ductal/NST,,,,,0,4.03,,53.5666666666667,0:Not Recurred,,
MTS-T2402,brca_metabric,,,,,,,,,,,,,,,,,,,,,,,,,,,,,,,,,,,,,1,Female,,,72.88,,,,,1,Positve,,,,,,,0,3.03,,97.0666666666667,1:Recurred,,
MTS-T2403,brca_metabric,,,,,,,,,,,,,,,,,,,,,,,,,,,,,,,,,,,,,1,Female,,,77.31,,,,,1,Positve,,Ductal/NST,,,,,15,5.1,,58.3,1:Recurred,,
MTS-T2404,brca_metabric,,,,,,,,,,,,,,,,,,,,,,,,,,,,,,,,,,,,,1,Female,,,55.77,,,,,1,Positve,,,,,,,0,3.04,,252.9,0:Not Recurred,,
MTS-T2405,brca_metabric,,,,,,,,,,,,,,,,,,,,,,,,,,,,,,,,,,,,,1,Female,,,68.08,,,,,1,Positve,,,,,,,0,2.3,,94.1666666666667,0:Not Recurred,,
MTS-T2406,brca_metabric,,,,,,,,,,,,,,,,,,,,,,,,,,,,,,,,,,,,,1,Female,,,71.38,,,,,1,Positve,,Ductal/NST,,,,,0,3.03,,157.833333333333,0:Not Recurred,,
MTS-T2407,brca_metabric,,,,,,,,,,,,,,,,,,,,,,,,,,,,,,,,,,,,,1,Female,,,28.05,,,,,1,Negative,,Ductal/NST,,,,,1,5.07,,23.5666666666667,1:Recurred,,
MTS-T2408,brca_metabric,,,,,,,,,,,,,,,,,,,,,,,,,,,,,,,,,,,,,1,Female,,,66.53,,,,,1,Positve,,Ductal/NST,,,,,0,3.04,,244.166666666667,1:Recurred,,
MTS-T2409,brca_metabric,,,,,,,,,,,,,,,,,,,,,,,,,,,,,,,,,,,,,1,Female,,,73.81,,,,,1,Positve,,Ductal/NST,,,,,0,3.03,,122.5,1:Recurred,,
MTS-T2410,brca_metabric,,,,,,,,,,,,,,,,,,,,,,,,,,,,,,,,,,,,,1,Female,,,36.04,,,,,1,Negative,,Ductal/NST,,,,,3,5.05,,43.2666666666667,0:Not Recurred,,
MTS-T2412,brca_metabric,,,,,,,,,,,,,,,,,,,,,,,,,,,,,,,,,,,,,1,Female,,,65.45,,,,,1,Positve,,Ductal/NST,,,,,2,5.052,,87,0:Not Recurred,,
MTS-T2413,brca_metabric,,,,,,,,,,,,,,,,,,,,,,,,,,,,,,,,,,,,,1,Female,,,64.94,,,,,1,Positve,,Ductal/NST,,,,,0,3.03,,125.066666666667,0:Not Recurred,,
MTS-T2414,brca_metabric,,,,,,,,,,,,,,,,,,,,,,,,,,,,,,,,,,,,,1,Female,,,63.22,,,,,1,Positve,,Lobular,,,,,0,4.04,,178.733333333333,0:Not Recurred,,
MTS-T2415,brca_metabric,,,,,,,,,,,,,,,,,,,,,,,,,,,,,,,,,,,,,1,Female,,,83.32,,,,,1,Positve,,Mucinous,,,,,0,2.04,,148.8,0:Not Recurred,,
MTS-T2416,brca_metabric,,,,,,,,,,,,,,,,,,,,,,,,,,,,,,,,,,,,,1,Female,,,64.08,,,,,1,Positve,,Ductal/NST,,,,,1,4.006,,31.8,1:Recurred,,
MTS-T2417,brca_metabric,,,,,,,,,,,,,,,,,,,,,,,,,,,,,,,,,,,,,1,Female,,,46.52,,,,,1,Positve,,,,,,,0,,,191.4,0:Not Recurred,,
MTS-T2418,brca_metabric,,,,,,,,,,,,,,,,,,,,,,,,,,,,,,,,,,,,,1,Female,,,52.93,,,,,1,Negative,,,,,,,2,,,157.833333333333,1:Recurred,,
MTS-T2419,brca_metabric,,,,,,,,,,,,,,,,,,,,,,,,,,,,,,,,,,,,,1,Female,,,63.16,,,,,1,Positve,,,,,,,1,3.3,,61.1666666666667,0:Not Recurred,,
MTS-T2420,brca_metabric,,,,,,,,,,,,,,,,,,,,,,,,,,,,,,,,,,,,,1,Female,,,,,,,,,,,,,,,,0,,,,,,
MTS-T2421,brca_metabric,,,,,,,,,,,,,,,,,,,,,,,,,,,,,,,,,,,,,1,Female,,,82.56,,,,,1,Positve,,,,,,,3,5.36,,184.8,0:Not Recurred,,
MTS-T2422,brca_metabric,,,,,,,,,,,,,,,,,,,,,,,,,,,,,,,,,,,,,1,Female,,,,,,,,,,,,,,,,0,,,,,,
MTS-T2423,brca_metabric,,,,,,,,,,,,,,,,,,,,,,,,,,,,,,,,,,,,,1,Female,,,76.22,,,,,1,Negative,,,,,,,0,4.62,,47.5,1:Recurred,,
MTS-T2424,brca_metabric,,,,,,,,,,,,,,,,,,,,,,,,,,,,,,,,,,,,,1,Female,,,69,,,,,9,Negative,,Ductal/NST,,,,,2,,,56.3666666666667,1:Recurred,,
MTS-T2425,brca_metabric,,,,,,,,,,,,,,,,,,,,,,,,,,,,,,,,,,,,,1,Female,,,72,,,,,9,Negative,,Ductal/NST,,,,,0,,,55.6333333333333,0:Not Recurred,,
MTS-T2426,brca_metabric,,,,,,,,,,,,,,,,,,,,,,,,,,,,,,,,,,,,,1,Female,,,64.35,,,,,1,Positve,,,,,,,0,4.38,,73.7333333333333,0:Not Recurred,,
MTS-T2427,brca_metabric,,,,,,,,,,,,,,,,,,,,,,,,,,,,,,,,,,,,,1,Female,,,67.58,,,,,1,Positve,,,,,,,0,2.18,,63.2666666666667,0:Not Recurred,,
MTS-T2428,brca_metabric,,,,,,,,,,,,,,,,,,,,,,,,,,,,,,,,,,,,,1,Female,,,70.05,,,,,1,Positve,,,,,,,0,2.54,,5,1:Recurred,,
MTS-T2429,brca_metabric,,,,,,,,,,,,,,,,,,,,,,,,,,,,,,,,,,,,,1,Female,,,63.6,,,,,1,Positve,,,,,,,0,4.56,,16.4,1:Recurred,,
MTS-T2430,brca_metabric,,,,,,,,,,,,,,,,,,,,,,,,,,,,,,,,,,,,,1,Female,,,,,,,,,,,,,,,,0,,,,,,
MTS-T2431,brca_metabric,,,,,,,,,,,,,,,,,,,,,,,,,,,,,,,,,,,,,1,Female,,,,,,,,,,,,,,,,0,,,,,,
MTS-T2432,brca_metabric,,,,,,,,,,,,,,,,,,,,,,,,,,,,,,,,,,,,,1,Female,,,,,,,,,,,,,,,,0,,,,,,
